name,split,fold,config,seed,fusion,threshold,seconds,tp,fp,fn,tn,precision,recall,dice,iou,hard_cldice,pred_components,target_components,component_error,width_le3_n,width_le3_recall,width_3_6_n,width_3_6_recall,width_6_12_n,width_6_12_recall,width_gt12_n,width_gt12_recall
10-1-2(3),test,0,unet_pixel,42,gaussian,0.54,1.9195997000206262,64117,70764,60647,7220471,0.475359761567604,0.5139062550094579,0.49388203123495544,0.3279172292459392,0.5828464482338415,99,30,69,1492,0.510053619302949,2799,0.5284030010718114,5280,0.5784090909090909,2954,0.5917400135409614
10-1-3,test,0,unet_pixel,42,gaussian,0.54,1.6694685999536887,79892,65229,63970,7206908,0.5505199109708451,0.5553377542366991,0.5529183377568923,0.3820920077860836,0.6445509997716671,165,43,122,2092,0.44120458891013387,5220,0.5049808429118774,5998,0.6150383461153718,3667,0.7177529315516771
10-2-1,test,0,unet_pixel,42,gaussian,0.54,1.655164199997671,126649,120263,38422,7130665,0.5129317327630897,0.767239551465733,0.6148263399217929,0.44386228069560585,0.7555485354485082,113,43,70,2408,0.5805647840531561,7091,0.7182343816104921,7549,0.8640879586700225,3642,0.8945634266886326
10-2-4,test,0,unet_pixel,42,gaussian,0.54,1.6567251000087708,55073,73060,32562,7255304,0.4298112117877518,0.6284361271181605,0.5104834822587223,0.3427175705529108,0.6107870944312159,90,24,66,1469,0.4084411164057182,3188,0.5868883312421581,4246,0.6782854451248234,1710,0.7216374269005847
10-9-3,test,0,unet_pixel,42,gaussian,0.54,1.6370309001067653,98617,132028,44920,7140434,0.4275705087905656,0.6870493322279273,0.5271071296855541,0.3578720084190663,0.6400269083542877,102,29,73,1410,0.6687943262411348,3531,0.7247238742565846,6602,0.745531657073614,3372,0.7603795966785291
235-10-12(2),test,0,unet_pixel,42,gaussian,0.54,1.6717650000937283,63919,58889,51255,7241936,0.5204791218813106,0.554977685936062,0.5371750804682707,0.36721761661007796,0.6200868193412057,96,29,67,1595,0.3448275862068966,3126,0.5732565579014716,3766,0.5517790759426447,3313,0.6577120434651373
7-1-3(3),test,0,unet_pixel,42,gaussian,0.54,1.6386201001005247,130233,134880,103251,7047635,0.49123581265347227,0.5577812612427404,0.5223978483625051,0.3535443202918852,0.6259573423142202,154,44,110,3182,0.6068510370835952,5301,0.645727221279004,9469,0.6145316295279333,6207,0.6697277267601095
7-1-6(1),test,0,unet_pixel,42,gaussian,0.54,1.6727271999698132,175466,156386,83251,7000896,0.5287477550233236,0.6782159657077038,0.5942269235262941,0.4227047262968468,0.6891361562541719,124,30,94,2372,0.5531197301854974,5067,0.6646931122952437,11526,0.7255769564462954,6906,0.7730958586736172
7-1-6(4),test,0,unet_pixel,42,gaussian,0.54,1.673315600026399,253035,311800,61860,6789304,0.44798038365186293,0.8035535654742056,0.5752560444681891,0.4037610001675456,0.697925718722971,145,77,68,4860,0.727366255144033,9104,0.7707601054481547,15244,0.8499081605877722,6799,0.9327842329754376
DN50-235-25-7(1),test,0,unet_pixel,42,gaussian,0.54,1.6891458999598399,53436,65932,19567,7277064,0.4476576636954628,0.7319699190444229,0.5555515124421041,0.38461150897901897,0.6656879851854632,60,7,53,763,0.6592398427260813,1855,0.7660377358490567,4018,0.7391737182677949,1102,0.8067150635208712
10-1-1(2),test,1,unet_pixel,42,gaussian,0.59,2.0779928999982076,26145,44956,20702,7324196,0.36771634716811297,0.5580933677716823,0.4433309594058399,0.2847946145550799,0.34363033934763487,192,6,186,352,0.6278409090909091,461,0.702819956616052,1104,0.657608695652174,1581,0.6344086021505376
10-1-2(2),test,1,unet_pixel,42,gaussian,0.59,1.671045299997786,106160,76872,52002,7180965,0.5800078674767254,0.6712105309745704,0.6222852687913621,0.45167933150097433,0.6528419661407223,304,26,278,2023,0.7019278299555116,5624,0.787873399715505,6998,0.8335238639611318,3526,0.7620533182076007
235-10-11(2),test,1,unet_pixel,42,gaussian,0.59,1.6234048000042094,97770,71318,92902,7154009,0.5782196252838758,0.5127653771922464,0.5435290193462308,0.3731821825260506,0.6054720263414227,435,13,422,590,0.5491525423728814,1249,0.5300240192153723,6899,0.6537179301348022,6307,0.6297764388774377
235-10-11(3),test,1,unet_pixel,42,gaussian,0.59,1.690758900003857,151255,114200,109804,7040740,0.5697952571999021,0.579390099556039,0.5745526234819966,0.40306828084069934,0.6614251698486252,379,41,338,2328,0.6142611683848798,6271,0.7301865731143359,11549,0.7441336912286778,6263,0.6258981318856778
235-10-12(3),test,1,unet_pixel,42,gaussian,0.59,1.6216617000027327,178803,163523,113950,6959723,0.5223179074916892,0.6107640229135142,0.5630890015257944,0.3918746548141914,0.6421681368923667,525,29,496,2709,0.6725729051310446,10485,0.760896518836433,12984,0.702248921749846,6362,0.6604841244891544
235-25-9(3),test,1,unet_pixel,42,gaussian,0.59,1.6901845000029425,84633,49708,40977,7240681,0.6299863779486531,0.6737759732505374,0.6511457928609623,0.4827399354316157,0.7172781834916326,228,33,195,1595,0.7103448275862069,5083,0.767066692897895,5716,0.7956613016095171,2460,0.7178861788617886
447-1-1,test,1,unet_pixel,42,gaussian,0.59,1.6182907999973395,187027,135670,42325,7050977,0.5795746474246739,0.8154583347867034,0.6775739110115225,0.5123718570387539,0.7118759926611244,460,41,419,3218,0.704474829086389,7875,0.8189206349206349,8605,0.8997094712376525,5306,0.9417640407086317
447-1-1(1),test,1,unet_pixel,42,gaussian,0.59,1.6704830000016955,85179,52793,51073,7226954,0.6173643927753457,0.6251577958488683,0.6212366532469805,0.4505752598587638,0.6857680327257731,361,30,331,1713,0.7326328079392878,4973,0.7062135531872109,5755,0.7497827975673328,3507,0.825491873396065
DN50-235-25-6(2),test,1,unet_pixel,42,gaussian,0.59,1.631034500001988,82286,78492,24333,7230888,0.5117988779559393,0.771776137461428,0.6154594105393852,0.4445224757037669,0.6816480674827908,214,12,202,692,0.7312138728323699,2881,0.8115237764665046,6801,0.8322305543302455,1270,0.9173228346456693
DN50-235-25-6(3),test,1,unet_pixel,42,gaussian,0.59,1.6257813999982318,67336,86623,16237,7245803,0.43736319409712976,0.8057147643377646,0.5669636091137195,0.39563797034007847,0.5887186250926155,218,4,214,608,0.7598684210526315,2049,0.8160078086871645,5304,0.8416289592760181,1173,0.8994032395566922
10-1-1(3),test,2,unet_pixel,42,gaussian,0.58,1.8439365999984147,58230,70781,58830,7228158,0.4513568610428568,0.4974372116863147,0.47327803763954307,0.30999622020751594,0.5133363530029165,177,26,151,730,0.6095890410958904,1829,0.565882996172772,2789,0.48906418070993185,3671,0.5608825932988286
10-1-2,test,2,unet_pixel,42,gaussian,0.58,1.6298262999989674,150815,100293,98985,7065906,0.600598149003616,0.6037429943955164,0.6021664656982919,0.4307855341295027,0.6834899969380908,284,61,223,2699,0.5183401259725824,6016,0.6032247340425532,12261,0.7407226164260664,5378,0.761993306061733
10-9-1,test,2,unet_pixel,42,gaussian,0.58,1.6138073000001896,87066,80691,42279,7205963,0.5190006974373648,0.6731300011596892,0.5861017428357937,0.41452893789636064,0.6877800077013038,167,5,162,822,0.6849148418491484,1517,0.7554383651944627,5994,0.7510844177510844,3510,0.7769230769230769
10-9-4,test,2,unet_pixel,42,gaussian,0.58,1.6813493000008748,92959,41113,88643,7193284,0.6933513336117907,0.5118831290404291,0.5889556947990648,0.4173899378128999,0.6843158134307612,209,11,198,744,0.4032258064516129,1943,0.49408131755018014,5467,0.5974025974025974,6032,0.7219827586206896
235-25-6(1),test,2,unet_pixel,42,gaussian,0.58,1.6123494999992545,60852,36945,30733,7287469,0.6222276756955735,0.6644319484631763,0.6426376318763135,0.47344588811950516,0.7479471144106226,83,14,69,375,0.6773333333333333,1252,0.5950479233226837,3777,0.7513899920571883,2268,0.794973544973545
235-25-7(1),test,2,unet_pixel,42,gaussian,0.58,1.6129112000016903,89988,51581,55011,7219419,0.6356476347222909,0.6206111766288044,0.6280394182183635,0.45776782989113846,0.6916049287587225,144,48,96,2543,0.37278804561541484,6369,0.49803736850368974,6373,0.7213243370469167,2937,0.8614232209737828
235-25-7(2),test,2,unet_pixel,42,gaussian,0.58,1.608465299999807,59972,62104,14974,7278949,0.4912677348536977,0.8002028126918048,0.6087848057577326,0.43759211966435607,0.7504935212355439,97,3,94,444,0.6666666666666666,1772,0.8651241534988713,4552,0.8637961335676626,1235,0.8477732793522267
235-25-7(3),test,2,unet_pixel,42,gaussian,0.58,1.622413000000961,63230,56935,54458,7241376,0.5261931510839263,0.5372680307253076,0.5316729240329111,0.36209434037898786,0.622179494382607,165,5,160,839,0.5411203814064363,3861,0.627039627039627,6179,0.6077035118951286,1988,0.6368209255533199
7-1-6(3),test,2,unet_pixel,42,gaussian,0.58,1.6185499000021082,144442,99587,108497,7063473,0.5919050604641252,0.5710546811681868,0.5812929605125481,0.40973431746878247,0.7135382528123834,239,14,225,856,0.6483644859813084,2206,0.6835902085222122,6008,0.7683089214380826,9248,0.7571366782006921
W82-447-1-13-7(3),test,2,unet_pixel,42,gaussian,0.58,1.6339938999990409,266462,174516,343145,6631876,0.6042523663312002,0.43710456080720855,0.5072640481255681,0.33982168613852676,0.5887810869536895,367,44,323,1420,0.6260563380281691,2003,0.5721417873190214,6047,0.6041012072101869,21760,0.5388786764705882
10-1-1,test,3,unet_pixel,42,gaussian,0.54,1.8973831000002974,98756,97608,32459,7187176,0.5029231427349209,0.7526273672979461,0.6029446332029831,0.43158248952246936,0.718014788958094,174,53,121,2076,0.791907514450867,3234,0.7585034013605442,4360,0.8048165137614679,3891,0.8905165767154973
10-1-1(1),test,3,unet_pixel,42,gaussian,0.54,1.637073000001692,62092,46527,64282,7243098,0.5716495272466143,0.49133524300884673,0.5284582945023895,0.3591188020890567,0.6690193323685266,233,8,225,298,0.5503355704697986,637,0.6593406593406593,2617,0.6927779900649599,4923,0.6266504164127564
10-1-9(1),test,3,unet_pixel,42,gaussian,0.54,1.6063056000020879,90323,81212,66575,7177889,0.526557262366281,0.5756797409782152,0.5500239013741006,0.3793330813489564,0.6188805763702753,296,46,250,1750,0.44,3811,0.5497244817633167,7543,0.6216359538645101,3280,0.7829268292682927
10-1-9(2),test,3,unet_pixel,42,gaussian,0.54,1.6371010999973805,65999,54041,25804,7270155,0.549808397200933,0.7189198610067209,0.623093517368995,0.4525314719837635,0.7082908211111095,259,32,227,1594,0.6179422835633626,4040,0.6445544554455446,3921,0.7712318286151492,1726,0.9582850521436849
10-2-2,test,3,unet_pixel,42,gaussian,0.54,1.6105982000008225,178792,181271,73480,6982456,0.49655754687374154,0.7087270882222363,0.5839679260535491,0.4123973861877599,0.7099223951012272,276,46,230,4188,0.6172397325692455,11839,0.701663991891207,12441,0.7630415561450045,4091,0.8721583964800782
10-2-3,test,3,unet_pixel,42,gaussian,0.54,1.621730300001218,25734,62956,4890,7322419,0.2901567256736949,0.8403213166144201,0.43136597549323635,0.27499465697798675,0.42641221374045796,166,10,156,361,0.7562326869806094,815,0.8588957055214724,1314,0.936834094368341,635,0.9275590551181102
235-10-11(1),test,3,unet_pixel,42,gaussian,0.54,1.6138191999998526,112337,80045,76892,7146725,0.5839267706958031,0.5936563634538047,0.5887513724709194,0.41718472633822795,0.6867055573991174,265,12,253,389,0.41131105398457585,1064,0.525375939849624,5072,0.6527996845425867,6824,0.7454572098475967
7-1-6(2),test,3,unet_pixel,42,gaussian,0.54,1.619882700000744,284243,221763,113308,6796685,0.5617383983589127,0.7149849956357801,0.6291645131408422,0.45896427337344226,0.7492507073350728,328,56,272,3038,0.7672811059907834,5602,0.7961442342020707,9976,0.8091419406575782,13697,0.870482587427904
W82-447-1-13-3(1),test,3,unet_pixel,42,gaussian,0.54,1.6128463999993983,133466,145961,104231,7032341,0.4776417454290387,0.5614963588097451,0.5161856730687417,0.3478775367645142,0.603500949447272,260,12,248,950,0.45052631578947366,2124,0.5254237288135594,8536,0.621954076850984,6954,0.6745757837215991
W82-447-1-13-7(2),test,3,unet_pixel,42,gaussian,0.54,1.6400795999979891,42900,32427,65023,7275649,0.5695169062885818,0.39750562901327796,0.4682128240109141,0.30566441040256503,0.5522113666104891,193,13,180,847,0.4734356552538371,1233,0.4931062449310625,2512,0.5410031847133758,3529,0.45621989232077076
10-1-2(1),test,4,unet_pixel,42,gaussian,0.59,3.207115800003521,66017,41150,87266,7221566,0.6160198568589211,0.43068702987284957,0.5069456709541179,0.33953598411792235,0.5771423522598252,269,41,228,1440,0.4097222222222222,3817,0.4851977993188368,5053,0.513556303186226,4310,0.5459396751740139
10-1-9(3),test,4,unet_pixel,42,gaussian,0.59,3.002314600002137,63964,46139,63820,7242076,0.5809469315095864,0.5005634508232643,0.5377679318331813,0.3677719450561455,0.5759244362086715,247,34,213,1020,0.2980392156862745,1911,0.5688121402407117,4844,0.5097027250206441,3668,0.7292802617230099
10-9-2,test,4,unet_pixel,42,gaussian,0.59,2.9139714000048116,147304,137393,74830,7056472,0.517406224863627,0.6631312631114552,0.5812746260587849,0.40971609920812624,0.6772349810891691,297,23,274,2665,0.5602251407129456,7886,0.7240679685518641,10217,0.762258980131154,4621,0.7991776671716079
235-10-12(1),test,4,unet_pixel,42,gaussian,0.59,3.0561346000031335,69464,52504,59771,7234260,0.5695264331627968,0.5375014508453593,0.5530507199356696,0.38221845613764793,0.6165749165977155,147,17,130,1480,0.45,4294,0.5514671634839311,5275,0.594691943127962,2838,0.6811134601832276
235-25-6(2),test,4,unet_pixel,42,gaussian,0.59,2.949101199992583,62165,98088,19027,7236719,0.3879178548919521,0.7656542516504089,0.5149412909772412,0.34674810352521196,0.5322082792939751,148,11,137,834,0.750599520383693,2090,0.8602870813397129,3378,0.7750148016577857,1950,0.7948717948717948
235-25-9(1),test,4,unet_pixel,42,gaussian,0.59,3.0033632999984547,47574,29985,44478,7293962,0.613391095810931,0.5168165819319515,0.5609777667722022,0.38983259175495955,0.5972753185928577,237,9,228,866,0.42494226327944573,2779,0.45196113709967617,3678,0.531810766721044,2422,0.70355078447564
235-25-9(2),test,4,unet_pixel,42,gaussian,0.59,2.8947310999938054,51931,55599,29796,7278673,0.4829442946154561,0.6354203629155604,0.5487881557881611,0.3781585424464413,0.6088219180821244,163,3,160,492,0.7398373983739838,1469,0.7208985704560926,4580,0.6460698689956332,1727,0.7730167921250723
7-1-3(1),test,4,unet_pixel,42,gaussian,0.59,2.9821300999901723,207247,245791,113129,6849832,0.4574605220754109,0.6468867830299398,0.5359277178845999,0.3660527724152061,0.6443160559028938,273,29,244,3393,0.6872973769525493,7835,0.7184428844926611,13221,0.7004765146358066,8351,0.7385941803376841
7-1-3(2),test,4,unet_pixel,42,gaussian,0.59,2.960555099998601,113076,133101,78567,7091255,0.4593280444558184,0.5900345955761495,0.5165410442647663,0.34820042864533296,0.6627463191376111,290,73,217,2911,0.7244933012710408,5411,0.7388652744409536,9919,0.6567194273616292,3817,0.664658108462143
W82-447-1-13-7(1),test,4,unet_pixel,42,gaussian,0.59,3.012717399993562,117375,77847,149202,7071575,0.6012385899130221,0.4403043023216557,0.5083380431746279,0.34078635635147375,0.5604060597579019,309,25,284,1737,0.4726540011514105,2951,0.49203659776347003,7860,0.4810432569974555,8841,0.5114806017418844
10-1-2(3),test,0,unet_pixel,3407,gaussian,0.57,3.2067719000624493,73510,72827,51254,7218408,0.5023336545097958,0.5891923952422173,0.5423071106340441,0.37203111477749495,0.6430480932982113,151,30,121,1492,0.5676943699731903,2799,0.6802429439085388,5280,0.7215909090909091,2954,0.6482735274204469
10-1-3,test,0,unet_pixel,3407,gaussian,0.57,2.985403800033964,86377,47209,57485,7224928,0.6466021888521252,0.600415676134073,0.6226536143709812,0.45206755603937804,0.7259050691474987,195,43,152,2092,0.5654875717017208,5220,0.6475095785440613,5998,0.727242414138046,3667,0.750477229342787
10-2-1,test,0,unet_pixel,3407,gaussian,0.57,2.9576684999046847,125484,72874,39587,7178054,0.6326137589610704,0.7601819822985261,0.6905557894389276,0.5273655676732018,0.8164950303058698,113,43,70,2408,0.6640365448504983,7091,0.802989705260189,7549,0.9178699165452378,3642,0.9025260845689181
10-2-4,test,0,unet_pixel,3407,gaussian,0.57,2.914469899958931,58241,51710,29394,7276654,0.5296995934552664,0.6645860672105893,0.5895255736742482,0.4179626107861782,0.6766302116878612,108,24,84,1469,0.4649421375085092,3188,0.6430363864491845,4246,0.7946302402260952,1710,0.7567251461988304
10-9-3,test,0,unet_pixel,3407,gaussian,0.57,2.939896799973212,98952,86971,44585,7185491,0.5322203277700984,0.689383225231125,0.6006920415224913,0.42927794263105834,0.70007346784861,139,29,110,1410,0.6546099290780142,3531,0.7663551401869159,6602,0.8133898818539836,3372,0.814650059311981
235-10-12(2),test,0,unet_pixel,3407,gaussian,0.57,2.9569539999356493,69061,50504,46113,7250321,0.577602141094802,0.5996231788424471,0.5884066985034443,0.41683868709182875,0.6824454133679454,150,29,121,1595,0.4677115987460815,3126,0.7018554062699937,3766,0.6694105151354222,3313,0.741925747057048
7-1-3(3),test,0,unet_pixel,3407,gaussian,0.57,2.956786699942313,127437,90962,106047,7091553,0.5835054189808562,0.5458061366089325,0.5640265289909113,0.3927833907645648,0.6568424391097273,178,44,134,3182,0.6068510370835952,5301,0.6461045085832862,9469,0.6427289048473968,6207,0.7019494119542452
7-1-6(1),test,0,unet_pixel,3407,gaussian,0.57,2.926885800086893,161073,102364,97644,7054918,0.6114289184890506,0.6225837498115702,0.616955917219824,0.44608550436051747,0.7168619063607734,182,30,152,2372,0.5438448566610455,5067,0.6619301361752516,11526,0.7148186708311643,6906,0.7675933970460469
7-1-6(4),test,0,unet_pixel,3407,gaussian,0.57,2.918099100003019,236051,192771,78844,6908333,0.550463828814753,0.7496181266771463,0.6347871569427618,0.46497303345112734,0.7354017231233095,230,77,153,4860,0.7012345679012346,9104,0.7543936731107206,15244,0.8564025190238782,6799,0.9305780261803206
DN50-235-25-7(1),test,0,unet_pixel,3407,gaussian,0.57,2.9330561000388116,55183,57111,17820,7285885,0.49141539173954085,0.7559004424475706,0.5956167665963291,0.4241127011697435,0.7171585299338894,97,7,90,763,0.6920052424639581,1855,0.82911051212938,4018,0.8016426082628173,1102,0.8294010889292196
10-1-1(2),test,1,unet_pixel,3407,gaussian,0.49,2.1981609999929788,27048,44359,19799,7324793,0.3787863934908342,0.5773688816786561,0.4574559845755746,0.2965594368791527,0.616645058670229,87,6,81,352,0.5596590909090909,461,0.7071583514099783,1104,0.6702898550724637,1581,0.6388361796331435
10-1-2(2),test,1,unet_pixel,3407,gaussian,0.49,1.8544530999934068,115672,123915,42490,7133922,0.48279748066464373,0.7313513991982904,0.5816331404981534,0.41007242703233515,0.7098514446355694,163,26,137,2023,0.6866040533860603,5624,0.7403982930298719,6998,0.8259502715061446,3526,0.8159387407827566
235-10-11(2),test,1,unet_pixel,3407,gaussian,0.49,1.8473690999962855,97011,83105,93661,7142222,0.5386029003531058,0.5087847193085508,0.5232693614680086,0.3543431332800053,0.6597997143665181,219,13,206,590,0.5203389830508475,1249,0.500400320256205,6899,0.6250181185679083,6307,0.5784049468844141
235-10-11(3),test,1,unet_pixel,3407,gaussian,0.49,1.8208886999927927,159721,167246,101338,6987694,0.48849272250716436,0.6118195503698398,0.5432446864594422,0.3729141616371511,0.6678730079154506,246,41,205,2328,0.5515463917525774,6271,0.6919151650454473,11549,0.726816174560568,6263,0.6610250678588536
235-10-12(3),test,1,unet_pixel,3407,gaussian,0.49,1.8406633999984479,186945,225706,105808,6897540,0.45303416204007746,0.6385758642951567,0.5300366881957006,0.36057817493765176,0.6596107116331998,298,29,269,2709,0.6714654854189738,10485,0.7313304721030043,12984,0.6864602587800369,6362,0.6945928953159384
235-25-9(3),test,1,unet_pixel,3407,gaussian,0.49,1.8236831999965943,85893,65891,39717,7224498,0.5658896853423285,0.6838070217339384,0.6192852044384521,0.4485250729761202,0.7460110334336936,181,33,148,1595,0.6238244514106583,5083,0.6936848317922487,5716,0.789188243526942,2460,0.7540650406504065
447-1-1,test,1,unet_pixel,3407,gaussian,0.49,1.856093199996394,200926,223242,28426,6963405,0.4736943852435827,0.8760595067843315,0.6149039050067328,0.4439431366743704,0.7287565953692517,175,41,134,3218,0.6870727159726538,7875,0.8038095238095239,8605,0.9142359093550262,5306,0.9656992084432717
447-1-1(1),test,1,unet_pixel,3407,gaussian,0.49,1.8440554000117118,90680,78011,45572,7201736,0.5375509066873752,0.6655315151337228,0.5947340978477945,0.4232181944619463,0.7337540587825743,191,30,161,1713,0.6520723876240514,4973,0.6541323144982908,5755,0.7294526498696785,3507,0.8599942971200456
DN50-235-25-6(2),test,1,unet_pixel,3407,gaussian,0.49,1.8618132999981754,86123,121849,20496,7187531,0.41410863000788567,0.8077640945797653,0.54752361002063,0.3769586988112121,0.7249267436459338,106,12,94,692,0.6950867052023122,2881,0.8257549461992364,6801,0.8281135127187178,1270,0.9456692913385827
DN50-235-25-6(3),test,1,unet_pixel,3407,gaussian,0.49,1.8702437000029022,69418,116065,14155,7216361,0.37425532259021044,0.8306271164131956,0.5160115366317792,0.34771937206343484,0.6571131327611596,98,4,94,608,0.7828947368421053,2049,0.8184480234260615,5304,0.8472850678733032,1173,0.9053708439897699
10-1-1(3),test,2,unet_pixel,3407,gaussian,0.59,1.9394439000025159,52015,89496,65045,7209443,0.36756859890750543,0.4443447804544678,0.4023266336905531,0.2518203295958481,0.38845035632888564,316,26,290,730,0.5287671232876713,1829,0.44505194095133954,2789,0.4069558981713876,3671,0.4769817488422773
10-1-2,test,2,unet_pixel,3407,gaussian,0.59,1.636039899996831,139923,111454,109877,7054745,0.5566261034223497,0.5601401120896717,0.5583775791786135,0.3873258150774801,0.6396484987260046,505,61,444,2699,0.5124120044460911,6016,0.5814494680851063,12261,0.6770247125030585,5378,0.7143919672740796
10-9-1,test,2,unet_pixel,3407,gaussian,0.59,1.61207899999863,78497,91327,50848,7195327,0.46222559826644055,0.6068808226062082,0.5247669377509033,0.35571798868909515,0.598210234049605,402,5,397,822,0.6204379562043796,1517,0.6802900461437047,5994,0.6711711711711712,3510,0.7082621082621082
10-9-4,test,2,unet_pixel,3407,gaussian,0.59,1.6229698000024655,80109,50154,101493,7184243,0.6149789272471845,0.44112399643175737,0.5137415227742773,0.3456609537617149,0.6174882620318854,414,11,403,744,0.4220430107526882,1943,0.4076170869788986,5467,0.5421620632888239,6032,0.648209549071618
235-25-6(1),test,2,unet_pixel,3407,gaussian,0.59,1.6191827000002377,60633,54600,30952,7269814,0.5261773970997892,0.6620407271933176,0.5863416143662544,0.4147689571433458,0.6344416054067719,277,14,263,375,0.736,1252,0.5846645367412141,3777,0.7124702144559174,2268,0.8051146384479718
235-25-7(1),test,2,unet_pixel,3407,gaussian,0.59,1.6155069999949774,85738,52096,59261,7218904,0.6220381038060275,0.5913006296595149,0.6062800309723406,0.43500849843983863,0.6311208445117125,352,48,304,2543,0.33031852143138024,6369,0.44355471816611713,6373,0.6849207594539464,2937,0.8828736806264896
235-25-7(2),test,2,unet_pixel,3407,gaussian,0.59,1.609964299997955,59716,91615,15230,7249438,0.39460520316392544,0.7967870199877245,0.5278132554347106,0.35852330377459307,0.5689833752216373,286,3,283,444,0.6824324324324325,1772,0.9040632054176072,4552,0.828646748681898,1235,0.8615384615384616
235-25-7(3),test,2,unet_pixel,3407,gaussian,0.59,1.6447881999993115,57202,52851,60486,7245460,0.5197677482667442,0.4860478553463395,0.5023425733618453,0.33541887779334933,0.5626704330030152,371,5,366,839,0.5148986889153755,3861,0.562030562030562,6179,0.543939148729568,1988,0.608148893360161
7-1-6(3),test,2,unet_pixel,3407,gaussian,0.59,1.6144005999958608,134382,106371,118557,7056689,0.5581737299223686,0.5312822459169998,0.5443961012129019,0.37400016698672456,0.6522987480951074,487,14,473,856,0.633177570093458,2206,0.6233000906618313,6008,0.7028961384820239,9248,0.7067474048442907
W82-447-1-13-7(3),test,2,unet_pixel,3407,gaussian,0.59,1.626859299998614,259910,390593,349697,6415799,0.399552346415005,0.42635665272872525,0.4125195419447509,0.25985802839432115,0.5476017616970864,655,44,611,1420,0.6605633802816901,2003,0.544682975536695,6047,0.5935174466677692,21760,0.5313419117647059
10-1-1,test,3,unet_pixel,3407,gaussian,0.49,2.0713697999963188,92146,85540,39069,7199244,0.518588971556566,0.7022520291125253,0.5966053848967793,0.4251159142811008,0.7169979948833832,146,53,93,2076,0.6791907514450867,3234,0.691713048855906,4360,0.7635321100917432,3891,0.874325366229761
10-1-1(1),test,3,unet_pixel,3407,gaussian,0.49,1.8757077000045683,63051,56003,63323,7233622,0.5296000134392796,0.4989238292686787,0.5138044558893036,0.3457179359239378,0.67447257159589,112,8,104,298,0.5469798657718121,637,0.6342229199372057,2617,0.7145586549484142,4923,0.6114158033719277
10-1-9(1),test,3,unet_pixel,3407,gaussian,0.49,1.8440012999999453,86614,85117,70284,7173984,0.5043585607723707,0.5520401789697765,0.5271232910059672,0.3578869078362911,0.6169786911944775,172,46,126,1750,0.40285714285714286,3811,0.5169246916819732,7543,0.6078483362057536,3280,0.7271341463414634
10-1-9(2),test,3,unet_pixel,3407,gaussian,0.49,1.857562400000461,59741,50069,32062,7274127,0.5440397049449048,0.6507521540690392,0.5926304355373909,0.421090842449532,0.6746954130390125,146,32,114,1594,0.44040150564617314,4040,0.47326732673267324,3921,0.700586585054833,1726,0.9495944380069525
10-2-2,test,3,unet_pixel,3407,gaussian,0.49,1.8609456999984104,156218,140937,96054,7022790,0.5257121704161128,0.6192443077313377,0.5686578926772802,0.3972899908191318,0.673903549841059,319,46,273,4188,0.5145654250238777,11839,0.58425542697863,12441,0.6744634675669159,4091,0.8552921046198974
10-2-3,test,3,unet_pixel,3407,gaussian,0.49,1.8671109999995679,24524,51061,6100,7334314,0.32445591056426537,0.8008098223615465,0.4618064382491126,0.30022647976984757,0.5263986951883922,100,10,90,361,0.6759002770083102,815,0.8331288343558282,1314,0.9010654490106544,635,0.9385826771653544
235-10-11(1),test,3,unet_pixel,3407,gaussian,0.49,1.844623999997566,105007,71447,84222,7155323,0.5950956056535981,0.5549202289289696,0.5743061613473965,0.4028257300250119,0.6779012956823226,200,12,188,389,0.34704370179948585,1064,0.38721804511278196,5072,0.6102129337539433,6824,0.7403282532239156
7-1-6(2),test,3,unet_pixel,3407,gaussian,0.49,1.8722386000008555,250352,192773,147199,6825675,0.5649692524682651,0.6297355559412503,0.5955968767991473,0.42409253223653454,0.7157290354921283,292,56,236,3038,0.6543778801843319,5602,0.6665476615494467,9976,0.7172213311948676,13697,0.7910491348470468
W82-447-1-13-3(1),test,3,unet_pixel,3407,gaussian,0.49,1.8581812999982503,123072,146751,114625,7031551,0.4561212350318542,0.5177684194583861,0.4849936948297604,0.3201265190610954,0.561730786238064,385,12,373,950,0.37684210526315787,2124,0.5131826741996234,8536,0.5822399250234301,6954,0.6140350877192983
W82-447-1-13-7(2),test,3,unet_pixel,3407,gaussian,0.49,1.867110600003798,39884,32548,68039,7275528,0.550640600839408,0.3695597787311324,0.4422832746527682,0.2839304909910231,0.5051542263710503,230,13,217,847,0.37662337662337664,1233,0.46147607461476076,2512,0.48089171974522293,3529,0.4247662227259847
10-1-2(1),test,4,unet_pixel,3407,gaussian,0.52,3.2355707000097027,72049,49570,81234,7213146,0.5924156587375328,0.4700390780451844,0.5241795257946468,0.35517838040354344,0.6299275801631611,147,41,106,1440,0.44583333333333336,3817,0.5119203563007597,5053,0.5624381555511577,4310,0.5821345707656612
10-1-9(3),test,4,unet_pixel,3407,gaussian,0.52,2.960412600004929,70056,53755,57728,7234460,0.5658301766402016,0.5482376510361234,0.5568950098372384,0.38590055029497794,0.6185590411283503,175,34,141,1020,0.3323529411764706,1911,0.5892203035060178,4844,0.5485136251032204,3668,0.7669029443838604
10-9-2,test,4,unet_pixel,3407,gaussian,0.52,2.9662769000133267,156005,142623,66129,7051242,0.5224058025369356,0.7023013136215077,0.5991412583867487,0.42769569878028385,0.7049450084089016,203,23,180,2665,0.5703564727954972,7886,0.7337053005325894,10217,0.8002349026132916,4621,0.8238476520233715
235-10-12(1),test,4,unet_pixel,3407,gaussian,0.52,2.9634316000010585,73738,55689,55497,7231075,0.5697265640090553,0.5705729871938716,0.5701494614593562,0.3987475936060219,0.6769566178958613,101,17,84,1480,0.4851351351351351,4294,0.5861667442943642,5275,0.6218009478672986,2838,0.7103594080338267
235-25-6(2),test,4,unet_pixel,3407,gaussian,0.52,3.076198299997486,63133,97810,18059,7236997,0.3922693127380501,0.7775766085328604,0.5214694282115349,0.35269438330297986,0.5834083297364523,109,11,98,834,0.7577937649880095,2090,0.876555023923445,3378,0.7933688573120189,1950,0.8097435897435897
235-25-9(1),test,4,unet_pixel,3407,gaussian,0.52,2.9915883999929065,52109,33675,39943,7290272,0.6074442786533619,0.5660822144005562,0.5860343237589689,0.4144614919627447,0.6624680264346275,131,9,122,866,0.44226327944572746,2779,0.47930910399424254,3678,0.5576400217509516,2422,0.7493806771263418
235-25-9(2),test,4,unet_pixel,3407,gaussian,0.52,3.004089299996849,53685,56356,28042,7277916,0.48786361447096993,0.6568820585608184,0.5598952901422553,0.3887879029279491,0.6937999657920731,108,3,105,492,0.7378048780487805,1469,0.7372362151123213,4580,0.6751091703056769,1727,0.7961783439490446
7-1-3(1),test,4,unet_pixel,3407,gaussian,0.52,3.0048119999992196,210686,234234,109690,6861389,0.4735368156073002,0.6576210452718056,0.5506000292697205,0.3798813580714376,0.6585009544078179,218,29,189,3393,0.6657824933687002,7835,0.7072112316528398,13221,0.7079646017699115,8351,0.7594300083822296
7-1-3(2),test,4,unet_pixel,3407,gaussian,0.52,3.0235731000138912,117214,136862,74429,7087494,0.46133440387915425,0.6116268269647208,0.5259546934279221,0.35681039862406966,0.6787140290388529,218,73,145,2911,0.7399519065613192,5411,0.7481057105895398,9919,0.6707329367879826,3817,0.6871888917998428
W82-447-1-13-7(1),test,4,unet_pixel,3407,gaussian,0.52,2.995928600008483,121195,79356,145382,7070066,0.6043101256039611,0.4546341207230931,0.5188941788974328,0.35034240734477484,0.5970402637792683,207,25,182,1737,0.5192861255037421,2951,0.5194849203659776,7860,0.5057251908396947,8841,0.5170229612034838
10-1-2(3),test,0,unet_pixel,2026,gaussian,0.51,1.880112700000609,57828,56420,66936,7234815,0.5061620334710455,0.463499086274887,0.4838920221578833,0.31916725538678914,0.48007478292347605,376,30,346,1492,0.43498659517426275,2799,0.5355484101464809,5280,0.575189393939394,2954,0.5382532159783344
10-1-3,test,0,unet_pixel,2026,gaussian,0.51,1.6213812999994843,69340,48353,74522,7223784,0.5891599330461454,0.4819896845588133,0.5302135306149758,0.360741877584996,0.546734107715234,529,43,486,2092,0.47753346080305925,5220,0.5051724137931034,5998,0.5843614538179394,3667,0.6588491955276793
10-2-1,test,0,unet_pixel,2026,gaussian,0.51,1.625938799999858,121946,82477,43125,7168451,0.596537571603978,0.7387487808276438,0.6600702582450595,0.49261557354533264,0.7008723359690345,433,43,390,2408,0.6835548172757475,7091,0.793964179946411,7549,0.8825009935090741,3642,0.8767160900604064
10-2-4,test,0,unet_pixel,2026,gaussian,0.51,1.6213285000012547,50401,58456,37234,7269908,0.4630019199500262,0.5751240942545787,0.5130081631822161,0.34499729620578956,0.479439719408567,399,24,375,1469,0.41660993873383256,3188,0.5759096612296111,4246,0.6853509185115403,1710,0.6877192982456141
10-9-3,test,0,unet_pixel,2026,gaussian,0.51,1.6208390000028885,90265,80235,53272,7192227,0.5294134897360704,0.6288622445780531,0.5748685664428077,0.4033793325349016,0.5639408054261579,401,29,372,1410,0.6333333333333333,3531,0.6907391673746814,6602,0.7382611329900031,3372,0.7538552787663108
235-10-12(2),test,0,unet_pixel,2026,gaussian,0.51,1.6212751000020944,53728,43602,61446,7257223,0.5520189047570122,0.4664941740323337,0.5056657757030456,0.3383886733511362,0.49908457098597964,422,29,393,1595,0.3755485893416928,3126,0.5802943058221369,3766,0.5241635687732342,3313,0.6260187141563538
7-1-3(3),test,0,unet_pixel,2026,gaussian,0.51,1.6227964999998221,114983,98362,118501,7084153,0.5389533384893014,0.4924662931935379,0.5146622085853872,0.3464950609620125,0.5542811589974821,465,44,421,3182,0.5729101194217473,5301,0.6274287870213168,9469,0.5672193473439645,6207,0.6265506685999678
7-1-6(1),test,0,unet_pixel,2026,gaussian,0.51,1.618738699999085,146141,107122,112576,7050160,0.5770325708848114,0.5648681764244329,0.5708855814680261,0.3994680720207523,0.609217619135262,406,30,376,2372,0.5122259696458684,5067,0.6414051707124532,11526,0.6436751691827174,6906,0.6859252823631624
7-1-6(4),test,0,unet_pixel,2026,gaussian,0.51,1.6305183000004035,230418,215886,84477,6885218,0.5162803828780382,0.7317296241604344,0.6054080470415752,0.43411124362025016,0.6551637255334684,642,77,565,4860,0.7236625514403292,9104,0.7529657293497364,15244,0.8291130936762005,6799,0.918076187674658
DN50-235-25-7(1),test,0,unet_pixel,2026,gaussian,0.51,1.680147399998532,50594,63128,22409,7279868,0.44489192944197253,0.6930400120542991,0.5419092247958227,0.3716567130190772,0.46242503755451725,364,7,357,763,0.6408912188728703,1855,0.7433962264150943,4018,0.7297162767546043,1102,0.7822141560798548
10-1-1(2),test,1,unet_pixel,2026,gaussian,0.53,2.019513299994287,22974,73252,23873,7295900,0.2387504416685719,0.49040493521463485,0.3211507412300015,0.1912921839482427,0.5036149505639245,65,6,59,352,0.7755681818181818,461,0.5509761388286334,1104,0.5914855072463768,1581,0.6166982922201139
10-1-2(2),test,1,unet_pixel,2026,gaussian,0.53,1.6230235999973956,83791,55983,74371,7201854,0.5994748665703207,0.5297795930754543,0.5624765050212126,0.39128160825608815,0.6644232526944576,147,26,121,2023,0.4671280276816609,5624,0.4772403982930299,6998,0.624464132609317,3526,0.7263187748156551
235-10-11(2),test,1,unet_pixel,2026,gaussian,0.53,1.6233275000122376,78438,230154,112234,6995173,0.2541802768704309,0.411376604850214,0.3142145237790027,0.18639057472684673,0.4366670071807318,267,13,254,590,0.4610169491525424,1249,0.4291433146517214,6899,0.5268879547760545,6307,0.4804185825273506
235-10-11(3),test,1,unet_pixel,2026,gaussian,0.53,1.6242356000002474,121273,195963,139786,6958977,0.3822800690968238,0.464542498055995,0.4194156961412428,0.26535484068600634,0.5483910766834962,334,41,293,2328,0.4059278350515464,6271,0.48684420347631957,11549,0.594163996882847,6263,0.5369631167172282
235-10-12(3),test,1,unet_pixel,2026,gaussian,0.53,1.6207302999973763,133970,147182,158783,6976064,0.47650381288413385,0.4576212711739931,0.4668716947926922,0.3045222589700751,0.5738645632884269,358,29,329,2709,0.48763381321520854,10485,0.4821173104434907,12984,0.5225662353666051,6362,0.5405532851304621
235-25-9(3),test,1,unet_pixel,2026,gaussian,0.53,1.6236041999945883,63385,53505,62225,7236884,0.5422619556848319,0.5046174667622004,0.5227628865979381,0.3538787929542473,0.6298558357725984,214,33,181,1595,0.5178683385579937,5083,0.45425929569152074,5716,0.5946466060181945,2460,0.6788617886178862
447-1-1,test,1,unet_pixel,2026,gaussian,0.53,1.6258464000129607,160465,101741,68887,7084906,0.6119806564304402,0.6996450870278,0.6528832813218379,0.4846523484338237,0.7259682555013223,183,41,142,3218,0.5397762585456806,7875,0.587936507936508,8605,0.747007553747821,5306,0.8793818318884282
447-1-1(1),test,1,unet_pixel,2026,gaussian,0.53,1.6225064000027487,68045,37856,68207,7241891,0.6425340648341376,0.49940551331356603,0.5620000578146874,0.39082064006248995,0.666112840987797,171,30,141,1713,0.5294804436660829,4973,0.4214759702392922,5755,0.591485664639444,3507,0.7308240661534074
DN50-235-25-6(2),test,1,unet_pixel,2026,gaussian,0.53,1.6183700999972643,75481,102843,31138,7206537,0.42328009690226776,0.7079507404871552,0.529797187507677,0.3603565324498,0.6869216842005814,154,12,142,692,0.653179190751445,2881,0.7382853175980563,6801,0.7540067637112189,1270,0.8133858267716535
DN50-235-25-6(3),test,1,unet_pixel,2026,gaussian,0.53,1.6233843999943929,60028,84067,23545,7248359,0.41658627988479824,0.7182702547473466,0.5273292689354674,0.35807683130517776,0.6218637862388726,117,4,113,608,0.6332236842105263,2049,0.6515373352855052,5304,0.7160633484162896,1173,0.8985507246376812
10-1-1(3),test,2,unet_pixel,2026,gaussian,0.5,1.8930851999998595,65959,81498,51101,7217441,0.44731006327268286,0.5634631812745601,0.49871274814095123,0.3321900905528863,0.4220269288765756,399,26,373,730,0.6219178082191781,1829,0.5888463641334062,2789,0.5614915740408749,3671,0.6229910106238082
10-1-2,test,2,unet_pixel,2026,gaussian,0.5,1.6452438999999686,172464,140730,77336,7025469,0.5506618900745225,0.690408326661329,0.6126672753173213,0.441615240826569,0.6554522415468124,852,61,791,2699,0.62726935902186,6016,0.7227393617021277,12261,0.8299486175678982,5378,0.8079211602826329
10-9-1,test,2,unet_pixel,2026,gaussian,0.5,1.6366918999999598,89756,93941,39589,7192713,0.4886089593188784,0.6939270942054196,0.5734438190402565,0.40197773259407216,0.583518276576541,769,5,764,822,0.7566909975669099,1517,0.8108108108108109,5994,0.7694361027694361,3510,0.780911680911681
10-9-4,test,2,unet_pixel,2026,gaussian,0.5,1.6460394000000633,110218,60017,71384,7174380,0.6474461773430845,0.606920628627438,0.6265287618982653,0.4561644572653641,0.6872349022717479,757,11,746,744,0.5739247311827957,1943,0.6942871847658261,5467,0.7226998353758917,6032,0.7917771883289124
235-25-6(1),test,2,unet_pixel,2026,gaussian,0.5,1.6260617000000366,69789,53074,21796,7271340,0.5680229198375426,0.7620134301468581,0.6508710736402298,0.4824380093875943,0.6642151140791086,607,14,593,375,0.8213333333333334,1252,0.7196485623003195,3777,0.8437913688112259,2268,0.9104938271604939
235-25-7(1),test,2,unet_pixel,2026,gaussian,0.5,1.6365085999998428,103987,75631,41012,7195369,0.5789341825429523,0.7171566700460004,0.6406750108589507,0.47131849703122874,0.6920772607794224,644,48,596,2543,0.5721588674793551,6369,0.6497095305385461,6373,0.8091950415816727,2937,0.8750425604358189
235-25-7(2),test,2,unet_pixel,2026,gaussian,0.5,1.6314224000000195,63371,81285,11575,7259768,0.4380806879769937,0.8455554666026206,0.5771441061556817,0.40562372384481954,0.5270526622829026,484,3,481,444,0.8040540540540541,1772,0.9255079006772009,4552,0.9018014059753954,1235,0.8315789473684211
235-25-7(3),test,2,unet_pixel,2026,gaussian,0.5,1.6504820000000109,77702,80815,39986,7217496,0.4901808638821073,0.6602372374413704,0.5626400680653862,0.39143992786003234,0.6131926307108558,698,5,693,839,0.6507747318235996,3861,0.7549857549857549,6179,0.7349085612558667,1988,0.7037223340040242
7-1-6(3),test,2,unet_pixel,2026,gaussian,0.5,1.6316859000000932,159389,125372,93550,7037688,0.559729035928375,0.6301479803430867,0.5928547517202901,0.42131738173090394,0.6370090096330704,829,14,815,856,0.7663551401869159,2206,0.7660924750679964,6008,0.8224034620505992,9248,0.7960640138408305
W82-447-1-13-7(3),test,2,unet_pixel,2026,gaussian,0.5,1.6325448000000051,308463,227220,301144,6579172,0.5758312285437469,0.5060030478652641,0.538663569925521,0.3686102384363793,0.5969112583531941,981,44,937,1420,0.6725352112676056,2003,0.635047428856715,6047,0.6857946088969737,21760,0.6261488970588235
10-1-1,test,3,unet_pixel,2026,gaussian,0.54,3.0493728000001283,94266,86275,36949,7198509,0.522130707152392,0.7184087185154137,0.6047421701587139,0.4334268242218033,0.581113405759886,253,53,200,2076,0.7215799614643545,3234,0.7337662337662337,4360,0.7981651376146789,3891,0.8745823695708044
10-1-1(1),test,3,unet_pixel,2026,gaussian,0.54,3.060374700005923,58268,51643,68106,7237982,0.5301380207622531,0.461075854210518,0.493201007258184,0.3273170539892257,0.496606361187324,254,8,246,298,0.5234899328859061,637,0.609105180533752,2617,0.6832250668704624,4923,0.5925248832013
10-1-9(1),test,3,unet_pixel,2026,gaussian,0.54,2.908693299999868,84342,88556,72556,7170545,0.4878136242177469,0.5375594335173169,0.5114798238911327,0.3436163191473759,0.503927278766021,392,46,346,1750,0.44857142857142857,3811,0.5657307793230123,7543,0.6130186928277873,3280,0.6695121951219513
10-1-9(2),test,3,unet_pixel,2026,gaussian,0.54,2.9864308000032906,63931,55806,27872,7268390,0.5339285266876571,0.6963933640512837,0.6044341495698213,0.43311044719495423,0.584290414598399,281,32,249,1594,0.6361355081555834,4040,0.6774752475247525,3921,0.7684264218311655,1726,0.9316338354577057
10-2-2,test,3,unet_pixel,2026,gaussian,0.54,2.895152199998847,167620,139871,84652,7023856,0.5451216458367887,0.6644415551468257,0.598896318620559,0.4274461102199963,0.6501864001781887,417,46,371,4188,0.5974212034383954,11839,0.689247402652251,12441,0.7446346756691584,4091,0.855047665607431
10-2-3,test,3,unet_pixel,2026,gaussian,0.54,2.9677079999964917,25173,61694,5451,7323681,0.2897878365777568,0.8220023510971787,0.4285094177426356,0.27267705106263135,0.2891394520095682,194,10,184,361,0.6897506925207756,815,0.8564417177914111,1314,0.9277016742770168,635,0.9307086614173228
235-10-11(1),test,3,unet_pixel,2026,gaussian,0.54,2.929835200004163,103891,76051,85338,7150719,0.5773582598837403,0.5490226128130467,0.5628340254245323,0.39162771411338965,0.5546270894807117,341,12,329,389,0.39588688946015427,1064,0.48872180451127817,5072,0.5999605678233438,6824,0.6966588511137163
7-1-6(2),test,3,unet_pixel,2026,gaussian,0.54,3.014517800002068,262191,186925,135360,6831523,0.5837934965576822,0.6595153829320012,0.6193485750596162,0.44859155893484076,0.6758014470701197,450,56,394,3038,0.7113232389730085,5602,0.7636558372009996,9976,0.7732558139534884,13697,0.8164561582828357
W82-447-1-13-3(1),test,3,unet_pixel,2026,gaussian,0.54,2.9557630000053905,125289,136137,112408,7042165,0.4792522549402125,0.5270954197991561,0.5020365721475468,0.33514608088081876,0.51044753032772,394,12,382,950,0.43157894736842106,2124,0.5150659133709982,8536,0.5934864104967198,6954,0.6432269197584124
W82-447-1-13-7(2),test,3,unet_pixel,2026,gaussian,0.54,2.914783100000932,39948,39373,67975,7268703,0.5036245130545505,0.37015279412173496,0.42669458033368224,0.27120899413426025,0.397353610410911,231,13,218,847,0.43919716646989376,1233,0.4557988645579886,2512,0.5270700636942676,3529,0.4358175120430717
10-1-2(1),test,4,unet_pixel,2026,gaussian,0.49,1.8768906999994215,83398,78926,69885,7183790,0.5137749192972081,0.544078599714254,0.5284927140399294,0.35915059278494804,0.5698621290082858,335,41,294,1440,0.5756944444444444,3817,0.7146974063400576,5053,0.6869186621808826,4310,0.6280742459396752
10-1-9(3),test,4,unet_pixel,2026,gaussian,0.49,1.6502800000016578,74021,75929,53763,7212286,0.4936378792930977,0.5792665748450511,0.5330352063485205,0.36335923578760315,0.5247159111938072,321,34,287,1020,0.4725490196078431,1911,0.6624803767660911,4844,0.6641205615194055,3668,0.779989094874591
10-9-2,test,4,unet_pixel,2026,gaussian,0.49,1.6117692000007082,160366,183852,61768,7010013,0.4658849914879524,0.721933607642234,0.5663121168460604,0.39500376860285824,0.6336837258911936,471,23,448,2665,0.6863039399624765,7886,0.8185391833629216,10217,0.8440833904277185,4621,0.8604198225492318
235-10-12(1),test,4,unet_pixel,2026,gaussian,0.49,1.636894299999767,79128,76938,50107,7209826,0.507016262350544,0.6122799551205169,0.5546983711939321,0.383794192256018,0.5777697950169316,308,17,291,1480,0.6141891891891892,4294,0.687936655798789,5275,0.6815165876777252,2838,0.7681465821000705
235-25-6(2),test,4,unet_pixel,2026,gaussian,0.49,1.6697715000009339,65329,118110,15863,7216697,0.35613473688801184,0.8046236082372648,0.4937365614761687,0.32778898355259856,0.4176750564144581,527,11,516,834,0.790167865707434,2090,0.9129186602870814,3378,0.8164594434576673,1950,0.8194871794871795
235-25-9(1),test,4,unet_pixel,2026,gaussian,0.49,1.6427617000008468,55459,60040,36593,7263907,0.48016865946891313,0.602474688219702,0.534413228555873,0.36464113825842254,0.5314611934779645,324,9,315,866,0.6039260969976905,2779,0.6210867218423893,3678,0.666394779771615,2422,0.7563996696944674
235-25-9(2),test,4,unet_pixel,2026,gaussian,0.49,1.6113667999998142,56962,71964,24765,7262308,0.44181933822502834,0.696978966559399,0.5408135654369983,0.3706267771047101,0.5037312052062436,325,3,322,492,0.7947154471544715,1469,0.7916950306330838,4580,0.7489082969432315,1727,0.8135495078170237
7-1-3(1),test,4,unet_pixel,2026,gaussian,0.49,1.6488853999999264,224278,295157,96098,6800466,0.43177298410773246,0.700046195720029,0.5341154140634023,0.3643638927563591,0.595083813971252,449,29,420,3393,0.7500736811081639,7835,0.7798340778557754,13221,0.7618183193404432,8351,0.7943958807328464
7-1-3(2),test,4,unet_pixel,2026,gaussian,0.49,1.6730662000009033,126980,159958,64663,7064398,0.442534624204532,0.6625861628131474,0.5306520735256937,0.36114800583616086,0.6146946087196792,443,73,370,2911,0.8213672277567846,5411,0.8453150988726668,9919,0.757939308398024,3817,0.733822373591826
W82-447-1-13-7(1),test,4,unet_pixel,2026,gaussian,0.49,1.635932099999991,131946,118780,134631,7030642,0.5262557532924388,0.4949639316220079,0.5101304264618608,0.34239938550486954,0.539159523650428,636,25,611,1737,0.567069660333909,2951,0.5896306336834971,7860,0.5723918575063613,8841,0.5489198054518719
10-1-2(3),test,0,attunet_pixel,42,gaussian,0.51,2.232317099929787,64049,59864,60715,7231371,0.516886848030473,0.5133612259946779,0.5151180044797066,0.3469083779275083,0.5641028586715554,318,30,288,1492,0.49664879356568364,2799,0.5384065737763487,5280,0.59375,2954,0.5876777251184834
10-1-3,test,0,attunet_pixel,42,gaussian,0.51,1.9184666998917237,79054,47986,64808,7224151,0.6222764483627204,0.5495127274749413,0.583635410591284,0.4120658020933239,0.6829249530692256,254,43,211,2092,0.518642447418738,5220,0.5438697318007663,5998,0.6468822940980327,3667,0.6926643032451595
10-2-1,test,0,attunet_pixel,42,gaussian,0.51,1.9091658000834286,134072,98949,30999,7151979,0.5753644521309238,0.8122080801594466,0.6735729429378133,0.507810014392849,0.811445110473834,145,43,102,2408,0.6719269102990033,7091,0.8067973487519391,7549,0.919459531063717,3642,0.9077429983525536
10-2-4,test,0,attunet_pixel,42,gaussian,0.51,1.8908710000105202,55296,57336,32339,7271028,0.4909439590880034,0.630980772522394,0.5522227825852487,0.381428009739879,0.6599025317349736,129,24,105,1469,0.44452008168822327,3188,0.6198243412797992,4246,0.7152614225153086,1710,0.704093567251462
10-9-3,test,0,attunet_pixel,42,gaussian,0.51,1.9032235000049695,100436,98546,43101,7173916,0.5047491732920566,0.699722022893052,0.5864550579675872,0.41488249897762336,0.6916637880978758,205,29,176,1410,0.6900709219858157,3531,0.735768903993203,6602,0.7826416237503787,3372,0.7568208778173191
235-10-12(2),test,0,attunet_pixel,42,gaussian,0.51,1.9542682999745011,61965,43330,53209,7257495,0.5884894819317157,0.5380120513310296,0.5621198445132876,0.390936506334225,0.622324956401375,269,29,240,1595,0.3730407523510972,3126,0.5988483685220729,3766,0.573287307488051,3313,0.6540899486869907
7-1-3(3),test,0,attunet_pixel,42,gaussian,0.51,1.8966833000304177,130108,120777,103376,7061738,0.5185961695597584,0.5572458926521732,0.5372267837124176,0.36726594234194565,0.6300771775871578,268,44,224,3182,0.6376492771841609,5301,0.6661007357102433,9469,0.6160101383461822,6207,0.6713388110198163
7-1-6(1),test,0,attunet_pixel,42,gaussian,0.51,1.8921122000319883,167563,133528,91154,7023754,0.5565194575726276,0.6476690747032472,0.5986445352692351,0.42718963912860586,0.7076852149173434,318,30,288,2372,0.5788364249578415,5067,0.6749555950266429,11526,0.7247093527676557,6906,0.7803359397625254
7-1-6(4),test,0,attunet_pixel,42,gaussian,0.51,1.915796099929139,253417,249737,61478,6851367,0.5036569320724867,0.8047666682544975,0.6195643537245324,0.4488179911871803,0.7446752061641653,249,77,172,4860,0.761522633744856,9104,0.7939367311072056,15244,0.8739832065074784,6799,0.9527871745844977
DN50-235-25-7(1),test,0,attunet_pixel,42,gaussian,0.51,1.9222132000140846,55064,65076,17939,7277920,0.4583319460629266,0.7542703724504473,0.5701889273750537,0.3987862021016954,0.7119879574637362,81,7,74,763,0.6985583224115334,1855,0.813477088948787,4018,0.7588352414136387,1102,0.8112522686025408
10-1-1(2),test,1,attunet_pixel,42,gaussian,0.43,2.30535499999678,25018,45410,21829,7323742,0.355228034304538,0.5340363310350716,0.42665529737795777,0.271177254842451,0.3646221771504518,104,6,98,352,0.45170454545454547,461,0.6334056399132321,1104,0.6123188405797102,1581,0.6135357368753953
10-1-2(2),test,1,attunet_pixel,42,gaussian,0.43,1.9012940999964485,100911,89626,57251,7168211,0.5296136708355857,0.6380230396681883,0.5787857149002434,0.4072473243256332,0.6358552137272752,215,26,189,2023,0.6104794859120118,5624,0.647226173541963,6998,0.7464989997142041,3526,0.758366420873511
235-10-11(2),test,1,attunet_pixel,42,gaussian,0.43,1.8957212000022992,79439,70839,111233,7154488,0.5286136360611666,0.4166264580011748,0.46598621498753484,0.3037692487122913,0.5579647838753317,370,13,357,590,0.3949152542372881,1249,0.45796637309847876,6899,0.5357298159153501,6307,0.48327255430474075
235-10-11(3),test,1,attunet_pixel,42,gaussian,0.43,1.8964207000026363,133700,118255,127359,7036685,0.5306503145402949,0.5121447642103892,0.521233338661323,0.35247842157157394,0.6334344157034396,397,41,356,2328,0.4475945017182131,6271,0.6081964598947537,11549,0.6451640834704303,6263,0.5621906434615999
235-10-12(3),test,1,attunet_pixel,42,gaussian,0.43,1.8943281000028946,156967,162419,135786,6960827,0.4914648732255014,0.5361755473043829,0.5128475722017385,0.34485205592611146,0.6057035853426785,442,29,413,2709,0.5633074935400517,10485,0.6147830233667143,12984,0.6085951940850277,6362,0.5993398302420623
235-25-9(3),test,1,attunet_pixel,42,gaussian,0.43,1.902611400000751,70974,46004,54636,7244385,0.6067294704987263,0.5650346310007165,0.5851402377693867,0.41356765765030823,0.6857943147586791,309,33,276,1595,0.4871473354231975,5083,0.5835136730277395,5716,0.7111616515045487,2460,0.6012195121951219
447-1-1,test,1,attunet_pixel,42,gaussian,0.43,1.9328690999973333,190026,193547,39326,6993100,0.49541026088906154,0.8285343053472392,0.6200628135579394,0.44934133209111393,0.691211627992515,390,41,349,3218,0.6056556867619639,7875,0.7506031746031746,8605,0.873678094131319,5306,0.9323407463249151
447-1-1(1),test,1,attunet_pixel,42,gaussian,0.43,1.9008104000022286,78270,63147,57982,7216600,0.5534695262945756,0.5744502832985938,0.5637647702840433,0.3925295513016615,0.6449016253832901,423,30,393,1713,0.5475773496789259,4973,0.5537904685300623,5755,0.6583840139009557,3507,0.765326489877388
DN50-235-25-6(2),test,1,attunet_pixel,42,gaussian,0.43,1.894933999996283,80198,102488,26421,7206892,0.4389936831503235,0.7521923859724815,0.554418347418814,0.3835261373363876,0.7032690020025978,252,12,240,692,0.6315028901734104,2881,0.7792433182922597,6801,0.7940008822232024,1270,0.8874015748031496
DN50-235-25-6(3),test,1,attunet_pixel,42,gaussian,0.43,1.9509480999986408,65958,102410,17615,7230016,0.3917490259431721,0.7892261854905293,0.5235987790792289,0.35464531704510627,0.6407480851699621,248,4,244,608,0.71875,2049,0.7798926305514885,5304,0.8150452488687783,1173,0.8857630008525149
10-1-1(3),test,2,attunet_pixel,42,gaussian,0.61,2.184455999999045,63504,77395,53556,7221544,0.45070582473970716,0.5424910302409021,0.49235731259618776,0.3265742716823944,0.5066247146141956,301,26,275,730,0.6465753424657534,1829,0.5877528704209951,2789,0.5152384367156687,3671,0.5913919912830291
10-1-2,test,2,attunet_pixel,42,gaussian,0.61,1.8797374999994645,176869,168243,72931,6997956,0.5124973921509539,0.7080424339471577,0.5946055887257276,0.42308805553495693,0.7019989091879522,194,61,133,2699,0.6317154501667284,6016,0.7288896276595744,12261,0.8098034418073566,5378,0.7963927110449981
10-9-1,test,2,attunet_pixel,42,gaussian,0.61,1.9249752000032458,89838,104310,39507,7182344,0.46272946412015575,0.6945610576365534,0.5554246923426472,0.3844899531360339,0.6811152560650114,138,5,133,822,0.7408759124087592,1517,0.7112722478576137,5994,0.7277277277277278,3510,0.7766381766381767
10-9-4,test,2,attunet_pixel,42,gaussian,0.61,1.8820503999995708,109311,66848,72291,7167549,0.6205246396721144,0.6019261902401956,0.6110839359237032,0.43997182531696516,0.7127813453348394,171,11,160,744,0.5295698924731183,1943,0.5898095728255275,5467,0.6305103347356869,6032,0.7592838196286472
235-25-6(1),test,2,attunet_pixel,42,gaussian,0.61,1.9534748000005493,68925,55576,22660,7268838,0.553610011164569,0.7525795708904297,0.6379404496357931,0.46836458028961475,0.7669254485838862,92,14,78,375,0.88,1252,0.6557507987220448,3777,0.7998411437648928,2268,0.8787477954144621
235-25-7(1),test,2,attunet_pixel,42,gaussian,0.61,1.9391789999972389,102254,77765,42745,7193235,0.5680178203411862,0.7052048634818171,0.629220535478035,0.4590238997324523,0.7214877906384882,133,48,85,2543,0.44317734958710187,6369,0.5511069241639189,6373,0.7605523301427899,2937,0.9033026898195438
235-25-7(2),test,2,attunet_pixel,42,gaussian,0.61,1.8949380999983987,64821,82319,10125,7258734,0.440539622128585,0.8649027299655753,0.5837468368109652,0.4121768988649731,0.7239450587137409,180,3,177,444,0.7725225225225225,1772,0.9198645598194131,4552,0.8765377855887522,1235,0.8898785425101214
235-25-7(3),test,2,attunet_pixel,42,gaussian,0.61,1.9014764999992622,72897,81774,44791,7216537,0.4713036057179433,0.619408945686901,0.5353008345602679,0.3654681092137851,0.6555171966341284,135,5,130,839,0.6245530393325387,3861,0.691012691012691,6179,0.6640233047418677,1988,0.6921529175050302
7-1-6(3),test,2,attunet_pixel,42,gaussian,0.61,1.914353399999527,165351,122754,87588,7040306,0.5739261727495184,0.6537188808368816,0.6112294009359682,0.4401226533366339,0.7437523277797737,238,14,224,856,0.7324766355140186,2206,0.7384406165004533,6008,0.8227363515312917,9248,0.7966046712802768
W82-447-1-13-7(3),test,2,attunet_pixel,42,gaussian,0.61,1.892695400001685,330258,241902,279349,6564490,0.577212667785235,0.5417555900768856,0.5589223594837223,0.3878502752172907,0.6498761558684195,308,44,264,1420,0.7112676056338029,2003,0.6450324513230155,6047,0.7431784355878949,21760,0.6623161764705883
10-1-1,test,3,attunet_pixel,42,gaussian,0.58,2.3569404000008944,97286,78458,33929,7206326,0.5535665513474144,0.7414243798346226,0.6338696698907672,0.46398916407930446,0.7284358191016466,179,53,126,2076,0.6763005780346821,3234,0.6982065553494124,4360,0.796559633027523,3891,0.8851195065535852
10-1-1(1),test,3,attunet_pixel,42,gaussian,0.58,2.1561156999996456,60753,42919,65621,7246706,0.5860116521336522,0.48073970911738173,0.5281813202576876,0.3588630362743882,0.6813823297766214,164,8,156,298,0.5436241610738255,637,0.5965463108320251,2617,0.684753534581582,4923,0.5870404225066017
10-1-9(1),test,3,attunet_pixel,42,gaussian,0.58,2.1529650000011316,82283,83554,74615,7175547,0.4961679239253001,0.5244362579510256,0.5099106077741801,0.3422013541164141,0.5822003764529678,251,46,205,1750,0.38457142857142856,3811,0.5310942009971136,7543,0.6036059923107517,3280,0.5762195121951219
10-1-9(2),test,3,attunet_pixel,42,gaussian,0.58,2.1740090000021155,63363,50342,28440,7273854,0.5572578162789675,0.6902062024116858,0.6166475271035677,0.4457631291990573,0.7136037101433215,225,32,193,1594,0.5376411543287327,4040,0.5824257425742574,3921,0.7403723539913287,1726,0.9171494785631518
10-2-2,test,3,attunet_pixel,42,gaussian,0.58,2.1561761000011757,170445,141755,81827,7021972,0.5459481101857784,0.6756397856282108,0.6039094941821738,0.43257187959200766,0.7155921557323064,293,46,247,4188,0.5465616045845272,11839,0.6557141650477236,12441,0.7320954907161804,4091,0.8724028354925446
10-2-3,test,3,attunet_pixel,42,gaussian,0.58,2.1792858999979217,25459,53917,5165,7331458,0.3207392662769603,0.8313414315569488,0.4628909090909091,0.30114382370684045,0.5306600010699476,136,10,126,361,0.6814404432132964,815,0.8539877300613496,1314,0.9269406392694064,635,0.9322834645669291
235-10-11(1),test,3,attunet_pixel,42,gaussian,0.58,2.163150599997607,104826,70475,84403,7156295,0.5979771935128722,0.5539637159209212,0.5751296189614024,0.4036364476480917,0.644740457239752,249,12,237,389,0.39331619537275064,1064,0.43890977443609025,5072,0.5548107255520505,6824,0.669841735052755
7-1-6(2),test,3,attunet_pixel,42,gaussian,0.58,2.159799400000338,277752,186011,119799,6832437,0.5989093567188413,0.6986575307319061,0.6449494609399128,0.4759597095081585,0.7545684299077339,306,56,250,3038,0.6764318630678078,5602,0.7481256694037843,9976,0.7758620689655172,13697,0.8612834927356355
W82-447-1-13-3(1),test,3,attunet_pixel,42,gaussian,0.58,2.1497740000013437,127554,130864,110143,7047438,0.4935956473620259,0.5366243579010253,0.5142114227548048,0.34608653655704213,0.5902164031295053,217,12,205,950,0.3863157894736842,2124,0.5268361581920904,8536,0.5747422680412371,6954,0.6423641069887834
W82-447-1-13-7(2),test,3,attunet_pixel,42,gaussian,0.58,2.1864447000007203,39769,29454,68154,7278622,0.5745055834043599,0.3684942042011434,0.44899687263613064,0.2894880511293739,0.539443367174424,150,13,137,847,0.4309327036599764,1233,0.47039740470397406,2512,0.5035828025477707,3529,0.4332672145083593
10-1-2(1),test,4,attunet_pixel,42,gaussian,0.26,3.5827924000041094,81967,81038,71316,7181678,0.5028496058403117,0.5347429264823887,0.5183061007689195,0.34980646207552885,0.6298710006887404,290,41,249,1440,0.525,3817,0.6389834948912758,5053,0.6392242232337225,4310,0.5907192575406033
10-1-9(3),test,4,attunet_pixel,42,gaussian,0.26,3.377634799995576,70734,70406,57050,7217809,0.501161966841434,0.5535434796218619,0.5260519700733293,0.35689994449770424,0.6072147579304545,239,34,205,1020,0.3872549019607843,1911,0.6331763474620618,4844,0.629644921552436,3668,0.7031079607415486
10-9-2,test,4,attunet_pixel,42,gaussian,0.26,3.381105899999966,159791,203158,62343,6990707,0.44025744663850847,0.7193450799967587,0.5462165197074603,0.3757206813201283,0.6779699323879979,259,23,236,2665,0.574108818011257,7886,0.7361146335277707,10217,0.8083586179896252,4621,0.8511144773858472
235-10-12(1),test,4,attunet_pixel,42,gaussian,0.26,3.324159600000712,78207,78949,51028,7207815,0.49763928835042887,0.6051534027159825,0.5461554308620034,0.3756628751489067,0.6881026853991027,156,17,139,1480,0.5621621621621622,4294,0.6425244527247321,5275,0.6492890995260664,2838,0.7131782945736435
235-25-6(2),test,4,attunet_pixel,42,gaussian,0.26,3.479007600006298,65067,122876,16125,7211931,0.34620603055181626,0.8013966893289979,0.48352685455254796,0.3188495991532234,0.6007284790119213,83,11,72,834,0.7721822541966427,2090,0.8952153110047847,3378,0.7791592658377738,1950,0.8056410256410257
235-25-9(1),test,4,attunet_pixel,42,gaussian,0.26,3.3453390000067884,53753,57649,38299,7266298,0.4825137789267697,0.5839416851344892,0.5284044550610949,0.3590690776948718,0.6587613515020434,188,9,179,866,0.5150115473441108,2779,0.5566750629722922,3678,0.6049483414899401,2422,0.7023121387283237
235-25-9(2),test,4,attunet_pixel,42,gaussian,0.26,3.405770700002904,55510,65766,26217,7268506,0.45771628351858573,0.6792125001529482,0.5468884696285277,0.3763568440536161,0.7222854817121048,95,3,92,492,0.7601626016260162,1469,0.7583390061266168,4580,0.6866812227074236,1727,0.8054429646786335
7-1-3(1),test,4,attunet_pixel,42,gaussian,0.26,3.3335502999980235,226624,336030,93752,6759593,0.40277683976298045,0.7073688416111069,0.5132872042852451,0.34524973872877457,0.6373768630294184,253,29,224,3393,0.6990863542587681,7835,0.7290363752393108,13221,0.7370849406247636,8351,0.804334810202371
7-1-3(2),test,4,attunet_pixel,42,gaussian,0.26,3.495428499998525,125811,175159,65832,7049197,0.4180184071502143,0.6564862791753416,0.5107904176300666,0.3429943130081079,0.6900799967427256,223,73,150,2911,0.7619374785297148,5411,0.7734245056366661,9919,0.7174110293376348,3817,0.7036940005239717
W82-447-1-13-7(1),test,4,attunet_pixel,42,gaussian,0.26,3.3395528999972157,127088,128691,139489,7020731,0.4968664354775021,0.4767403039271955,0.4865953487659757,0.32152362447756966,0.5965358381086591,226,25,201,1737,0.538860103626943,2951,0.5394781430023721,7860,0.5248091603053435,8841,0.5204162425065038
10-1-2(3),test,0,attunet_pixel,3407,gaussian,0.58,3.4480335999978706,68881,71371,55883,7219864,0.49112312123891283,0.5520903465743323,0.5198252181000392,0.35119178117113214,0.6200001368160362,128,30,98,1492,0.5502680965147453,2799,0.5812790282243658,5280,0.6424242424242425,2954,0.6134055517941774
10-1-3,test,0,attunet_pixel,3407,gaussian,0.58,3.249425199930556,84440,56926,59422,7215211,0.5973147715858127,0.5869513839651889,0.5920877333221143,0.42054306034225153,0.7030195488913191,199,43,156,2092,0.5764818355640535,5220,0.6011494252873564,5998,0.6787262420806935,3667,0.71911644395964
10-2-1,test,0,attunet_pixel,3407,gaussian,0.58,3.298519300064072,135514,113665,29557,7137263,0.5438419770526409,0.8209437151286416,0.6542619191309595,0.48617329659606223,0.8077727172136991,118,43,75,2408,0.707641196013289,7091,0.8235791848822451,7549,0.9234335673599152,3642,0.9003294892915981
10-2-4,test,0,attunet_pixel,3407,gaussian,0.58,3.280824999907054,57390,63464,30245,7264900,0.474870504906747,0.6548753351971245,0.5505326420098902,0.37981720593782886,0.6676599059490047,107,24,83,1469,0.4649421375085092,3188,0.6323713927227101,4246,0.7378709373528026,1710,0.7257309941520468
10-9-3,test,0,attunet_pixel,3407,gaussian,0.58,3.2914213999174535,102822,111875,40715,7160587,0.47891679902374046,0.7163449145516487,0.5740493643819403,0.4025730975835121,0.6961855087033245,142,29,113,1410,0.7148936170212766,3531,0.7606910223732654,6602,0.7988488336867616,3372,0.777876631079478
235-10-12(2),test,0,attunet_pixel,3407,gaussian,0.58,3.2609490000177175,65401,51723,49773,7249102,0.5583911068611045,0.5678451733898275,0.5630784595648692,0.3918644433393051,0.6536184793691117,125,29,96,1595,0.4068965517241379,3126,0.6119641714651312,3766,0.6152416356877324,3313,0.6691820102626018
7-1-3(3),test,0,attunet_pixel,3407,gaussian,0.58,3.289249200024642,134195,127862,99289,7054653,0.5120832490641349,0.5747503040893595,0.5416100786816832,0.3713753576904131,0.6425182475883785,176,44,132,3182,0.6458202388434947,5301,0.670816827013771,9469,0.6334354208469744,6207,0.6955050749154181
7-1-6(1),test,0,attunet_pixel,3407,gaussian,0.58,3.2789730000076815,172369,142068,86348,7015214,0.5481829428470568,0.6662453568957587,0.6014753451951832,0.4300784710006612,0.7194094021267369,129,30,99,2372,0.5855817875210793,5067,0.6777185711466351,11526,0.7336456706576436,6906,0.7910512597741095
7-1-6(4),test,0,attunet_pixel,3407,gaussian,0.58,3.3186190999113023,252136,260849,62759,6840255,0.4915075489536731,0.8006986455802728,0.6091124317533942,0.4379307469986661,0.7484466802015105,181,77,104,4860,0.7294238683127572,9104,0.7724077328646749,15244,0.8711624245604828,6799,0.9580820708927783
DN50-235-25-7(1),test,0,attunet_pixel,3407,gaussian,0.58,3.2818650000263005,55822,70737,17181,7272259,0.44107491367662516,0.7646535073901073,0.5594451849550516,0.38835397245025743,0.7204674863256253,69,7,62,763,0.709043250327654,1855,0.8274932614555256,4018,0.7829766052762569,1102,0.8157894736842105
10-1-1(2),test,1,attunet_pixel,3407,gaussian,0.6,2.4582882999966387,26891,40211,19956,7328941,0.4007481148102888,0.574017546481098,0.4719830801498916,0.30888603000298653,0.5364585796874489,206,6,200,352,0.4431818181818182,461,0.6225596529284165,1104,0.6521739130434783,1581,0.6603415559772297
10-1-2(2),test,1,attunet_pixel,3407,gaussian,0.6,2.124066500007757,106601,94071,51561,7163766,0.5312201004624462,0.6739988113453295,0.594152170641578,0.4226290770834903,0.6937066852315754,294,26,268,2023,0.6613939693524469,5624,0.7288406827880513,6998,0.8023721063160903,3526,0.7439024390243902
235-10-11(2),test,1,attunet_pixel,3407,gaussian,0.6,2.126355800006422,95050,69309,95622,7156018,0.5783072420737532,0.4985000419568683,0.5354462004726348,0.36560364026601944,0.64041825552885,189,13,176,590,0.46440677966101696,1249,0.5100080064051241,6899,0.61429192636614,6307,0.5622324401458697
235-10-11(3),test,1,attunet_pixel,3407,gaussian,0.6,2.1798700999934226,149252,128746,111807,7026194,0.5368815602989949,0.5717175044721692,0.5537522006021627,0.3828888803376047,0.6590858443315092,258,41,217,2328,0.5133161512027491,6271,0.6823473130282252,11549,0.7177244783098103,6263,0.592687210601948
235-10-12(3),test,1,attunet_pixel,3407,gaussian,0.6,2.2024573999951826,176324,184170,116429,6939076,0.489117710696988,0.6022961336006805,0.5398386827647123,0.3697116725341407,0.6483809430098143,423,29,394,2709,0.6363971945367294,10485,0.7088221268478779,12984,0.6692082563154652,6362,0.6501100282929896
235-25-9(3),test,1,attunet_pixel,3407,gaussian,0.6,2.160559600000852,83108,53156,42502,7237233,0.6099043034110256,0.6616352201257861,0.6347174595416116,0.4648982468702102,0.753559546669637,149,33,116,1595,0.6112852664576802,5083,0.710603974031084,5716,0.7841147655703289,2460,0.7097560975609756
447-1-1,test,1,attunet_pixel,3407,gaussian,0.6,2.1690291999984765,186401,153061,42951,7033586,0.5491071165550194,0.8127289057867383,0.6554022931925023,0.4874337430997377,0.7437655906407731,229,41,188,3218,0.6308266003729024,7875,0.7561904761904762,8605,0.8819291109819872,5306,0.9376177911797965
447-1-1(1),test,1,attunet_pixel,3407,gaussian,0.6,2.1522887000028277,85013,57756,51239,7221991,0.595458397831462,0.6239394651087691,0.6093663200977704,0.43819327038060285,0.7289174246147684,187,30,157,1713,0.6310566258026854,4973,0.6507138548160064,5755,0.7125977410947003,3507,0.8132306814941546
DN50-235-25-6(2),test,1,attunet_pixel,3407,gaussian,0.6,2.157096000009915,82266,83823,24353,7225557,0.49531275400538266,0.7715885536349056,0.6033266350822125,0.43197403934006157,0.7507898534035843,100,12,88,692,0.6705202312138728,2881,0.7997223186393614,6801,0.8189972062931922,1270,0.8771653543307086
DN50-235-25-6(3),test,1,attunet_pixel,3407,gaussian,0.6,2.193396800008486,66720,89469,16853,7242957,0.42717476902982926,0.7983439627630934,0.5565519139813648,0.38557113301972934,0.6698785496368708,93,4,89,608,0.712171052631579,2049,0.7935578330893118,5304,0.8190045248868778,1173,0.9028132992327366
10-1-1(3),test,2,attunet_pixel,3407,gaussian,0.52,2.3019903999957023,60208,78422,56852,7220517,0.4343071485248503,0.514334529301213,0.47094528530642576,0.30799766730440653,0.4217439197850886,279,26,253,730,0.563013698630137,1829,0.5500273373428103,2789,0.49264969523126567,3671,0.6050122582402615
10-1-2,test,2,attunet_pixel,3407,gaussian,0.52,1.9425171999973827,159428,133720,90372,7032479,0.5438481586093031,0.63822257806245,0.5872680256672831,0.41569670421360033,0.6135700852028455,325,61,264,2699,0.583178955168581,6016,0.6692154255319149,12261,0.7842753445885328,5378,0.7841204908888062
10-9-1,test,2,attunet_pixel,3407,gaussian,0.52,1.9108754999979283,83615,85786,45730,7200868,0.4935921275553273,0.6464494182225831,0.5597731852476686,0.3886701591123548,0.5566496270837503,242,5,237,822,0.6265206812652068,1517,0.7231377719182597,5994,0.7417417417417418,3510,0.7618233618233619
10-9-4,test,2,attunet_pixel,3407,gaussian,0.52,1.8839997000031872,99328,61792,82274,7172605,0.6164846077457795,0.5469543286968205,0.5796418088129738,0.4080955159124711,0.6045895177202779,272,11,261,744,0.5,1943,0.6387030365414308,5467,0.653557709895738,6032,0.7554708222811671
235-25-6(1),test,2,attunet_pixel,3407,gaussian,0.52,1.9853385999958846,64939,60276,26646,7264138,0.5186199736453301,0.7090571600152863,0.5990682656826568,0.4276213115941552,0.5441264719377781,154,14,140,375,0.7893333333333333,1252,0.6693290734824281,3777,0.8088429970876357,2268,0.8518518518518519
235-25-7(1),test,2,attunet_pixel,3407,gaussian,0.52,1.8868277000001399,96978,77034,48021,7193966,0.557306392662575,0.6688184056441768,0.6079915739582648,0.43677291213468267,0.6027700842448486,246,48,198,2543,0.5021627998427055,6369,0.5875333647354373,6373,0.7622783618390083,2937,0.8549540347293156
235-25-7(2),test,2,attunet_pixel,3407,gaussian,0.52,1.9364238000052865,60357,82409,14589,7258644,0.4227687264474735,0.8053398446881754,0.5544664510913501,0.3835721775602936,0.5253554809717517,141,3,138,444,0.7567567567567568,1772,0.9181715575620768,4552,0.8811511423550088,1235,0.7975708502024291
235-25-7(3),test,2,attunet_pixel,3407,gaussian,0.52,1.8913092000002507,71045,83840,46643,7214471,0.4586951609258482,0.603672421997145,0.5212915439166755,0.3525316581318725,0.525290036045838,260,5,255,839,0.601907032181168,3861,0.7088837088837089,6179,0.6787506068943194,1988,0.6514084507042254
7-1-6(3),test,2,attunet_pixel,3407,gaussian,0.52,1.9149564000035753,147358,122606,105581,7040454,0.5458431494569647,0.582583152459684,0.5636150490626368,0.392384401336724,0.6266695422735344,332,14,318,856,0.7242990654205608,2206,0.7221214868540344,6008,0.7811251664447404,9248,0.7627595155709342
W82-447-1-13-7(3),test,2,attunet_pixel,3407,gaussian,0.52,1.8838455000004615,281560,215429,328047,6590963,0.5665316536180881,0.4618713367792693,0.5088758679771118,0.34126995670491955,0.5557322481012703,514,44,470,1420,0.6528169014084507,2003,0.5801298052920619,6047,0.6330411774433603,21760,0.572702205882353
10-1-1,test,3,attunet_pixel,3407,gaussian,0.54,2.5064026000036392,92128,89673,39087,7195111,0.5067518880534211,0.7021148496741988,0.5886472257009226,0.4170801492158922,0.5965633271146039,200,53,147,2076,0.644990366088632,3234,0.6898577612863327,4360,0.7793577981651376,3891,0.856592135697764
10-1-1(1),test,3,attunet_pixel,3407,gaussian,0.54,2.1650349000046845,53040,52310,73334,7237315,0.5034646416706218,0.4197065852153133,0.4577859867773731,0.29683687403460857,0.5176165589079414,210,8,202,298,0.5302013422818792,637,0.5824175824175825,2617,0.6392816201757738,4923,0.5378834044281942
10-1-9(1),test,3,attunet_pixel,3407,gaussian,0.54,2.1534064000006765,72129,63357,84769,7195744,0.5323723484345246,0.45971905314280614,0.4933854109664004,0.3274795123833738,0.5061993547336445,326,46,280,1750,0.344,3811,0.47100498556809234,7543,0.525785496486809,3280,0.5628048780487804
10-1-9(2),test,3,attunet_pixel,3407,gaussian,0.54,2.192993300006492,57493,46009,34310,7278187,0.5554771888465924,0.6262649368757013,0.5887509280356366,0.41718428003366903,0.5945475678944032,259,32,227,1594,0.47741530740276034,4040,0.5316831683168317,3921,0.6975261412904871,1726,0.8812282734646582
10-2-2,test,3,attunet_pixel,3407,gaussian,0.54,2.1681448000017554,157743,144562,94529,7019165,0.5218008302872926,0.6252893702035898,0.5688768196300964,0.39750374211887085,0.6461542710157115,355,46,309,4188,0.5097898758357211,11839,0.6194779964524031,12441,0.6896551724137931,4091,0.8528477144952334
10-2-3,test,3,attunet_pixel,3407,gaussian,0.54,2.201456099995994,24928,58075,5696,7327300,0.30032649422310037,0.8140020898641588,0.4387689545618559,0.28104037249574404,0.3501137832581114,152,10,142,361,0.6592797783933518,815,0.8220858895705522,1314,0.9124809741248098,635,0.9149606299212598
235-10-11(1),test,3,attunet_pixel,3407,gaussian,0.54,2.171815299996524,94821,61548,94408,7165222,0.6063925714176084,0.5010912703655359,0.5487358144433706,0.37810883773232795,0.5701785315393311,284,12,272,389,0.34704370179948585,1064,0.4144736842105263,5072,0.5532334384858044,6824,0.656799531066823
7-1-6(2),test,3,attunet_pixel,3407,gaussian,0.54,2.1564995999942767,245855,185060,151696,6833388,0.5705417541742571,0.6184237997137474,0.5935186235765861,0.4219882563151056,0.6746229664122971,404,56,348,3038,0.6208031599736669,5602,0.6779721528025705,9976,0.7078989574979951,13697,0.7713367890779003
W82-447-1-13-3(1),test,3,attunet_pixel,3407,gaussian,0.54,2.2199794000043767,114829,124372,122868,7053930,0.4800523409183072,0.4830898160262856,0.48156628880808894,0.31714673170031127,0.5183605916885501,337,12,325,950,0.3263157894736842,2124,0.4759887005649718,8536,0.531630740393627,6954,0.5812482024733966
W82-447-1-13-7(2),test,3,attunet_pixel,3407,gaussian,0.54,2.2122434999982943,35071,28403,72852,7279673,0.5525254434886725,0.3249631681847243,0.40923703448718474,0.2572583366342444,0.39213771168521194,200,13,187,847,0.358913813459268,1233,0.39659367396593675,2512,0.43869426751592355,3529,0.3720600736752621
10-1-2(1),test,4,attunet_pixel,3407,gaussian,0.56,2.579581400000052,88358,96576,64925,7166140,0.47778126250446107,0.5764370478135213,0.5224929557059521,0.3536314481367491,0.6488258717561907,178,41,137,1440,0.5875,3817,0.69164265129683,5053,0.7350089056006333,4310,0.5626450116009281
10-1-9(3),test,4,attunet_pixel,3407,gaussian,0.56,2.3209143000000267,77843,86426,49941,7201789,0.4738751681692833,0.6091764227133287,0.5330744762080856,0.36339573315904955,0.6224432625190064,185,34,151,1020,0.47843137254901963,1911,0.6834118262689691,4844,0.7033443435177539,3668,0.7191930207197382
10-9-2,test,4,attunet_pixel,3407,gaussian,0.56,2.1617877999999564,151509,146254,70625,7047611,0.5088241319438614,0.682061278327496,0.5828423707003503,0.4112756115834392,0.7001463575173351,243,23,220,2665,0.6093808630393996,7886,0.7562769464874461,10217,0.8343936576294412,4621,0.8301233499242588
235-10-12(1),test,4,attunet_pixel,3407,gaussian,0.56,2.212914299999966,73239,55402,55996,7231362,0.569328596637153,0.5667118040778427,0.5680171865547783,0.3966648071621614,0.6868293198478339,124,17,107,1480,0.5905405405405405,4294,0.6488122962272939,5275,0.6240758293838863,2838,0.6782945736434108
235-25-6(2),test,4,attunet_pixel,3407,gaussian,0.56,2.1634546000000228,57662,64934,23530,7269873,0.4703416098404516,0.7101931224751207,0.5659018195379512,0.3946046562555603,0.6480634910910353,100,11,89,834,0.7338129496402878,2090,0.8722488038277512,3378,0.7421551213735939,1950,0.7261538461538461
235-25-9(1),test,4,attunet_pixel,3407,gaussian,0.56,2.2439946000000646,54838,40112,37214,7283835,0.5775460768825698,0.5957285012818841,0.5864964011080095,0.4149238824490784,0.6600406123839938,168,9,159,866,0.5531177829099307,2779,0.5671104713925873,3678,0.6150081566068516,2422,0.7068538398018167
235-25-9(2),test,4,attunet_pixel,3407,gaussian,0.56,2.2529864999999063,53874,39913,27853,7294359,0.5744292919061277,0.6591946357996745,0.6138997458892168,0.4428970733311411,0.7425880441280117,101,3,98,492,0.717479674796748,1469,0.7760381211708646,4580,0.6945414847161572,1727,0.7313259988419224
7-1-3(1),test,4,attunet_pixel,3407,gaussian,0.56,2.322411699999975,194364,178713,126012,6916910,0.520975562685451,0.6066746572776988,0.5605686326254267,0.38943755522562107,0.6564969559785642,309,29,280,3393,0.6283524904214559,7835,0.6777281429483089,13221,0.681794115422434,8351,0.7375164650940007
7-1-3(2),test,4,attunet_pixel,3407,gaussian,0.56,2.189538500000026,116697,113298,74946,7111058,0.5073892910715451,0.6089291025500541,0.5535411893614902,0.38268714275876314,0.7182137948711725,205,73,132,2911,0.7801442803160425,5411,0.7680650526704861,9919,0.7097489666297006,3817,0.6683259104008383
W82-447-1-13-7(1),test,4,attunet_pixel,3407,gaussian,0.56,2.3445348000000195,123585,80391,142992,7069031,0.6058801035415932,0.4635996353773956,0.5252755800090532,0.35618558483779483,0.6106275201082624,203,25,178,1737,0.5284974093264249,2951,0.550321924771264,7860,0.5199745547073792,8841,0.5259586019681032
10-1-2(3),test,0,attunet_pixel,2026,gaussian,0.51,2.236488599999575,75375,70327,49389,7220908,0.5173230291965794,0.6041406174858133,0.5573713516671227,0.3863581610632987,0.6377232649477135,320,30,290,1492,0.5864611260053619,2799,0.6402286530903895,5280,0.7077651515151515,2954,0.6929587000677048
10-1-3,test,0,attunet_pixel,2026,gaussian,0.51,1.8967010000051232,91946,65303,51916,7206834,0.5847159600379017,0.6391263850078548,0.6107116644692488,0.439585972796596,0.7426068145987799,247,43,204,2092,0.6677820267686424,5220,0.6695402298850575,5998,0.7365788596198732,3667,0.7941096263976002
10-2-1,test,0,attunet_pixel,2026,gaussian,0.51,1.895230400004948,141036,121954,24035,7128974,0.5362789459675272,0.8543959871812735,0.6589528128000448,0.49137183172197546,0.8211444222951885,164,43,121,2408,0.752906976744186,7091,0.8467070934988012,7549,0.9263478606437939,3642,0.9280615046677649
10-2-4,test,0,attunet_pixel,2026,gaussian,0.51,1.8961462999941432,60181,69828,27454,7258536,0.4628987223961418,0.6867233411308267,0.5530223668008307,0.38219137194134495,0.6730871825255501,162,24,138,1469,0.4982981620149762,3188,0.6530740276035132,4246,0.7795572303344324,1710,0.7771929824561403
10-9-3,test,0,attunet_pixel,2026,gaussian,0.51,1.8956589000008535,105873,116874,37664,7155588,0.47530606472814446,0.7376007579927126,0.5780924091688416,0.4065611667709889,0.7072691697516507,207,29,178,1410,0.7531914893617021,3531,0.7881619937694704,6602,0.80990608906392,3372,0.7921115065243179
235-10-12(2),test,0,attunet_pixel,2026,gaussian,0.51,1.8945970999993733,73590,53372,41584,7247453,0.5796222491769191,0.638946289961276,0.6078402220239865,0.43661670997828483,0.711147373048635,207,29,178,1595,0.5404388714733542,3126,0.7031349968010236,3766,0.67870419543282,3313,0.795653486266224
7-1-3(3),test,0,attunet_pixel,2026,gaussian,0.51,1.9032775000014226,145014,138142,88470,7044373,0.5121346536891325,0.6210875263401346,0.5613734902446578,0.39021489346816424,0.6696342058272065,279,44,235,3182,0.700188560653677,5301,0.7300509337860781,9469,0.6887738937585807,6207,0.7325600128886741
7-1-6(1),test,0,attunet_pixel,2026,gaussian,0.51,1.8878559000004316,180618,146393,78099,7010889,0.552330043943476,0.698129616530804,0.6167299497377622,0.4458492755054183,0.7305031495705109,311,30,281,2372,0.6732715008431703,5067,0.7529109926978488,11526,0.7558563248308173,6906,0.8205907906168549
7-1-6(4),test,0,attunet_pixel,2026,gaussian,0.51,1.904680499996175,270090,303096,44805,6798008,0.4712082988768044,0.8577144762539894,0.6082553280612917,0.4370451996873741,0.7583784439807937,220,77,143,4860,0.8364197530864198,9104,0.8371045694200352,15244,0.9139333508265547,6799,0.9766142079717606
DN50-235-25-7(1),test,0,attunet_pixel,2026,gaussian,0.51,1.8985138999996707,55909,65636,17094,7277360,0.45998601341067097,0.7658452392367437,0.5747579003639205,0.4032703640389789,0.7199399674396257,113,7,106,763,0.7260812581913499,1855,0.8091644204851752,4018,0.786709805873569,1102,0.8139745916515426
10-1-1(2),test,1,attunet_pixel,2026,gaussian,0.54,2.1198810000059893,25831,37230,21016,7331922,0.4096192575442825,0.5513906973765663,0.4700476762383084,0.3072302770079808,0.4224155276589271,468,6,462,352,0.4375,461,0.6789587852494577,1104,0.717391304347826,1581,0.5838077166350412
10-1-2(2),test,1,attunet_pixel,2026,gaussian,0.54,1.9506620000029216,107845,85173,50317,7172664,0.5587302738604689,0.6818641645907361,0.6141864570875335,0.44319559455072227,0.6385600239851517,997,26,971,2023,0.7661888284725655,5624,0.8637980085348507,6998,0.8596741926264647,3526,0.7359614293817357
235-10-11(2),test,1,attunet_pixel,2026,gaussian,0.54,1.8967864000005648,99997,63015,90675,7162312,0.6134333668686968,0.5244451204162122,0.5654595627735493,0.3941747113569083,0.5999192558659245,861,13,848,590,0.47796610169491527,1249,0.49959967974379504,6899,0.6264676040005798,6307,0.6226415094339622
235-10-11(3),test,1,attunet_pixel,2026,gaussian,0.54,1.8909133999986807,152916,117007,108143,7037933,0.5665171178447187,0.5857526459535967,0.5759743268133383,0.4044690609576106,0.651509099551542,888,41,847,2328,0.6400343642611683,6271,0.7778663690001595,11549,0.7571218287297602,6263,0.6265368034488265
235-10-12(3),test,1,attunet_pixel,2026,gaussian,0.54,1.9010082999884617,185917,159787,106836,6963459,0.537792446717423,0.6350643716716823,0.582394742324072,0.4108299818800548,0.6387898693138551,1287,29,1258,2709,0.7205610926541159,10485,0.8127801621363853,12984,0.7284349969192853,6362,0.6386356491669286
235-25-9(3),test,1,attunet_pixel,2026,gaussian,0.54,1.891724899993278,90198,58607,35412,7231782,0.6061489869292026,0.7180797707188918,0.6573838893646484,0.4896290787495182,0.7185730033680234,683,33,650,1595,0.7949843260188088,5083,0.8203816643714342,5716,0.834149755073478,2460,0.7276422764227642
447-1-1,test,1,attunet_pixel,2026,gaussian,0.54,1.90397660000599,178479,112598,50873,7074049,0.6131676497971327,0.7781881125954864,0.6858918315466663,0.5219447287615149,0.70682856962987,882,41,841,3218,0.7231199502796768,7875,0.8153650793650794,8605,0.8976176641487508,5306,0.923671315491896
447-1-1(1),test,1,attunet_pixel,2026,gaussian,0.54,1.8919662999978755,88954,55853,47298,7223894,0.6142935079105292,0.652863811173414,0.6329916494401532,0.46304885349158015,0.6988420108938653,840,30,810,1713,0.8003502626970228,4973,0.7868489845163885,5755,0.7756733275412685,3507,0.7958368976333048
DN50-235-25-6(2),test,1,attunet_pixel,2026,gaussian,0.54,1.9007691000006162,80808,64606,25811,7244774,0.5557099041357778,0.7579136926814171,0.6412493602028306,0.47194042925974594,0.6840947588026953,605,12,593,692,0.7283236994219653,2881,0.830614370010413,6801,0.8420820467578297,1270,0.8220472440944881
DN50-235-25-6(3),test,1,attunet_pixel,2026,gaussian,0.54,1.8909564000059618,66331,69474,17242,7262952,0.4884282611096793,0.7936893494310363,0.6047187958683186,0.4334028109012264,0.62507469059205,510,4,506,608,0.7828947368421053,2049,0.7984382625671059,5304,0.842948717948718,1173,0.8576300085251491
10-1-1(3),test,2,attunet_pixel,2026,gaussian,0.55,2.151506199999858,47899,54347,69161,7244592,0.4684682041351251,0.4091833247907056,0.43682343392337647,0.2794459969546168,0.48474190925205046,130,26,104,730,0.45616438356164385,1829,0.39311098961180974,2789,0.3789888849049839,3671,0.46989921002451646
10-1-2,test,2,attunet_pixel,2026,gaussian,0.55,1.945955199999844,128856,76012,120944,7090187,0.6289708495226194,0.5158366693354683,0.5668135870569294,0.39549187875216385,0.6465621774514893,350,61,289,2699,0.4594294183030752,6016,0.5576795212765957,12261,0.6503547834597504,5378,0.6985868352547415
10-9-1,test,2,attunet_pixel,2026,gaussian,0.55,1.893390499999441,70553,48710,58792,7237944,0.5915749226499417,0.5454636823997835,0.5675843094349338,0.3962427339866895,0.6603698041593021,167,5,162,822,0.4562043795620438,1517,0.5998681608437706,5994,0.6418084751418085,3510,0.6886039886039886
10-9-4,test,2,attunet_pixel,2026,gaussian,0.55,1.9156677999999374,74883,29510,106719,7204887,0.7173182109911584,0.4123467803218026,0.5236664976660431,0.3547074538633522,0.6457707318846332,259,11,248,744,0.41397849462365593,1943,0.47606793618116316,5467,0.5167367843424181,6032,0.6279840848806366
235-25-6(1),test,2,attunet_pixel,2026,gaussian,0.55,1.891784700000244,52944,28643,38641,7295771,0.6489269123757462,0.5780859311022547,0.6114614371838404,0.4403633097115481,0.6910774666562431,127,14,113,375,0.688,1252,0.5503194888178914,3777,0.659253375694996,2268,0.7552910052910053
235-25-7(1),test,2,attunet_pixel,2026,gaussian,0.55,1.9203828999998223,80047,33334,64952,7237666,0.7060001234774785,0.5520520831178146,0.6196067807105813,0.44886252123835746,0.6659896531341615,190,48,142,2543,0.31930790405033427,6369,0.4245564452818339,6373,0.6766044249176212,2937,0.8695948246510045
235-25-7(2),test,2,attunet_pixel,2026,gaussian,0.55,1.895904299999529,55644,44173,19302,7296880,0.5574601520783034,0.7424545672884477,0.6367938293574726,0.46712950914631585,0.742249814042586,119,3,116,444,0.6576576576576577,1772,0.8781038374717833,4552,0.8132688927943761,1235,0.8315789473684211
235-25-7(3),test,2,attunet_pixel,2026,gaussian,0.55,1.9279790999999022,52518,34946,65170,7263365,0.6004527577060276,0.4462477057983822,0.5119911090313524,0.34407799048704746,0.5989646524477311,176,5,171,839,0.533969010727056,3861,0.5216265216265217,6179,0.5034795274316233,1988,0.5764587525150905
7-1-6(3),test,2,attunet_pixel,2026,gaussian,0.55,1.8979490000001533,118940,67563,133999,7095497,0.6377377307603631,0.4702319531586667,0.5413228594444773,0.3711053285158907,0.6825710647436328,246,14,232,856,0.6191588785046729,2206,0.6097008159564823,6008,0.6739347536617842,9248,0.6735510380622838
W82-447-1-13-7(3),test,2,attunet_pixel,2026,gaussian,0.55,1.9225254999992103,233958,193845,375649,6612547,0.5468825604308525,0.38378496309917703,0.4510425000722954,0.29119101078844783,0.5353508114734453,791,44,747,1420,0.573943661971831,2003,0.5057413879181228,6047,0.5829336861253515,21760,0.48442095588235295
10-1-1,test,3,attunet_pixel,2026,gaussian,0.5,3.3856282999986433,96247,88535,34968,7196249,0.5208678334469807,0.7335060778112259,0.6091640110507378,0.4379840728100114,0.7176625149487315,171,53,118,2076,0.6772639691714836,3234,0.6892393320964749,4360,0.7827981651376147,3891,0.8807504497558468
10-1-1(1),test,3,attunet_pixel,2026,gaussian,0.5,3.320843599998625,56599,44840,69775,7244785,0.557960942043987,0.4478690236915821,0.4968899931083828,0.33057460254418447,0.6443093758971663,195,8,187,298,0.5268456375838926,637,0.5855572998430141,2617,0.6557126480703095,4923,0.5561649400771888
10-1-9(1),test,3,attunet_pixel,2026,gaussian,0.5,3.243592599996191,78277,70848,78621,7188253,0.5249086336965633,0.49890374638300045,0.511575927299582,0.343703072721365,0.5681466018024568,308,46,262,1750,0.3605714285714286,3811,0.47625295198110734,7543,0.560387113880419,3280,0.5939024390243902
10-1-9(2),test,3,attunet_pixel,2026,gaussian,0.5,3.357297499998822,60029,46452,31774,7277744,0.5637531578403658,0.6538893064496802,0.6054850618305058,0.4341904451918556,0.6857640561733178,277,32,245,1594,0.5075282308657465,4040,0.5304455445544555,3921,0.6934455496046927,1726,0.9026651216685979
10-2-2,test,3,attunet_pixel,2026,gaussian,0.5,3.2371483000024455,166661,159499,85611,7004228,0.5109792739759628,0.6606401027462422,0.576250968134543,0.40474195608724267,0.6944885598087055,257,46,211,4188,0.5224450811843362,11839,0.6285159219528677,12441,0.706534844465879,4091,0.8648252261060866
10-2-3,test,3,attunet_pixel,2026,gaussian,0.5,3.377444600002491,25505,59120,5119,7326255,0.3013884785819793,0.8328435214211076,0.44260687728310005,0.2841972722410412,0.4629433003205912,151,10,141,361,0.6786703601108033,815,0.8331288343558282,1314,0.9178082191780822,635,0.9291338582677166
235-10-11(1),test,3,attunet_pixel,2026,gaussian,0.5,3.173993700002029,102151,68830,87078,7157940,0.5974406513004369,0.539827404890371,0.5671747036450959,0.3958435861566541,0.6270108092775801,278,12,266,389,0.38817480719794345,1064,0.41729323308270677,5072,0.5370662460567823,6824,0.6592907385697538
7-1-6(2),test,3,attunet_pixel,2026,gaussian,0.5,3.280021900005522,271469,205755,126082,6812693,0.5688502673796791,0.6828532691403115,0.6206601697579378,0.4499690041206287,0.7393999066212898,349,56,293,3038,0.6863067807768268,5602,0.7250981792217065,9976,0.7528067361668003,13697,0.8287946265605607
W82-447-1-13-3(1),test,3,attunet_pixel,2026,gaussian,0.5,3.20455740000034,124128,135097,113569,7043205,0.4788427042144855,0.5222110502025689,0.49958746040626095,0.33296673229719365,0.5736936285769103,265,12,253,950,0.3631578947368421,2124,0.4901129943502825,8536,0.5529522024367385,6954,0.6212251941328731
W82-447-1-13-7(2),test,3,attunet_pixel,2026,gaussian,0.5,3.3365639000039664,36713,28534,71210,7279542,0.562677211212776,0.34017771929987123,0.4240110873707917,0.2690444608924423,0.4831249504457946,221,13,208,847,0.40613931523022434,1233,0.4209245742092457,2512,0.4434713375796178,3529,0.39444601870218193
10-1-2(1),test,4,attunet_pixel,2026,gaussian,0.54,2.1627558000000136,66599,39763,86684,7222953,0.6261540775840996,0.43448392841998135,0.5130004429124382,0.3449903131896025,0.6204437905190194,181,41,140,1440,0.45069444444444445,3817,0.5074665968037726,5053,0.547991292301603,4310,0.5294663573085847
10-1-9(3),test,4,attunet_pixel,2026,gaussian,0.54,1.9167139999990468,66747,48356,61037,7239859,0.5798893165251991,0.5223423902836036,0.5496136063272221,0.378942886340411,0.6211984024092799,194,34,160,1020,0.36470588235294116,1911,0.5871271585557299,4844,0.5514037985136251,3668,0.7390948745910578
10-9-2,test,4,attunet_pixel,2026,gaussian,0.54,1.8956572000024607,152951,144928,69183,7048937,0.5134668774905247,0.688552855483627,0.5882583704638153,0.4166898235175529,0.7080192297904244,241,23,218,2665,0.60187617260788,7886,0.7610956124778088,10217,0.7864343740824117,4621,0.7948495996537546
235-10-12(1),test,4,attunet_pixel,2026,gaussian,0.54,1.911229800000001,69060,48311,60175,7238453,0.588390658680594,0.5343753627113398,0.5600836962604316,0.388969619140955,0.6687832456110512,116,17,99,1480,0.5033783783783784,4294,0.5668374476013042,5275,0.5988625592417062,2838,0.6701902748414377
235-25-6(2),test,4,attunet_pixel,2026,gaussian,0.54,1.8962161000017659,60739,86248,20453,7248559,0.4132270200766054,0.7480909449206818,0.5323802803939013,0.3627508361204013,0.6107724047522964,114,11,103,834,0.7470023980815348,2090,0.8263157894736842,3378,0.7575488454706927,1950,0.7825641025641026
235-25-9(1),test,4,attunet_pixel,2026,gaussian,0.54,1.98144289999982,50748,30944,41304,7293003,0.6212113793272291,0.5512970929474644,0.5841698130582926,0.4125987837002829,0.6616996993492927,164,9,155,866,0.4815242494226328,2779,0.48254767902123064,3678,0.546220772158782,2422,0.7621800165152767
235-25-9(2),test,4,attunet_pixel,2026,gaussian,0.54,1.8971122000002651,51355,43824,30372,7290448,0.539562298406161,0.6283725084733319,0.5805908222445819,0.4090369650580242,0.7043181852895902,121,3,118,492,0.7357723577235772,1469,0.7243022464261403,4580,0.6430131004366813,1727,0.7295888824551245
7-1-3(1),test,4,attunet_pixel,2026,gaussian,0.54,1.9128143999987515,207479,216359,112897,6879264,0.48952429937853614,0.6476109321547182,0.557578868443754,0.38655761222949875,0.663940313644877,242,29,213,3393,0.6993810786914235,7835,0.7346522016592214,13221,0.7036532788745178,8351,0.7284157585917854
7-1-3(2),test,4,attunet_pixel,2026,gaussian,0.54,1.9427974999998696,114113,127340,77530,7097016,0.47260957619081145,0.5954456985123381,0.5269639987439274,0.35774006765250815,0.684140029653422,234,73,161,2911,0.7591892820336654,5411,0.7575309554610977,9919,0.6594414759552374,3817,0.6528687450877653
W82-447-1-13-7(1),test,4,attunet_pixel,2026,gaussian,0.54,1.9154569000020274,120245,76920,146332,7072502,0.6098699059163645,0.45107042242954193,0.5185857653609118,0.35006128146679594,0.6048489540907469,208,25,183,1737,0.5066206102475532,2951,0.5357505930193155,7860,0.5129770992366413,8841,0.5181540549711571
10-1-2(3),test,0,attunet_cl_fixed,42,gaussian,0.47,2.308909200015478,79801,85453,44963,7205782,0.48289905236787006,0.6396155942419287,0.5503175664958727,0.3796124956592474,0.6589911109219684,243,30,213,1492,0.6615281501340483,2799,0.6981064665952126,5280,0.7857954545454545,2954,0.6872037914691943
10-1-3,test,0,attunet_cl_fixed,42,gaussian,0.47,1.8910619999514893,93352,63159,50510,7208978,0.5964564790973158,0.6488996399327133,0.6215738431883026,0.4509300988788577,0.7380617469123864,272,43,229,2092,0.7179732313575525,5220,0.7404214559386973,5998,0.746915638546182,3667,0.7564766839378239
10-2-1,test,0,attunet_cl_fixed,42,gaussian,0.47,1.888878000085242,139228,114081,25843,7136847,0.5496370046070215,0.8434431244737113,0.6655576270376213,0.49875336734109016,0.8188415609313511,201,43,158,2408,0.8064784053156147,7091,0.885629671414469,7549,0.9483375281494237,3642,0.9200988467874794
10-2-4,test,0,attunet_cl_fixed,42,gaussian,0.47,1.8908396000042558,63600,68234,24035,7260130,0.4824248676365733,0.7257374336737605,0.5795807152718607,0.4080349524280004,0.6891434588263611,232,24,208,1469,0.5473110959836623,3188,0.7073400250941029,4246,0.8330193122939237,1710,0.7929824561403509
10-9-3,test,0,attunet_cl_fixed,42,gaussian,0.47,1.8924481999129057,108660,125221,34877,7147241,0.4645952428799261,0.7570173544103611,0.5758071952053161,0.40430424396669123,0.6767786223178088,214,29,185,1410,0.7418439716312056,3531,0.8187482299631832,6602,0.8504998485307482,3372,0.83570581257414
235-10-12(2),test,0,attunet_cl_fixed,42,gaussian,0.47,1.9035804000450298,74385,61991,40789,7238834,0.5454405467237637,0.6458488895063121,0.5914132379248659,0.41986283972567945,0.6977007308389279,218,29,189,1595,0.5780564263322884,3126,0.7581573896353166,3766,0.7118959107806692,3313,0.7558104437066103
7-1-3(3),test,0,attunet_cl_fixed,42,gaussian,0.47,1.898793200030923,145225,128286,88259,7054229,0.5309658478086805,0.6219912285210122,0.5728853341748933,0.4014290847776211,0.6685411935503506,298,44,254,3182,0.7137020741671904,5301,0.7292963591775137,9469,0.7002851409863766,6207,0.7488319639117126
7-1-6(1),test,0,attunet_cl_fixed,42,gaussian,0.47,1.9319025999866426,183486,142357,75231,7014925,0.5631116826201575,0.7092150883011167,0.6277747365539893,0.45748664834918246,0.7276247722714618,243,30,213,2372,0.6467116357504216,5067,0.7489638839550029,11526,0.778066979003991,6906,0.8205907906168549
7-1-6(4),test,0,attunet_cl_fixed,42,gaussian,0.47,1.8934820999857038,259844,267262,55051,6833842,0.49296346465416824,0.8251766461836485,0.6172059178076985,0.4463469476447075,0.741923887447224,238,77,161,4860,0.8065843621399177,9104,0.8291959578207382,15244,0.9038966150616636,6799,0.955434622738638
DN50-235-25-7(1),test,0,attunet_cl_fixed,42,gaussian,0.47,1.9529689999762923,59010,70513,13993,7272483,0.4555947592319511,0.8083229456323713,0.5827399938773293,0.4111736670475766,0.711985531838159,138,7,131,763,0.783748361730013,1855,0.8932614555256064,4018,0.8432055749128919,1102,0.8539019963702359
10-1-1(2),test,1,attunet_cl_fixed,42,gaussian,0.1,2.220041599997785,24042,34545,22805,7334607,0.410364073941318,0.5132025529916536,0.4560578181611245,0.2953852958521722,0.5290908046637184,331,6,325,352,0.6505681818181818,461,0.7006507592190889,1104,0.6277173913043478,1581,0.5762175838077166
10-1-2(2),test,1,attunet_cl_fixed,42,gaussian,0.1,1.8938852999999654,100053,64858,58109,7192979,0.6067090733789741,0.6325982220760992,0.619383235367858,0.4486279257465698,0.7018853140142687,549,26,523,2023,0.6984676223430548,5624,0.7789829302987198,6998,0.7935124321234639,3526,0.7385138967668746
235-10-11(2),test,1,attunet_cl_fixed,42,gaussian,0.1,1.9015001999941887,94325,64724,96347,7160603,0.593056227954907,0.494697700763615,0.5394300027736395,0.3693284154802738,0.6335439017054818,777,13,764,590,0.6033898305084746,1249,0.5316253002401922,6899,0.659805768952022,6307,0.6194704296813065
235-10-11(3),test,1,attunet_cl_fixed,42,gaussian,0.1,1.8955874999955995,143232,103511,117827,7051429,0.5804906319530848,0.5486575831517013,0.5641253874541652,0.39287928244232934,0.6587163489182822,862,41,821,2328,0.6529209621993127,6271,0.7290703237123266,11549,0.7118365226426531,6263,0.6211080951620629
235-10-12(3),test,1,attunet_cl_fixed,42,gaussian,0.1,1.9069944999937434,168102,138652,124651,6984594,0.5480026340324821,0.5742110243105963,0.5608007913168653,0.3896616868140147,0.6604127833352219,946,29,917,2709,0.684016242155777,10485,0.7641392465426801,12984,0.6764479359211337,6362,0.6149009745363093
235-25-9(3),test,1,attunet_cl_fixed,42,gaussian,0.1,1.8990852999995695,78541,43747,47069,7246642,0.6422625278032187,0.6252766499482525,0.6336557777795706,0.4637599863011272,0.7400039980820136,510,33,477,1595,0.7341692789968652,5083,0.7771001377139485,5716,0.7606717984604618,2460,0.6666666666666666
447-1-1,test,1,attunet_cl_fixed,42,gaussian,0.1,1.8922071999986656,177800,116320,51552,7070327,0.604515163878689,0.7752275977536712,0.6793104502246539,0.5143604341688074,0.724883175342709,719,41,678,3218,0.7228091982597887,7875,0.8193015873015873,8605,0.8722835560720511,5306,0.9146249528835281
447-1-1(1),test,1,attunet_cl_fixed,42,gaussian,0.1,1.8932729000080144,82479,46259,53773,7233488,0.6406733054731315,0.6053415729677363,0.6225065096796105,0.45191248746650886,0.7276744948345705,572,30,542,1713,0.7489784004670169,4973,0.7319525437361754,5755,0.7284100781928757,3507,0.8229255774165953
DN50-235-25-6(2),test,1,attunet_cl_fixed,42,gaussian,0.1,1.8916401000024052,79563,68043,27056,7241337,0.539022803951059,0.7462365994803928,0.625925853082899,0.45552552930803497,0.7018516482661213,429,12,417,692,0.726878612716763,2881,0.8261020479000347,6801,0.8173797970886635,1270,0.8850393700787401
DN50-235-25-6(3),test,1,attunet_cl_fixed,42,gaussian,0.1,1.8992547999951057,64876,72346,18697,7260080,0.47278133243940473,0.7762794203869671,0.5876582350143799,0.41608784048127556,0.6357558969429008,386,4,382,608,0.7516447368421053,2049,0.7896534895070766,5304,0.8261689291101055,1173,0.8994032395566922
10-1-1(3),test,2,attunet_cl_fixed,42,gaussian,0.82,2.2878094999978202,66729,78212,50331,7220727,0.4603873300170414,0.570041004613019,0.5093797351918504,0.3417233397517309,0.49764812763629046,444,26,418,730,0.5986301369863014,1829,0.5839256424275561,2789,0.5396199354607386,3671,0.6363388722418959
10-1-2,test,2,attunet_cl_fixed,42,gaussian,0.82,1.9317876999994041,173241,153477,76559,7012722,0.5302462674232825,0.6935188150520416,0.6009907756566144,0.4295831401245298,0.6712314873959812,424,61,363,2699,0.640978140051871,6016,0.7443484042553191,12261,0.8313351276404861,5378,0.8025288211230941
10-9-1,test,2,attunet_cl_fixed,42,gaussian,0.82,1.8972383999971498,87176,76306,42169,7210348,0.5332452502416168,0.6739804399087711,0.5954095763027316,0.4239026311566683,0.6939873055092928,292,5,287,822,0.6155717761557178,1517,0.7244561634805537,5994,0.7622622622622622,3510,0.7846153846153846
10-9-4,test,2,attunet_cl_fixed,42,gaussian,0.82,1.9306562000019767,106781,60333,74821,7174064,0.6389710018310854,0.5879946256098502,0.6124238635451198,0.4413623493913654,0.7114545318623674,398,11,387,744,0.581989247311828,1943,0.6700977869274318,5467,0.6910554234497897,6032,0.7813328912466844
235-25-6(1),test,2,attunet_cl_fixed,42,gaussian,0.82,1.8983818999986397,65378,44112,26207,7280302,0.5971138916796055,0.7138505213735874,0.6502847196319781,0.48179399691960767,0.7400962728762878,186,14,172,375,0.8346666666666667,1252,0.6637380191693291,3777,0.8212867355043686,2268,0.841710758377425
235-25-7(1),test,2,attunet_cl_fixed,42,gaussian,0.82,1.9226167000015266,106293,85259,38706,7185741,0.5549041513531574,0.7330602280015724,0.6316605804172325,0.4616256547003796,0.7142971031795524,294,48,246,2543,0.5580023594180102,6369,0.6665096561469619,6373,0.8008787070453476,2937,0.8944501191692203
235-25-7(2),test,2,attunet_cl_fixed,42,gaussian,0.82,1.8879452000001038,62322,66896,12624,7274157,0.48230122738318193,0.8315587222800417,0.6105091984874904,0.4393762073292819,0.6772507444982999,272,3,269,444,0.795045045045045,1772,0.9085778781038375,4552,0.9013620386643234,1235,0.8404858299595142
235-25-7(3),test,2,attunet_cl_fixed,42,gaussian,0.82,1.934587099996861,76027,85810,41661,7212501,0.4697751441264976,0.646004690367752,0.5439728110186924,0.3736007233486324,0.6383057195050176,315,5,310,839,0.6555423122765197,3861,0.7327117327117327,6179,0.7117656578734423,1988,0.6685110663983903
7-1-6(3),test,2,attunet_cl_fixed,42,gaussian,0.82,1.8950685999989219,164630,139048,88309,7024012,0.5421202721303486,0.6508683911931336,0.5915378078642944,0.41998841798324943,0.691836010668069,450,14,436,856,0.7932242990654206,2206,0.7751586582048957,6008,0.8077563249001332,9248,0.8062283737024222
W82-447-1-13-7(3),test,2,attunet_cl_fixed,42,gaussian,0.82,1.9314616000010574,327883,261408,281724,6544984,0.5564025243894782,0.5378596374385465,0.5469739710967906,0.3764378340212281,0.6119112302444435,549,44,505,1420,0.6676056338028169,2003,0.63554667998003,6047,0.7150653216470977,21760,0.6549632352941176
10-1-1,test,3,attunet_cl_fixed,42,gaussian,0.1,2.4194849000014074,87121,55566,44094,7229218,0.6105741938648931,0.6639561025797356,0.6361472351424963,0.4664339520615052,0.7316955723657675,340,53,287,2076,0.7870905587668593,3234,0.7365491651205937,4360,0.7958715596330275,3891,0.8740683628887176
10-1-1(1),test,3,attunet_cl_fixed,42,gaussian,0.1,2.181335899997066,55604,42185,70770,7247440,0.5686120115759441,0.4399955687087534,0.49610328198676856,0.32987855884289774,0.6339748134635114,409,8,401,298,0.6208053691275168,637,0.6671899529042387,2617,0.6687046236148262,4923,0.5569774527726996
10-1-9(1),test,3,attunet_cl_fixed,42,gaussian,0.1,2.148925900000904,84630,80636,72268,7178465,0.5120835501555069,0.5393950209690372,0.5253845867322233,0.3562858369749173,0.5866276295698105,522,46,476,1750,0.4828571428571429,3811,0.5617948045132511,7543,0.6101020813999735,3280,0.6814024390243902
10-1-9(2),test,3,attunet_cl_fixed,42,gaussian,0.1,2.156650199998694,62026,42857,29777,7281339,0.5913827789060191,0.6756424082001677,0.6307108792694955,0.46061191148076636,0.7032337330512506,435,32,403,1594,0.6461731493099122,4040,0.6693069306930693,3921,0.7589900535577658,1726,0.9113557358053302
10-2-2,test,3,attunet_cl_fixed,42,gaussian,0.1,2.1628263000020524,164341,113592,87931,7050135,0.5912971831340647,0.6514436798376355,0.6199149385614998,0.4491860363413728,0.7275240183759062,550,46,504,4188,0.6329990448901623,11839,0.7313962327899316,12441,0.7542802025560646,4091,0.8320703984355903
10-2-3,test,3,attunet_cl_fixed,42,gaussian,0.1,2.1997558000002755,23455,44405,7169,7340970,0.3456380783966991,0.7659025600835946,0.47632102676576904,0.3126124565168135,0.4865953440857793,308,10,298,361,0.7617728531855956,815,0.8404907975460123,1314,0.878234398782344,635,0.9007874015748032
235-10-11(1),test,3,attunet_cl_fixed,42,gaussian,0.1,2.1620489999986603,98100,61733,91129,7165037,0.6137656178636451,0.5184194811577507,0.5620777970675697,0.39089583283525,0.642861017360402,497,12,485,389,0.42159383033419023,1064,0.48026315789473684,5072,0.6011435331230284,6824,0.67936694021102
7-1-6(2),test,3,attunet_cl_fixed,42,gaussian,0.1,2.1847006999996665,248163,150430,149388,6868018,0.6225974866593241,0.6242293441596173,0.6234123475150224,0.45286789140499395,0.7309535221639425,615,56,559,3038,0.738973008558262,5602,0.7684755444484113,9976,0.7733560545308741,13697,0.8015623859239249
W82-447-1-13-3(1),test,3,attunet_cl_fixed,42,gaussian,0.1,2.160491300001013,117383,120057,120314,7058245,0.4943691037735849,0.4938345877314396,0.4941017011935505,0.3281109365653494,0.5664116222902045,479,12,467,950,0.39263157894736844,2124,0.4868173258003766,8536,0.5790768509840675,6954,0.5999424791486914
W82-447-1-13-7(2),test,3,attunet_cl_fixed,42,gaussian,0.1,2.2156123999993724,38642,27327,69281,7280749,0.5857599781715654,0.35805157380725144,0.4444367768499988,0.2857079482439926,0.5282849206772311,337,13,324,847,0.45808736717827625,1233,0.46634225466342255,2512,0.5242834394904459,3529,0.40011334655709835
10-1-2(1),test,4,attunet_cl_fixed,42,gaussian,0.89,3.4580455999966944,93894,97110,59389,7165606,0.4915813281397248,0.6125532511759295,0.5454402867375184,0.37498652118869136,0.659670562764974,170,41,129,1440,0.6493055555555556,3817,0.7571391144878177,5053,0.7668711656441718,4310,0.6051044083526682
10-1-9(3),test,4,attunet_cl_fixed,42,gaussian,0.89,3.470965700005763,77497,79968,50287,7208247,0.49215381195821295,0.6064687284793089,0.5433638680591343,0.37302649312641994,0.6035467858445723,171,34,137,1020,0.5058823529411764,1911,0.7189952904238619,4844,0.7136663914120561,3668,0.7300981461286805
10-9-2,test,4,attunet_cl_fixed,42,gaussian,0.89,3.375748800011934,161043,137535,61091,7056330,0.5393665976729699,0.7249813175830805,0.6185492172256449,0.4477533509977229,0.7074724661636441,195,23,172,2665,0.6690431519699812,7886,0.8132132893735734,10217,0.8664970147792894,4621,0.8593378056697685
235-10-12(1),test,4,attunet_cl_fixed,42,gaussian,0.89,3.4445126999926288,80027,58455,49208,7228309,0.5778873788651233,0.6192362750029017,0.597847727264238,0.42637860301561087,0.7155218811823192,117,17,100,1480,0.6952702702702702,4294,0.7140195621797858,5275,0.6981990521327014,2838,0.7205778717406625
235-25-6(2),test,4,attunet_cl_fixed,42,gaussian,0.89,3.368618599997717,61549,82100,19643,7252707,0.42846800186565864,0.758067297270667,0.5474891145298233,0.3769259975993925,0.6033168207927945,86,11,75,834,0.7733812949640287,2090,0.9138755980861244,3378,0.7714624037892244,1950,0.7507692307692307
235-25-9(1),test,4,attunet_cl_fixed,42,gaussian,0.89,3.4739291000005323,59886,53445,32166,7270502,0.5284167615215607,0.6505670707860775,0.5831641372460232,0.41159611538382235,0.6558402605487322,169,9,160,866,0.5969976905311778,2779,0.6466354803886291,3678,0.6927678085916259,2422,0.7568125516102395
235-25-9(2),test,4,attunet_cl_fixed,42,gaussian,0.89,3.3113086000084877,55775,40029,25952,7294243,0.5821781971525197,0.6824550026307096,0.6283409658031555,0.45808830776306714,0.7366526248822007,106,3,103,492,0.7987804878048781,1469,0.7896528250510552,4580,0.7366812227074235,1727,0.7510133178922987
7-1-3(1),test,4,attunet_cl_fixed,42,gaussian,0.89,3.4808266000036383,216504,207917,103872,6887706,0.5101161346870207,0.6757809573750843,0.5813772074806961,0.4098180365819725,0.6622837702928043,218,29,189,3393,0.7076333628057766,7835,0.7619655392469687,13221,0.7444973905150897,8351,0.8013411567476949
7-1-3(2),test,4,attunet_cl_fixed,42,gaussian,0.89,3.3620573000080185,128653,115534,62990,7108822,0.5268626093936205,0.6713159364025819,0.5903815707959525,0.41882367494962186,0.7302564715245886,205,73,132,2911,0.8107179663345929,5411,0.8318240620957309,9919,0.7752797661054541,3817,0.7215090385119204
W82-447-1-13-7(1),test,4,attunet_cl_fixed,42,gaussian,0.89,3.4096463000023505,130634,85262,135943,7064160,0.605078371067551,0.4900422767155456,0.5415183854847836,0.37128914077177344,0.622450512002249,224,25,199,1737,0.5728267127230858,2951,0.5886140291426635,7860,0.5683206106870229,8841,0.5493722429589413
10-1-2(3),test,0,attunet_cl_fixed,3407,gaussian,0.12,3.472140899975784,69213,57941,55551,7233294,0.5443242052943674,0.5547513705876695,0.5494883255662557,0.37882378697900987,0.6438062720679572,200,30,170,1492,0.5455764075067024,2799,0.6370132190067881,5280,0.6772727272727272,2954,0.5924170616113744
10-1-3,test,0,attunet_cl_fixed,3407,gaussian,0.12,3.278407400008291,84356,49203,59506,7222934,0.6316010152816358,0.5863674910678289,0.6081443005396131,0.4369305674254785,0.7128476807474832,293,43,250,2092,0.5697896749521989,5220,0.6187739463601533,5998,0.7047349116372124,3667,0.7341150804472321
10-2-1,test,0,attunet_cl_fixed,3407,gaussian,0.12,3.2354736999841407,129534,80517,35537,7170411,0.616678806575546,0.7847168794034083,0.690623317214133,0.5274443376712217,0.8218487200545986,207,43,164,2408,0.7113787375415282,7091,0.8310534480327175,7549,0.9107166512120811,3642,0.900878638110928
10-2-4,test,0,attunet_cl_fixed,3407,gaussian,0.12,3.282177499961108,56486,62197,31149,7266167,0.4759401093669692,0.6445598219889314,0.5475625006058609,0.3769955683699076,0.6360302203806733,183,24,159,1469,0.4860449285228046,3188,0.632685069008783,4246,0.7451719265190768,1710,0.7239766081871345
10-9-3,test,0,attunet_cl_fixed,3407,gaussian,0.12,3.245561100076884,97621,83877,45916,7188585,0.5378626761727402,0.6801103548214049,0.6006799267771163,0.42926556852260633,0.697609826340669,226,29,197,1410,0.6631205673758865,3531,0.751345227980742,6602,0.7876401090578613,3372,0.7734282325029656
235-10-12(2),test,0,attunet_cl_fixed,3407,gaussian,0.12,3.3071232000365853,67722,45368,47452,7255457,0.59883278804492,0.5879972910552729,0.5933655767006624,0.42183353888702024,0.6893774126906551,196,29,167,1595,0.4445141065830721,3126,0.6682661548304543,3766,0.6654275092936803,3313,0.729852097796559
7-1-3(3),test,0,attunet_cl_fixed,3407,gaussian,0.12,3.334031300037168,132066,103406,101418,7079109,0.5608564924916762,0.5656319062548183,0.563234077397453,0.39201519783905725,0.664603236138956,268,44,224,3182,0.6750471401634193,5301,0.7108092812676854,9469,0.6557186608934418,6207,0.6917995811180925
7-1-6(1),test,0,attunet_cl_fixed,3407,gaussian,0.12,3.3021685000276193,164647,105336,94070,7051946,0.6098421011693329,0.6363980720246447,0.6228371477208247,0.45226107187689707,0.7225890051842798,230,30,200,2372,0.5636593591905565,5067,0.7073218867179791,11526,0.7209786569495055,6906,0.7696206197509412
7-1-6(4),test,0,attunet_cl_fixed,3407,gaussian,0.12,3.2603634000988677,247610,247482,67285,6853622,0.5001292689035574,0.7863256005970244,0.6113925285220627,0.4402918327029733,0.7165271579819688,336,77,259,4860,0.7823045267489712,9104,0.8150263620386643,15244,0.8760167934925216,6799,0.9233710839829387
DN50-235-25-7(1),test,0,attunet_cl_fixed,3407,gaussian,0.12,3.3046446999069303,53971,65222,19032,7277774,0.4528034364434153,0.7392983849978768,0.5616245915627797,0.3904575872671369,0.6543084324745381,156,7,149,763,0.6998689384010485,1855,0.786522911051213,4018,0.7608262817322051,1102,0.8348457350272233
10-1-1(2),test,1,attunet_cl_fixed,3407,gaussian,0.64,2.363697900000261,26361,39365,20486,7329787,0.40107415634604265,0.5627041219288321,0.46833610190720687,0.305769498445692,0.5371671904516455,372,6,366,352,0.48295454545454547,461,0.6681127982646421,1104,0.6802536231884058,1581,0.6065781151170145
10-1-2(2),test,1,attunet_cl_fixed,3407,gaussian,0.64,2.160931899998104,105629,86550,52533,7171287,0.5496386181632749,0.6678532137934523,0.60300678481822,0.4316461799993462,0.6797376921487969,552,26,526,2023,0.7335640138408305,5624,0.8072546230440967,6998,0.8262360674478423,3526,0.7393647192285876
235-10-11(2),test,1,attunet_cl_fixed,3407,gaussian,0.64,2.183152500001597,102214,72512,88458,7152815,0.5849959364948548,0.5360724175547538,0.5594666637474753,0.38837467323241537,0.646237249576105,767,13,754,590,0.6237288135593221,1249,0.578062449959968,6899,0.6648789679663719,6307,0.6207388615823688
235-10-11(3),test,1,attunet_cl_fixed,3407,gaussian,0.64,2.168723599999794,157455,138603,103604,7016337,0.5318383559978113,0.6031395201850922,0.5652493102885031,0.3939704049922184,0.6493298794255274,977,41,936,2328,0.6683848797250859,6271,0.780577260405039,11549,0.7642220105636852,6263,0.6532013412102826
235-10-12(3),test,1,attunet_cl_fixed,3407,gaussian,0.64,2.16566509999393,184593,182787,108160,6940459,0.5024579454515761,0.630541787786974,0.559260027903468,0.38817554779829244,0.6453004156159758,1051,29,1022,2709,0.714654854189738,10485,0.7898903195040534,12984,0.7185767097966729,6362,0.6754165356806036
235-25-9(3),test,1,attunet_cl_fixed,3407,gaussian,0.64,2.1872834999958286,85568,55796,40042,7234593,0.6053026230157608,0.6812196481171882,0.6410212230404458,0.47169332877633596,0.7443927886202101,559,33,526,1595,0.7768025078369906,5083,0.8249065512492623,5716,0.8096571028691393,2460,0.7211382113821139
447-1-1,test,1,attunet_cl_fixed,3407,gaussian,0.64,2.1645966000069166,185734,151199,43618,7035448,0.5512490613860916,0.8098207122676061,0.6559735822068393,0.48806598852716193,0.6958317618750516,762,41,721,3218,0.7663144810441268,7875,0.8431746031746031,8605,0.905171411969785,5306,0.9370523935167735
447-1-1(1),test,1,attunet_cl_fixed,3407,gaussian,0.64,2.1897103999945102,89607,58735,46645,7221012,0.6040568416227367,0.6576564013739248,0.6297181247672122,0.45955371383733273,0.727865831469129,642,30,612,1713,0.7612375948628137,4973,0.7647295395133722,5755,0.7881841876629018,3507,0.8294838893641289
DN50-235-25-6(2),test,1,attunet_cl_fixed,3407,gaussian,0.64,2.175682000000961,82380,82780,24239,7226600,0.49878905303947685,0.7726577814460838,0.6062278542492245,0.4349547780083316,0.6915991157853718,527,12,515,692,0.7687861271676301,2881,0.844151336341548,6801,0.8385531539479488,1270,0.8795275590551181
DN50-235-25-6(3),test,1,attunet_cl_fixed,3407,gaussian,0.64,2.1865348999999696,67770,88133,15803,7244293,0.4346933670294991,0.8109078290835557,0.5659857355225576,0.39468626605942714,0.6137570024256757,437,4,433,608,0.787828947368421,2049,0.8243045387994143,5304,0.8476621417797888,1173,0.8994032395566922
10-1-1(3),test,2,attunet_cl_fixed,3407,gaussian,0.39,2.167167099993094,66641,76634,50419,7222305,0.4651265049729541,0.569289253374338,0.5119634317321912,0.3440529907999215,0.5635683557235267,166,26,140,730,0.5739726027397261,1829,0.6161837069436851,2789,0.5790605951954105,3671,0.6199945518932171
10-1-2,test,2,attunet_cl_fixed,3407,gaussian,0.39,1.8834410999988904,169500,137489,80300,7028710,0.5521370472557648,0.6785428342674139,0.6088482351483236,0.43765766649711196,0.6988350096560453,259,61,198,2699,0.5657650981845128,6016,0.6717087765957447,12261,0.797080172905962,5378,0.8034585347712905
10-9-1,test,2,attunet_cl_fixed,3407,gaussian,0.39,1.9200215000018943,87000,69899,42345,7216755,0.5544968419174119,0.6726197379102401,0.6078730034516008,0.43665053903756196,0.7080119351275884,142,5,137,822,0.6265206812652068,1517,0.6954515491100857,5994,0.7439105772439106,3510,0.7789173789173789
10-9-4,test,2,attunet_cl_fixed,3407,gaussian,0.39,1.883663999993587,107395,49402,74207,7184995,0.684930196368553,0.5913756456426691,0.6347240978844501,0.46490536960398954,0.7401522888725107,201,11,190,744,0.5174731182795699,1943,0.5388574369531652,5467,0.6943479056155113,6032,0.7828249336870027
235-25-6(1),test,2,attunet_cl_fixed,3407,gaussian,0.39,1.9285109000047669,65370,42671,26215,7281743,0.6050480835978934,0.7137631708249167,0.6549247092062156,0.48690561315695385,0.7751954933394755,91,14,77,375,0.7653333333333333,1252,0.7140575079872205,3777,0.8016944665078104,2268,0.8315696649029982
235-25-7(1),test,2,attunet_cl_fixed,3407,gaussian,0.39,1.8827283999999054,98702,62112,46297,7208888,0.6137649707115053,0.680708142814778,0.6455055867474567,0.4765657063120742,0.7217128472281179,144,48,96,2543,0.406999606763665,6369,0.5278693672476056,6373,0.7527067315236152,2937,0.9080694586312564
235-25-7(2),test,2,attunet_cl_fixed,3407,gaussian,0.39,1.915018699997745,61286,62323,13660,7278730,0.49580532161897595,0.8177354361807168,0.6173201379970286,0.44646642723411695,0.7602157476493577,97,3,94,444,0.7274774774774775,1772,0.9283295711060948,4552,0.8818101933216169,1235,0.8340080971659919
235-25-7(3),test,2,attunet_cl_fixed,3407,gaussian,0.39,1.8866225999954622,74305,71056,43383,7227255,0.5111756248237147,0.6313727822717694,0.5649517770453414,0.3936813885474505,0.6701661477231633,157,5,152,839,0.5947556615017878,3861,0.6814296814296814,6179,0.6991422560284836,1988,0.7072434607645876
7-1-6(3),test,2,attunet_cl_fixed,3407,gaussian,0.39,1.9029797999974107,162869,107041,90070,7056019,0.6034196584046534,0.6439062382629804,0.6230058774139379,0.4524390243902439,0.7571312403704175,220,14,206,856,0.6810747663551402,2206,0.7357207615593835,6008,0.8362183754993342,9248,0.8072015570934256
W82-447-1-13-7(3),test,2,attunet_cl_fixed,3407,gaussian,0.39,1.8901323000027332,303065,308020,306542,6498372,0.49594573586325963,0.49714816266873574,0.4965462213236427,0.3302703603969805,0.5800499208802226,477,44,433,1420,0.6253521126760564,2003,0.5716425361957065,6047,0.6993550520919464,21760,0.6193474264705883
10-1-1,test,3,attunet_cl_fixed,3407,gaussian,0.7,2.414187700000184,92456,64407,38759,7220377,0.5894060422151814,0.7046145638837024,0.6418817125917287,0.4726257782866958,0.7363588583406201,346,53,293,2076,0.7981695568400771,3234,0.8092145949288806,4360,0.8387614678899082,3891,0.8977126702647135
10-1-1(1),test,3,attunet_cl_fixed,3407,gaussian,0.7,2.1511390000014217,67652,36133,58722,7253492,0.6518475694946283,0.5353316346716888,0.5878718624950577,0.4163020669878836,0.7072450624162847,352,8,344,298,0.5536912751677853,637,0.7158555729984302,2617,0.7569736339319831,4923,0.7089173268332317
10-1-9(1),test,3,attunet_cl_fixed,3407,gaussian,0.7,2.1951830000034533,88752,93605,68146,7165496,0.4866936832696305,0.565666866371783,0.5232170491223416,0.35429515814181867,0.5736239760031616,506,46,460,1750,0.5502857142857143,3811,0.645237470480189,7543,0.6615405011268726,3280,0.6320121951219512
10-1-9(2),test,3,attunet_cl_fixed,3407,gaussian,0.7,2.1974746999985655,67899,51267,23904,7272929,0.5697850057902422,0.7396163524067841,0.6436869871876911,0.4745858670580835,0.7176907782364984,349,32,317,1594,0.7158092848180677,4040,0.7905940594059406,3921,0.8324407039020658,1726,0.9148319814600232
10-2-2,test,3,attunet_cl_fixed,3407,gaussian,0.7,2.157877899997402,172581,112174,79691,7051553,0.6060683745676108,0.6841068370647555,0.6427274606304711,0.4735434056074151,0.7444293076675172,524,46,478,4188,0.6972301814708691,11839,0.7816538558999916,12441,0.7961578651233824,4091,0.8621363969689563
10-2-3,test,3,attunet_cl_fixed,3407,gaussian,0.7,2.207033800004865,23285,46614,7339,7338761,0.3331235067740597,0.7603513584117032,0.46327706097112104,0.30147077863227945,0.48488103937218635,307,10,297,361,0.8365650969529086,815,0.8625766871165644,1314,0.8736681887366818,635,0.8866141732283465
235-10-11(1),test,3,attunet_cl_fixed,3407,gaussian,0.7,2.1666579999946407,110023,72463,79206,7154307,0.6029120042085421,0.5814277938370969,0.5919750346367513,0.42042935970530243,0.6534014058166764,466,12,454,389,0.38817480719794345,1064,0.5667293233082706,5072,0.6926261829652997,6824,0.7330011723329426
7-1-6(2),test,3,attunet_cl_fixed,3407,gaussian,0.7,2.1911846000002697,257513,153240,140038,6865208,0.6269290790328981,0.6477483392067936,0.637168689008096,0.4675330570034732,0.7291163442080373,571,56,515,3038,0.7630019749835418,5602,0.7806140664048554,9976,0.7899959903769046,13697,0.8275534788639848
W82-447-1-13-3(1),test,3,attunet_cl_fixed,3407,gaussian,0.7,2.1785921000046073,134624,124663,103073,7053639,0.5192084446964175,0.5663681072962637,0.5417639199652303,0.3715200353239872,0.6101760190299812,450,12,438,950,0.56,2124,0.6238229755178908,8536,0.6872071227741331,6954,0.6852171412136899
W82-447-1-13-7(2),test,3,attunet_cl_fixed,3407,gaussian,0.7,2.1775250999999116,47803,32944,60120,7275132,0.5920096102641584,0.4429361674527209,0.5067366300948747,0.33934846344424174,0.6077815628549238,306,13,293,847,0.5855962219598583,1233,0.6261151662611517,2512,0.6584394904458599,3529,0.5327288183621423
10-1-2(1),test,4,attunet_cl_fixed,3407,gaussian,0.26,2.3631555000001754,87719,71927,65564,7190789,0.5494594289866329,0.5722682880684746,0.5606319644392178,0.38949869011145155,0.6819219291236025,192,41,151,1440,0.6888888888888889,3817,0.7697144354204873,5053,0.723134771422917,4310,0.5967517401392112
10-1-9(3),test,4,attunet_cl_fixed,3407,gaussian,0.26,2.0369863000005353,78456,67619,49328,7220596,0.5370939585829198,0.6139735804169536,0.5729663805096783,0.40150867693945336,0.6532495220958662,197,34,163,1020,0.5627450980392157,1911,0.7545787545787546,4844,0.7200660611065235,3668,0.7494547437295529
10-9-2,test,4,attunet_cl_fixed,3407,gaussian,0.26,2.0386801999993622,166652,142860,55482,7051005,0.5384346972007548,0.7502318420412903,0.6269284448674494,0.45658832747935585,0.7322763749803751,229,23,206,2665,0.7189493433395873,7886,0.8324879533350241,10217,0.8697269257120486,4621,0.8584721921661977
235-10-12(1),test,4,attunet_cl_fixed,3407,gaussian,0.26,2.0894945000000007,78285,52920,50950,7233844,0.5966617125871727,0.6057569543854219,0.6011749347258486,0.4297713485767615,0.7231362984308746,132,17,115,1480,0.6662162162162162,4294,0.7012109920819748,5275,0.6856872037914692,2838,0.7054263565891473
235-25-6(2),test,4,attunet_cl_fixed,3407,gaussian,0.26,2.0281860999994024,62218,74960,18974,7259847,0.45355669276414584,0.7663070253226919,0.5698401795118377,0.39844510476971157,0.6427848818596121,101,11,90,834,0.790167865707434,2090,0.9076555023923445,3378,0.7756068679692125,1950,0.7625641025641026
235-25-9(1),test,4,attunet_cl_fixed,3407,gaussian,0.26,2.0532688000002963,58828,41183,33224,7282764,0.5882152963174051,0.6390735671142398,0.6125906603562373,0.44153563252899014,0.7009029866184598,195,9,186,866,0.6108545034642032,2779,0.6437567470313063,3678,0.6723762914627515,2422,0.7700247729149463
235-25-9(2),test,4,attunet_cl_fixed,3407,gaussian,0.26,2.0393132000008336,54736,34048,26991,7300224,0.6165074788250136,0.6697419457462038,0.6420230952841752,0.4727790973871734,0.7569615662480819,113,3,110,492,0.7784552845528455,1469,0.7773995915588836,4580,0.7246724890829694,1727,0.7776491024898669
7-1-3(1),test,4,attunet_cl_fixed,3407,gaussian,0.26,2.0521061999997983,222083,200029,98293,6895594,0.5261233985293002,0.6931948710265438,0.5982130350928231,0.4267503194627261,0.6948394637027152,243,29,214,3393,0.7253168287651046,7835,0.7844288449266114,13221,0.7691551319869904,8351,0.8086456711771045
7-1-3(2),test,4,attunet_cl_fixed,3407,gaussian,0.26,2.041389299999537,129864,111697,61779,7112659,0.5376033382872235,0.6776349775363567,0.5995512506809725,0.42811366783147625,0.7478860787193143,221,73,148,2911,0.8402610786671247,5411,0.8521530216226206,9919,0.7632825889706624,3817,0.755567199371234
W82-447-1-13-7(1),test,4,attunet_cl_fixed,3407,gaussian,0.26,2.0898118000004615,126610,69834,139967,7079588,0.6445093767180469,0.47494720099633503,0.5468866422905224,0.3763551132394601,0.6359591749017187,235,25,210,1737,0.5854922279792746,2951,0.5865808200609963,7860,0.5538167938931298,8841,0.5326320551973759
10-1-2(3),test,0,attunet_cl_fixed,2026,gaussian,0.57,2.2013030999951297,74477,81153,50287,7210082,0.4785516931182934,0.5969430284376903,0.5312310534462221,0.3616845622265282,0.6053620468240641,303,30,273,1492,0.6179624664879356,2799,0.6745266166488031,5280,0.7359848484848485,2954,0.6716316858496953
10-1-3,test,0,attunet_cl_fixed,2026,gaussian,0.57,1.9045487999974284,86738,47611,57124,7224526,0.6456170124079822,0.6029250253715366,0.6235411252610429,0.45300381777065174,0.7146502826331411,383,43,340,2092,0.6563097514340345,5220,0.7302681992337164,5998,0.7535845281760587,3667,0.7313880556313063
10-2-1,test,0,attunet_cl_fixed,2026,gaussian,0.57,1.8977855000048294,121669,77406,43402,7173522,0.6111716689689816,0.7370707150256556,0.6682429574950707,0.5017754261228901,0.7814491810549768,310,43,267,2408,0.7711794019933554,7091,0.8656042871245241,7549,0.921711484964896,3642,0.8890719384953323
10-2-4,test,0,attunet_cl_fixed,2026,gaussian,0.57,1.8988240999970003,58849,53405,28786,7274959,0.5242485791152208,0.6715239345010555,0.5888167933202928,0.41725042541123086,0.6519637655016134,315,24,291,1469,0.5323349217154527,3188,0.7107904642409034,4246,0.793452661328309,1710,0.7678362573099415
10-9-3,test,0,attunet_cl_fixed,2026,gaussian,0.57,1.8906668000054196,98333,100993,45204,7171469,0.49332751372124056,0.6850707483087984,0.5735993676774689,0.4021306179200916,0.646426204711538,304,29,275,1410,0.7120567375886525,3531,0.811101670914755,6602,0.8297485610421085,3372,0.8256227758007118
235-10-12(2),test,0,attunet_cl_fixed,2026,gaussian,0.57,1.9009156999964034,71078,56865,44096,7243960,0.5555442658058667,0.6171358119019917,0.5847225821312372,0.41315050657118446,0.6568558640662531,337,29,308,1595,0.568025078369906,3126,0.7699936020473449,3766,0.6797663303239512,3313,0.7066103229701177
7-1-3(3),test,0,attunet_cl_fixed,2026,gaussian,0.57,1.9025422999984585,127370,93147,106114,7089368,0.5775971920532204,0.5455191790443885,0.5611000856826307,0.389950739519519,0.6436098170396312,410,44,366,3182,0.6489629164047769,5301,0.6953405017921147,9469,0.6547681909388531,6207,0.7095215079748671
7-1-6(1),test,0,attunet_cl_fixed,2026,gaussian,0.57,1.9619231999968179,160456,105462,98261,7051820,0.6034040568897179,0.6201989045945956,0.6116862199433892,0.44059651984326387,0.7021868228969551,352,30,322,2372,0.5750421585160203,5067,0.7278468521807776,11526,0.7352941176470589,6906,0.768462206776716
7-1-6(4),test,0,attunet_cl_fixed,2026,gaussian,0.57,1.8938755999988643,224957,185498,89938,6915606,0.5480673886296914,0.7143873354610267,0.6202715930240573,0.44956064533276846,0.7112800216838141,367,77,290,4860,0.7425925925925926,9104,0.7870166959578208,15244,0.8481369719233797,6799,0.894396234740403
DN50-235-25-7(1),test,0,attunet_cl_fixed,2026,gaussian,0.57,1.89700659999653,57172,59759,15831,7283237,0.48893792065406094,0.7831458981137761,0.6020196489306812,0.43063527214112474,0.6991078118289593,199,7,192,763,0.7876802096985583,1855,0.8964959568733154,4018,0.8432055749128919,1102,0.823049001814882
10-1-1(2),test,1,attunet_cl_fixed,2026,gaussian,0.17,2.159871399999247,31007,31584,15840,7337568,0.4953907111246026,0.6618780284756761,0.5666587474186298,0.3953411278703574,0.7350011399209205,83,6,77,352,0.6875,461,0.8004338394793926,1104,0.8179347826086957,1581,0.7944339025932954
10-1-2(2),test,1,attunet_cl_fixed,2026,gaussian,0.17,1.8992931000102544,124793,94538,33369,7163299,0.5689710984767316,0.7890201186125618,0.6611672269419565,0.4938385437277404,0.8014832209892107,127,26,101,2023,0.7864557587740979,5624,0.8830014224751067,6998,0.9169762789368391,3526,0.8369256948383438
235-10-11(2),test,1,attunet_cl_fixed,2026,gaussian,0.17,1.8949501000024611,134881,72582,55791,7152745,0.6501448451049102,0.7073980448099354,0.6775641428158791,0.5123606858775175,0.8036593368044822,201,13,188,590,0.735593220338983,1249,0.6965572457966374,6899,0.8264965937092332,6307,0.8251149516410338
235-10-11(3),test,1,attunet_cl_fixed,2026,gaussian,0.17,1.8925291999912588,194680,163910,66379,6991030,0.5429041523745782,0.7457318077522705,0.6283557304215773,0.4581040028802101,0.7636926424277141,235,41,194,2328,0.7048969072164949,6271,0.8244299154839738,11549,0.8758334054896528,6263,0.815583586140827
235-10-12(3),test,1,attunet_cl_fixed,2026,gaussian,0.17,1.8942909000033978,226014,196649,66739,6926597,0.5347380773807975,0.7720296632314614,0.6318393773692509,0.46181666605367366,0.7678076274795186,240,29,211,2709,0.773717238833518,10485,0.863996185026228,12984,0.8360289587184226,6362,0.8346431939641622
235-25-9(3),test,1,attunet_cl_fixed,2026,gaussian,0.17,1.8975024000101257,101798,78571,23812,7211818,0.5643874501715926,0.8104291059629011,0.665392069390383,0.49856744750980747,0.8226979489251567,120,33,87,1595,0.8307210031347962,5083,0.8616958489081251,5716,0.8920573827851644,2460,0.8621951219512195
447-1-1,test,1,attunet_cl_fixed,2026,gaussian,0.17,1.8949392000067746,198201,156061,31151,7030586,0.5594757552320034,0.8641782064250584,0.6792194841110735,0.514256135625939,0.7914946543367188,157,41,116,3218,0.7834058421379739,7875,0.8337777777777777,8605,0.9319000581057525,5306,0.9587259705993215
447-1-1(1),test,1,attunet_cl_fixed,2026,gaussian,0.17,1.8992328000022098,104833,69300,31419,7210447,0.6020283346637341,0.7694052197398937,0.675503004333328,0.5100072001245427,0.8187415954181264,163,30,133,1713,0.7869235259778167,4973,0.7924793886989745,5755,0.8448305821025196,3507,0.9272882805816938
DN50-235-25-6(2),test,1,attunet_cl_fixed,2026,gaussian,0.17,1.8973493999947095,93200,75951,13419,7233429,0.5509869879575054,0.8741406315947439,0.6759255901657178,0.5104891274579614,0.8477178032700934,100,12,88,692,0.8453757225433526,2881,0.8611593196806664,6801,0.924422878988384,1270,0.9543307086614173
DN50-235-25-6(3),test,1,attunet_cl_fixed,2026,gaussian,0.17,1.8989967000088654,73382,77290,10191,7255136,0.48703143251566317,0.878058703169684,0.6265405878460586,0.4561769953314311,0.7604520394437075,98,4,94,608,0.868421052631579,2049,0.8638360175695461,5304,0.9134615384615384,1173,0.9497016197783461
10-1-1(3),test,2,attunet_cl_fixed,2026,gaussian,0.36,2.2684057999995275,67330,93807,49730,7205132,0.41784320174758127,0.5751751238681019,0.4840454785637516,0.31930079149416457,0.5345182934759577,285,26,259,730,0.6150684931506849,1829,0.5937670858392564,2789,0.5697382574399427,3671,0.6660310542086625
10-1-2,test,2,attunet_cl_fixed,2026,gaussian,0.36,1.9249335000004066,163040,126837,86760,7039362,0.5624454510016317,0.6526821457165732,0.6042132608949428,0.43288365189824685,0.6697394160033273,442,61,381,2699,0.5987402741756206,6016,0.7024601063829787,12261,0.8053176739254547,5378,0.7952770546671625
10-9-1,test,2,attunet_cl_fixed,2026,gaussian,0.36,1.8885025999989011,88284,99864,41061,7186790,0.46922635372153837,0.6825466774904325,0.556131946216137,0.38516812167061504,0.6746916948715956,264,5,259,822,0.7664233576642335,1517,0.7798286090969018,5994,0.7747747747747747,3510,0.7783475783475784
10-9-4,test,2,attunet_cl_fixed,2026,gaussian,0.36,1.9217265000006591,108897,56323,72705,7178074,0.6591030141629343,0.5996464796643208,0.627970543967799,0.4576946516759483,0.7429871125769634,371,11,360,744,0.5631720430107527,1943,0.7184765826042203,5467,0.753978415950247,6032,0.7965848806366048
235-25-6(1),test,2,attunet_cl_fixed,2026,gaussian,0.36,1.89123169999948,68544,56930,23041,7267484,0.5462805043275898,0.7484195010099908,0.6315702182355949,0.4615291384708615,0.7458220166844491,214,14,200,375,0.864,1252,0.6980830670926518,3777,0.8395552025416998,2268,0.9334215167548501
235-25-7(1),test,2,attunet_cl_fixed,2026,gaussian,0.36,1.937253199999759,101087,65605,43912,7205395,0.6064298226669547,0.6971565321140146,0.6486359888479295,0.47998613511614213,0.7374524482972129,303,48,255,2543,0.5399134880062918,6369,0.6310252786936725,6373,0.8110779852502746,2937,0.9189649302008852
235-25-7(2),test,2,attunet_cl_fixed,2026,gaussian,0.36,1.900280699999712,63615,81089,11331,7259964,0.43962157231313576,0.8488111440236971,0.5792396995219667,0.40769699105969814,0.7384623514750508,196,3,193,444,0.8175675675675675,1772,0.9480812641083521,4552,0.8974077328646749,1235,0.9336032388663967
235-25-7(3),test,2,attunet_cl_fixed,2026,gaussian,0.36,1.9234267000010732,76769,74417,40919,7223894,0.5077784980090749,0.6523094962952892,0.5710407105186817,0.3996199994794513,0.6687358103006246,294,5,289,839,0.6424314660309892,3861,0.7624967624967625,6179,0.7192102281922641,1988,0.7686116700201208
7-1-6(3),test,2,attunet_cl_fixed,2026,gaussian,0.36,1.8905598999990616,155409,112549,97530,7050511,0.5799752199971637,0.6144129612278059,0.59669761968297,0.4252095828043602,0.7192200768778619,362,14,348,856,0.735981308411215,2206,0.7674524025385313,6008,0.8135818908122503,9248,0.7987673010380623
W82-447-1-13-7(3),test,2,attunet_cl_fixed,2026,gaussian,0.36,1.921907399999327,301967,244093,307640,6562299,0.5529923451635351,0.4953470022489899,0.5225847930242882,0.35371559095701066,0.5939489988684575,858,44,814,1420,0.7253521126760564,2003,0.6115826260609086,6047,0.6664461716553663,21760,0.6177849264705882
10-1-1,test,3,attunet_cl_fixed,2026,gaussian,0.61,3.3563951999967685,93266,69521,37949,7215263,0.5729327280433941,0.7107876386083908,0.6344582689913674,0.46462019767256496,0.7292314615316624,174,53,121,2076,0.7466281310211946,3234,0.8021026592455164,4360,0.8353211009174312,3891,0.8925726034438448
10-1-1(1),test,3,attunet_cl_fixed,2026,gaussian,0.61,3.312806500005536,70201,45808,56173,7243817,0.6051340844244844,0.5555019228638802,0.5792567960624301,0.4077139306083098,0.6842870226909045,354,8,346,298,0.5570469798657718,637,0.7488226059654631,2617,0.7558272831486434,4923,0.6999796871826123
10-1-9(1),test,3,attunet_cl_fixed,2026,gaussian,0.61,3.26432040000509,95880,113117,61018,7145984,0.45876256596984644,0.6110976558018585,0.5240847784200385,0.35509138381201044,0.5829520870256009,343,46,297,1750,0.524,3811,0.6817108370506428,7543,0.7115206151398648,3280,0.6609756097560976
10-1-9(2),test,3,attunet_cl_fixed,2026,gaussian,0.61,3.327733400001307,71603,61274,20200,7262922,0.5388667715255462,0.7799636177466968,0.6373776037030443,0.46775805640298673,0.7249762855902486,236,32,204,1594,0.7252195734002509,4040,0.8391089108910891,3921,0.8477429227237949,1726,0.9229432213209734
10-2-2,test,3,attunet_cl_fixed,2026,gaussian,0.61,3.257705200012424,170839,116939,81433,7046788,0.5936485763331457,0.6772015919325173,0.6326784556985464,0.4627137327977769,0.7267533974530334,281,46,235,4188,0.6186723973256925,11839,0.7258214376214207,12441,0.7900490314283418,4091,0.8623808359814227
10-2-3,test,3,attunet_cl_fixed,2026,gaussian,0.61,3.24076870000863,24487,46814,6137,7338561,0.3434313684240053,0.7996016196447231,0.4804905567819475,0.3162142617319662,0.4827179493118586,143,10,133,361,0.7423822714681441,815,0.8723926380368098,1314,0.906392694063927,635,0.937007874015748
235-10-11(1),test,3,attunet_cl_fixed,2026,gaussian,0.61,3.178246199997375,112836,82429,76393,7144341,0.5778608557601208,0.5962933799787559,0.5869324358767627,0.4153604900279027,0.6451030906794978,336,12,324,389,0.46786632390745503,1064,0.6409774436090225,5072,0.6675867507886435,6824,0.7291910902696366
7-1-6(2),test,3,attunet_cl_fixed,2026,gaussian,0.61,3.334127599999192,266548,171739,131003,6846709,0.6081585810211118,0.6704749830839314,0.6377982336290047,0.46821128071808743,0.727456087659897,395,56,339,3038,0.6915734035549703,5602,0.7888254194930382,9976,0.7978147554129912,13697,0.8413521209023874
W82-447-1-13-3(1),test,3,attunet_cl_fixed,2026,gaussian,0.61,3.182309499999974,136392,133834,101305,7044468,0.5047330752777305,0.5738061481634181,0.5370577823804001,0.36710799368020436,0.6067384417105507,281,12,269,950,0.5336842105263158,2124,0.60969868173258,8536,0.6624882849109653,6954,0.6968651136036813
W82-447-1-13-7(2),test,3,attunet_cl_fixed,2026,gaussian,0.61,3.321534699993208,47937,34826,59986,7273250,0.579208100238029,0.44417779342679503,0.5027846826720368,0.3358132106004245,0.5972329079857935,166,13,153,847,0.5737898465171193,1233,0.602595296025953,2512,0.6377388535031847,3529,0.520544063474072
10-1-2(1),test,4,attunet_cl_fixed,2026,gaussian,0.41,2.1912601000003633,53209,31773,100074,7230943,0.6261208255865948,0.34712916631328977,0.4466371477136801,0.2875291803562165,0.5611032890058614,204,41,163,1440,0.3972222222222222,3817,0.48362588420225305,5053,0.48011082525232535,4310,0.3786542923433875
10-1-9(3),test,4,attunet_cl_fixed,2026,gaussian,0.41,1.9018912999999884,52702,36464,75082,7251751,0.5910548863916739,0.41243035121767985,0.4858446646692786,0.3208684428425308,0.5450441020352143,269,34,235,1020,0.29901960784313725,1911,0.478806907378336,4844,0.45355078447563996,3668,0.5828789531079608
10-9-2,test,4,attunet_cl_fixed,2026,gaussian,0.41,1.8924589999987802,129772,79106,92362,7114759,0.6212813221114718,0.5842059297541123,0.6021734893692055,0.4307927234099057,0.6744174304669645,546,23,523,2665,0.5039399624765478,7886,0.6403753487192493,10217,0.7489478320446314,4621,0.7864098679939407
235-10-12(1),test,4,attunet_cl_fixed,2026,gaussian,0.41,1.898182099997939,55676,33723,73559,7253041,0.6227810154476001,0.4308120865090726,0.5093077929324807,0.3416585868751457,0.5484207611413039,503,17,486,1480,0.3810810810810811,4294,0.45295761527713085,5275,0.5042654028436019,2838,0.5408738548273432
235-25-6(2),test,4,attunet_cl_fixed,2026,gaussian,0.41,1.8861367999998038,50685,86879,30507,7247928,0.36844668663313074,0.6242610109370381,0.4633930040776024,0.301568979776404,0.347007675299828,2074,11,2063,834,0.6187050359712231,2090,0.7885167464114833,3378,0.6450562462995856,1950,0.6702564102564103
235-25-9(1),test,4,attunet_cl_fixed,2026,gaussian,0.41,1.9070522000001802,39897,20502,52155,7303445,0.6605572939949337,0.4334180680484943,0.523407521105142,0.35446985446985446,0.5585126856033488,238,9,229,866,0.371824480369515,2779,0.41093918675782654,3678,0.43855356171832516,2422,0.5503715937241949
235-25-9(2),test,4,attunet_cl_fixed,2026,gaussian,0.41,1.9255381999973906,40130,21315,41597,7312957,0.6531044023110099,0.4910249978587248,0.5605844718240997,0.3894528444711865,0.6100634761253385,297,3,294,492,0.6341463414634146,1469,0.65214431586113,4580,0.5406113537117904,1727,0.5917776491024899
7-1-3(1),test,4,attunet_cl_fixed,2026,gaussian,0.41,1.9384246000008716,166524,124524,153852,6971099,0.5721530469200956,0.5197767623042925,0.5447087454859476,0.37429534726904923,0.6109470170017561,459,29,430,3393,0.5458296492779251,7835,0.5666879387364391,13221,0.597004765146358,8351,0.6606394443779188
7-1-3(2),test,4,attunet_cl_fixed,2026,gaussian,0.41,1.894425800001045,95133,76144,96510,7148212,0.5554335958710159,0.4964073824767928,0.5242643006723244,0.35525622976470106,0.59810631629747,681,73,608,2911,0.6674682239780144,5411,0.6399926076510811,9919,0.5680008065329166,3817,0.5669373853811894
W82-447-1-13-7(1),test,4,attunet_cl_fixed,2026,gaussian,0.41,1.9143831000001228,92175,77834,174402,7071588,0.5421771788552371,0.34577251600850784,0.42225357661491664,0.2676308247994402,0.40589091125344057,1863,25,1838,1737,0.40184225676453655,2951,0.3859708573364961,7860,0.4044529262086514,8841,0.4041398031896844
10-1-2(3),test,0,attunet_cl_schedule,42,gaussian,0.51,3.4744798000901937,63038,74327,61726,7216908,0.45890874676955556,0.505257926966112,0.48096929374468295,0.31662907916480404,0.5521745800228345,76,30,46,1492,0.4061662198391421,2799,0.4183637013219007,5280,0.5267045454545455,2954,0.6096817874069059
10-1-3,test,0,attunet_cl_schedule,42,gaussian,0.51,3.280302200000733,67052,52470,76810,7219667,0.561001321932364,0.4660855542116751,0.5091577316769431,0.3415235417558014,0.5556594614490556,137,43,94,2092,0.2891969407265774,5220,0.3065134099616858,5998,0.5020006668889629,3667,0.6801199890919007
10-2-1,test,0,attunet_cl_schedule,42,gaussian,0.51,3.233113000052981,115003,116102,50068,7134826,0.497622292897168,0.6966880917908052,0.5805652033439683,0.4090115338243715,0.6815762510504645,60,43,17,2408,0.4053156146179402,7091,0.5401212804964038,7549,0.7691084911908862,3642,0.8951125755079626
10-2-4,test,0,attunet_cl_schedule,42,gaussian,0.51,3.2097281999886036,50267,67253,37368,7261111,0.42773144996596324,0.5735950248188509,0.4900392386244547,0.32453773048912765,0.5610082262495235,50,24,26,1469,0.2756977535738598,3188,0.42659974905897113,4246,0.5927932171455488,1710,0.712280701754386
10-9-3,test,0,attunet_cl_schedule,42,gaussian,0.51,3.234048799960874,90699,123791,52838,7148671,0.4228588745396056,0.6318858552150317,0.5066601122261729,0.33927983600670336,0.5837608619618986,70,29,41,1410,0.43829787234042555,3531,0.550552251486831,6602,0.6828233868524689,3372,0.730723606168446
235-10-12(2),test,0,attunet_cl_schedule,42,gaussian,0.51,3.2327470000600442,59025,56003,56149,7244822,0.5131359321208749,0.5124854567871221,0.5128104881799463,0.3448185211798314,0.5674071507792064,85,29,56,1595,0.26959247648902823,3126,0.45201535508637236,3766,0.46972915560276157,3313,0.6272260790824027
7-1-3(3),test,0,attunet_cl_schedule,42,gaussian,0.51,3.246090800035745,116326,109007,117158,7073508,0.5162404086396577,0.49821829333059225,0.5070692672677778,0.3396468812319156,0.5822963736800983,115,44,71,3182,0.4497171590194846,5301,0.4816072439162422,9469,0.5186397718872109,6207,0.6486225229579508
7-1-6(1),test,0,attunet_cl_schedule,42,gaussian,0.51,3.2262779000448063,158911,146115,99806,7011167,0.5209752611252811,0.6142271284840192,0.5637710800843647,0.39253566911706583,0.6415668369133863,75,30,45,2372,0.46079258010118046,5067,0.5295046378527728,11526,0.6282318237029325,6906,0.7370402548508543
7-1-6(4),test,0,attunet_cl_schedule,42,gaussian,0.51,3.192388200084679,234600,285063,80295,6816041,0.451446418159461,0.7450102415090745,0.5622137706426635,0.39102737191603415,0.6917662722978197,85,77,8,4860,0.6012345679012345,9104,0.6380711775043937,15244,0.8032668590921018,6799,0.9032210619208707
DN50-235-25-7(1),test,0,attunet_cl_schedule,42,gaussian,0.51,3.2487835999345407,53561,74698,19442,7268298,0.41760032434371075,0.7336821774447625,0.5322514930786736,0.3626312618059458,0.6448583529921371,29,7,22,763,0.6212319790301442,1855,0.6991913746630728,4018,0.7302140368342459,1102,0.8638838475499092
10-1-1(2),test,1,attunet_cl_schedule,42,gaussian,0.38,2.505775099998573,26287,38230,20560,7330922,0.40744299951950647,0.5611245117083271,0.47209151970116014,0.3089789249738472,0.5862853447711667,199,6,193,352,0.6846590909090909,461,0.7570498915401301,1104,0.6748188405797102,1581,0.6502213788741303
10-1-2(2),test,1,attunet_cl_schedule,42,gaussian,0.38,2.1532277000078466,106708,74978,51454,7182859,0.5873209823541715,0.674675332886534,0.6279748593488854,0.45769923651025135,0.7188947222126938,338,26,312,2023,0.6678200692041523,5624,0.7387980085348507,6998,0.8105172906544728,3526,0.7918321043675554
235-10-11(2),test,1,attunet_cl_schedule,42,gaussian,0.38,2.155287400004454,103989,93872,86683,7131455,0.5255659275956354,0.5453815977175464,0.5352904386499988,0.36545841767881243,0.6297261057132408,526,13,513,590,0.5694915254237288,1249,0.5228182546036829,6899,0.6869111465429772,6307,0.6675122879340415
235-10-11(3),test,1,attunet_cl_schedule,42,gaussian,0.38,2.1924774999934016,153784,127256,107275,7027684,0.5471961286649587,0.5890775648416642,0.5673650015956495,0.39602899707711525,0.660061359316074,660,41,619,2328,0.5966494845360825,6271,0.7073831924732897,11549,0.7439605160619968,6263,0.6704454734152961
235-10-12(3),test,1,attunet_cl_schedule,42,gaussian,0.38,2.1915022999892244,179984,169896,112769,6953350,0.5144163713273122,0.6147981404118831,0.560145526295724,0.3890292640857324,0.6647975476971341,709,29,680,2709,0.6699889258028793,10485,0.7418216499761564,12984,0.7021719038817006,6362,0.6864193649795661
235-25-9(3),test,1,attunet_cl_schedule,42,gaussian,0.38,2.183316599999671,84242,56298,41368,7234091,0.599416536217447,0.6706631637608471,0.6330415179410107,0.4631022274996152,0.729242010088622,351,33,318,1595,0.6758620689655173,5083,0.7263427109974424,5716,0.8026592022393282,2460,0.7845528455284553
447-1-1,test,1,attunet_cl_schedule,42,gaussian,0.38,2.210698200011393,186695,137706,42657,7048941,0.5755068572538309,0.8140107781924727,0.67428980068731,0.5086253398645446,0.7313478931251336,409,41,368,3218,0.7075823492852703,7875,0.7983492063492064,8605,0.8892504357931436,5306,0.9406332453825857
447-1-1(1),test,1,attunet_cl_schedule,42,gaussian,0.38,2.1492807999893557,87361,50399,48891,7229348,0.634153600464576,0.6411722396735461,0.6376436068493351,0.4680446394608119,0.7542381091388664,323,30,293,1713,0.7291301809690601,4973,0.695958174140358,5755,0.7582971329278888,3507,0.8696891930424865
DN50-235-25-6(2),test,1,attunet_cl_schedule,42,gaussian,0.38,2.1567300999886356,83926,85173,22693,7224207,0.49631281083862117,0.7871580112362712,0.6087814361050058,0.4375886376908317,0.7126619936752402,297,12,285,692,0.7630057803468208,2881,0.8271433530024297,6801,0.8461990883693574,1270,0.9291338582677166
DN50-235-25-6(3),test,1,attunet_cl_schedule,42,gaussian,0.38,2.1977958000061335,67694,81371,15879,7251055,0.4541240398483883,0.8099984444736936,0.5819685519992435,0.4104059559608109,0.6486710075702152,264,4,260,608,0.7648026315789473,2049,0.810639336261591,5304,0.8491704374057315,1173,0.9249786871270247
10-1-1(3),test,2,attunet_cl_schedule,42,gaussian,0.49,2.19126580000011,49747,58874,67313,7240065,0.45798694543412416,0.424970100803007,0.4408612156096437,0.28275944388236496,0.450063125464553,936,26,910,730,0.4397260273972603,1829,0.47074904319300165,2789,0.5227680172104697,3671,0.48978479978207573
10-1-2,test,2,attunet_cl_schedule,42,gaussian,0.49,1.8983780999988085,136749,96390,113051,7069809,0.5865556599281974,0.5474339471577262,0.5663199700169173,0.3950114099194084,0.6278671192264914,1049,61,988,2699,0.520192663949611,6016,0.6416223404255319,12261,0.7630698964195416,5378,0.7259204165117144
10-9-1,test,2,attunet_cl_schedule,42,gaussian,0.49,1.9301346000065678,69112,45855,60233,7240799,0.601146415928049,0.5343229347868105,0.565768361766921,0.3944748858447489,0.6295099282760442,792,5,787,822,0.4927007299270073,1517,0.6407382992748847,5994,0.6870203536870203,3510,0.7481481481481481
10-9-4,test,2,attunet_cl_schedule,42,gaussian,0.49,1.8954910000029486,90677,44980,90925,7189417,0.6684284629617344,0.4993171881366945,0.5716275976410441,0.4001950728654527,0.6667647596007322,889,11,878,744,0.5510752688172043,1943,0.6968605249613999,5467,0.6837387964148528,6032,0.7194960212201591
235-25-6(1),test,2,attunet_cl_schedule,42,gaussian,0.49,1.9871808999960194,55604,30006,35981,7294408,0.6495035626679126,0.6071299885352405,0.6276023589830413,0.45730358332442367,0.6938277383969048,554,14,540,375,0.6773333333333333,1252,0.6365814696485623,3777,0.8059306327773366,2268,0.7936507936507936
235-25-7(1),test,2,attunet_cl_schedule,42,gaussian,0.49,1.8887427000008756,88639,51710,56360,7219290,0.6315613221326836,0.6113076641907875,0.6212694674572802,0.4506097839956484,0.6878343712037162,902,48,854,2543,0.6087298466378294,6369,0.6957136128120585,6373,0.7600815942256394,2937,0.7916241062308478
235-25-7(2),test,2,attunet_cl_schedule,42,gaussian,0.49,1.9831887000036659,47218,42595,27728,7298458,0.5257368087025264,0.6300269527393056,0.5731765791246609,0.40171514620430315,0.63922664659094,559,3,556,444,0.5923423423423423,1772,0.832392776523702,4552,0.81195079086116,1235,0.6437246963562753
235-25-7(3),test,2,attunet_cl_schedule,42,gaussian,0.49,1.8910988999996334,67778,66420,49910,7231891,0.5050596879238141,0.5759125824213174,0.5381640901042535,0.3681426119451626,0.5851993036432357,830,5,825,839,0.6138259833134684,3861,0.7472157472157472,6179,0.6996277714840589,1988,0.5945674044265593
7-1-6(3),test,2,attunet_cl_schedule,42,gaussian,0.49,1.9373635000010836,129221,93598,123718,7069462,0.5799370789744142,0.5108781168582148,0.5432215538151749,0.3728923607003004,0.6340793445419645,1246,14,1232,856,0.6740654205607477,2206,0.6808703535811423,6008,0.7132157123834887,9248,0.7163711072664359
W82-447-1-13-7(3),test,2,attunet_cl_schedule,42,gaussian,0.49,1.886845799999719,239555,174507,370052,6631885,0.5785486231530543,0.3929662881167703,0.4680321471100522,0.30551042322927535,0.5399255401898458,1591,44,1547,1420,0.5154929577464789,2003,0.4852720918622067,6047,0.580949231023648,21760,0.49457720588235293
10-1-1,test,3,attunet_cl_schedule,42,gaussian,0.69,2.3704768999996304,86653,59254,44562,7225530,0.5938919996984381,0.6603894371832488,0.6253779923643739,0.45494542418976314,0.7151051969488181,438,53,385,2076,0.7273603082851637,3234,0.7622139764996908,4360,0.8052752293577982,3891,0.8720123361603701
10-1-1(1),test,3,attunet_cl_schedule,42,gaussian,0.69,2.1806831000030797,57596,37838,68778,7251787,0.6035165664228681,0.45575830471457734,0.519332034913078,0.3507417241127323,0.6277969940811131,673,8,665,298,0.5268456375838926,637,0.6577708006279435,2617,0.6946885747038594,4923,0.5872435506804794
10-1-9(1),test,3,attunet_cl_schedule,42,gaussian,0.69,2.1506367000001774,78890,81713,78008,7177388,0.49121124761056767,0.5028107432854466,0.4969433167139631,0.3306218070415865,0.559751579992853,596,46,550,1750,0.5285714285714286,3811,0.6428758855943322,7543,0.6269388837332627,3280,0.5073170731707317
10-1-9(2),test,3,attunet_cl_schedule,42,gaussian,0.69,2.182834399998683,63021,45744,28782,7278452,0.5794235277892704,0.6864808339596745,0.6284252722268757,0.4581779319069118,0.7019742140969499,493,32,461,1594,0.6900878293601004,4040,0.753960396039604,3921,0.7839836776332568,1726,0.8847045191193511
10-2-2,test,3,attunet_cl_schedule,42,gaussian,0.69,2.163565800001379,159397,99949,92875,7063778,0.6146113685963924,0.6318457855013636,0.6231094293007674,0.4525482580538923,0.7182027677726656,629,46,583,4188,0.6310888252148997,11839,0.7363797618042064,12441,0.7550839964633068,4091,0.835003666585187
10-2-3,test,3,attunet_cl_schedule,42,gaussian,0.69,2.186908700001368,22884,44866,7740,7340509,0.3377712177121771,0.747257053291536,0.4652448817777055,0.30313948867399654,0.44193577876705525,401,10,391,361,0.7922437673130194,815,0.8601226993865031,1314,0.8858447488584474,635,0.8740157480314961
235-10-11(1),test,3,attunet_cl_schedule,42,gaussian,0.69,2.165541399997892,96092,62727,93137,7164043,0.6050409585754853,0.5078079998308928,0.5521767112582172,0.38138405118353996,0.6062472257676504,592,12,580,389,0.37789203084832906,1064,0.5310150375939849,5072,0.5772870662460567,6824,0.652696365767878
7-1-6(2),test,3,attunet_cl_schedule,42,gaussian,0.69,2.190599599998677,239792,144633,157759,6873815,0.6237679651427457,0.60317292624091,0.6132975948110939,0.4422705207088369,0.7037894115654737,760,56,704,3038,0.6705069124423964,5602,0.7433059621563727,9976,0.7507016840417001,13697,0.7889318828940644
W82-447-1-13-3(1),test,3,attunet_cl_schedule,42,gaussian,0.69,2.1897975000028964,118990,117956,118707,7060346,0.5021819317481621,0.5005952956915737,0.5013873584989139,0.33456768254450264,0.5631656755753872,493,12,481,950,0.4568421052631579,2124,0.5447269303201506,8536,0.5809512652296157,6954,0.6156169111302847
W82-447-1-13-7(2),test,3,attunet_cl_schedule,42,gaussian,0.69,2.257379899998341,39146,29711,68777,7278365,0.5685115529285331,0.3627215700082466,0.4428781536372893,0.2844210006248456,0.5317020219375322,350,13,337,847,0.4805194805194805,1233,0.48337388483373883,2512,0.5334394904458599,3529,0.43440068007934257
10-1-2(1),test,4,attunet_cl_schedule,42,gaussian,0.1,3.5811060999985784,63370,69186,89913,7193530,0.4780621020549805,0.41341831775213167,0.44339645744632467,0.2848486755458064,0.5200284745747794,77,41,36,1440,0.3284722222222222,3817,0.361802462667016,5053,0.5032653868988719,4310,0.4962877030162413
10-1-9(3),test,4,attunet_cl_schedule,42,gaussian,0.1,3.3863418999972055,55182,46142,72602,7242073,0.5446093719158344,0.43183810179678206,0.4817116818269113,0.31727286317169373,0.5412529576158207,96,34,62,1020,0.1627450980392157,1911,0.3553113553113553,4844,0.46593724194880265,3668,0.6423118865866958
10-9-2,test,4,attunet_cl_schedule,42,gaussian,0.1,3.351540000003297,100364,68252,121770,7125613,0.5952222802106562,0.4518173714964841,0.5136992962252079,0.34562272285854,0.5628672182979885,194,23,171,2665,0.2570356472795497,7886,0.325893989348212,10217,0.5454634432808065,4621,0.7545985717377192
235-10-12(1),test,4,attunet_cl_schedule,42,gaussian,0.1,3.4395512000046438,61519,41071,67716,7245693,0.5996588361438737,0.4760242968236159,0.530736546964305,0.3612262633142696,0.6161017015048229,68,17,51,1480,0.3918918918918919,4294,0.44014904517931996,5275,0.5783886255924171,2838,0.6479915433403806
235-25-6(2),test,4,attunet_cl_schedule,42,gaussian,0.1,3.288556299987249,54798,66895,26394,7267912,0.45029705899271116,0.6749187112030742,0.5401877911131922,0.37003923369370706,0.6037618562743258,63,11,52,834,0.6103117505995204,2090,0.815311004784689,3378,0.6631142687981054,1950,0.7394871794871795
235-25-9(1),test,4,attunet_cl_schedule,42,gaussian,0.1,3.3826544000039576,44094,35651,47958,7288296,0.5529374882437771,0.47901186286012254,0.5133267752056205,0.3452855453669843,0.5521081339754962,78,9,69,866,0.2840646651270208,2779,0.3512054695933789,3678,0.46900489396411094,2422,0.666804293971924
235-25-9(2),test,4,attunet_cl_schedule,42,gaussian,0.1,3.3015718999959063,43072,31186,38655,7303086,0.5800317810875596,0.5270228932910789,0.5522582299580088,0.38146183344699014,0.6475759118092611,42,3,39,492,0.5691056910569106,1469,0.5452688904016337,4580,0.5775109170305677,1727,0.6919513607411697
7-1-3(1),test,4,attunet_cl_schedule,42,gaussian,0.1,3.3745408999966457,163017,143772,157359,6951851,0.5313652054017582,0.5088302494568882,0.5198536270359475,0.35121771503916854,0.5844807909759295,178,29,149,3393,0.4966106690244621,7835,0.48883216336949586,13221,0.5355116859541639,8351,0.6632738594180337
7-1-3(2),test,4,attunet_cl_schedule,42,gaussian,0.1,3.306706999996095,94387,75822,97256,7148534,0.5545358941066572,0.4925147279055327,0.5216884251019754,0.352894771278485,0.6442046080271584,130,73,57,2911,0.5097904500171763,5411,0.5331731657734246,9919,0.6109486843431797,3817,0.6271941315168981
W82-447-1-13-7(1),test,4,attunet_cl_schedule,42,gaussian,0.1,3.4464999999909196,103603,60592,162974,7088830,0.6309753646578763,0.3886419308492481,0.4810108363589091,0.316665087462443,0.5459535420593561,161,25,136,1737,0.4548071387449626,2951,0.4076584208742799,7860,0.4094147582697201,8841,0.47177921049655014
10-1-2(3),test,0,attunet_cl_schedule,3407,gaussian,0.35,2.4303024999971967,82994,72334,41770,7218901,0.5343144829007005,0.6652079125388733,0.5926195678562758,0.4210798688977057,0.6987423660007248,243,30,213,1492,0.7198391420911529,2799,0.7795641300464452,5280,0.7943181818181818,2954,0.7183480027081923
10-1-3,test,0,attunet_cl_schedule,3407,gaussian,0.35,2.184391599999799,102905,72106,40957,7200031,0.58799161195582,0.715303554795568,0.6454293715679911,0.47648262705586014,0.749924331994419,332,43,289,2092,0.7992351816443595,5220,0.7915708812260537,5998,0.8217739246415472,3667,0.8614671393509681
10-2-1,test,0,attunet_cl_schedule,3407,gaussian,0.35,2.1847462999976415,137910,103533,27161,7147395,0.5711907158211255,0.8354586814158756,0.6785006174449096,0.5134324135158077,0.8082830281351694,300,43,257,2408,0.856312292358804,7091,0.916654914680581,7549,0.9505894820506027,3642,0.9472817133443163
10-2-4,test,0,attunet_cl_schedule,3407,gaussian,0.35,2.212467100001959,65571,64172,22064,7264192,0.5053914276685447,0.7482284475380842,0.6032901213554269,0.4319366037139262,0.7000719407665744,304,24,280,1469,0.6691626957113683,3188,0.7681932245922208,4246,0.8714083843617523,1710,0.8327485380116959
10-9-3,test,0,attunet_cl_schedule,3407,gaussian,0.35,2.2072882000029495,107331,111618,36206,7160844,0.49021004891550085,0.7477584176902122,0.5921939054197956,0.42065019301992906,0.6783878942128907,307,29,278,1410,0.7950354609929078,3531,0.8654772019258,6602,0.8635262041805514,3372,0.8460854092526691
235-10-12(2),test,0,attunet_cl_schedule,3407,gaussian,0.35,2.2199637000012444,83517,60475,31657,7240350,0.5800113895216401,0.7251376178651432,0.6445058379571394,0.4754766608406538,0.7373281895864583,265,29,236,1595,0.7141065830721003,3126,0.8330134357005758,3766,0.7780138077535848,3313,0.8762450950799879
7-1-3(3),test,0,attunet_cl_schedule,3407,gaussian,0.35,2.203729000000749,151699,129398,81785,7053117,0.5396678015062416,0.6497190385636703,0.5896020257257847,0.41803947288650306,0.6878350050278466,340,44,296,3182,0.7771841609050911,5301,0.792491982644784,9469,0.7675572922167071,6207,0.7718704688255196
7-1-6(1),test,0,attunet_cl_schedule,3407,gaussian,0.35,2.207488600000943,179817,119034,78900,7038248,0.6016944898963028,0.6950335694987186,0.6450047348484849,0.4760199178824146,0.7482634279966508,302,30,272,2372,0.7154300168634065,5067,0.8138938227748175,11526,0.7981953843484296,6906,0.8210251954821894
7-1-6(4),test,0,attunet_cl_schedule,3407,gaussian,0.35,2.2085406000005605,256076,243691,58819,6857413,0.512390774100731,0.8132107527906127,0.6286680856600652,0.45843612263823297,0.7342345010712203,302,77,225,4860,0.8751028806584362,9104,0.8737917398945518,15244,0.9136053529257413,6799,0.9248418885130166
DN50-235-25-7(1),test,0,attunet_cl_schedule,3407,gaussian,0.35,2.2092416000014055,57955,56915,15048,7286081,0.5045268564464177,0.7938714847335041,0.6169593289083583,0.44608907156822,0.7392119784100896,223,7,216,763,0.8073394495412844,1855,0.8652291105121294,4018,0.867595818815331,1102,0.8194192377495463
10-1-1(2),test,1,attunet_cl_schedule,3407,gaussian,0.77,2.1938920999964466,26873,37637,19974,7331515,0.4165710742520539,0.5736333169680022,0.4826459046130912,0.31808389754273,0.6193101435948221,159,6,153,352,0.7073863636363636,461,0.7505422993492408,1104,0.677536231884058,1581,0.6325110689437066
10-1-2(2),test,1,attunet_cl_schedule,3407,gaussian,0.77,1.8942361999943387,110652,78955,47510,7178882,0.5835860490382739,0.6996117904427106,0.6363534415085876,0.4666557016156581,0.7550955697022902,236,26,210,2023,0.7034107760751359,5624,0.7665362731152204,6998,0.8320948842526437,3526,0.7960862166761202
235-10-11(2),test,1,attunet_cl_schedule,3407,gaussian,0.77,1.8960392000008142,106357,90507,84315,7134820,0.5402562174902471,0.5578008307459931,0.5488883613393336,0.3782537102699704,0.6676885827247357,405,13,392,590,0.5983050847457627,1249,0.55564451561249,6899,0.6937237280765328,6307,0.6912953860789599
235-10-11(3),test,1,attunet_cl_schedule,3407,gaussian,0.77,1.9484842999954708,161071,124310,99988,7030630,0.5644068806262506,0.6169907951842304,0.5895285850230584,0.41796563812865073,0.7035296844560128,416,41,375,2328,0.6198453608247423,6271,0.726518896507734,11549,0.7618841458134904,6263,0.6860929267124382
235-10-12(3),test,1,attunet_cl_schedule,3407,gaussian,0.77,1.897247699991567,187071,172982,105682,6950264,0.5195651751269952,0.6390062612509522,0.5731289234473947,0.4016683307030822,0.6972053937979532,465,29,436,2709,0.7006275378368402,10485,0.7791130185979971,12984,0.716728280961183,6362,0.7084250235774914
235-25-9(3),test,1,attunet_cl_schedule,3407,gaussian,0.77,1.8980063000053633,87630,52101,37980,7238288,0.6271335637761126,0.6976355385717697,0.6605085531448212,0.49310397217954993,0.7884654633045574,246,33,213,1595,0.7335423197492164,5083,0.7599842612630336,5716,0.821553533939818,2460,0.7800813008130081
447-1-1,test,1,attunet_cl_schedule,3407,gaussian,0.77,1.907236200000625,190661,141708,38691,7044939,0.5736425478910488,0.8313029753392166,0.6788459039273945,0.5138279523527193,0.7620597131910348,275,41,234,3218,0.7200124300807955,7875,0.8123174603174603,8605,0.90575246949448,5306,0.9455333584621184
447-1-1(1),test,1,attunet_cl_schedule,3407,gaussian,0.77,1.8988493000069866,91319,53411,44933,7226336,0.6309610999792717,0.6702213545489241,0.6499989323159491,0.4814803098126677,0.7708037431700311,267,30,237,1713,0.7501459427904261,4973,0.709833098733159,5755,0.7624674196350999,3507,0.8748217850014257
DN50-235-25-6(2),test,1,attunet_cl_schedule,3407,gaussian,0.77,1.9004206000099657,84828,84837,21791,7224543,0.49997347714614093,0.7956180418124349,0.6140637894340606,0.4430678589336453,0.744597716828613,208,12,196,692,0.7384393063583815,2881,0.8208955223880597,6801,0.8367887075430084,1270,0.9519685039370078
DN50-235-25-6(3),test,1,attunet_cl_schedule,3407,gaussian,0.77,1.8960759999899892,68435,82063,15138,7250363,0.4547236508126354,0.8188649444198485,0.5847371096803962,0.41316501243690984,0.6754928643199829,185,4,181,608,0.7713815789473685,2049,0.8096632503660323,5304,0.8565233785822021,1173,0.9156010230179028
10-1-1(3),test,2,attunet_cl_schedule,3407,gaussian,0.63,2.21598339999764,44051,34395,73009,7264544,0.5615455217601917,0.3763112933538356,0.45063578611398114,0.2908520682711036,0.4537329893377397,726,26,700,730,0.3821917808219178,1829,0.3553854565336249,2789,0.36392972391538186,3671,0.45518932171070553
10-1-2,test,2,attunet_cl_schedule,3407,gaussian,0.63,1.9710554999983287,118007,68008,131793,7098191,0.6343950756659409,0.4724059247397918,0.5415462983146518,0.371315385389921,0.6171483009812384,1172,61,1111,2699,0.4646165246387551,6016,0.5621675531914894,12261,0.6404045347035315,5378,0.6550762365191521
10-9-1,test,2,attunet_cl_schedule,3407,gaussian,0.63,1.9000345000022207,62836,40905,66509,7245749,0.6057007354854879,0.4858015385210097,0.5391658014638374,0.3690807635829662,0.6090574315808658,796,5,791,822,0.40389294403892945,1517,0.5715227422544495,5994,0.6187854521187854,3510,0.6774928774928775
10-9-4,test,2,attunet_cl_schedule,3407,gaussian,0.63,1.9249108000003616,65465,27132,116137,7207265,0.7069883473546659,0.3604861179942952,0.47749991794280794,0.313628829035998,0.5749344958090588,1003,11,992,744,0.3978494623655914,1943,0.45136387030365416,5467,0.46113041887689776,6032,0.5644893899204244
235-25-6(1),test,2,attunet_cl_schedule,3407,gaussian,0.63,1.9376182000050903,48927,26105,42658,7298309,0.6520817784411984,0.5342250368510127,0.5872990151065017,0.41572775936783074,0.621281434068394,946,14,932,375,0.608,1252,0.5431309904153354,3777,0.6417791898332009,2268,0.681657848324515
235-25-7(1),test,2,attunet_cl_schedule,3407,gaussian,0.63,1.9145855000024312,70360,30890,74639,7240110,0.6949135802469136,0.48524472582569533,0.5714540972755219,0.40002501577699573,0.6097373415507406,1169,48,1121,2543,0.3429020841525757,6369,0.43350604490500866,6373,0.6198022909147968,2937,0.7688117126319374
235-25-7(2),test,2,attunet_cl_schedule,3407,gaussian,0.63,1.891707499999029,50715,38419,24231,7302634,0.5689748019835305,0.6766872147946521,0.6181740614334471,0.447360296387774,0.6901024747339131,635,3,632,444,0.6644144144144144,1772,0.8419864559819413,4552,0.8016256590509666,1235,0.7668016194331984
235-25-7(3),test,2,attunet_cl_schedule,3407,gaussian,0.63,1.9233921000050032,47360,34142,70328,7264169,0.5810900346003779,0.40241995785466655,0.4755258798132436,0.3119278140025028,0.5404135298503807,966,5,961,839,0.5029797377830751,3861,0.5278425278425278,6179,0.49344554134973295,1988,0.46177062374245476
7-1-6(3),test,2,attunet_cl_schedule,3407,gaussian,0.63,1.8786645000000135,103820,57532,149119,7105528,0.6434379493281769,0.41045469461016293,0.5011936054608959,0.33439516090069604,0.6235534033094348,938,14,924,856,0.5689252336448598,2206,0.5611967361740707,6008,0.6075233022636485,9248,0.5918036332179931
W82-447-1-13-7(3),test,2,attunet_cl_schedule,3407,gaussian,0.63,1.9205996000018786,201666,121852,407941,6684540,0.6233532600968107,0.33081313042665195,0.43223791024782315,0.2757037646676027,0.5145420636458888,2064,44,2020,1420,0.5218309859154929,2003,0.4463305042436346,6047,0.5106664461716554,21760,0.42771139705882355
10-1-1,test,3,attunet_cl_schedule,3407,gaussian,0.62,3.5692183999999543,94185,77782,37030,7207002,0.5476922897997871,0.7177914110429447,0.6213099722279027,0.45065240170911547,0.708830723888218,495,53,442,2076,0.8304431599229287,3234,0.8175633889919605,4360,0.8440366972477065,3891,0.903366743767669
10-1-1(1),test,3,attunet_cl_schedule,3407,gaussian,0.62,3.121879300000728,64856,44419,61518,7245206,0.5935117822008694,0.5132068305189359,0.5504457901370259,0.37973453244570915,0.669118274670691,412,8,404,298,0.5738255033557047,637,0.706436420722135,2617,0.7264042797095911,4923,0.6489945155393053
10-1-9(1),test,3,attunet_cl_schedule,3407,gaussian,0.62,3.266491100002895,91576,101872,65322,7157229,0.47338819734502297,0.5836658211067063,0.5227746285101015,0.3538895544305754,0.588188251798906,580,46,534,1750,0.5874285714285714,3811,0.6688533193387562,7543,0.6855362587829776,3280,0.6192073170731708
10-1-9(2),test,3,attunet_cl_schedule,3407,gaussian,0.62,3.231156199995894,68128,57019,23675,7267177,0.5443838046457367,0.7421108242650022,0.6280525466697395,0.4577817795756004,0.7133102476552707,391,32,359,1594,0.7547051442910916,4040,0.8014851485148515,3921,0.8324407039020658,1726,0.910196987253766
10-2-2,test,3,attunet_cl_schedule,3407,gaussian,0.62,3.2835496999978204,176711,133185,75561,7030542,0.5702267857603841,0.7004780554322318,0.6286768368174638,0.458445429710707,0.7265223442867567,688,46,642,4188,0.7220630372492837,11839,0.7846946532646338,12441,0.8017844224740777,4091,0.8577364947445613
10-2-3,test,3,attunet_cl_schedule,3407,gaussian,0.62,3.2109500000005937,24905,54958,5719,7330417,0.31184653719494637,0.8132510449320794,0.45082226868319347,0.29100745483863427,0.44036471676172845,421,10,411,361,0.8698060941828255,815,0.8871165644171779,1314,0.9398782343987824,635,0.9417322834645669
235-10-11(1),test,3,attunet_cl_schedule,3407,gaussian,0.62,3.348464899994724,110701,81718,78528,7145052,0.5753122092932611,0.5850107541655877,0.5801209491468579,0.40857067987466184,0.6313201750748858,593,12,581,389,0.45758354755784064,1064,0.5620300751879699,5072,0.6660094637223974,6824,0.7118991793669402
7-1-6(2),test,3,attunet_cl_schedule,3407,gaussian,0.62,3.293001300000469,265333,179042,132218,6839406,0.5970925457102673,0.6674187714280684,0.6303000501231699,0.46017381411151365,0.7170961278588629,630,56,574,3038,0.7758393680052666,5602,0.820599785790789,9976,0.807738572574178,13697,0.8413521209023874
W82-447-1-13-3(1),test,3,attunet_cl_schedule,3407,gaussian,0.62,3.39879959999962,134417,142546,103280,7035756,0.48532475457010504,0.5654972507015233,0.5223526211479423,0.35350289157196846,0.5882853378959727,629,12,617,950,0.52,2124,0.6177024482109228,8536,0.6499531396438613,6954,0.6909692263445499
W82-447-1-13-7(2),test,3,attunet_cl_schedule,3407,gaussian,0.62,3.2112309000003734,46783,39490,61140,7268586,0.5422669896723192,0.43348498466499263,0.48181218974644174,0.3173600700073942,0.5714584483487858,495,13,482,847,0.5608028335301063,1233,0.6066504460665044,2512,0.6050955414012739,3529,0.522244261830547
10-1-2(1),test,4,attunet_cl_schedule,3407,gaussian,0.2,2.1776891999998043,94623,66736,58660,7195980,0.5864129053848871,0.6173091601808419,0.6014645215832597,0.4300674032697176,0.7337562115407108,283,41,242,1440,0.7104166666666667,3817,0.8315430966727797,5053,0.7830991490203839,4310,0.6294663573085847
10-1-9(3),test,4,attunet_cl_schedule,3407,gaussian,0.2,1.9165451999997458,82535,75129,45249,7213086,0.523486655165415,0.6458946346960496,0.578283960651327,0.40675067639825935,0.6459915078280871,314,34,280,1020,0.6294117647058823,1911,0.7880690737833596,4844,0.7440132122213047,3668,0.7554525627044711
10-9-2,test,4,attunet_cl_schedule,3407,gaussian,0.2,1.9092540000001463,174164,154128,47970,7039737,0.5305155166741803,0.784049267559221,0.6328334780697132,0.4628795892224035,0.7334581934655011,328,23,305,2665,0.7879924953095685,7886,0.8884098402231804,10217,0.9109327591269453,4621,0.8747024453581476
235-10-12(1),test,4,attunet_cl_schedule,3407,gaussian,0.2,1.9562119000001985,84521,58082,44714,7228682,0.5927014158187416,0.6540101365729099,0.6218483067120859,0.45121905646577726,0.7504623803451684,220,17,203,1480,0.754054054054054,4294,0.7617605961807172,5275,0.7091943127962085,2838,0.7403100775193798
235-25-6(2),test,4,attunet_cl_schedule,3407,gaussian,0.2,1.908350399999108,63461,78169,17731,7256638,0.44807597260467413,0.7816164154103853,0.5696116182423638,0.39822164770552393,0.6487622118410218,159,11,148,834,0.8309352517985612,2090,0.9220095693779904,3378,0.8037300177619894,1950,0.7574358974358975
235-25-9(1),test,4,attunet_cl_schedule,3407,gaussian,0.2,1.9170322999998461,62244,43309,29808,7280638,0.5896942768088069,0.6761830269847477,0.6299840591078161,0.4598370283907477,0.7311483056732626,313,9,304,866,0.7240184757505773,2779,0.7135660309463836,3678,0.7055464926590538,2422,0.7848885218827415
235-25-9(2),test,4,attunet_cl_schedule,3407,gaussian,0.2,1.9128734000005352,58382,39608,23345,7294664,0.5957954893356465,0.714353885496837,0.6497103779831624,0.4811637202785676,0.7714854600602363,210,3,207,492,0.8292682926829268,1469,0.8270932607215793,4580,0.7556768558951965,1727,0.7770700636942676
7-1-3(1),test,4,attunet_cl_schedule,3407,gaussian,0.2,1.9222835000000487,229032,211194,91344,6884429,0.5202600482479454,0.7148850101131171,0.602238752987765,0.43085952931881033,0.6987752766774701,360,29,331,3393,0.76657824933687,7835,0.8265475430759412,13221,0.7947205203842372,8351,0.8243324152796072
7-1-3(2),test,4,attunet_cl_schedule,3407,gaussian,0.2,1.8910595000015746,135766,124582,55877,7099774,0.52147894356784,0.708431823755629,0.6007464750404322,0.429333544153688,0.7502145871668284,365,73,292,2911,0.9020954998282377,5411,0.8907780447237109,9919,0.7962496219376953,3817,0.7511134398742468
W82-447-1-13-7(1),test,4,attunet_cl_schedule,3407,gaussian,0.2,1.8965960999994422,134389,80337,132188,7069085,0.6258627273828041,0.5041282631284769,0.5584382395289453,0.38738419320062034,0.656624581785699,323,25,298,1737,0.6292458261370178,2951,0.6482548288715689,7860,0.6184478371501272,8841,0.5489198054518719
10-1-2(3),test,0,attunet_cl_schedule,2026,gaussian,0.48,2.1499352999962866,72467,79013,52297,7212222,0.4783931872194349,0.580832611971402,0.5246593591173021,0.35561913267935047,0.5991837525422447,248,30,218,1492,0.6099195710455764,2799,0.6423722758127903,5280,0.696590909090909,2954,0.6533513879485443
10-1-3,test,0,attunet_cl_schedule,2026,gaussian,0.48,1.9041041000018595,86991,50059,56871,7222078,0.6347391462969719,0.6046836551695375,0.6193469841089024,0.448589889697351,0.7201260764981231,301,43,258,2092,0.6572657743785851,5220,0.7233716475095785,5998,0.7290763587862621,3667,0.7256613035178621
10-2-1,test,0,attunet_cl_schedule,2026,gaussian,0.48,1.8948753000004217,127296,84256,37775,7166672,0.6017243987293904,0.7711590770032289,0.675986331158745,0.5105584232754575,0.7956669484326291,216,43,173,2408,0.7695182724252492,7091,0.8667324777887463,7549,0.9320439793350113,3642,0.8984074684239429
10-2-4,test,0,attunet_cl_schedule,2026,gaussian,0.48,1.9025179000018397,58278,55504,29357,7272860,0.5121899773250602,0.6650082729503053,0.5786800518327648,0.4071427074382244,0.6512468857277016,215,24,191,1469,0.5194009530292716,3188,0.6875784190715182,4246,0.7830899670277909,1710,0.7309941520467836
10-9-3,test,0,attunet_cl_schedule,2026,gaussian,0.48,1.8992157999964547,100632,107149,42905,7165313,0.4843176228817842,0.7010875244710423,0.5728826874797193,0.40142648572317563,0.6521067730618081,216,29,187,1410,0.7148936170212766,3531,0.8085528178986123,6602,0.8341411693426235,3372,0.8119810201660735
235-10-12(2),test,0,attunet_cl_schedule,2026,gaussian,0.48,1.8886752999969758,67589,55142,47585,7245683,0.5507084599652899,0.5868425165401914,0.5682015930728652,0.3968446886963057,0.6426630839451224,250,29,221,1595,0.5316614420062696,3126,0.72808701215611,3766,0.6322357939458311,3313,0.6797464533655297
7-1-3(3),test,0,attunet_cl_schedule,2026,gaussian,0.48,1.9065098999999464,126738,96496,106746,7086019,0.5677360975478646,0.5428123554504806,0.5549945480581014,0.38407782289835746,0.6427949080913596,288,44,244,3182,0.661847894406034,5301,0.694019996227127,9469,0.6457915302566268,6207,0.6747220879652006
7-1-6(1),test,0,attunet_cl_schedule,2026,gaussian,0.48,1.8939353999958257,163807,111594,94910,7045688,0.594794499656864,0.633151281129574,0.6133738237617905,0.4423498086743305,0.7067978427253793,284,30,254,2372,0.5902192242833052,5067,0.7175843694493783,11526,0.7361617213256985,6906,0.7706342311033884
7-1-6(4),test,0,attunet_cl_schedule,2026,gaussian,0.48,1.9016503000020748,235216,202275,79679,6898829,0.5376476316084217,0.7469664491338383,0.6252535267801368,0.4548136976236054,0.7198074025793312,287,77,210,4860,0.7604938271604939,9104,0.7928383128295254,15244,0.8591577013907111,6799,0.918076187674658
DN50-235-25-7(1),test,0,attunet_cl_schedule,2026,gaussian,0.48,1.8947412999987137,55816,60786,17187,7282210,0.47868818716660094,0.7645713189868909,0.5887608449144274,0.4171942386892794,0.7001575442938157,130,7,123,763,0.7562254259501966,1855,0.8765498652291105,4018,0.7979094076655052,1102,0.7858439201451906
10-1-1(2),test,1,attunet_cl_schedule,2026,gaussian,0.35,2.1689308999921195,29404,38988,17443,7330164,0.4299333255351503,0.6276602557260871,0.5103133487794931,0.3425642220539407,0.5756804102183345,350,6,344,352,0.625,461,0.806941431670282,1104,0.7445652173913043,1581,0.7058823529411765
10-1-2(2),test,1,attunet_cl_schedule,2026,gaussian,0.35,1.8980632000020705,117861,96478,40301,7161359,0.5498812628593023,0.7451916389524664,0.6328090394388203,0.46285344015080115,0.7120824806591526,612,26,586,2023,0.7909045971329708,5624,0.8801564722617354,6998,0.8859674192626464,3526,0.814804310833806
235-10-11(2),test,1,attunet_cl_schedule,2026,gaussian,0.35,1.8997923999995692,120760,77843,69912,7147484,0.6080472097601748,0.6333389275824453,0.6204354248282062,0.44973278960207064,0.7161524434814557,597,13,584,590,0.6372881355932203,1249,0.6108887109687751,6899,0.7627192346716916,6307,0.7769145394006659
235-10-11(3),test,1,attunet_cl_schedule,2026,gaussian,0.35,1.8921594999992521,174574,139554,86485,7015386,0.5557416085162736,0.6687147349832796,0.6070165007206352,0.4357671867862501,0.7068305203123453,508,41,467,2328,0.6894329896907216,6271,0.8357518737043533,11549,0.8352238289029353,6263,0.729203257224972
235-10-12(3),test,1,attunet_cl_schedule,2026,gaussian,0.35,1.8958464000024833,207799,195651,84954,6927595,0.5150551493369686,0.7098099763281674,0.5969494529612771,0.42546539340382145,0.6918964151502761,624,29,595,2709,0.7242524916943521,10485,0.8509298998569385,12984,0.8000616142945163,6362,0.7665828355862936
235-25-9(3),test,1,attunet_cl_schedule,2026,gaussian,0.35,1.9043136999971466,95452,60274,30158,7230115,0.6129483836995749,0.759907650664756,0.6785622885091137,0.5135030449097286,0.77648916676388,298,33,265,1595,0.7667711598746082,5083,0.8701554200275428,5716,0.8812106368089573,2460,0.7695121951219512
447-1-1,test,1,attunet_cl_schedule,2026,gaussian,0.35,1.9053797999949893,191553,146155,37799,7040492,0.5672148720196146,0.8351921936586557,0.6756004655592001,0.5101183200313176,0.7282712242682757,742,41,701,3218,0.7706650093225605,7875,0.8402539682539683,8605,0.9220220801859385,5306,0.9400678477195628
447-1-1(1),test,1,attunet_cl_schedule,2026,gaussian,0.35,1.8982872999913525,98691,58186,37561,7221561,0.6290979557232736,0.7243269823562223,0.6733622398329746,0.5075705366234995,0.7835581563901381,402,30,372,1713,0.8108581436077058,4973,0.847979087070179,5755,0.8224152910512598,3507,0.88366124893071
DN50-235-25-6(2),test,1,attunet_cl_schedule,2026,gaussian,0.35,1.8970134999981383,88551,76436,18068,7232944,0.5367150139101868,0.8305367711195941,0.6520548146948153,0.48373985960503674,0.761280730472462,247,12,235,692,0.796242774566474,2881,0.8833738285317598,6801,0.8998676665196295,1270,0.931496062992126
DN50-235-25-6(3),test,1,attunet_cl_schedule,2026,gaussian,0.35,1.898604999994859,70509,80126,13064,7252300,0.46807846781956386,0.8436815717995046,0.6021058204672769,0.43072346196372613,0.6583754753670258,268,4,264,608,0.8174342105263158,2049,0.8482186432406051,5304,0.876131221719457,1173,0.9181585677749361
10-1-1(3),test,2,attunet_cl_schedule,2026,gaussian,0.33,2.285973499998363,65952,75882,51108,7223057,0.46499428909852364,0.563403382880574,0.5094903705763749,0.34182293124358615,0.537097871832508,362,26,336,730,0.6438356164383562,1829,0.5992345544013122,2789,0.5611330225887415,3671,0.6551348406428766
10-1-2,test,2,attunet_cl_schedule,2026,gaussian,0.33,1.9106901999984984,174104,130565,75696,7035634,0.5714529538614037,0.6969735788630905,0.6280026475781333,0.4577287605326463,0.6922917771037883,466,61,405,2699,0.6532048907002593,6016,0.7481715425531915,12261,0.8500122339124052,5378,0.8203793231684641
10-9-1,test,2,attunet_cl_schedule,2026,gaussian,0.33,1.934355899997172,90143,75267,39202,7211387,0.544967051568829,0.6969190923499169,0.6116469610354363,0.44055578362950365,0.6855833775552611,362,5,357,822,0.6824817518248175,1517,0.7864205669083718,5994,0.8043043043043043,3510,0.7971509971509971
10-9-4,test,2,attunet_cl_schedule,2026,gaussian,0.33,1.9130021999990277,113518,52015,68084,7182382,0.6857726253979569,0.6250922346670191,0.6540279718265228,0.4859149805022751,0.7578574835090283,369,11,358,744,0.6330645161290323,1943,0.7251672671127123,5467,0.7806841046277666,6032,0.8269230769230769
235-25-6(1),test,2,attunet_cl_schedule,2026,gaussian,0.33,1.92341210000086,69578,42138,22007,7282276,0.6228114146585986,0.7597095594256701,0.6844826144485271,0.520314381220882,0.7516076695951044,230,14,216,375,0.856,1252,0.7332268370607029,3777,0.8602065131056394,2268,0.9069664902998237
235-25-7(1),test,2,attunet_cl_schedule,2026,gaussian,0.33,1.9153784000009182,107674,64083,37325,7206917,0.6268973025844653,0.7425844316167698,0.679854525249719,0.5149845515156732,0.7534888192604603,348,48,300,2543,0.619347227683838,6369,0.6968126864499922,6373,0.8451278832574926,2937,0.9312223357167178
235-25-7(2),test,2,attunet_cl_schedule,2026,gaussian,0.33,1.9378220999969926,64684,63114,10262,7277939,0.5061425061425061,0.8630747471512823,0.6380854673874443,0.4685209329277126,0.7041863391260201,226,3,223,444,0.8108108108108109,1772,0.9469525959367946,4552,0.9088312829525483,1235,0.9060728744939271
235-25-7(3),test,2,attunet_cl_schedule,2026,gaussian,0.33,1.9136598999975831,80266,68696,37422,7229615,0.5388354076878668,0.6820236557677928,0.6020326270391899,0.43064855352390763,0.673808287297461,321,5,316,839,0.6960667461263409,3861,0.7814037814037814,6179,0.7468846091600583,1988,0.7791750503018109
7-1-6(3),test,2,attunet_cl_schedule,2026,gaussian,0.33,1.9719382000002952,159471,106427,93468,7056633,0.5997450150057541,0.6304721691791302,0.6147248557832229,0.4437565045107217,0.7100505348595262,455,14,441,856,0.7663551401869159,2206,0.7901178603807797,6008,0.8273968042609854,9248,0.8056877162629758
W82-447-1-13-7(3),test,2,attunet_cl_schedule,2026,gaussian,0.33,1.9066808000025048,308417,221260,301190,6585132,0.5822737253080651,0.5059275894141636,0.5414225074696037,0.3711990005620635,0.6177842382477595,681,44,637,1420,0.7140845070422536,2003,0.6630054917623565,6047,0.7129154952869191,21760,0.6339613970588235
10-1-1,test,3,attunet_cl_schedule,2026,gaussian,0.32,3.4386710000107996,100117,76110,31098,7208674,0.5681138531553054,0.7629996570514042,0.6512903246791265,0.48289883033884,0.7461492301168549,327,53,274,2076,0.8482658959537572,3234,0.8361162646876933,4360,0.8511467889908257,3891,0.9018247237214084
10-1-1(1),test,3,attunet_cl_schedule,2026,gaussian,0.32,3.3483051999937743,66825,42164,59549,7247461,0.6131352705318885,0.5287875670628452,0.5678462630065049,0.39649811911853705,0.6752136741427746,389,8,381,298,0.5671140939597316,637,0.728414442700157,2617,0.7095911348872755,4923,0.6412756449319521
10-1-9(1),test,3,attunet_cl_schedule,2026,gaussian,0.32,3.16446050000377,94963,88841,61935,7170260,0.5166536092794498,0.605253094367041,0.5574549019377638,0.38643845706216756,0.6246190135864292,497,46,451,1750,0.588,3811,0.6754132773550249,7543,0.6806310486543815,3280,0.6838414634146341
10-1-9(2),test,3,attunet_cl_schedule,2026,gaussian,0.32,3.318881799990777,70703,56064,21100,7268132,0.5577397903239802,0.7701600165571931,0.6469597840508762,0.4781526642185207,0.7453437794993358,396,32,364,1594,0.7365119196988708,4040,0.8047029702970298,3921,0.8273399642948227,1726,0.9339513325608343
10-2-2,test,3,attunet_cl_schedule,2026,gaussian,0.32,3.186024799986626,185508,142679,66764,7021048,0.5652509087806646,0.7353491469524958,0.6391769272248341,0.4696987727591524,0.7453735106903153,496,46,450,4188,0.707497612225406,11839,0.7870597178815778,12441,0.8111888111888111,4091,0.8677584942556832
10-2-3,test,3,attunet_cl_schedule,2026,gaussian,0.32,3.325261199992383,26206,52785,4418,7332590,0.33175931435226796,0.855734064785789,0.4781462391096109,0.31418671845963864,0.4823041865177497,305,10,295,361,0.8614958448753463,815,0.8822085889570552,1314,0.9512937595129376,635,0.9574803149606299
235-10-11(1),test,3,attunet_cl_schedule,2026,gaussian,0.32,3.2435149000084493,112703,74479,76526,7152291,0.6021038347704373,0.5955905278789192,0.5988294709772031,0.4273780090099656,0.6563367447048848,492,12,480,389,0.43444730077120824,1064,0.5140977443609023,5072,0.6384069400630915,6824,0.7088218053927315
7-1-6(2),test,3,attunet_cl_schedule,2026,gaussian,0.32,3.2625569999945583,280849,181241,116702,6837207,0.6077798697223484,0.706447726203682,0.6534099699758388,0.48523303708413384,0.7553571461634802,524,56,468,3038,0.7899934167215273,5602,0.8402356301320957,9976,0.8310946271050521,13697,0.8734759436372929
W82-447-1-13-3(1),test,3,attunet_cl_schedule,2026,gaussian,0.32,3.231819099994027,137415,137001,100282,7041301,0.500754329193633,0.5781099466968451,0.5366589014533901,0.36673534419719345,0.6030022974224165,398,12,386,950,0.4926315789473684,2124,0.5932203389830508,8536,0.6510074976569822,6954,0.6968651136036813
W82-447-1-13-7(2),test,3,attunet_cl_schedule,2026,gaussian,0.32,3.2550476000033086,46552,33639,61371,7274437,0.5805140227706351,0.4313445697395365,0.49493392304666317,0.32884531159491953,0.5919078356393952,260,13,247,847,0.5950413223140496,1233,0.6001622060016221,2512,0.6046974522292994,3529,0.5083593085860016
10-1-2(1),test,4,attunet_cl_schedule,2026,gaussian,0.35,2.16368059999877,87850,80766,65433,7181950,0.5210063101959482,0.5731229164356125,0.5458233793829742,0.3753487517571107,0.6078113839092101,647,41,606,1440,0.6604166666666667,3817,0.7938171338747707,5053,0.7314466653473184,4310,0.6271461716937355
10-1-9(3),test,4,attunet_cl_schedule,2026,gaussian,0.35,1.9224205999998958,74962,70688,52822,7217527,0.5146721592859594,0.5866305640768797,0.5483005039607364,0.37769559434076344,0.5624449975713441,687,34,653,1020,0.5186274509803922,1911,0.7153322867608581,4844,0.7002477291494632,3668,0.7693565976008724
10-9-2,test,4,attunet_cl_schedule,2026,gaussian,0.35,1.890803499998583,155875,124505,66259,7069360,0.5559419359440759,0.7017160812842699,0.6203807257111245,0.4496753106257519,0.6975114880615741,496,23,473,2665,0.7140712945590995,7886,0.8329951813340096,10217,0.861211705980229,4621,0.8418091322224627
235-10-12(1),test,4,attunet_cl_schedule,2026,gaussian,0.35,1.900106200002483,79602,53881,49633,7232883,0.5963456020616857,0.6159476921886485,0.605988169824679,0.434708053911182,0.6907217885747313,501,17,484,1480,0.6945945945945946,4294,0.7452258965999069,5275,0.7072985781990522,2838,0.7818886539816773
235-25-6(2),test,4,attunet_cl_schedule,2026,gaussian,0.35,1.9038411999972595,62341,78401,18851,7256406,0.4429452473319976,0.7678219529017637,0.5617976515540656,0.3906249020947034,0.6060716868714285,263,11,252,834,0.7601918465227818,2090,0.9057416267942584,3378,0.7978093546477205,1950,0.7676923076923077
235-25-9(1),test,4,attunet_cl_schedule,2026,gaussian,0.35,1.9147551999994903,57464,45572,34588,7278375,0.5577079855584456,0.6242558553860861,0.5891085048798491,0.4175434517235366,0.6326359136591574,572,9,563,866,0.663972286374134,2779,0.6836991723641598,3678,0.6995649809679173,2422,0.7563996696944674
235-25-9(2),test,4,attunet_cl_schedule,2026,gaussian,0.35,1.8826903000008315,56067,40387,25660,7293885,0.5812822692682522,0.6860278732854503,0.6293263591516491,0.4591365445403475,0.7216536012604821,294,3,291,492,0.8089430894308943,1469,0.7923757658270932,4580,0.7611353711790393,1727,0.8037058482918356
7-1-3(1),test,4,attunet_cl_schedule,2026,gaussian,0.35,1.9004023999987112,212582,200201,107794,6895422,0.5149969838874179,0.6635390915674083,0.5799069506068942,0.40835841767884484,0.6569927084871442,585,29,556,3393,0.7300324196875921,7835,0.7752393107849394,13221,0.7602299372210877,8351,0.7814632978086457
7-1-3(2),test,4,attunet_cl_schedule,2026,gaussian,0.35,1.8823110000012093,125314,111366,66329,7112990,0.5294659455805307,0.6538929154730411,0.5851378515746294,0.4135652736387368,0.7102983568781772,567,73,494,2911,0.8388869804190999,5411,0.8625023101090371,9919,0.7891924589172296,3817,0.7277966989782552
W82-447-1-13-7(1),test,4,attunet_cl_schedule,2026,gaussian,0.35,1.9627886999987822,128727,77601,137850,7071821,0.6238949633593114,0.48288862129891175,0.5444095537158626,0.37401286543590817,0.6235980912702496,555,25,530,1737,0.6044905008635578,2951,0.6042019654354456,7860,0.6019083969465648,8841,0.5457527429023866
