comparison,treatment,control,sample_name,fold,seed,trait,treatment_absolute_error,control_absolute_error,paired_difference_treatment_minus_control
attention_effect,attunet_pixel,unet_pixel,10-1-1,3,42,dominant_path_length,954.002092040992,900.0243866175824,53.97770542340959
attention_effect,attunet_pixel,unet_pixel,10-1-1,3,42,retained_segment_count,19.0,46.0,-27.0
attention_effect,attunet_pixel,unet_pixel,10-1-1,3,42,junction_region_count,18.0,44.0,-26.0
attention_effect,attunet_pixel,unet_pixel,10-1-1,3,42,mean_local_acute_angle_deg,5.807979786900866,9.318379094801642,-3.5103993079007765
attention_effect,attunet_pixel,unet_pixel,10-1-1,3,3407,dominant_path_length,261.08657865091163,927.5462479182761,-666.4596692673645
attention_effect,attunet_pixel,unet_pixel,10-1-1,3,3407,retained_segment_count,7.0,31.0,-24.0
attention_effect,attunet_pixel,unet_pixel,10-1-1,3,3407,junction_region_count,34.0,30.0,4.0
attention_effect,attunet_pixel,unet_pixel,10-1-1,3,3407,mean_local_acute_angle_deg,19.727677520237634,6.750317086767957,12.977360433469677
attention_effect,attunet_pixel,unet_pixel,10-1-1,3,2026,dominant_path_length,936.5462479182761,144.96377901092546,791.5824689073506
attention_effect,attunet_pixel,unet_pixel,10-1-1,3,2026,retained_segment_count,30.0,40.0,-10.0
attention_effect,attunet_pixel,unet_pixel,10-1-1,3,2026,junction_region_count,32.0,5.0,27.0
attention_effect,attunet_pixel,unet_pixel,10-1-1,3,2026,mean_local_acute_angle_deg,9.567212583958522,20.28871324822557,-10.721500664267047
attention_effect,attunet_pixel,unet_pixel,10-1-1(1),3,42,dominant_path_length,1797.3544725075237,1790.3544725075237,7.0
attention_effect,attunet_pixel,unet_pixel,10-1-1(1),3,42,retained_segment_count,12.0,17.0,-5.0
attention_effect,attunet_pixel,unet_pixel,10-1-1(1),3,42,junction_region_count,7.0,7.0,0.0
attention_effect,attunet_pixel,unet_pixel,10-1-1(1),3,42,mean_local_acute_angle_deg,2.1264274519433783,2.9984425565173893,-0.872015104574011
attention_effect,attunet_pixel,unet_pixel,10-1-1(1),3,3407,dominant_path_length,498.9958159178932,1745.727055509554,-1246.7312395916608
attention_effect,attunet_pixel,unet_pixel,10-1-1(1),3,3407,retained_segment_count,22.0,18.0,4.0
attention_effect,attunet_pixel,unet_pixel,10-1-1(1),3,3407,junction_region_count,13.0,6.0,7.0
attention_effect,attunet_pixel,unet_pixel,10-1-1(1),3,3407,mean_local_acute_angle_deg,9.652123569084033,3.3071095544948506,6.345014014589182
attention_effect,attunet_pixel,unet_pixel,10-1-1(1),3,2026,dominant_path_length,1682.0041840820786,655.4769132100496,1026.527270872029
attention_effect,attunet_pixel,unet_pixel,10-1-1(1),3,2026,retained_segment_count,14.0,47.0,-33.0
attention_effect,attunet_pixel,unet_pixel,10-1-1(1),3,2026,junction_region_count,3.0,36.0,-33.0
attention_effect,attunet_pixel,unet_pixel,10-1-1(1),3,2026,mean_local_acute_angle_deg,9.362549586864716,11.637399222923868,-2.2748496360591517
attention_effect,attunet_pixel,unet_pixel,10-1-1(2),1,42,dominant_path_length,267.1442276647855,854.825468531918,-587.6812408671325
attention_effect,attunet_pixel,unet_pixel,10-1-1(2),1,42,retained_segment_count,9.0,36.0,-27.0
attention_effect,attunet_pixel,unet_pixel,10-1-1(2),1,42,junction_region_count,6.0,9.0,-3.0
attention_effect,attunet_pixel,unet_pixel,10-1-1(2),1,42,mean_local_acute_angle_deg,2.1740687505091785,13.846247179267444,-11.672178428758265
attention_effect,attunet_pixel,unet_pixel,10-1-1(2),1,3407,dominant_path_length,649.1005050633883,669.1005050633883,-20.0
attention_effect,attunet_pixel,unet_pixel,10-1-1(2),1,3407,retained_segment_count,5.0,2.0,3.0
attention_effect,attunet_pixel,unet_pixel,10-1-1(2),1,3407,junction_region_count,1.0,7.0,-6.0
attention_effect,attunet_pixel,unet_pixel,10-1-1(2),1,3407,mean_local_acute_angle_deg,4.448246627357008,3.1942053575973546,1.2540412697596537
attention_effect,attunet_pixel,unet_pixel,10-1-1(2),1,2026,dominant_path_length,620.9289321881344,856.4091629284908,-235.48023074035643
attention_effect,attunet_pixel,unet_pixel,10-1-1(2),1,2026,retained_segment_count,61.0,29.0,32.0
attention_effect,attunet_pixel,unet_pixel,10-1-1(2),1,2026,junction_region_count,50.0,19.0,31.0
attention_effect,attunet_pixel,unet_pixel,10-1-1(2),1,2026,mean_local_acute_angle_deg,9.139511976850393,2.4612483639200278,6.678263612930365
attention_effect,attunet_pixel,unet_pixel,10-1-1(3),2,42,dominant_path_length,932.7968978321467,1306.6202743230103,-373.82337649086367
attention_effect,attunet_pixel,unet_pixel,10-1-1(3),2,42,retained_segment_count,37.0,73.0,-36.0
attention_effect,attunet_pixel,unet_pixel,10-1-1(3),2,42,junction_region_count,28.0,83.0,-55.0
attention_effect,attunet_pixel,unet_pixel,10-1-1(3),2,42,mean_local_acute_angle_deg,20.23792244089043,1.0271368202399316,19.210785620650498
attention_effect,attunet_pixel,unet_pixel,10-1-1(3),2,3407,dominant_path_length,717.3734495538251,1827.31284194719,-1109.9393923933649
attention_effect,attunet_pixel,unet_pixel,10-1-1(3),2,3407,retained_segment_count,109.0,65.0,44.0
attention_effect,attunet_pixel,unet_pixel,10-1-1(3),2,3407,junction_region_count,117.0,37.0,80.0
attention_effect,attunet_pixel,unet_pixel,10-1-1(3),2,3407,mean_local_acute_angle_deg,0.05413235576001085,6.870695580501376,-6.8165632247413654
attention_effect,attunet_pixel,unet_pixel,10-1-1(3),2,2026,dominant_path_length,1336.519769259622,911.2111113945198,425.3086578651023
attention_effect,attunet_pixel,unet_pixel,10-1-1(3),2,2026,retained_segment_count,34.0,122.0,-88.0
attention_effect,attunet_pixel,unet_pixel,10-1-1(3),2,2026,junction_region_count,51.0,137.0,-86.0
attention_effect,attunet_pixel,unet_pixel,10-1-1(3),2,2026,mean_local_acute_angle_deg,5.882793671962354,6.98693910933131,-1.104145437368956
attention_effect,attunet_pixel,unet_pixel,10-1-2,2,42,dominant_path_length,414.1909088590037,310.9360748630734,103.25483399593031
attention_effect,attunet_pixel,unet_pixel,10-1-2,2,42,retained_segment_count,133.0,92.0,41.0
attention_effect,attunet_pixel,unet_pixel,10-1-2,2,42,junction_region_count,151.0,128.0,23.0
attention_effect,attunet_pixel,unet_pixel,10-1-2,2,42,mean_local_acute_angle_deg,4.513620351461903,4.047047202088123,0.46657314937377947
attention_effect,attunet_pixel,unet_pixel,10-1-2,2,3407,dominant_path_length,403.8653659886104,1261.536146650505,-857.6707806618947
attention_effect,attunet_pixel,unet_pixel,10-1-2,2,3407,retained_segment_count,294.0,138.0,156.0
attention_effect,attunet_pixel,unet_pixel,10-1-2,2,3407,junction_region_count,231.0,151.0,80.0
attention_effect,attunet_pixel,unet_pixel,10-1-2,2,3407,mean_local_acute_angle_deg,15.002402862100375,12.048457019546802,2.9539458425535727
attention_effect,attunet_pixel,unet_pixel,10-1-2,2,2026,dominant_path_length,856.6000717874613,396.81832585697293,459.78174593048834
attention_effect,attunet_pixel,unet_pixel,10-1-2,2,2026,retained_segment_count,93.0,244.0,-151.0
attention_effect,attunet_pixel,unet_pixel,10-1-2,2,2026,junction_region_count,113.0,304.0,-191.0
attention_effect,attunet_pixel,unet_pixel,10-1-2,2,2026,mean_local_acute_angle_deg,6.4948034575254425,3.7246795221162117,2.770123935409231
attention_effect,attunet_pixel,unet_pixel,10-1-2(1),4,42,dominant_path_length,2177.807358037324,2321.4347750352936,-143.6274169979697
attention_effect,attunet_pixel,unet_pixel,10-1-2(1),4,42,retained_segment_count,19.0,8.0,11.0
attention_effect,attunet_pixel,unet_pixel,10-1-2(1),4,42,junction_region_count,1.0,26.0,-25.0
attention_effect,attunet_pixel,unet_pixel,10-1-2(1),4,42,mean_local_acute_angle_deg,3.859435939225783,13.827354097939121,-9.967918158713339
attention_effect,attunet_pixel,unet_pixel,10-1-2(1),4,3407,dominant_path_length,2456.351513914608,2314.4347750352936,141.91673887931438
attention_effect,attunet_pixel,unet_pixel,10-1-2(1),4,3407,retained_segment_count,81.0,1.0,80.0
attention_effect,attunet_pixel,unet_pixel,10-1-2(1),4,3407,junction_region_count,62.0,15.0,47.0
attention_effect,attunet_pixel,unet_pixel,10-1-2(1),4,3407,mean_local_acute_angle_deg,20.253034412581613,10.595368478574713,9.6576659340069
attention_effect,attunet_pixel,unet_pixel,10-1-2(1),4,2026,dominant_path_length,2559.0743853420836,125.58109474113417,2433.4932906009494
attention_effect,attunet_pixel,unet_pixel,10-1-2(1),4,2026,retained_segment_count,12.0,128.0,-116.0
attention_effect,attunet_pixel,unet_pixel,10-1-2(1),4,2026,junction_region_count,17.0,102.0,-85.0
attention_effect,attunet_pixel,unet_pixel,10-1-2(1),4,2026,mean_local_acute_angle_deg,15.267207575260201,18.55903616497615,-3.291828589715948
attention_effect,attunet_pixel,unet_pixel,10-1-2(2),1,42,dominant_path_length,1815.8691911332762,1905.5290039755964,-89.6598128423202
attention_effect,attunet_pixel,unet_pixel,10-1-2(2),1,42,retained_segment_count,21.0,113.0,-92.0
attention_effect,attunet_pixel,unet_pixel,10-1-2(2),1,42,junction_region_count,32.0,45.0,-13.0
attention_effect,attunet_pixel,unet_pixel,10-1-2(2),1,42,mean_local_acute_angle_deg,23.925064301766632,22.988307268147615,0.936757033619017
attention_effect,attunet_pixel,unet_pixel,10-1-2(2),1,3407,dominant_path_length,2219.0630585851154,1936.913780286447,282.1492782986684
attention_effect,attunet_pixel,unet_pixel,10-1-2(2),1,3407,retained_segment_count,37.0,19.0,18.0
attention_effect,attunet_pixel,unet_pixel,10-1-2(2),1,3407,junction_region_count,25.0,8.0,17.0
attention_effect,attunet_pixel,unet_pixel,10-1-2(2),1,3407,mean_local_acute_angle_deg,17.419969488762327,20.287797495417266,-2.867828006654939
attention_effect,attunet_pixel,unet_pixel,10-1-2(2),1,2026,dominant_path_length,1951.6000717874622,2359.3473298325775,-407.74725804511536
attention_effect,attunet_pixel,unet_pixel,10-1-2(2),1,2026,retained_segment_count,233.0,45.0,188.0
attention_effect,attunet_pixel,unet_pixel,10-1-2(2),1,2026,junction_region_count,334.0,56.0,278.0
attention_effect,attunet_pixel,unet_pixel,10-1-2(2),1,2026,mean_local_acute_angle_deg,11.250619824988782,14.00646875742813,-2.755848932439349
attention_effect,attunet_pixel,unet_pixel,10-1-2(3),0,42,dominant_path_length,1647.886435076003,1655.4011537017645,-7.5147186257615886
attention_effect,attunet_pixel,unet_pixel,10-1-2(3),0,42,retained_segment_count,9.0,22.0,-13.0
attention_effect,attunet_pixel,unet_pixel,10-1-2(3),0,42,junction_region_count,3.0,21.0,-18.0
attention_effect,attunet_pixel,unet_pixel,10-1-2(3),0,42,mean_local_acute_angle_deg,2.6294997621462244,0.8867955150778357,1.7427042470683887
attention_effect,attunet_pixel,unet_pixel,10-1-2(3),0,3407,dominant_path_length,1700.0996385115996,1646.1290757631223,53.97056274847728
attention_effect,attunet_pixel,unet_pixel,10-1-2(3),0,3407,retained_segment_count,2.0,45.0,-43.0
attention_effect,attunet_pixel,unet_pixel,10-1-2(3),0,3407,junction_region_count,2.0,34.0,-32.0
attention_effect,attunet_pixel,unet_pixel,10-1-2(3),0,3407,mean_local_acute_angle_deg,2.8627408326358292,2.972236769737009,-0.10949593710117966
attention_effect,attunet_pixel,unet_pixel,10-1-2(3),0,2026,dominant_path_length,1676.3889603929442,897.8982694473384,778.4906909456058
attention_effect,attunet_pixel,unet_pixel,10-1-2(3),0,2026,retained_segment_count,12.0,38.0,-26.0
attention_effect,attunet_pixel,unet_pixel,10-1-2(3),0,2026,junction_region_count,4.0,39.0,-35.0
attention_effect,attunet_pixel,unet_pixel,10-1-2(3),0,2026,mean_local_acute_angle_deg,4.21755439591648,0.6572785408573267,3.560275855059153
attention_effect,attunet_pixel,unet_pixel,10-1-3,0,42,dominant_path_length,2445.464212286859,2337.3687578573536,108.09545442950548
attention_effect,attunet_pixel,unet_pixel,10-1-3,0,42,retained_segment_count,7.0,24.0,-17.0
attention_effect,attunet_pixel,unet_pixel,10-1-3,0,42,junction_region_count,3.0,13.0,-10.0
attention_effect,attunet_pixel,unet_pixel,10-1-3,0,42,mean_local_acute_angle_deg,10.903344781818305,2.7060512866048683,8.197293495213437
attention_effect,attunet_pixel,unet_pixel,10-1-3,0,3407,dominant_path_length,2263.2611101190278,2034.4671708796868,228.79393923934094
attention_effect,attunet_pixel,unet_pixel,10-1-3,0,3407,retained_segment_count,8.0,9.0,-1.0
attention_effect,attunet_pixel,unet_pixel,10-1-3,0,3407,junction_region_count,2.0,16.0,-14.0
attention_effect,attunet_pixel,unet_pixel,10-1-3,0,3407,mean_local_acute_angle_deg,2.920801296811689,3.790317771216536,-0.8695164744048469
attention_effect,attunet_pixel,unet_pixel,10-1-3,0,2026,dominant_path_length,1942.9595949288625,421.1215741507631,1521.8380207780995
attention_effect,attunet_pixel,unet_pixel,10-1-3,0,2026,retained_segment_count,4.0,7.0,-3.0
attention_effect,attunet_pixel,unet_pixel,10-1-3,0,2026,junction_region_count,12.0,24.0,-12.0
attention_effect,attunet_pixel,unet_pixel,10-1-3,0,2026,mean_local_acute_angle_deg,6.377753087895684,6.530811937838138,-0.1530588499424539
attention_effect,attunet_pixel,unet_pixel,10-1-9(1),3,42,dominant_path_length,2132.555482634272,2075.383909759018,57.17157287525379
attention_effect,attunet_pixel,unet_pixel,10-1-9(1),3,42,retained_segment_count,61.0,40.0,21.0
attention_effect,attunet_pixel,unet_pixel,10-1-9(1),3,42,junction_region_count,59.0,26.0,33.0
attention_effect,attunet_pixel,unet_pixel,10-1-9(1),3,42,mean_local_acute_angle_deg,12.530238914769285,4.441000405337704,8.089238509431581
attention_effect,attunet_pixel,unet_pixel,10-1-9(1),3,3407,dominant_path_length,261.782612482325,2138.7148622007053,-1876.9322497183803
attention_effect,attunet_pixel,unet_pixel,10-1-9(1),3,3407,retained_segment_count,91.0,41.0,50.0
attention_effect,attunet_pixel,unet_pixel,10-1-9(1),3,3407,junction_region_count,71.0,29.0,42.0
attention_effect,attunet_pixel,unet_pixel,10-1-9(1),3,3407,mean_local_acute_angle_deg,16.18575850672576,6.239340285711108,9.946418221014653
attention_effect,attunet_pixel,unet_pixel,10-1-9(1),3,2026,dominant_path_length,2083.7270555095256,130.22207921413883,1953.5049762953868
attention_effect,attunet_pixel,unet_pixel,10-1-9(1),3,2026,retained_segment_count,23.0,144.0,-121.0
attention_effect,attunet_pixel,unet_pixel,10-1-9(1),3,2026,junction_region_count,18.0,157.0,-139.0
attention_effect,attunet_pixel,unet_pixel,10-1-9(1),3,2026,mean_local_acute_angle_deg,6.754176248843407,14.440540543069154,-7.686364294225747
attention_effect,attunet_pixel,unet_pixel,10-1-9(2),3,42,dominant_path_length,1679.709811566807,1631.1900423071631,48.51976925964391
attention_effect,attunet_pixel,unet_pixel,10-1-9(2),3,42,retained_segment_count,19.0,16.0,3.0
attention_effect,attunet_pixel,unet_pixel,10-1-9(2),3,42,junction_region_count,9.0,12.0,-3.0
attention_effect,attunet_pixel,unet_pixel,10-1-9(2),3,42,mean_local_acute_angle_deg,11.197581831620347,5.777411802299369,5.420170029320978
attention_effect,attunet_pixel,unet_pixel,10-1-9(2),3,3407,dominant_path_length,37.207286249892604,2369.0844866098923,-2331.8772003599997
attention_effect,attunet_pixel,unet_pixel,10-1-9(2),3,3407,retained_segment_count,53.0,7.0,46.0
attention_effect,attunet_pixel,unet_pixel,10-1-9(2),3,3407,junction_region_count,17.0,5.0,12.0
attention_effect,attunet_pixel,unet_pixel,10-1-9(2),3,3407,mean_local_acute_angle_deg,26.134478250275862,22.346169964643593,3.7883082856322687
attention_effect,attunet_pixel,unet_pixel,10-1-9(2),3,2026,dominant_path_length,2168.4570696119226,155.0693347082456,2013.387734903677
attention_effect,attunet_pixel,unet_pixel,10-1-9(2),3,2026,retained_segment_count,12.0,95.0,-83.0
attention_effect,attunet_pixel,unet_pixel,10-1-9(2),3,2026,junction_region_count,1.0,58.0,-57.0
attention_effect,attunet_pixel,unet_pixel,10-1-9(2),3,2026,mean_local_acute_angle_deg,12.259867771678579,26.72110718235448,-14.461239410675901
attention_effect,attunet_pixel,unet_pixel,10-1-9(3),4,42,dominant_path_length,2573.621499812224,2522.7880220535953,50.83347775862876
attention_effect,attunet_pixel,unet_pixel,10-1-9(3),4,42,retained_segment_count,93.0,72.0,21.0
attention_effect,attunet_pixel,unet_pixel,10-1-9(3),4,42,junction_region_count,65.0,57.0,8.0
attention_effect,attunet_pixel,unet_pixel,10-1-9(3),4,42,mean_local_acute_angle_deg,15.781587961653955,24.6292613420718,-8.847673380417845
attention_effect,attunet_pixel,unet_pixel,10-1-9(3),4,3407,dominant_path_length,2362.0357133745974,2528.758584802072,-166.72287142747473
attention_effect,attunet_pixel,unet_pixel,10-1-9(3),4,3407,retained_segment_count,106.0,89.0,17.0
attention_effect,attunet_pixel,unet_pixel,10-1-9(3),4,3407,junction_region_count,98.0,61.0,37.0
attention_effect,attunet_pixel,unet_pixel,10-1-9(3),4,3407,mean_local_acute_angle_deg,23.207636360300697,23.985707682960552,-0.778071322659855
attention_effect,attunet_pixel,unet_pixel,10-1-9(3),4,2026,dominant_path_length,2540.999133448137,15.937807966708078,2525.061325481429
attention_effect,attunet_pixel,unet_pixel,10-1-9(3),4,2026,retained_segment_count,72.0,175.0,-103.0
attention_effect,attunet_pixel,unet_pixel,10-1-9(3),4,2026,junction_region_count,60.0,144.0,-84.0
attention_effect,attunet_pixel,unet_pixel,10-1-9(3),4,2026,mean_local_acute_angle_deg,27.691945254087216,28.300721332568557,-0.6087760784813412
attention_effect,attunet_pixel,unet_pixel,10-2-1,0,42,dominant_path_length,1766.3696244091047,1771.2813126545364,-4.9116882454316055
attention_effect,attunet_pixel,unet_pixel,10-2-1,0,42,retained_segment_count,22.0,17.0,5.0
attention_effect,attunet_pixel,unet_pixel,10-2-1,0,42,junction_region_count,10.0,35.0,-25.0
attention_effect,attunet_pixel,unet_pixel,10-2-1,0,42,mean_local_acute_angle_deg,10.157672012637931,7.949743776353401,2.2079282362845305
attention_effect,attunet_pixel,unet_pixel,10-2-1,0,3407,dominant_path_length,1763.44069222097,1753.3696244091047,10.071067811865305
attention_effect,attunet_pixel,unet_pixel,10-2-1,0,3407,retained_segment_count,5.0,29.0,-24.0
attention_effect,attunet_pixel,unet_pixel,10-2-1,0,3407,junction_region_count,27.0,8.0,19.0
attention_effect,attunet_pixel,unet_pixel,10-2-1,0,3407,mean_local_acute_angle_deg,7.552828351965317,9.007647062886377,-1.4548187109210602
attention_effect,attunet_pixel,unet_pixel,10-2-1,0,2026,dominant_path_length,2098.9768388715443,449.5962466428091,1649.3805922287352
attention_effect,attunet_pixel,unet_pixel,10-2-1,0,2026,retained_segment_count,16.0,79.0,-63.0
attention_effect,attunet_pixel,unet_pixel,10-2-1,0,2026,junction_region_count,14.0,39.0,-25.0
attention_effect,attunet_pixel,unet_pixel,10-2-1,0,2026,mean_local_acute_angle_deg,2.7796444156433964,12.54858378159669,-9.768939365953294
attention_effect,attunet_pixel,unet_pixel,10-2-2,3,42,dominant_path_length,462.48737341524793,258.0193359837217,204.46803743152623
attention_effect,attunet_pixel,unet_pixel,10-2-2,3,42,retained_segment_count,33.0,33.0,0.0
attention_effect,attunet_pixel,unet_pixel,10-2-2,3,42,junction_region_count,24.0,41.0,-17.0
attention_effect,attunet_pixel,unet_pixel,10-2-2,3,42,mean_local_acute_angle_deg,2.795905628405201,2.5069908973646946,0.28891473104050647
attention_effect,attunet_pixel,unet_pixel,10-2-2,3,3407,dominant_path_length,500.32626074517657,332.1076477382953,168.21861300688124
attention_effect,attunet_pixel,unet_pixel,10-2-2,3,3407,retained_segment_count,12.0,79.0,-67.0
attention_effect,attunet_pixel,unet_pixel,10-2-2,3,3407,junction_region_count,49.0,68.0,-19.0
attention_effect,attunet_pixel,unet_pixel,10-2-2,3,3407,mean_local_acute_angle_deg,12.700785416966482,2.1047828941802607,10.596002522786222
attention_effect,attunet_pixel,unet_pixel,10-2-2,3,2026,dominant_path_length,461.58787847863505,548.1445866021395,-86.55670812350445
attention_effect,attunet_pixel,unet_pixel,10-2-2,3,2026,retained_segment_count,81.0,117.0,-36.0
attention_effect,attunet_pixel,unet_pixel,10-2-2,3,2026,junction_region_count,82.0,41.0,41.0
attention_effect,attunet_pixel,unet_pixel,10-2-2,3,2026,mean_local_acute_angle_deg,0.18940579971067706,11.963363477638794,-11.773957677928117
attention_effect,attunet_pixel,unet_pixel,10-2-3,3,42,dominant_path_length,136.43354954613096,171.40411229460824,-34.97056274847728
attention_effect,attunet_pixel,unet_pixel,10-2-3,3,42,retained_segment_count,22.0,27.0,-5.0
attention_effect,attunet_pixel,unet_pixel,10-2-3,3,42,junction_region_count,14.0,11.0,3.0
attention_effect,attunet_pixel,unet_pixel,10-2-3,3,42,mean_local_acute_angle_deg,5.27025085352836,4.858498836339329,0.41175201718903054
attention_effect,attunet_pixel,unet_pixel,10-2-3,3,3407,dominant_path_length,2549.7624099467257,153.57568516986203,2396.1867247768637
attention_effect,attunet_pixel,unet_pixel,10-2-3,3,3407,retained_segment_count,34.0,12.0,22.0
attention_effect,attunet_pixel,unet_pixel,10-2-3,3,3407,junction_region_count,20.0,9.0,11.0
attention_effect,attunet_pixel,unet_pixel,10-2-3,3,3407,mean_local_acute_angle_deg,7.686783584996391,1.6093048867190376,6.077478698277353
attention_effect,attunet_pixel,unet_pixel,10-2-3,3,2026,dominant_path_length,162.98989873223513,2592.74098192195,-2429.7510831897152
attention_effect,attunet_pixel,unet_pixel,10-2-3,3,2026,retained_segment_count,23.0,50.0,-27.0
attention_effect,attunet_pixel,unet_pixel,10-2-3,3,2026,junction_region_count,11.0,35.0,-24.0
attention_effect,attunet_pixel,unet_pixel,10-2-3,3,2026,mean_local_acute_angle_deg,2.7865494913520834,6.3202136692791555,-3.533664177927072
attention_effect,attunet_pixel,unet_pixel,10-2-4,0,42,dominant_path_length,1731.4478348959744,1908.9503602129153,-177.50252531694082
attention_effect,attunet_pixel,unet_pixel,10-2-4,0,42,retained_segment_count,25.0,2.0,23.0
attention_effect,attunet_pixel,unet_pixel,10-2-4,0,42,junction_region_count,16.0,5.0,11.0
attention_effect,attunet_pixel,unet_pixel,10-2-4,0,42,mean_local_acute_angle_deg,16.57900753761372,18.030916913646408,-1.4519093760326882
attention_effect,attunet_pixel,unet_pixel,10-2-4,0,3407,dominant_path_length,1840.92806563633,1629.2640687119006,211.6639969244295
attention_effect,attunet_pixel,unet_pixel,10-2-4,0,3407,retained_segment_count,14.0,41.0,-27.0
attention_effect,attunet_pixel,unet_pixel,10-2-4,0,3407,junction_region_count,0.0,41.0,-41.0
attention_effect,attunet_pixel,unet_pixel,10-2-4,0,3407,mean_local_acute_angle_deg,15.37470854816538,12.799532328097463,2.5751762200679167
attention_effect,attunet_pixel,unet_pixel,10-2-4,0,2026,dominant_path_length,1836.180807591215,519.9520933165186,1316.2287142746964
attention_effect,attunet_pixel,unet_pixel,10-2-4,0,2026,retained_segment_count,23.0,75.0,-52.0
attention_effect,attunet_pixel,unet_pixel,10-2-4,0,2026,junction_region_count,4.0,68.0,-64.0
attention_effect,attunet_pixel,unet_pixel,10-2-4,0,2026,mean_local_acute_angle_deg,22.479073700931103,16.305599615298938,6.173474085632165
attention_effect,attunet_pixel,unet_pixel,10-9-1,2,42,dominant_path_length,627.1522368914659,1360.4335495461012,-733.2813126546353
attention_effect,attunet_pixel,unet_pixel,10-9-1,2,42,retained_segment_count,35.0,69.0,-34.0
attention_effect,attunet_pixel,unet_pixel,10-9-1,2,42,junction_region_count,26.0,60.0,-34.0
attention_effect,attunet_pixel,unet_pixel,10-9-1,2,42,mean_local_acute_angle_deg,2.4524218306523338,1.6962174839143174,0.7562043467380164
attention_effect,attunet_pixel,unet_pixel,10-9-1,2,3407,dominant_path_length,665.1165235168392,1086.5218613006687,-421.4053377838295
attention_effect,attunet_pixel,unet_pixel,10-9-1,2,3407,retained_segment_count,125.0,63.0,62.0
attention_effect,attunet_pixel,unet_pixel,10-9-1,2,3407,junction_region_count,101.0,39.0,62.0
attention_effect,attunet_pixel,unet_pixel,10-9-1,2,3407,mean_local_acute_angle_deg,8.887991466244955,4.7880541412238244,4.099937325021131
attention_effect,attunet_pixel,unet_pixel,10-9-1,2,2026,dominant_path_length,969.9188309203389,767.2842712474321,202.6345596729068
attention_effect,attunet_pixel,unet_pixel,10-9-1,2,2026,retained_segment_count,34.0,105.0,-71.0
attention_effect,attunet_pixel,unet_pixel,10-9-1,2,2026,junction_region_count,29.0,163.0,-134.0
attention_effect,attunet_pixel,unet_pixel,10-9-1,2,2026,mean_local_acute_angle_deg,7.565418395486006,6.29493667283878,1.2704817226472258
attention_effect,attunet_pixel,unet_pixel,10-9-2,4,42,dominant_path_length,13.269119345805848,590.0954544294686,-576.8263350836628
attention_effect,attunet_pixel,unet_pixel,10-9-2,4,42,retained_segment_count,69.0,73.0,-4.0
attention_effect,attunet_pixel,unet_pixel,10-9-2,4,42,junction_region_count,40.0,51.0,-11.0
attention_effect,attunet_pixel,unet_pixel,10-9-2,4,42,mean_local_acute_angle_deg,10.638323898522799,6.878576256395739,3.75974764212706
attention_effect,attunet_pixel,unet_pixel,10-9-2,4,3407,dominant_path_length,405.61435713734,586.036579926425,-180.42222278908503
attention_effect,attunet_pixel,unet_pixel,10-9-2,4,3407,retained_segment_count,162.0,76.0,86.0
attention_effect,attunet_pixel,unet_pixel,10-9-2,4,3407,junction_region_count,163.0,62.0,101.0
attention_effect,attunet_pixel,unet_pixel,10-9-2,4,3407,mean_local_acute_angle_deg,11.098046864025193,7.187867204090701,3.9101796599344922
attention_effect,attunet_pixel,unet_pixel,10-9-2,4,2026,dominant_path_length,703.8477631084611,70.7906217090549,633.0571413994062
attention_effect,attunet_pixel,unet_pixel,10-9-2,4,2026,retained_segment_count,89.0,231.0,-142.0
attention_effect,attunet_pixel,unet_pixel,10-9-2,4,2026,junction_region_count,51.0,158.0,-107.0
attention_effect,attunet_pixel,unet_pixel,10-9-2,4,2026,mean_local_acute_angle_deg,4.226320504051557,14.949509412512633,-10.723188908461076
attention_effect,attunet_pixel,unet_pixel,10-9-3,0,42,dominant_path_length,1036.7838379715176,1059.536146650512,-22.752308678994268
attention_effect,attunet_pixel,unet_pixel,10-9-3,0,42,retained_segment_count,41.0,25.0,16.0
attention_effect,attunet_pixel,unet_pixel,10-9-3,0,42,junction_region_count,30.0,14.0,16.0
attention_effect,attunet_pixel,unet_pixel,10-9-3,0,42,mean_local_acute_angle_deg,5.8513788127791955,3.1938848186092414,2.657493994169954
attention_effect,attunet_pixel,unet_pixel,10-9-3,0,3407,dominant_path_length,1015.6000717874467,1074.4234482783022,-58.82337649085548
attention_effect,attunet_pixel,unet_pixel,10-9-3,0,3407,retained_segment_count,39.0,63.0,-24.0
attention_effect,attunet_pixel,unet_pixel,10-9-3,0,3407,junction_region_count,36.0,47.0,-11.0
attention_effect,attunet_pixel,unet_pixel,10-9-3,0,3407,mean_local_acute_angle_deg,5.342030718050182,4.2174245585630885,1.1246061594870937
attention_effect,attunet_pixel,unet_pixel,10-9-3,0,2026,dominant_path_length,1043.6417023477861,2.9709216859155276,1040.6707806618706
attention_effect,attunet_pixel,unet_pixel,10-9-3,0,2026,retained_segment_count,42.0,122.0,-80.0
attention_effect,attunet_pixel,unet_pixel,10-9-3,0,2026,junction_region_count,21.0,78.0,-57.0
attention_effect,attunet_pixel,unet_pixel,10-9-3,0,2026,mean_local_acute_angle_deg,6.1877889040740115,13.861511790313081,-7.673722886239069
attention_effect,attunet_pixel,unet_pixel,10-9-4,2,42,dominant_path_length,1818.2308063156906,1786.603389317721,31.627416997969704
attention_effect,attunet_pixel,unet_pixel,10-9-4,2,42,retained_segment_count,52.0,74.0,-22.0
attention_effect,attunet_pixel,unet_pixel,10-9-4,2,42,junction_region_count,32.0,45.0,-13.0
attention_effect,attunet_pixel,unet_pixel,10-9-4,2,42,mean_local_acute_angle_deg,6.899057995402536,2.8141566057062377,4.084901389696299
attention_effect,attunet_pixel,unet_pixel,10-9-4,2,3407,dominant_path_length,490.6584386761656,1992.1008640007794,-1501.4424253246139
attention_effect,attunet_pixel,unet_pixel,10-9-4,2,3407,retained_segment_count,121.0,56.0,65.0
attention_effect,attunet_pixel,unet_pixel,10-9-4,2,3407,junction_region_count,84.0,37.0,47.0
attention_effect,attunet_pixel,unet_pixel,10-9-4,2,3407,mean_local_acute_angle_deg,2.6404613199949907,3.9851351266211097,-1.344673806626119
attention_effect,attunet_pixel,unet_pixel,10-9-4,2,2026,dominant_path_length,2003.6866504384066,1968.6277759353611,35.058874503045445
attention_effect,attunet_pixel,unet_pixel,10-9-4,2,2026,retained_segment_count,44.0,106.0,-62.0
attention_effect,attunet_pixel,unet_pixel,10-9-4,2,2026,junction_region_count,37.0,137.0,-100.0
attention_effect,attunet_pixel,unet_pixel,10-9-4,2,2026,mean_local_acute_angle_deg,8.867399260352038,3.4164620404585833,5.450937219893454
attention_effect,attunet_pixel,unet_pixel,235-10-11(1),3,42,dominant_path_length,1558.7859300125494,2057.209378290915,-498.42344827836564
attention_effect,attunet_pixel,unet_pixel,235-10-11(1),3,42,retained_segment_count,104.0,115.0,-11.0
attention_effect,attunet_pixel,unet_pixel,235-10-11(1),3,42,junction_region_count,75.0,74.0,1.0
attention_effect,attunet_pixel,unet_pixel,235-10-11(1),3,42,mean_local_acute_angle_deg,4.151409274239683,4.489198626257419,-0.33778935201773663
attention_effect,attunet_pixel,unet_pixel,235-10-11(1),3,3407,dominant_path_length,335.8667401548005,1584.0702012600116,-1248.203461105211
attention_effect,attunet_pixel,unet_pixel,235-10-11(1),3,3407,retained_segment_count,120.0,94.0,26.0
attention_effect,attunet_pixel,unet_pixel,235-10-11(1),3,3407,junction_region_count,98.0,66.0,32.0
attention_effect,attunet_pixel,unet_pixel,235-10-11(1),3,3407,mean_local_acute_angle_deg,6.919747310917785,5.369093116420274,1.5506541944975112
attention_effect,attunet_pixel,unet_pixel,235-10-11(1),3,2026,dominant_path_length,2057.067242667184,374.271719001214,1682.79552366597
attention_effect,attunet_pixel,unet_pixel,235-10-11(1),3,2026,retained_segment_count,91.0,180.0,-89.0
attention_effect,attunet_pixel,unet_pixel,235-10-11(1),3,2026,junction_region_count,59.0,178.0,-119.0
attention_effect,attunet_pixel,unet_pixel,235-10-11(1),3,2026,mean_local_acute_angle_deg,8.54339768828298,8.529932572373951,0.013465115909028214
attention_effect,attunet_pixel,unet_pixel,235-10-11(2),1,42,dominant_path_length,2085.5605332681816,255.03152929258522,1830.5290039755964
attention_effect,attunet_pixel,unet_pixel,235-10-11(2),1,42,retained_segment_count,42.0,138.0,-96.0
attention_effect,attunet_pixel,unet_pixel,235-10-11(2),1,42,junction_region_count,19.0,110.0,-91.0
attention_effect,attunet_pixel,unet_pixel,235-10-11(2),1,42,mean_local_acute_angle_deg,7.886676624680824,1.9606913557287342,5.92598526895209
attention_effect,attunet_pixel,unet_pixel,235-10-11(2),1,3407,dominant_path_length,1624.487373415261,1585.8010819142457,38.68629150101515
attention_effect,attunet_pixel,unet_pixel,235-10-11(2),1,3407,retained_segment_count,77.0,48.0,29.0
attention_effect,attunet_pixel,unet_pixel,235-10-11(2),1,3407,junction_region_count,59.0,26.0,33.0
attention_effect,attunet_pixel,unet_pixel,235-10-11(2),1,3407,mean_local_acute_angle_deg,7.206059052255327,13.63155493672047,-6.425495884465143
attention_effect,attunet_pixel,unet_pixel,235-10-11(2),1,2026,dominant_path_length,1513.171572875221,2117.217387517674,-604.045814642453
attention_effect,attunet_pixel,unet_pixel,235-10-11(2),1,2026,retained_segment_count,194.0,232.0,-38.0
attention_effect,attunet_pixel,unet_pixel,235-10-11(2),1,2026,junction_region_count,249.0,216.0,33.0
attention_effect,attunet_pixel,unet_pixel,235-10-11(2),1,2026,mean_local_acute_angle_deg,9.723663266496771,3.5364683665223637,6.187194899974408
attention_effect,attunet_pixel,unet_pixel,235-10-11(3),1,42,dominant_path_length,2808.1971849820593,1598.319984622059,1209.8772003600002
attention_effect,attunet_pixel,unet_pixel,235-10-11(3),1,42,retained_segment_count,85.0,240.0,-155.0
attention_effect,attunet_pixel,unet_pixel,235-10-11(3),1,42,junction_region_count,39.0,194.0,-155.0
attention_effect,attunet_pixel,unet_pixel,235-10-11(3),1,42,mean_local_acute_angle_deg,14.589866736902977,13.682073591981151,0.9077931449218255
attention_effect,attunet_pixel,unet_pixel,235-10-11(3),1,3407,dominant_path_length,1049.7035354436557,2409.489465456232,-1359.7859300125765
attention_effect,attunet_pixel,unet_pixel,235-10-11(3),1,3407,retained_segment_count,142.0,108.0,34.0
attention_effect,attunet_pixel,unet_pixel,235-10-11(3),1,3407,junction_region_count,107.0,50.0,57.0
attention_effect,attunet_pixel,unet_pixel,235-10-11(3),1,3407,mean_local_acute_angle_deg,10.07800444871205,10.430951328041395,-0.35294687932934465
attention_effect,attunet_pixel,unet_pixel,235-10-11(3),1,2026,dominant_path_length,1603.2964645561965,2682.386001800016,-1079.0895372438194
attention_effect,attunet_pixel,unet_pixel,235-10-11(3),1,2026,retained_segment_count,385.0,135.0,250.0
attention_effect,attunet_pixel,unet_pixel,235-10-11(3),1,2026,junction_region_count,500.0,112.0,388.0
attention_effect,attunet_pixel,unet_pixel,235-10-11(3),1,2026,mean_local_acute_angle_deg,13.112724929301976,8.835843831403658,4.276881097898318
attention_effect,attunet_pixel,unet_pixel,235-10-12(1),4,42,dominant_path_length,905.4659453904808,1000.9604614807121,-95.49451609023129
attention_effect,attunet_pixel,unet_pixel,235-10-12(1),4,42,retained_segment_count,17.0,24.0,-7.0
attention_effect,attunet_pixel,unet_pixel,235-10-12(1),4,42,junction_region_count,22.0,29.0,-7.0
attention_effect,attunet_pixel,unet_pixel,235-10-12(1),4,42,mean_local_acute_angle_deg,5.313317008560453,3.289214463743953,2.0241025448165004
attention_effect,attunet_pixel,unet_pixel,235-10-12(1),4,3407,dominant_path_length,879.0395385192878,907.5664504538693,-28.52691193458145
attention_effect,attunet_pixel,unet_pixel,235-10-12(1),4,3407,retained_segment_count,19.0,20.0,-1.0
attention_effect,attunet_pixel,unet_pixel,235-10-12(1),4,3407,junction_region_count,24.0,20.0,4.0
attention_effect,attunet_pixel,unet_pixel,235-10-12(1),4,3407,mean_local_acute_angle_deg,2.917034882984403,1.3289042426537065,1.5881306403306965
attention_effect,attunet_pixel,unet_pixel,235-10-12(1),4,2026,dominant_path_length,1006.8772003600266,1210.3856428626239,-203.5084425025973
attention_effect,attunet_pixel,unet_pixel,235-10-12(1),4,2026,retained_segment_count,22.0,40.0,-18.0
attention_effect,attunet_pixel,unet_pixel,235-10-12(1),4,2026,junction_region_count,32.0,17.0,15.0
attention_effect,attunet_pixel,unet_pixel,235-10-12(1),4,2026,mean_local_acute_angle_deg,1.6523289491672557,9.97697143647212,-8.324642487304864
attention_effect,attunet_pixel,unet_pixel,235-10-12(2),0,42,dominant_path_length,1955.819551346211,1671.587011926857,284.232539419354
attention_effect,attunet_pixel,unet_pixel,235-10-12(2),0,42,retained_segment_count,25.0,2.0,23.0
attention_effect,attunet_pixel,unet_pixel,235-10-12(2),0,42,junction_region_count,44.0,4.0,40.0
attention_effect,attunet_pixel,unet_pixel,235-10-12(2),0,42,mean_local_acute_angle_deg,11.833680285846768,10.114308873823923,1.719371412022845
attention_effect,attunet_pixel,unet_pixel,235-10-12(2),0,3407,dominant_path_length,2130.601297276732,2144.7728701519854,-14.171572875253332
attention_effect,attunet_pixel,unet_pixel,235-10-12(2),0,3407,retained_segment_count,20.0,47.0,-27.0
attention_effect,attunet_pixel,unet_pixel,235-10-12(2),0,3407,junction_region_count,23.0,50.0,-27.0
attention_effect,attunet_pixel,unet_pixel,235-10-12(2),0,3407,mean_local_acute_angle_deg,9.987135384723153,12.682876989216822,-2.6957416044936693
attention_effect,attunet_pixel,unet_pixel,235-10-12(2),0,2026,dominant_path_length,2329.3241687042073,90.3334034202062,2238.990765284001
attention_effect,attunet_pixel,unet_pixel,235-10-12(2),0,2026,retained_segment_count,30.0,62.0,-32.0
attention_effect,attunet_pixel,unet_pixel,235-10-12(2),0,2026,junction_region_count,28.0,55.0,-27.0
attention_effect,attunet_pixel,unet_pixel,235-10-12(2),0,2026,mean_local_acute_angle_deg,8.422397395917898,14.549964129555072,-6.127566733637174
attention_effect,attunet_pixel,unet_pixel,235-10-12(3),1,42,dominant_path_length,1953.040764008474,2022.8519471905176,-69.81118318204358
attention_effect,attunet_pixel,unet_pixel,235-10-12(3),1,42,retained_segment_count,61.0,265.0,-204.0
attention_effect,attunet_pixel,unet_pixel,235-10-12(3),1,42,junction_region_count,32.0,239.0,-207.0
attention_effect,attunet_pixel,unet_pixel,235-10-12(3),1,42,mean_local_acute_angle_deg,11.677593876494804,7.555363878757305,4.122229997737499
attention_effect,attunet_pixel,unet_pixel,235-10-12(3),1,3407,dominant_path_length,2257.663130372561,1661.5189027077752,596.1442276647861
attention_effect,attunet_pixel,unet_pixel,235-10-12(3),1,3407,retained_segment_count,191.0,99.0,92.0
attention_effect,attunet_pixel,unet_pixel,235-10-12(3),1,3407,junction_region_count,130.0,60.0,70.0
attention_effect,attunet_pixel,unet_pixel,235-10-12(3),1,3407,mean_local_acute_angle_deg,14.210961267078588,10.045327569130862,4.165633697947726
attention_effect,attunet_pixel,unet_pixel,235-10-12(3),1,2026,dominant_path_length,1784.2245301925477,2675.19718498208,-890.9726547895325
attention_effect,attunet_pixel,unet_pixel,235-10-12(3),1,2026,retained_segment_count,498.0,57.0,441.0
attention_effect,attunet_pixel,unet_pixel,235-10-12(3),1,2026,junction_region_count,653.0,36.0,617.0
attention_effect,attunet_pixel,unet_pixel,235-10-12(3),1,2026,mean_local_acute_angle_deg,2.9615997796224676,5.694081489168177,-2.7324817095457092
attention_effect,attunet_pixel,unet_pixel,235-25-6(1),2,42,dominant_path_length,1313.3624817342543,1402.6833329081767,-89.32085117392239
attention_effect,attunet_pixel,unet_pixel,235-25-6(1),2,42,retained_segment_count,26.0,22.0,4.0
attention_effect,attunet_pixel,unet_pixel,235-25-6(1),2,42,junction_region_count,14.0,20.0,-6.0
attention_effect,attunet_pixel,unet_pixel,235-25-6(1),2,42,mean_local_acute_angle_deg,8.864634138368253,10.621240781173917,-1.7566066428056644
attention_effect,attunet_pixel,unet_pixel,235-25-6(1),2,3407,dominant_path_length,911.4790052510853,1419.8254685319077,-508.3464632808225
attention_effect,attunet_pixel,unet_pixel,235-25-6(1),2,3407,retained_segment_count,74.0,30.0,44.0
attention_effect,attunet_pixel,unet_pixel,235-25-6(1),2,3407,junction_region_count,56.0,22.0,34.0
attention_effect,attunet_pixel,unet_pixel,235-25-6(1),2,3407,mean_local_acute_angle_deg,23.696694430658575,5.075391634704623,18.62130279595395
attention_effect,attunet_pixel,unet_pixel,235-25-6(1),2,2026,dominant_path_length,1329.9777054234037,986.2304473782883,343.74725804511536
attention_effect,attunet_pixel,unet_pixel,235-25-6(1),2,2026,retained_segment_count,41.0,59.0,-18.0
attention_effect,attunet_pixel,unet_pixel,235-25-6(1),2,2026,junction_region_count,34.0,98.0,-64.0
attention_effect,attunet_pixel,unet_pixel,235-25-6(1),2,2026,mean_local_acute_angle_deg,8.960651604955267,13.885498114160185,-4.924846509204919
attention_effect,attunet_pixel,unet_pixel,235-25-6(2),4,42,dominant_path_length,442.87005768508914,543.3330444827426,-100.46298679765346
attention_effect,attunet_pixel,unet_pixel,235-25-6(2),4,42,retained_segment_count,18.0,16.0,2.0
attention_effect,attunet_pixel,unet_pixel,235-25-6(2),4,42,junction_region_count,10.0,29.0,-19.0
attention_effect,attunet_pixel,unet_pixel,235-25-6(2),4,42,mean_local_acute_angle_deg,1.0733354063034284,2.0278345048380544,-0.954499098534626
attention_effect,attunet_pixel,unet_pixel,235-25-6(2),4,3407,dominant_path_length,415.44365081389594,552.2619766708771,-136.81832585698112
attention_effect,attunet_pixel,unet_pixel,235-25-6(2),4,3407,retained_segment_count,23.0,37.0,-14.0
attention_effect,attunet_pixel,unet_pixel,235-25-6(2),4,3407,junction_region_count,37.0,50.0,-13.0
attention_effect,attunet_pixel,unet_pixel,235-25-6(2),4,3407,mean_local_acute_angle_deg,3.9374669000915077,1.4187732204834163,2.5186936796080914
attention_effect,attunet_pixel,unet_pixel,235-25-6(2),4,2026,dominant_path_length,643.7472580451155,1829.3978361714433,-1185.6505781263277
attention_effect,attunet_pixel,unet_pixel,235-25-6(2),4,2026,retained_segment_count,21.0,65.0,-44.0
attention_effect,attunet_pixel,unet_pixel,235-25-6(2),4,2026,junction_region_count,32.0,67.0,-35.0
attention_effect,attunet_pixel,unet_pixel,235-25-6(2),4,2026,mean_local_acute_angle_deg,4.244587388670531,2.6895862534003356,1.5550011352701958
attention_effect,attunet_pixel,unet_pixel,235-25-7(1),2,42,dominant_path_length,928.6051224213284,978.3330444826852,-49.72792206135682
attention_effect,attunet_pixel,unet_pixel,235-25-7(1),2,42,retained_segment_count,72.0,75.0,-3.0
attention_effect,attunet_pixel,unet_pixel,235-25-7(1),2,42,junction_region_count,73.0,64.0,9.0
attention_effect,attunet_pixel,unet_pixel,235-25-7(1),2,42,mean_local_acute_angle_deg,6.885838915982326,6.987228747801289,-0.10138983181896322
attention_effect,attunet_pixel,unet_pixel,235-25-7(1),2,3407,dominant_path_length,284.98448916090047,983.8893936687894,-698.9049045078889
attention_effect,attunet_pixel,unet_pixel,235-25-7(1),2,3407,retained_segment_count,36.0,77.0,-41.0
attention_effect,attunet_pixel,unet_pixel,235-25-7(1),2,3407,junction_region_count,7.0,67.0,-60.0
attention_effect,attunet_pixel,unet_pixel,235-25-7(1),2,3407,mean_local_acute_angle_deg,11.835663642938108,5.930444000692162,5.905219642245946
attention_effect,attunet_pixel,unet_pixel,235-25-7(1),2,2026,dominant_path_length,2078.0184694319278,915.5046173579417,1162.513852073986
attention_effect,attunet_pixel,unet_pixel,235-25-7(1),2,2026,retained_segment_count,56.0,2.0,54.0
attention_effect,attunet_pixel,unet_pixel,235-25-7(1),2,2026,junction_region_count,51.0,35.0,16.0
attention_effect,attunet_pixel,unet_pixel,235-25-7(1),2,2026,mean_local_acute_angle_deg,8.458589478276544,7.252750016838306,1.205839461438238
attention_effect,attunet_pixel,unet_pixel,235-25-7(2),2,42,dominant_path_length,34.86291501015171,416.1421356237313,-381.2792206135796
attention_effect,attunet_pixel,unet_pixel,235-25-7(2),2,42,retained_segment_count,29.0,21.0,8.0
attention_effect,attunet_pixel,unet_pixel,235-25-7(2),2,42,junction_region_count,22.0,13.0,9.0
attention_effect,attunet_pixel,unet_pixel,235-25-7(2),2,42,mean_local_acute_angle_deg,2.018743808585917,3.0161845549430737,-0.9974407463571566
attention_effect,attunet_pixel,unet_pixel,235-25-7(2),2,3407,dominant_path_length,2004.7359312880683,507.0782104868031,1497.6577208012652
attention_effect,attunet_pixel,unet_pixel,235-25-7(2),2,3407,retained_segment_count,38.0,0.0,38.0
attention_effect,attunet_pixel,unet_pixel,235-25-7(2),2,3407,junction_region_count,38.0,10.0,28.0
attention_effect,attunet_pixel,unet_pixel,235-25-7(2),2,3407,mean_local_acute_angle_deg,4.979213942727796,0.061925334432011425,4.9172886082957845
attention_effect,attunet_pixel,unet_pixel,235-25-7(2),2,2026,dominant_path_length,627.8599564173239,448.9676041556496,178.89235226167432
attention_effect,attunet_pixel,unet_pixel,235-25-7(2),2,2026,retained_segment_count,9.0,55.0,-46.0
attention_effect,attunet_pixel,unet_pixel,235-25-7(2),2,2026,junction_region_count,2.0,72.0,-70.0
attention_effect,attunet_pixel,unet_pixel,235-25-7(2),2,2026,mean_local_acute_angle_deg,3.3592109711990688,7.430339958891096,-4.071128987692028
attention_effect,attunet_pixel,unet_pixel,235-25-7(3),2,42,dominant_path_length,1887.0378054156588,2334.3119753953556,-447.2741699796968
attention_effect,attunet_pixel,unet_pixel,235-25-7(3),2,42,retained_segment_count,28.0,39.0,-11.0
attention_effect,attunet_pixel,unet_pixel,235-25-7(3),2,42,junction_region_count,16.0,24.0,-8.0
attention_effect,attunet_pixel,unet_pixel,235-25-7(3),2,42,mean_local_acute_angle_deg,11.979555756334598,10.663649846689701,1.315905909644897
attention_effect,attunet_pixel,unet_pixel,235-25-7(3),2,3407,dominant_path_length,232.840261496141,2362.968829644848,-2130.128568148707
attention_effect,attunet_pixel,unet_pixel,235-25-7(3),2,3407,retained_segment_count,112.0,28.0,84.0
attention_effect,attunet_pixel,unet_pixel,235-25-7(3),2,3407,junction_region_count,80.0,15.0,65.0
attention_effect,attunet_pixel,unet_pixel,235-25-7(3),2,3407,mean_local_acute_angle_deg,5.555711812052422,11.9175680889132,-6.361856276860777
attention_effect,attunet_pixel,unet_pixel,235-25-7(3),2,2026,dominant_path_length,2370.6256838943405,934.0630585850768,1436.5626253092637
attention_effect,attunet_pixel,unet_pixel,235-25-7(3),2,2026,retained_segment_count,46.0,67.0,-21.0
attention_effect,attunet_pixel,unet_pixel,235-25-7(3),2,2026,junction_region_count,39.0,119.0,-80.0
attention_effect,attunet_pixel,unet_pixel,235-25-7(3),2,2026,mean_local_acute_angle_deg,9.481685810844645,16.033963581159284,-6.552277770314639
attention_effect,attunet_pixel,unet_pixel,235-25-9(1),4,42,dominant_path_length,2382.275395468904,2254.0550493583705,128.22034611053368
attention_effect,attunet_pixel,unet_pixel,235-25-9(1),4,42,retained_segment_count,9.0,7.0,2.0
attention_effect,attunet_pixel,unet_pixel,235-25-9(1),4,42,junction_region_count,14.0,9.0,5.0
attention_effect,attunet_pixel,unet_pixel,235-25-9(1),4,42,mean_local_acute_angle_deg,17.276804531834443,4.361398113188585,12.915406418645858
attention_effect,attunet_pixel,unet_pixel,235-25-9(1),4,3407,dominant_path_length,2378.6896090312775,1944.7930726874936,433.89653634378396
attention_effect,attunet_pixel,unet_pixel,235-25-9(1),4,3407,retained_segment_count,40.0,0.0,40.0
attention_effect,attunet_pixel,unet_pixel,235-25-9(1),4,3407,junction_region_count,61.0,1.0,60.0
attention_effect,attunet_pixel,unet_pixel,235-25-9(1),4,3407,mean_local_acute_angle_deg,18.877689078771603,0.6835537666290747,18.194135312142528
attention_effect,attunet_pixel,unet_pixel,235-25-9(1),4,2026,dominant_path_length,2466.6824663563402,84.03622098902497,2382.6462453673153
attention_effect,attunet_pixel,unet_pixel,235-25-9(1),4,2026,retained_segment_count,3.0,74.0,-71.0
attention_effect,attunet_pixel,unet_pixel,235-25-9(1),4,2026,junction_region_count,2.0,69.0,-67.0
attention_effect,attunet_pixel,unet_pixel,235-25-9(1),4,2026,mean_local_acute_angle_deg,2.0713817370788234,14.431087257929661,-12.359705520850838
attention_effect,attunet_pixel,unet_pixel,235-25-9(2),4,42,dominant_path_length,327.6080810142121,545.5613998199866,-217.95331880577453
attention_effect,attunet_pixel,unet_pixel,235-25-9(2),4,42,retained_segment_count,29.0,6.0,23.0
attention_effect,attunet_pixel,unet_pixel,235-25-9(2),4,42,junction_region_count,26.0,0.0,26.0
attention_effect,attunet_pixel,unet_pixel,235-25-9(2),4,42,mean_local_acute_angle_deg,2.2795079738401327,2.0718376423305003,0.20767033150963243
attention_effect,attunet_pixel,unet_pixel,235-25-9(2),4,3407,dominant_path_length,298.15223689149605,321.5908370715093,-23.43860018001328
attention_effect,attunet_pixel,unet_pixel,235-25-9(2),4,3407,retained_segment_count,6.0,1.0,5.0
attention_effect,attunet_pixel,unet_pixel,235-25-9(2),4,3407,junction_region_count,0.0,5.0,-5.0
attention_effect,attunet_pixel,unet_pixel,235-25-9(2),4,3407,mean_local_acute_angle_deg,2.2877415272722743,0.8143052200416463,1.473436307230628
attention_effect,attunet_pixel,unet_pixel,235-25-9(2),4,2026,dominant_path_length,594.8873016277914,2072.92684014708,-1478.0395385192885
attention_effect,attunet_pixel,unet_pixel,235-25-9(2),4,2026,retained_segment_count,0.0,33.0,-33.0
attention_effect,attunet_pixel,unet_pixel,235-25-9(2),4,2026,junction_region_count,0.0,46.0,-46.0
attention_effect,attunet_pixel,unet_pixel,235-25-9(2),4,2026,mean_local_acute_angle_deg,5.699190170107258,7.638429958456811,-1.9392397883495534
attention_effect,attunet_pixel,unet_pixel,235-25-9(3),1,42,dominant_path_length,2296.5189027077913,2105.1412690718785,191.37763363591284
attention_effect,attunet_pixel,unet_pixel,235-25-9(3),1,42,retained_segment_count,4.0,43.0,-39.0
attention_effect,attunet_pixel,unet_pixel,235-25-9(3),1,42,junction_region_count,30.0,31.0,-1.0
attention_effect,attunet_pixel,unet_pixel,235-25-9(3),1,42,mean_local_acute_angle_deg,18.85668471260918,15.5315603304971,3.3251243821120795
attention_effect,attunet_pixel,unet_pixel,235-25-9(3),1,3407,dominant_path_length,2117.4549775708633,2110.04076400849,7.414213562373334
attention_effect,attunet_pixel,unet_pixel,235-25-9(3),1,3407,retained_segment_count,27.0,18.0,9.0
attention_effect,attunet_pixel,unet_pixel,235-25-9(3),1,3407,junction_region_count,5.0,18.0,-13.0
attention_effect,attunet_pixel,unet_pixel,235-25-9(3),1,3407,mean_local_acute_angle_deg,15.278856754124213,15.554330315504139,-0.2754735613799255
attention_effect,attunet_pixel,unet_pixel,235-25-9(3),1,2026,dominant_path_length,1501.132034355886,2381.7808793786685,-880.6488450227826
attention_effect,attunet_pixel,unet_pixel,235-25-9(3),1,2026,retained_segment_count,142.0,27.0,115.0
attention_effect,attunet_pixel,unet_pixel,235-25-9(3),1,2026,junction_region_count,211.0,36.0,175.0
attention_effect,attunet_pixel,unet_pixel,235-25-9(3),1,2026,mean_local_acute_angle_deg,15.159176467997248,8.069627128727191,7.089549339270057
attention_effect,attunet_pixel,unet_pixel,447-1-1,1,42,dominant_path_length,1263.7026688918354,1371.8893936689506,-108.18672477711516
attention_effect,attunet_pixel,unet_pixel,447-1-1,1,42,retained_segment_count,14.0,58.0,-44.0
attention_effect,attunet_pixel,unet_pixel,447-1-1,1,42,junction_region_count,74.0,65.0,9.0
attention_effect,attunet_pixel,unet_pixel,447-1-1,1,42,mean_local_acute_angle_deg,9.604966015627724,5.516075072079339,4.088890943548385
attention_effect,attunet_pixel,unet_pixel,447-1-1,1,3407,dominant_path_length,1164.8498551494527,133.55844122716326,1031.2914139222894
attention_effect,attunet_pixel,unet_pixel,447-1-1,1,3407,retained_segment_count,5.0,67.0,-62.0
attention_effect,attunet_pixel,unet_pixel,447-1-1,1,3407,junction_region_count,23.0,77.0,-54.0
attention_effect,attunet_pixel,unet_pixel,447-1-1,1,3407,mean_local_acute_angle_deg,5.862378357647046,6.2537962354176315,-0.3914178777705857
attention_effect,attunet_pixel,unet_pixel,447-1-1,1,2026,dominant_path_length,50.91168824544411,2045.248916810138,-1994.337228564694
attention_effect,attunet_pixel,unet_pixel,447-1-1,1,2026,retained_segment_count,183.0,46.0,137.0
attention_effect,attunet_pixel,unet_pixel,447-1-1,1,2026,junction_region_count,304.0,43.0,261.0
attention_effect,attunet_pixel,unet_pixel,447-1-1,1,2026,mean_local_acute_angle_deg,6.233172160998578,4.761107860779504,1.472064300219074
attention_effect,attunet_pixel,unet_pixel,447-1-1(1),1,42,dominant_path_length,2361.2905473705346,2260.5504320003565,100.74011537017805
attention_effect,attunet_pixel,unet_pixel,447-1-1(1),1,42,retained_segment_count,5.0,63.0,-58.0
attention_effect,attunet_pixel,unet_pixel,447-1-1(1),1,42,junction_region_count,23.0,33.0,-10.0
attention_effect,attunet_pixel,unet_pixel,447-1-1(1),1,42,mean_local_acute_angle_deg,17.630784803552324,17.03317415420736,0.5976106493449649
attention_effect,attunet_pixel,unet_pixel,447-1-1(1),1,3407,dominant_path_length,2261.893577750864,2334.8347032478187,-72.94112549695456
attention_effect,attunet_pixel,unet_pixel,447-1-1(1),1,3407,retained_segment_count,22.0,2.0,20.0
attention_effect,attunet_pixel,unet_pixel,447-1-1(1),1,3407,junction_region_count,2.0,22.0,-20.0
attention_effect,attunet_pixel,unet_pixel,447-1-1(1),1,3407,mean_local_acute_angle_deg,15.210376812161975,18.323332514925546,-3.1129557027635713
attention_effect,attunet_pixel,unet_pixel,447-1-1(1),1,2026,dominant_path_length,1338.2102448426765,2561.4671708796714,-1223.2569260369949
attention_effect,attunet_pixel,unet_pixel,447-1-1(1),1,2026,retained_segment_count,123.0,35.0,88.0
attention_effect,attunet_pixel,unet_pixel,447-1-1(1),1,2026,junction_region_count,173.0,55.0,118.0
attention_effect,attunet_pixel,unet_pixel,447-1-1(1),1,2026,mean_local_acute_angle_deg,13.490533931077245,29.903710592012786,-16.41317666093554
attention_effect,attunet_pixel,unet_pixel,7-1-3(1),4,42,dominant_path_length,205.29855659726718,2255.466304327848,-2050.1677477305807
attention_effect,attunet_pixel,unet_pixel,7-1-3(1),4,42,retained_segment_count,117.0,91.0,26.0
attention_effect,attunet_pixel,unet_pixel,7-1-3(1),4,42,junction_region_count,139.0,137.0,2.0
attention_effect,attunet_pixel,unet_pixel,7-1-3(1),4,42,mean_local_acute_angle_deg,5.330070775658136,6.920041528434055,-1.589970752775919
attention_effect,attunet_pixel,unet_pixel,7-1-3(1),4,3407,dominant_path_length,1949.3292193379996,2239.4957415793706,-290.166522241371
attention_effect,attunet_pixel,unet_pixel,7-1-3(1),4,3407,retained_segment_count,102.0,18.0,84.0
attention_effect,attunet_pixel,unet_pixel,7-1-3(1),4,3407,junction_region_count,64.0,68.0,-4.0
attention_effect,attunet_pixel,unet_pixel,7-1-3(1),4,3407,mean_local_acute_angle_deg,2.6685896019698276,7.941730788783914,-5.273141186814087
attention_effect,attunet_pixel,unet_pixel,7-1-3(1),4,2026,dominant_path_length,2254.395236515982,375.58318678216574,1878.8120497338164
attention_effect,attunet_pixel,unet_pixel,7-1-3(1),4,2026,retained_segment_count,5.0,76.0,-71.0
attention_effect,attunet_pixel,unet_pixel,7-1-3(1),4,2026,junction_region_count,49.0,25.0,24.0
attention_effect,attunet_pixel,unet_pixel,7-1-3(1),4,2026,mean_local_acute_angle_deg,3.9604250151914826,7.929966392846836,-3.9695413776553536
attention_effect,attunet_pixel,unet_pixel,7-1-3(2),4,42,dominant_path_length,221.41421356236333,450.67619023322163,-229.2619766708583
attention_effect,attunet_pixel,unet_pixel,7-1-3(2),4,42,retained_segment_count,66.0,60.0,6.0
attention_effect,attunet_pixel,unet_pixel,7-1-3(2),4,42,junction_region_count,78.0,71.0,7.0
attention_effect,attunet_pixel,unet_pixel,7-1-3(2),4,42,mean_local_acute_angle_deg,7.381083971851048,7.47472845226099,-0.09364448040994233
attention_effect,attunet_pixel,unet_pixel,7-1-3(2),4,3407,dominant_path_length,230.3137084989744,230.4680374315244,-0.15432893255001545
attention_effect,attunet_pixel,unet_pixel,7-1-3(2),4,3407,retained_segment_count,18.0,50.0,-32.0
attention_effect,attunet_pixel,unet_pixel,7-1-3(2),4,3407,junction_region_count,1.0,58.0,-57.0
attention_effect,attunet_pixel,unet_pixel,7-1-3(2),4,3407,mean_local_acute_angle_deg,5.583350891724699,7.737688167037739,-2.15433727531304
attention_effect,attunet_pixel,unet_pixel,7-1-3(2),4,2026,dominant_path_length,416.85786437624256,734.4718625761652,-317.61399819992266
attention_effect,attunet_pixel,unet_pixel,7-1-3(2),4,2026,retained_segment_count,46.0,23.0,23.0
attention_effect,attunet_pixel,unet_pixel,7-1-3(2),4,2026,junction_region_count,53.0,0.0,53.0
attention_effect,attunet_pixel,unet_pixel,7-1-3(2),4,2026,mean_local_acute_angle_deg,4.4260634822349445,7.474405369697088,-3.0483418874621435
attention_effect,attunet_pixel,unet_pixel,7-1-3(3),0,42,dominant_path_length,1454.4701294725091,2128.366665816294,-673.8965363437846
attention_effect,attunet_pixel,unet_pixel,7-1-3(3),0,42,retained_segment_count,53.0,13.0,40.0
attention_effect,attunet_pixel,unet_pixel,7-1-3(3),0,42,junction_region_count,32.0,19.0,13.0
attention_effect,attunet_pixel,unet_pixel,7-1-3(3),0,42,mean_local_acute_angle_deg,3.9911171671198176,6.400855468156912,-2.4097383010370947
attention_effect,attunet_pixel,unet_pixel,7-1-3(3),0,3407,dominant_path_length,1487.0508652762537,1467.3056992721931,19.745166004060593
attention_effect,attunet_pixel,unet_pixel,7-1-3(3),0,3407,retained_segment_count,47.0,42.0,5.0
attention_effect,attunet_pixel,unet_pixel,7-1-3(3),0,3407,junction_region_count,26.0,22.0,4.0
attention_effect,attunet_pixel,unet_pixel,7-1-3(3),0,3407,mean_local_acute_angle_deg,3.405097722360047,7.263919660560752,-3.8588219382007054
attention_effect,attunet_pixel,unet_pixel,7-1-3(3),0,2026,dominant_path_length,1500.0142853497935,94.44747595857189,1405.5668093912216
attention_effect,attunet_pixel,unet_pixel,7-1-3(3),0,2026,retained_segment_count,66.0,123.0,-57.0
attention_effect,attunet_pixel,unet_pixel,7-1-3(3),0,2026,junction_region_count,29.0,86.0,-57.0
attention_effect,attunet_pixel,unet_pixel,7-1-3(3),0,2026,mean_local_acute_angle_deg,6.7061210985187145,11.486644779521875,-4.78052368100316
attention_effect,attunet_pixel,unet_pixel,7-1-6(1),0,42,dominant_path_length,1025.8233764908277,1005.2792206135432,20.54415587728454
attention_effect,attunet_pixel,unet_pixel,7-1-6(1),0,42,retained_segment_count,41.0,65.0,-24.0
attention_effect,attunet_pixel,unet_pixel,7-1-6(1),0,42,junction_region_count,38.0,72.0,-34.0
attention_effect,attunet_pixel,unet_pixel,7-1-6(1),0,42,mean_local_acute_angle_deg,5.321860305646119,7.56535198268071,-2.2434916770345907
attention_effect,attunet_pixel,unet_pixel,7-1-6(1),0,3407,dominant_path_length,1125.3797256769226,1148.0193359837117,-22.63961030678911
attention_effect,attunet_pixel,unet_pixel,7-1-6(1),0,3407,retained_segment_count,57.0,4.0,53.0
attention_effect,attunet_pixel,unet_pixel,7-1-6(1),0,3407,junction_region_count,47.0,4.0,43.0
attention_effect,attunet_pixel,unet_pixel,7-1-6(1),0,3407,mean_local_acute_angle_deg,4.657932663477375,4.582098881463089,0.07583378201428559
attention_effect,attunet_pixel,unet_pixel,7-1-6(1),0,2026,dominant_path_length,1126.8355697996385,43.88398409749652,1082.951585702142
attention_effect,attunet_pixel,unet_pixel,7-1-6(1),0,2026,retained_segment_count,38.0,74.0,-36.0
attention_effect,attunet_pixel,unet_pixel,7-1-6(1),0,2026,junction_region_count,44.0,31.0,13.0
attention_effect,attunet_pixel,unet_pixel,7-1-6(1),0,2026,mean_local_acute_angle_deg,7.825399004465773,11.28790377309096,-3.4625047686251875
attention_effect,attunet_pixel,unet_pixel,7-1-6(2),3,42,dominant_path_length,953.7523086790761,1746.5432893255315,-792.7909806464554
attention_effect,attunet_pixel,unet_pixel,7-1-6(2),3,42,retained_segment_count,17.0,7.0,10.0
attention_effect,attunet_pixel,unet_pixel,7-1-6(2),3,42,junction_region_count,47.0,36.0,11.0
attention_effect,attunet_pixel,unet_pixel,7-1-6(2),3,42,mean_local_acute_angle_deg,2.929048945914026,2.905481087831106,0.023567858082920168
attention_effect,attunet_pixel,unet_pixel,7-1-6(2),3,3407,dominant_path_length,1475.4734470029307,3566.319118070349,-2090.845671067418
attention_effect,attunet_pixel,unet_pixel,7-1-6(2),3,3407,retained_segment_count,35.0,34.0,1.0
attention_effect,attunet_pixel,unet_pixel,7-1-6(2),3,3407,junction_region_count,56.0,21.0,35.0
attention_effect,attunet_pixel,unet_pixel,7-1-6(2),3,3407,mean_local_acute_angle_deg,1.1814817701037654,3.0832312906695662,-1.9017495205658008
attention_effect,attunet_pixel,unet_pixel,7-1-6(2),3,2026,dominant_path_length,906.5512985523078,1438.46543777619,-531.9141392238821
attention_effect,attunet_pixel,unet_pixel,7-1-6(2),3,2026,retained_segment_count,45.0,194.0,-149.0
attention_effect,attunet_pixel,unet_pixel,7-1-6(2),3,2026,junction_region_count,2.0,193.0,-191.0
attention_effect,attunet_pixel,unet_pixel,7-1-6(2),3,2026,mean_local_acute_angle_deg,2.4917008226444466,1.5863333399456394,0.9053674826988072
attention_effect,attunet_pixel,unet_pixel,7-1-6(3),2,42,dominant_path_length,1727.3128419471618,2036.9940828142946,-309.68124086713283
attention_effect,attunet_pixel,unet_pixel,7-1-6(3),2,42,retained_segment_count,82.0,78.0,4.0
attention_effect,attunet_pixel,unet_pixel,7-1-6(3),2,42,junction_region_count,76.0,100.0,-24.0
attention_effect,attunet_pixel,unet_pixel,7-1-6(3),2,42,mean_local_acute_angle_deg,7.828801967433186,7.8943867217917045,-0.06558475435851818
attention_effect,attunet_pixel,unet_pixel,7-1-6(3),2,3407,dominant_path_length,198.72460453107078,2053.6803743153096,-1854.9557697842388
attention_effect,attunet_pixel,unet_pixel,7-1-6(3),2,3407,retained_segment_count,192.0,118.0,74.0
attention_effect,attunet_pixel,unet_pixel,7-1-6(3),2,3407,junction_region_count,166.0,103.0,63.0
attention_effect,attunet_pixel,unet_pixel,7-1-6(3),2,3407,mean_local_acute_angle_deg,10.977670073239459,10.172369719175677,0.8053003540637818
attention_effect,attunet_pixel,unet_pixel,7-1-6(3),2,2026,dominant_path_length,2032.780879378698,1361.4478348959556,671.3330444827425
attention_effect,attunet_pixel,unet_pixel,7-1-6(3),2,2026,retained_segment_count,87.0,196.0,-109.0
attention_effect,attunet_pixel,unet_pixel,7-1-6(3),2,2026,junction_region_count,88.0,242.0,-154.0
attention_effect,attunet_pixel,unet_pixel,7-1-6(3),2,2026,mean_local_acute_angle_deg,8.386939522604187,3.021533728303943,5.365405794300244
attention_effect,attunet_pixel,unet_pixel,7-1-6(4),0,42,dominant_path_length,739.3868683518535,823.4528855298227,-84.06601717796912
attention_effect,attunet_pixel,unet_pixel,7-1-6(4),0,42,retained_segment_count,58.0,57.0,1.0
attention_effect,attunet_pixel,unet_pixel,7-1-6(4),0,42,junction_region_count,100.0,7.0,93.0
attention_effect,attunet_pixel,unet_pixel,7-1-6(4),0,42,mean_local_acute_angle_deg,0.9141667907755604,1.278994853133348,-0.36482806235778753
attention_effect,attunet_pixel,unet_pixel,7-1-6(4),0,3407,dominant_path_length,622.6538956565869,801.1442276647317,-178.49033200814483
attention_effect,attunet_pixel,unet_pixel,7-1-6(4),0,3407,retained_segment_count,8.0,72.0,-64.0
attention_effect,attunet_pixel,unet_pixel,7-1-6(4),0,3407,junction_region_count,59.0,130.0,-71.0
attention_effect,attunet_pixel,unet_pixel,7-1-6(4),0,3407,mean_local_acute_angle_deg,2.1315864736652372,0.560961301303216,1.5706251723620213
attention_effect,attunet_pixel,unet_pixel,7-1-6(4),0,2026,dominant_path_length,812.1858582250698,300.30324829375286,511.8826099313169
attention_effect,attunet_pixel,unet_pixel,7-1-6(4),0,2026,retained_segment_count,13.0,228.0,-215.0
attention_effect,attunet_pixel,unet_pixel,7-1-6(4),0,2026,junction_region_count,56.0,276.0,-220.0
attention_effect,attunet_pixel,unet_pixel,7-1-6(4),0,2026,mean_local_acute_angle_deg,0.28336225524736136,1.1680650781596498,-0.8847028229122884
attention_effect,attunet_pixel,unet_pixel,DN50-235-25-6(2),1,42,dominant_path_length,688.4406922210684,222.2283553372447,466.2123368838237
attention_effect,attunet_pixel,unet_pixel,DN50-235-25-6(2),1,42,retained_segment_count,3.0,64.0,-61.0
attention_effect,attunet_pixel,unet_pixel,DN50-235-25-6(2),1,42,junction_region_count,25.0,34.0,-9.0
attention_effect,attunet_pixel,unet_pixel,DN50-235-25-6(2),1,42,mean_local_acute_angle_deg,0.7751998691353919,4.728081150380845,-3.9528812812454532
attention_effect,attunet_pixel,unet_pixel,DN50-235-25-6(2),1,3407,dominant_path_length,725.5411972844566,686.1269837220834,39.41421356237322
attention_effect,attunet_pixel,unet_pixel,DN50-235-25-6(2),1,3407,retained_segment_count,8.0,14.0,-6.0
attention_effect,attunet_pixel,unet_pixel,DN50-235-25-6(2),1,3407,junction_region_count,16.0,28.0,-12.0
attention_effect,attunet_pixel,unet_pixel,DN50-235-25-6(2),1,3407,mean_local_acute_angle_deg,2.0985851083927756,5.842485921437692,-3.7439008130449167
attention_effect,attunet_pixel,unet_pixel,DN50-235-25-6(2),1,2026,dominant_path_length,631.4650788387087,1154.68037431536,-523.2152954766514
attention_effect,attunet_pixel,unet_pixel,DN50-235-25-6(2),1,2026,retained_segment_count,121.0,12.0,109.0
attention_effect,attunet_pixel,unet_pixel,DN50-235-25-6(2),1,2026,junction_region_count,140.0,9.0,131.0
attention_effect,attunet_pixel,unet_pixel,DN50-235-25-6(2),1,2026,mean_local_acute_angle_deg,1.9213651586186558,7.29704311124334,-5.3756779526246845
attention_effect,attunet_pixel,unet_pixel,DN50-235-25-6(3),1,42,dominant_path_length,37.779653889465976,1170.83051916579,-1133.0508652763242
attention_effect,attunet_pixel,unet_pixel,DN50-235-25-6(3),1,42,retained_segment_count,38.0,11.0,27.0
attention_effect,attunet_pixel,unet_pixel,DN50-235-25-6(3),1,42,junction_region_count,28.0,12.0,16.0
attention_effect,attunet_pixel,unet_pixel,DN50-235-25-6(3),1,42,mean_local_acute_angle_deg,8.950087456486223,7.357707948509393,1.5923795079768297
attention_effect,attunet_pixel,unet_pixel,DN50-235-25-6(3),1,3407,dominant_path_length,44.8090911409887,56.336003075570034,-11.526911934581335
attention_effect,attunet_pixel,unet_pixel,DN50-235-25-6(3),1,3407,retained_segment_count,12.0,26.0,-14.0
attention_effect,attunet_pixel,unet_pixel,DN50-235-25-6(3),1,3407,junction_region_count,11.0,24.0,-13.0
attention_effect,attunet_pixel,unet_pixel,DN50-235-25-6(3),1,3407,mean_local_acute_angle_deg,10.348824443844094,8.318100839941657,2.0307236039024374
attention_effect,attunet_pixel,unet_pixel,DN50-235-25-6(3),1,2026,dominant_path_length,51.02229457658518,356.752308678998,-305.73001410241284
attention_effect,attunet_pixel,unet_pixel,DN50-235-25-6(3),1,2026,retained_segment_count,71.0,3.0,68.0
attention_effect,attunet_pixel,unet_pixel,DN50-235-25-6(3),1,2026,junction_region_count,121.0,1.0,120.0
attention_effect,attunet_pixel,unet_pixel,DN50-235-25-6(3),1,2026,mean_local_acute_angle_deg,7.279651331647209,1.9952836769607316,5.284367654686477
attention_effect,attunet_pixel,unet_pixel,DN50-235-25-7(1),0,42,dominant_path_length,100.72583002030319,62.713636711483105,38.01219330882009
attention_effect,attunet_pixel,unet_pixel,DN50-235-25-7(1),0,42,retained_segment_count,16.0,29.0,-13.0
attention_effect,attunet_pixel,unet_pixel,DN50-235-25-7(1),0,42,junction_region_count,13.0,30.0,-17.0
attention_effect,attunet_pixel,unet_pixel,DN50-235-25-7(1),0,42,mean_local_acute_angle_deg,4.842795168407399,10.50551317748598,-5.662718009078581
attention_effect,attunet_pixel,unet_pixel,DN50-235-25-7(1),0,3407,dominant_path_length,41.64256889961746,33.32886040063272,8.313708498984738
attention_effect,attunet_pixel,unet_pixel,DN50-235-25-7(1),0,3407,retained_segment_count,19.0,8.0,11.0
attention_effect,attunet_pixel,unet_pixel,DN50-235-25-7(1),0,3407,junction_region_count,17.0,9.0,8.0
attention_effect,attunet_pixel,unet_pixel,DN50-235-25-7(1),0,3407,mean_local_acute_angle_deg,7.333774435859404,5.121916390250824,2.2118580456085795
attention_effect,attunet_pixel,unet_pixel,DN50-235-25-7(1),0,2026,dominant_path_length,78.98571465012503,2402.3015151901586,-2323.3158005400337
attention_effect,attunet_pixel,unet_pixel,DN50-235-25-7(1),0,2026,retained_segment_count,21.0,35.0,-14.0
attention_effect,attunet_pixel,unet_pixel,DN50-235-25-7(1),0,2026,junction_region_count,21.0,37.0,-16.0
attention_effect,attunet_pixel,unet_pixel,DN50-235-25-7(1),0,2026,mean_local_acute_angle_deg,0.3022656496851752,3.926046204080478,-3.623780554395303
attention_effect,attunet_pixel,unet_pixel,W82-447-1-13-3(1),3,42,dominant_path_length,1477.4103884176868,812.1139238614055,665.2964645562813
attention_effect,attunet_pixel,unet_pixel,W82-447-1-13-3(1),3,42,retained_segment_count,130.0,126.0,4.0
attention_effect,attunet_pixel,unet_pixel,W82-447-1-13-3(1),3,42,junction_region_count,102.0,99.0,3.0
attention_effect,attunet_pixel,unet_pixel,W82-447-1-13-3(1),3,42,mean_local_acute_angle_deg,0.2835422793494544,1.776337576931823,-1.4927952975823686
attention_effect,attunet_pixel,unet_pixel,W82-447-1-13-3(1),3,3407,dominant_path_length,271.2645763262685,1493.7829714197173,-1222.5183950934488
attention_effect,attunet_pixel,unet_pixel,W82-447-1-13-3(1),3,3407,retained_segment_count,138.0,131.0,7.0
attention_effect,attunet_pixel,unet_pixel,W82-447-1-13-3(1),3,3407,junction_region_count,106.0,107.0,-1.0
attention_effect,attunet_pixel,unet_pixel,W82-447-1-13-3(1),3,3407,mean_local_acute_angle_deg,1.297599906952513,1.5651003409157696,-0.2675004339632565
attention_effect,attunet_pixel,unet_pixel,W82-447-1-13-3(1),3,2026,dominant_path_length,1466.5697679841207,355.5122676472829,1111.0575003368378
attention_effect,attunet_pixel,unet_pixel,W82-447-1-13-3(1),3,2026,retained_segment_count,87.0,214.0,-127.0
attention_effect,attunet_pixel,unet_pixel,W82-447-1-13-3(1),3,2026,junction_region_count,64.0,170.0,-106.0
attention_effect,attunet_pixel,unet_pixel,W82-447-1-13-3(1),3,2026,mean_local_acute_angle_deg,3.6545711800935337,1.0265422694520723,2.6280289106414614
attention_effect,attunet_pixel,unet_pixel,W82-447-1-13-7(1),4,42,dominant_path_length,1162.7178207935617,1166.7888886054272,-4.071067811865532
attention_effect,attunet_pixel,unet_pixel,W82-447-1-13-7(1),4,42,retained_segment_count,28.0,31.0,-3.0
attention_effect,attunet_pixel,unet_pixel,W82-447-1-13-7(1),4,42,junction_region_count,29.0,25.0,4.0
attention_effect,attunet_pixel,unet_pixel,W82-447-1-13-7(1),4,42,mean_local_acute_angle_deg,4.252159146964345,6.333656794187576,-2.0814976472232303
attention_effect,attunet_pixel,unet_pixel,W82-447-1-13-7(1),4,3407,dominant_path_length,1165.2914139223685,1199.6467529816962,-34.35533905932766
attention_effect,attunet_pixel,unet_pixel,W82-447-1-13-7(1),4,3407,retained_segment_count,4.0,25.0,-21.0
attention_effect,attunet_pixel,unet_pixel,W82-447-1-13-7(1),4,3407,junction_region_count,10.0,10.0,0.0
attention_effect,attunet_pixel,unet_pixel,W82-447-1-13-7(1),4,3407,mean_local_acute_angle_deg,1.599019767168926,7.186836820077097,-5.587817052908171
attention_effect,attunet_pixel,unet_pixel,W82-447-1-13-7(1),4,2026,dominant_path_length,1118.2792206135484,608.6434354514213,509.63578516212715
attention_effect,attunet_pixel,unet_pixel,W82-447-1-13-7(1),4,2026,retained_segment_count,18.0,69.0,-51.0
attention_effect,attunet_pixel,unet_pixel,W82-447-1-13-7(1),4,2026,junction_region_count,10.0,63.0,-53.0
attention_effect,attunet_pixel,unet_pixel,W82-447-1-13-7(1),4,2026,mean_local_acute_angle_deg,8.27981911309844,8.825579445855531,-0.5457603327570908
attention_effect,attunet_pixel,unet_pixel,W82-447-1-13-7(2),3,42,dominant_path_length,1749.7018023401097,1531.346463280782,218.35533905932766
attention_effect,attunet_pixel,unet_pixel,W82-447-1-13-7(2),3,42,retained_segment_count,6.0,8.0,-2.0
attention_effect,attunet_pixel,unet_pixel,W82-447-1-13-7(2),3,42,junction_region_count,4.0,2.0,2.0
attention_effect,attunet_pixel,unet_pixel,W82-447-1-13-7(2),3,42,mean_local_acute_angle_deg,0.915448953935531,5.338287657776576,-4.422838703841045
attention_effect,attunet_pixel,unet_pixel,W82-447-1-13-7(2),3,3407,dominant_path_length,683.1590206289766,1865.1525958289428,-1181.9935751999662
attention_effect,attunet_pixel,unet_pixel,W82-447-1-13-7(2),3,3407,retained_segment_count,17.0,7.0,10.0
attention_effect,attunet_pixel,unet_pixel,W82-447-1-13-7(2),3,3407,junction_region_count,7.0,5.0,2.0
attention_effect,attunet_pixel,unet_pixel,W82-447-1-13-7(2),3,3407,mean_local_acute_angle_deg,10.27807293081294,3.7097082783236175,6.568364652489322
attention_effect,attunet_pixel,unet_pixel,W82-447-1-13-7(2),3,2026,dominant_path_length,1765.9738802787517,777.0097423303191,988.9641379484326
attention_effect,attunet_pixel,unet_pixel,W82-447-1-13-7(2),3,2026,retained_segment_count,3.0,49.0,-46.0
attention_effect,attunet_pixel,unet_pixel,W82-447-1-13-7(2),3,2026,junction_region_count,1.0,43.0,-42.0
attention_effect,attunet_pixel,unet_pixel,W82-447-1-13-7(2),3,2026,mean_local_acute_angle_deg,10.347229042112708,13.957517972256397,-3.610288930143689
attention_effect,attunet_pixel,unet_pixel,W82-447-1-13-7(3),2,42,dominant_path_length,1623.77582874479,1656.1067811864775,-32.33095244168749
attention_effect,attunet_pixel,unet_pixel,W82-447-1-13-7(3),2,42,retained_segment_count,254.0,255.0,-1.0
attention_effect,attunet_pixel,unet_pixel,W82-447-1-13-7(3),2,42,junction_region_count,192.0,206.0,-14.0
attention_effect,attunet_pixel,unet_pixel,W82-447-1-13-7(3),2,42,mean_local_acute_angle_deg,0.6540204921797113,0.2158140317994679,0.43820646038024336
attention_effect,attunet_pixel,unet_pixel,W82-447-1-13-7(3),2,3407,dominant_path_length,355.7110370560895,1591.609306503419,-1235.8982694473295
attention_effect,attunet_pixel,unet_pixel,W82-447-1-13-7(3),2,3407,retained_segment_count,443.0,286.0,157.0
attention_effect,attunet_pixel,unet_pixel,W82-447-1-13-7(3),2,3407,junction_region_count,384.0,235.0,149.0
attention_effect,attunet_pixel,unet_pixel,W82-447-1-13-7(3),2,3407,mean_local_acute_angle_deg,1.7193849417915388,0.1818499024342799,1.5375350393572589
attention_effect,attunet_pixel,unet_pixel,W82-447-1-13-7(3),2,2026,dominant_path_length,1533.6509370637632,1604.5209947488506,-70.87005768508743
attention_effect,attunet_pixel,unet_pixel,W82-447-1-13-7(3),2,2026,retained_segment_count,349.0,458.0,-109.0
attention_effect,attunet_pixel,unet_pixel,W82-447-1-13-7(3),2,2026,junction_region_count,374.0,475.0,-101.0
attention_effect,attunet_pixel,unet_pixel,W82-447-1-13-7(3),2,2026,mean_local_acute_angle_deg,1.5241982565588685,2.9205655609506778,-1.3963673043918092
fixed_skeleton_effect,attunet_cl_fixed,attunet_pixel,10-1-1,3,42,dominant_path_length,949.9015869776022,954.002092040992,-4.100505063389846
fixed_skeleton_effect,attunet_cl_fixed,attunet_pixel,10-1-1,3,42,retained_segment_count,22.0,19.0,3.0
fixed_skeleton_effect,attunet_cl_fixed,attunet_pixel,10-1-1,3,42,junction_region_count,32.0,18.0,14.0
fixed_skeleton_effect,attunet_cl_fixed,attunet_pixel,10-1-1,3,42,mean_local_acute_angle_deg,11.518106034997146,5.807979786900866,5.71012624809628
fixed_skeleton_effect,attunet_cl_fixed,attunet_pixel,10-1-1,3,3407,dominant_path_length,963.2863632884514,261.08657865091163,702.1997846375398
fixed_skeleton_effect,attunet_cl_fixed,attunet_pixel,10-1-1,3,3407,retained_segment_count,9.0,7.0,2.0
fixed_skeleton_effect,attunet_cl_fixed,attunet_pixel,10-1-1,3,3407,junction_region_count,42.0,34.0,8.0
fixed_skeleton_effect,attunet_cl_fixed,attunet_pixel,10-1-1,3,3407,mean_local_acute_angle_deg,0.6623498982577587,19.727677520237634,-19.065327621979876
fixed_skeleton_effect,attunet_cl_fixed,attunet_pixel,10-1-1,3,2026,dominant_path_length,909.6173157301441,936.5462479182761,-26.928932188131967
fixed_skeleton_effect,attunet_cl_fixed,attunet_pixel,10-1-1,3,2026,retained_segment_count,22.0,30.0,-8.0
fixed_skeleton_effect,attunet_cl_fixed,attunet_pixel,10-1-1,3,2026,junction_region_count,41.0,32.0,9.0
fixed_skeleton_effect,attunet_cl_fixed,attunet_pixel,10-1-1,3,2026,mean_local_acute_angle_deg,11.345133877286777,9.567212583958522,1.777921293328255
fixed_skeleton_effect,attunet_cl_fixed,attunet_pixel,10-1-1(1),3,42,dominant_path_length,1701.1219330881695,1797.3544725075237,-96.23253941935423
fixed_skeleton_effect,attunet_cl_fixed,attunet_pixel,10-1-1(1),3,42,retained_segment_count,35.0,12.0,23.0
fixed_skeleton_effect,attunet_cl_fixed,attunet_pixel,10-1-1(1),3,42,junction_region_count,33.0,7.0,26.0
fixed_skeleton_effect,attunet_cl_fixed,attunet_pixel,10-1-1(1),3,42,mean_local_acute_angle_deg,2.105624302088934,2.1264274519433783,-0.020803149854444314
fixed_skeleton_effect,attunet_cl_fixed,attunet_pixel,10-1-1(1),3,3407,dominant_path_length,1730.584919885823,498.9958159178932,1231.5891039679298
fixed_skeleton_effect,attunet_cl_fixed,attunet_pixel,10-1-1(1),3,3407,retained_segment_count,67.0,22.0,45.0
fixed_skeleton_effect,attunet_cl_fixed,attunet_pixel,10-1-1(1),3,3407,junction_region_count,85.0,13.0,72.0
fixed_skeleton_effect,attunet_cl_fixed,attunet_pixel,10-1-1(1),3,3407,mean_local_acute_angle_deg,3.239914838856542,9.652123569084033,-6.412208730227491
fixed_skeleton_effect,attunet_cl_fixed,attunet_pixel,10-1-1(1),3,2026,dominant_path_length,1759.999133448196,1682.0041840820786,77.99494936611745
fixed_skeleton_effect,attunet_cl_fixed,attunet_pixel,10-1-1(1),3,2026,retained_segment_count,61.0,14.0,47.0
fixed_skeleton_effect,attunet_cl_fixed,attunet_pixel,10-1-1(1),3,2026,junction_region_count,61.0,3.0,58.0
fixed_skeleton_effect,attunet_cl_fixed,attunet_pixel,10-1-1(1),3,2026,mean_local_acute_angle_deg,5.543426073641591,9.362549586864716,-3.8191235132231256
fixed_skeleton_effect,attunet_cl_fixed,attunet_pixel,10-1-1(2),1,42,dominant_path_length,770.2426406871193,267.1442276647855,503.09841302233383
fixed_skeleton_effect,attunet_cl_fixed,attunet_pixel,10-1-1(2),1,42,retained_segment_count,28.0,9.0,19.0
fixed_skeleton_effect,attunet_cl_fixed,attunet_pixel,10-1-1(2),1,42,junction_region_count,32.0,6.0,26.0
fixed_skeleton_effect,attunet_cl_fixed,attunet_pixel,10-1-1(2),1,42,mean_local_acute_angle_deg,8.460550956130831,2.1740687505091785,6.2864822056216525
fixed_skeleton_effect,attunet_cl_fixed,attunet_pixel,10-1-1(2),1,3407,dominant_path_length,621.5147186257614,649.1005050633883,-27.585786437626894
fixed_skeleton_effect,attunet_cl_fixed,attunet_pixel,10-1-1(2),1,3407,retained_segment_count,24.0,5.0,19.0
fixed_skeleton_effect,attunet_cl_fixed,attunet_pixel,10-1-1(2),1,3407,junction_region_count,55.0,1.0,54.0
fixed_skeleton_effect,attunet_cl_fixed,attunet_pixel,10-1-1(2),1,3407,mean_local_acute_angle_deg,0.2621866898469847,4.448246627357008,-4.186059937510024
fixed_skeleton_effect,attunet_cl_fixed,attunet_pixel,10-1-1(2),1,2026,dominant_path_length,502.9045455704942,620.9289321881344,-118.02438661764018
fixed_skeleton_effect,attunet_cl_fixed,attunet_pixel,10-1-1(2),1,2026,retained_segment_count,16.0,61.0,-45.0
fixed_skeleton_effect,attunet_cl_fixed,attunet_pixel,10-1-1(2),1,2026,junction_region_count,12.0,50.0,-38.0
fixed_skeleton_effect,attunet_cl_fixed,attunet_pixel,10-1-1(2),1,2026,mean_local_acute_angle_deg,2.7678200900605248,9.139511976850393,-6.371691886789868
fixed_skeleton_effect,attunet_cl_fixed,attunet_pixel,10-1-1(3),2,42,dominant_path_length,153.8587309280556,932.7968978321467,-778.9381669040911
fixed_skeleton_effect,attunet_cl_fixed,attunet_pixel,10-1-1(3),2,42,retained_segment_count,84.0,37.0,47.0
fixed_skeleton_effect,attunet_cl_fixed,attunet_pixel,10-1-1(3),2,42,junction_region_count,121.0,28.0,93.0
fixed_skeleton_effect,attunet_cl_fixed,attunet_pixel,10-1-1(3),2,42,mean_local_acute_angle_deg,13.005586017952723,20.23792244089043,-7.232336422937706
fixed_skeleton_effect,attunet_cl_fixed,attunet_pixel,10-1-1(3),2,3407,dominant_path_length,927.0689757707887,717.3734495538251,209.69552621696357
fixed_skeleton_effect,attunet_cl_fixed,attunet_pixel,10-1-1(3),2,3407,retained_segment_count,67.0,109.0,-42.0
fixed_skeleton_effect,attunet_cl_fixed,attunet_pixel,10-1-1(3),2,3407,junction_region_count,88.0,117.0,-29.0
fixed_skeleton_effect,attunet_cl_fixed,attunet_pixel,10-1-1(3),2,3407,mean_local_acute_angle_deg,12.196173839662265,0.05413235576001085,12.142041483902254
fixed_skeleton_effect,attunet_cl_fixed,attunet_pixel,10-1-1(3),2,2026,dominant_path_length,313.13080886668786,1336.519769259622,-1023.3889603929342
fixed_skeleton_effect,attunet_cl_fixed,attunet_pixel,10-1-1(3),2,2026,retained_segment_count,86.0,34.0,52.0
fixed_skeleton_effect,attunet_cl_fixed,attunet_pixel,10-1-1(3),2,2026,junction_region_count,132.0,51.0,81.0
fixed_skeleton_effect,attunet_cl_fixed,attunet_pixel,10-1-1(3),2,2026,mean_local_acute_angle_deg,11.454129040466455,5.882793671962354,5.571335368504101
fixed_skeleton_effect,attunet_cl_fixed,attunet_pixel,10-1-2,2,42,dominant_path_length,396.47518010646127,414.1909088590037,-17.715728752542418
fixed_skeleton_effect,attunet_cl_fixed,attunet_pixel,10-1-2,2,42,retained_segment_count,247.0,133.0,114.0
fixed_skeleton_effect,attunet_cl_fixed,attunet_pixel,10-1-2,2,42,junction_region_count,278.0,151.0,127.0
fixed_skeleton_effect,attunet_cl_fixed,attunet_pixel,10-1-2,2,42,mean_local_acute_angle_deg,4.224717178879011,4.513620351461903,-0.28890317258289144
fixed_skeleton_effect,attunet_cl_fixed,attunet_pixel,10-1-2,2,3407,dominant_path_length,316.29141392239626,403.8653659886104,-87.57395206621413
fixed_skeleton_effect,attunet_cl_fixed,attunet_pixel,10-1-2,2,3407,retained_segment_count,135.0,294.0,-159.0
fixed_skeleton_effect,attunet_cl_fixed,attunet_pixel,10-1-2,2,3407,junction_region_count,155.0,231.0,-76.0
fixed_skeleton_effect,attunet_cl_fixed,attunet_pixel,10-1-2,2,3407,mean_local_acute_angle_deg,5.933019485816402,15.002402862100375,-9.069383376283973
fixed_skeleton_effect,attunet_cl_fixed,attunet_pixel,10-1-2,2,2026,dominant_path_length,272.86500705120943,856.6000717874613,-583.7350647362518
fixed_skeleton_effect,attunet_cl_fixed,attunet_pixel,10-1-2,2,2026,retained_segment_count,228.0,93.0,135.0
fixed_skeleton_effect,attunet_cl_fixed,attunet_pixel,10-1-2,2,2026,junction_region_count,253.0,113.0,140.0
fixed_skeleton_effect,attunet_cl_fixed,attunet_pixel,10-1-2,2,2026,mean_local_acute_angle_deg,2.387269556254978,6.4948034575254425,-4.107533901270465
fixed_skeleton_effect,attunet_cl_fixed,attunet_pixel,10-1-2(1),4,42,dominant_path_length,1542.55043200033,2177.807358037324,-635.256926036994
fixed_skeleton_effect,attunet_cl_fixed,attunet_pixel,10-1-2(1),4,42,retained_segment_count,103.0,19.0,84.0
fixed_skeleton_effect,attunet_cl_fixed,attunet_pixel,10-1-2(1),4,42,junction_region_count,146.0,1.0,145.0
fixed_skeleton_effect,attunet_cl_fixed,attunet_pixel,10-1-2(1),4,42,mean_local_acute_angle_deg,16.21143993217209,3.859435939225783,12.352003992946308
fixed_skeleton_effect,attunet_cl_fixed,attunet_pixel,10-1-2(1),4,3407,dominant_path_length,2034.6875169901778,2456.351513914608,-421.6639969244302
fixed_skeleton_effect,attunet_cl_fixed,attunet_pixel,10-1-2(1),4,3407,retained_segment_count,58.0,81.0,-23.0
fixed_skeleton_effect,attunet_cl_fixed,attunet_pixel,10-1-2(1),4,3407,junction_region_count,92.0,62.0,30.0
fixed_skeleton_effect,attunet_cl_fixed,attunet_pixel,10-1-2(1),4,3407,mean_local_acute_angle_deg,13.259865432958684,20.253034412581613,-6.993168979622929
fixed_skeleton_effect,attunet_cl_fixed,attunet_pixel,10-1-2(1),4,2026,dominant_path_length,2884.248050258392,2559.0743853420836,325.17366491630855
fixed_skeleton_effect,attunet_cl_fixed,attunet_pixel,10-1-2(1),4,2026,retained_segment_count,5.0,12.0,-7.0
fixed_skeleton_effect,attunet_cl_fixed,attunet_pixel,10-1-2(1),4,2026,junction_region_count,19.0,17.0,2.0
fixed_skeleton_effect,attunet_cl_fixed,attunet_pixel,10-1-2(1),4,2026,mean_local_acute_angle_deg,14.538051606090505,15.267207575260201,-0.729155969169696
fixed_skeleton_effect,attunet_cl_fixed,attunet_pixel,10-1-2(2),1,42,dominant_path_length,2209.4772721474883,1815.8691911332762,393.6080810142121
fixed_skeleton_effect,attunet_cl_fixed,attunet_pixel,10-1-2(2),1,42,retained_segment_count,139.0,21.0,118.0
fixed_skeleton_effect,attunet_cl_fixed,attunet_pixel,10-1-2(2),1,42,junction_region_count,165.0,32.0,133.0
fixed_skeleton_effect,attunet_cl_fixed,attunet_pixel,10-1-2(2),1,42,mean_local_acute_angle_deg,15.755239021450919,23.925064301766632,-8.169825280315713
fixed_skeleton_effect,attunet_cl_fixed,attunet_pixel,10-1-2(2),1,3407,dominant_path_length,1949.7005768508502,2219.0630585851154,-269.3624817342652
fixed_skeleton_effect,attunet_cl_fixed,attunet_pixel,10-1-2(2),1,3407,retained_segment_count,166.0,37.0,129.0
fixed_skeleton_effect,attunet_cl_fixed,attunet_pixel,10-1-2(2),1,3407,junction_region_count,235.0,25.0,210.0
fixed_skeleton_effect,attunet_cl_fixed,attunet_pixel,10-1-2(2),1,3407,mean_local_acute_angle_deg,20.81846503392564,17.419969488762327,3.398495545163314
fixed_skeleton_effect,attunet_cl_fixed,attunet_pixel,10-1-2(2),1,2026,dominant_path_length,1127.6791488260376,1951.6000717874622,-823.9209229614246
fixed_skeleton_effect,attunet_cl_fixed,attunet_pixel,10-1-2(2),1,2026,retained_segment_count,70.0,233.0,-163.0
fixed_skeleton_effect,attunet_cl_fixed,attunet_pixel,10-1-2(2),1,2026,junction_region_count,31.0,334.0,-303.0
fixed_skeleton_effect,attunet_cl_fixed,attunet_pixel,10-1-2(2),1,2026,mean_local_acute_angle_deg,19.26247374970923,11.250619824988782,8.011853924720448
fixed_skeleton_effect,attunet_cl_fixed,attunet_pixel,10-1-2(3),0,42,dominant_path_length,1633.0874452027795,1647.886435076003,-14.79898987322349
fixed_skeleton_effect,attunet_cl_fixed,attunet_pixel,10-1-2(3),0,42,retained_segment_count,23.0,9.0,14.0
fixed_skeleton_effect,attunet_cl_fixed,attunet_pixel,10-1-2(3),0,42,junction_region_count,18.0,3.0,15.0
fixed_skeleton_effect,attunet_cl_fixed,attunet_pixel,10-1-2(3),0,42,mean_local_acute_angle_deg,1.3071000255138685,2.6294997621462244,-1.3223997366323559
fixed_skeleton_effect,attunet_cl_fixed,attunet_pixel,10-1-2(3),0,3407,dominant_path_length,1645.6904755831092,1700.0996385115996,-54.40916292849033
fixed_skeleton_effect,attunet_cl_fixed,attunet_pixel,10-1-2(3),0,3407,retained_segment_count,30.0,2.0,28.0
fixed_skeleton_effect,attunet_cl_fixed,attunet_pixel,10-1-2(3),0,3407,junction_region_count,33.0,2.0,31.0
fixed_skeleton_effect,attunet_cl_fixed,attunet_pixel,10-1-2(3),0,3407,mean_local_acute_angle_deg,0.23783972204785186,2.8627408326358292,-2.6249011105879774
fixed_skeleton_effect,attunet_cl_fixed,attunet_pixel,10-1-2(3),0,2026,dominant_path_length,1407.47222151363,1676.3889603929442,-268.91673887931415
fixed_skeleton_effect,attunet_cl_fixed,attunet_pixel,10-1-2(3),0,2026,retained_segment_count,103.0,12.0,91.0
fixed_skeleton_effect,attunet_cl_fixed,attunet_pixel,10-1-2(3),0,2026,junction_region_count,122.0,4.0,118.0
fixed_skeleton_effect,attunet_cl_fixed,attunet_pixel,10-1-2(3),0,2026,mean_local_acute_angle_deg,0.05118258050029567,4.21755439591648,-4.166371815416184
fixed_skeleton_effect,attunet_cl_fixed,attunet_pixel,10-1-3,0,42,dominant_path_length,1879.2468247691527,2445.464212286859,-566.2173875177064
fixed_skeleton_effect,attunet_cl_fixed,attunet_pixel,10-1-3,0,42,retained_segment_count,27.0,7.0,20.0
fixed_skeleton_effect,attunet_cl_fixed,attunet_pixel,10-1-3,0,42,junction_region_count,19.0,3.0,16.0
fixed_skeleton_effect,attunet_cl_fixed,attunet_pixel,10-1-3,0,42,mean_local_acute_angle_deg,1.8497014207012796,10.903344781818305,-9.053643361117025
fixed_skeleton_effect,attunet_cl_fixed,attunet_pixel,10-1-3,0,3407,dominant_path_length,2261.4326829942815,2263.2611101190278,-1.828427124746213
fixed_skeleton_effect,attunet_cl_fixed,attunet_pixel,10-1-3,0,3407,retained_segment_count,13.0,8.0,5.0
fixed_skeleton_effect,attunet_cl_fixed,attunet_pixel,10-1-3,0,3407,junction_region_count,4.0,2.0,2.0
fixed_skeleton_effect,attunet_cl_fixed,attunet_pixel,10-1-3,0,3407,mean_local_acute_angle_deg,5.113196599222057,2.920801296811689,2.192395302410368
fixed_skeleton_effect,attunet_cl_fixed,attunet_pixel,10-1-3,0,2026,dominant_path_length,1734.477272147452,1942.9595949288625,-208.48232278141063
fixed_skeleton_effect,attunet_cl_fixed,attunet_pixel,10-1-3,0,2026,retained_segment_count,80.0,4.0,76.0
fixed_skeleton_effect,attunet_cl_fixed,attunet_pixel,10-1-3,0,2026,junction_region_count,126.0,12.0,114.0
fixed_skeleton_effect,attunet_cl_fixed,attunet_pixel,10-1-3,0,2026,mean_local_acute_angle_deg,5.390017530429304,6.377753087895684,-0.9877355574663795
fixed_skeleton_effect,attunet_cl_fixed,attunet_pixel,10-1-9(1),3,42,dominant_path_length,2358.661038331543,2132.555482634272,226.10555569727103
fixed_skeleton_effect,attunet_cl_fixed,attunet_pixel,10-1-9(1),3,42,retained_segment_count,107.0,61.0,46.0
fixed_skeleton_effect,attunet_cl_fixed,attunet_pixel,10-1-9(1),3,42,junction_region_count,102.0,59.0,43.0
fixed_skeleton_effect,attunet_cl_fixed,attunet_pixel,10-1-9(1),3,42,mean_local_acute_angle_deg,12.871979998556604,12.530238914769285,0.34174108378731916
fixed_skeleton_effect,attunet_cl_fixed,attunet_pixel,10-1-9(1),3,3407,dominant_path_length,1568.3401871576202,261.782612482325,1306.5575746752952
fixed_skeleton_effect,attunet_cl_fixed,attunet_pixel,10-1-9(1),3,3407,retained_segment_count,177.0,91.0,86.0
fixed_skeleton_effect,attunet_cl_fixed,attunet_pixel,10-1-9(1),3,3407,junction_region_count,238.0,71.0,167.0
fixed_skeleton_effect,attunet_cl_fixed,attunet_pixel,10-1-9(1),3,3407,mean_local_acute_angle_deg,8.662362103980492,16.18575850672576,-7.52339640274527
fixed_skeleton_effect,attunet_cl_fixed,attunet_pixel,10-1-9(1),3,2026,dominant_path_length,1583.7960312803361,2083.7270555095256,-499.93102422918946
fixed_skeleton_effect,attunet_cl_fixed,attunet_pixel,10-1-9(1),3,2026,retained_segment_count,186.0,23.0,163.0
fixed_skeleton_effect,attunet_cl_fixed,attunet_pixel,10-1-9(1),3,2026,junction_region_count,255.0,18.0,237.0
fixed_skeleton_effect,attunet_cl_fixed,attunet_pixel,10-1-9(1),3,2026,mean_local_acute_angle_deg,9.881012676172674,6.754176248843407,3.126836427329266
fixed_skeleton_effect,attunet_cl_fixed,attunet_pixel,10-1-9(2),3,42,dominant_path_length,2245.2854967366693,1679.709811566807,565.5756851698623
fixed_skeleton_effect,attunet_cl_fixed,attunet_pixel,10-1-9(2),3,42,retained_segment_count,54.0,19.0,35.0
fixed_skeleton_effect,attunet_cl_fixed,attunet_pixel,10-1-9(2),3,42,junction_region_count,42.0,9.0,33.0
fixed_skeleton_effect,attunet_cl_fixed,attunet_pixel,10-1-9(2),3,42,mean_local_acute_angle_deg,10.385006801377457,11.197581831620347,-0.8125750302428898
fixed_skeleton_effect,attunet_cl_fixed,attunet_pixel,10-1-9(2),3,3407,dominant_path_length,1662.6681810064645,37.207286249892604,1625.4608947565719
fixed_skeleton_effect,attunet_cl_fixed,attunet_pixel,10-1-9(2),3,3407,retained_segment_count,86.0,53.0,33.0
fixed_skeleton_effect,attunet_cl_fixed,attunet_pixel,10-1-9(2),3,3407,junction_region_count,98.0,17.0,81.0
fixed_skeleton_effect,attunet_cl_fixed,attunet_pixel,10-1-9(2),3,3407,mean_local_acute_angle_deg,12.250240031574705,26.134478250275862,-13.884238218701157
fixed_skeleton_effect,attunet_cl_fixed,attunet_pixel,10-1-9(2),3,2026,dominant_path_length,1313.7392488183305,2168.4570696119226,-854.7178207935922
fixed_skeleton_effect,attunet_cl_fixed,attunet_pixel,10-1-9(2),3,2026,retained_segment_count,91.0,12.0,79.0
fixed_skeleton_effect,attunet_cl_fixed,attunet_pixel,10-1-9(2),3,2026,junction_region_count,101.0,1.0,100.0
fixed_skeleton_effect,attunet_cl_fixed,attunet_pixel,10-1-9(2),3,2026,mean_local_acute_angle_deg,9.969493854635331,12.259867771678579,-2.2903739170432473
fixed_skeleton_effect,attunet_cl_fixed,attunet_pixel,10-1-9(3),4,42,dominant_path_length,2432.6753236813865,2573.621499812224,-140.94617613083756
fixed_skeleton_effect,attunet_cl_fixed,attunet_pixel,10-1-9(3),4,42,retained_segment_count,159.0,93.0,66.0
fixed_skeleton_effect,attunet_cl_fixed,attunet_pixel,10-1-9(3),4,42,junction_region_count,147.0,65.0,82.0
fixed_skeleton_effect,attunet_cl_fixed,attunet_pixel,10-1-9(3),4,42,mean_local_acute_angle_deg,24.827860004624554,15.781587961653955,9.0462720429706
fixed_skeleton_effect,attunet_cl_fixed,attunet_pixel,10-1-9(3),4,3407,dominant_path_length,2436.6286424871614,2362.0357133745974,74.59292911256398
fixed_skeleton_effect,attunet_cl_fixed,attunet_pixel,10-1-9(3),4,3407,retained_segment_count,135.0,106.0,29.0
fixed_skeleton_effect,attunet_cl_fixed,attunet_pixel,10-1-9(3),4,3407,junction_region_count,104.0,98.0,6.0
fixed_skeleton_effect,attunet_cl_fixed,attunet_pixel,10-1-9(3),4,3407,mean_local_acute_angle_deg,19.037545209172215,23.207636360300697,-4.1700911511284815
fixed_skeleton_effect,attunet_cl_fixed,attunet_pixel,10-1-9(3),4,2026,dominant_path_length,2848.5819612929363,2540.999133448137,307.58282784479934
fixed_skeleton_effect,attunet_cl_fixed,attunet_pixel,10-1-9(3),4,2026,retained_segment_count,78.0,72.0,6.0
fixed_skeleton_effect,attunet_cl_fixed,attunet_pixel,10-1-9(3),4,2026,junction_region_count,68.0,60.0,8.0
fixed_skeleton_effect,attunet_cl_fixed,attunet_pixel,10-1-9(3),4,2026,mean_local_acute_angle_deg,20.8986749072142,27.691945254087216,-6.793270346873015
fixed_skeleton_effect,attunet_cl_fixed,attunet_pixel,10-2-1,0,42,dominant_path_length,1716.8132752230006,1766.3696244091047,-49.55634918610417
fixed_skeleton_effect,attunet_cl_fixed,attunet_pixel,10-2-1,0,42,retained_segment_count,46.0,22.0,24.0
fixed_skeleton_effect,attunet_cl_fixed,attunet_pixel,10-2-1,0,42,junction_region_count,31.0,10.0,21.0
fixed_skeleton_effect,attunet_cl_fixed,attunet_pixel,10-2-1,0,42,mean_local_acute_angle_deg,7.883459439231501,10.157672012637931,-2.2742125734064302
fixed_skeleton_effect,attunet_cl_fixed,attunet_pixel,10-2-1,0,3407,dominant_path_length,1762.5117600328358,1763.44069222097,-0.9289321881342403
fixed_skeleton_effect,attunet_cl_fixed,attunet_pixel,10-2-1,0,3407,retained_segment_count,19.0,5.0,14.0
fixed_skeleton_effect,attunet_cl_fixed,attunet_pixel,10-2-1,0,3407,junction_region_count,2.0,27.0,-25.0
fixed_skeleton_effect,attunet_cl_fixed,attunet_pixel,10-2-1,0,3407,mean_local_acute_angle_deg,10.100196387005376,7.552828351965317,2.5473680350400585
fixed_skeleton_effect,attunet_cl_fixed,attunet_pixel,10-2-1,0,2026,dominant_path_length,1724.884343034866,2098.9768388715443,-374.09249583667815
fixed_skeleton_effect,attunet_cl_fixed,attunet_pixel,10-2-1,0,2026,retained_segment_count,102.0,16.0,86.0
fixed_skeleton_effect,attunet_cl_fixed,attunet_pixel,10-2-1,0,2026,junction_region_count,117.0,14.0,103.0
fixed_skeleton_effect,attunet_cl_fixed,attunet_pixel,10-2-1,0,2026,mean_local_acute_angle_deg,11.72432738628266,2.7796444156433964,8.944682970639263
fixed_skeleton_effect,attunet_cl_fixed,attunet_pixel,10-2-2,3,42,dominant_path_length,329.8893936688173,462.48737341524793,-132.5979797464306
fixed_skeleton_effect,attunet_cl_fixed,attunet_pixel,10-2-2,3,42,retained_segment_count,91.0,33.0,58.0
fixed_skeleton_effect,attunet_cl_fixed,attunet_pixel,10-2-2,3,42,junction_region_count,97.0,24.0,73.0
fixed_skeleton_effect,attunet_cl_fixed,attunet_pixel,10-2-2,3,42,mean_local_acute_angle_deg,2.44334176671277,2.795905628405201,-0.35256386169243115
fixed_skeleton_effect,attunet_cl_fixed,attunet_pixel,10-2-2,3,3407,dominant_path_length,1072.193000900159,500.32626074517657,571.8667401549824
fixed_skeleton_effect,attunet_cl_fixed,attunet_pixel,10-2-2,3,3407,retained_segment_count,103.0,12.0,91.0
fixed_skeleton_effect,attunet_cl_fixed,attunet_pixel,10-2-2,3,3407,junction_region_count,128.0,49.0,79.0
fixed_skeleton_effect,attunet_cl_fixed,attunet_pixel,10-2-2,3,3407,mean_local_acute_angle_deg,2.507054583451932,12.700785416966482,-10.19373083351455
fixed_skeleton_effect,attunet_cl_fixed,attunet_pixel,10-2-2,3,2026,dominant_path_length,1020.7787873377774,461.58787847863505,559.1909088591424
fixed_skeleton_effect,attunet_cl_fixed,attunet_pixel,10-2-2,3,2026,retained_segment_count,75.0,81.0,-6.0
fixed_skeleton_effect,attunet_cl_fixed,attunet_pixel,10-2-2,3,2026,junction_region_count,97.0,82.0,15.0
fixed_skeleton_effect,attunet_cl_fixed,attunet_pixel,10-2-2,3,2026,mean_local_acute_angle_deg,3.4709439344309416,0.18940579971067706,3.2815381347202646
fixed_skeleton_effect,attunet_cl_fixed,attunet_pixel,10-2-3,3,42,dominant_path_length,158.77669529663865,136.43354954613096,22.343145750507688
fixed_skeleton_effect,attunet_cl_fixed,attunet_pixel,10-2-3,3,42,retained_segment_count,60.0,22.0,38.0
fixed_skeleton_effect,attunet_cl_fixed,attunet_pixel,10-2-3,3,42,junction_region_count,60.0,14.0,46.0
fixed_skeleton_effect,attunet_cl_fixed,attunet_pixel,10-2-3,3,42,mean_local_acute_angle_deg,0.3911334125948045,5.27025085352836,-4.879117440933555
fixed_skeleton_effect,attunet_cl_fixed,attunet_pixel,10-2-3,3,3407,dominant_path_length,40.35028842544523,2549.7624099467257,-2509.4121215212804
fixed_skeleton_effect,attunet_cl_fixed,attunet_pixel,10-2-3,3,3407,retained_segment_count,60.0,34.0,26.0
fixed_skeleton_effect,attunet_cl_fixed,attunet_pixel,10-2-3,3,3407,junction_region_count,54.0,20.0,34.0
fixed_skeleton_effect,attunet_cl_fixed,attunet_pixel,10-2-3,3,3407,mean_local_acute_angle_deg,1.3889225613380702,7.686783584996391,-6.297861023658321
fixed_skeleton_effect,attunet_cl_fixed,attunet_pixel,10-2-3,3,2026,dominant_path_length,163.5046173579965,162.98989873223513,0.5147186257613612
fixed_skeleton_effect,attunet_cl_fixed,attunet_pixel,10-2-3,3,2026,retained_segment_count,41.0,23.0,18.0
fixed_skeleton_effect,attunet_cl_fixed,attunet_pixel,10-2-3,3,2026,junction_region_count,34.0,11.0,23.0
fixed_skeleton_effect,attunet_cl_fixed,attunet_pixel,10-2-3,3,2026,mean_local_acute_angle_deg,2.923497468418411,2.7865494913520834,0.13694797706632755
fixed_skeleton_effect,attunet_cl_fixed,attunet_pixel,10-2-4,0,42,dominant_path_length,1637.4356415871544,1731.4478348959744,-94.01219330882009
fixed_skeleton_effect,attunet_cl_fixed,attunet_pixel,10-2-4,0,42,retained_segment_count,25.0,25.0,0.0
fixed_skeleton_effect,attunet_cl_fixed,attunet_pixel,10-2-4,0,42,junction_region_count,23.0,16.0,7.0
fixed_skeleton_effect,attunet_cl_fixed,attunet_pixel,10-2-4,0,42,mean_local_acute_angle_deg,13.803889504638605,16.57900753761372,-2.775118032975115
fixed_skeleton_effect,attunet_cl_fixed,attunet_pixel,10-2-4,0,3407,dominant_path_length,1710.9036790186901,1840.92806563633,-130.02438661763995
fixed_skeleton_effect,attunet_cl_fixed,attunet_pixel,10-2-4,0,3407,retained_segment_count,52.0,14.0,38.0
fixed_skeleton_effect,attunet_cl_fixed,attunet_pixel,10-2-4,0,3407,junction_region_count,49.0,0.0,49.0
fixed_skeleton_effect,attunet_cl_fixed,attunet_pixel,10-2-4,0,3407,mean_local_acute_angle_deg,17.104926447793105,15.37470854816538,1.7302178996277249
fixed_skeleton_effect,attunet_cl_fixed,attunet_pixel,10-2-4,0,2026,dominant_path_length,1814.4305909532716,1836.180807591215,-21.750216637943367
fixed_skeleton_effect,attunet_cl_fixed,attunet_pixel,10-2-4,0,2026,retained_segment_count,93.0,23.0,70.0
fixed_skeleton_effect,attunet_cl_fixed,attunet_pixel,10-2-4,0,2026,junction_region_count,104.0,4.0,100.0
fixed_skeleton_effect,attunet_cl_fixed,attunet_pixel,10-2-4,0,2026,mean_local_acute_angle_deg,14.382012494180465,22.479073700931103,-8.097061206750638
fixed_skeleton_effect,attunet_cl_fixed,attunet_pixel,10-9-1,2,42,dominant_path_length,714.1126983721781,627.1522368914659,86.96046148071218
fixed_skeleton_effect,attunet_cl_fixed,attunet_pixel,10-9-1,2,42,retained_segment_count,54.0,35.0,19.0
fixed_skeleton_effect,attunet_cl_fixed,attunet_pixel,10-9-1,2,42,junction_region_count,73.0,26.0,47.0
fixed_skeleton_effect,attunet_cl_fixed,attunet_pixel,10-9-1,2,42,mean_local_acute_angle_deg,4.364990978627958,2.4524218306523338,1.9125691479756242
fixed_skeleton_effect,attunet_cl_fixed,attunet_pixel,10-9-1,2,3407,dominant_path_length,717.2527419548542,665.1165235168392,52.13621843801502
fixed_skeleton_effect,attunet_cl_fixed,attunet_pixel,10-9-1,2,3407,retained_segment_count,61.0,125.0,-64.0
fixed_skeleton_effect,attunet_cl_fixed,attunet_pixel,10-9-1,2,3407,junction_region_count,58.0,101.0,-43.0
fixed_skeleton_effect,attunet_cl_fixed,attunet_pixel,10-9-1,2,3407,mean_local_acute_angle_deg,3.1219465257053614,8.887991466244955,-5.766044940539594
fixed_skeleton_effect,attunet_cl_fixed,attunet_pixel,10-9-1,2,2026,dominant_path_length,67.87424176718378,969.9188309203389,-902.0445891531551
fixed_skeleton_effect,attunet_cl_fixed,attunet_pixel,10-9-1,2,2026,retained_segment_count,56.0,34.0,22.0
fixed_skeleton_effect,attunet_cl_fixed,attunet_pixel,10-9-1,2,2026,junction_region_count,73.0,29.0,44.0
fixed_skeleton_effect,attunet_cl_fixed,attunet_pixel,10-9-1,2,2026,mean_local_acute_angle_deg,5.829872579793282,7.565418395486006,-1.7355458156927241
fixed_skeleton_effect,attunet_cl_fixed,attunet_pixel,10-9-2,4,42,dominant_path_length,80.5117600329213,13.269119345805848,67.24264068711545
fixed_skeleton_effect,attunet_cl_fixed,attunet_pixel,10-9-2,4,42,retained_segment_count,208.0,69.0,139.0
fixed_skeleton_effect,attunet_cl_fixed,attunet_pixel,10-9-2,4,42,junction_region_count,174.0,40.0,134.0
fixed_skeleton_effect,attunet_cl_fixed,attunet_pixel,10-9-2,4,42,mean_local_acute_angle_deg,11.084196549278758,10.638323898522799,0.44587265075595894
fixed_skeleton_effect,attunet_cl_fixed,attunet_pixel,10-9-2,4,3407,dominant_path_length,294.72583002028523,405.61435713734,-110.88852711705476
fixed_skeleton_effect,attunet_cl_fixed,attunet_pixel,10-9-2,4,3407,retained_segment_count,187.0,162.0,25.0
fixed_skeleton_effect,attunet_cl_fixed,attunet_pixel,10-9-2,4,3407,junction_region_count,145.0,163.0,-18.0
fixed_skeleton_effect,attunet_cl_fixed,attunet_pixel,10-9-2,4,3407,mean_local_acute_angle_deg,10.67928550276951,11.098046864025193,-0.4187613612556831
fixed_skeleton_effect,attunet_cl_fixed,attunet_pixel,10-9-2,4,2026,dominant_path_length,377.6862915009906,703.8477631084611,-326.1614716074705
fixed_skeleton_effect,attunet_cl_fixed,attunet_pixel,10-9-2,4,2026,retained_segment_count,92.0,89.0,3.0
fixed_skeleton_effect,attunet_cl_fixed,attunet_pixel,10-9-2,4,2026,junction_region_count,107.0,51.0,56.0
fixed_skeleton_effect,attunet_cl_fixed,attunet_pixel,10-9-2,4,2026,mean_local_acute_angle_deg,6.587154818135758,4.226320504051557,2.360834314084201
fixed_skeleton_effect,attunet_cl_fixed,attunet_pixel,10-9-3,0,42,dominant_path_length,1043.8254685318589,1036.7838379715176,7.041630560341218
fixed_skeleton_effect,attunet_cl_fixed,attunet_pixel,10-9-3,0,42,retained_segment_count,68.0,41.0,27.0
fixed_skeleton_effect,attunet_cl_fixed,attunet_pixel,10-9-3,0,42,junction_region_count,48.0,30.0,18.0
fixed_skeleton_effect,attunet_cl_fixed,attunet_pixel,10-9-3,0,42,mean_local_acute_angle_deg,3.9522329457042886,5.8513788127791955,-1.8991458670749068
fixed_skeleton_effect,attunet_cl_fixed,attunet_pixel,10-9-3,0,3407,dominant_path_length,1126.6316010800101,1015.6000717874467,111.03152929256339
fixed_skeleton_effect,attunet_cl_fixed,attunet_pixel,10-9-3,0,3407,retained_segment_count,82.0,39.0,43.0
fixed_skeleton_effect,attunet_cl_fixed,attunet_pixel,10-9-3,0,3407,junction_region_count,66.0,36.0,30.0
fixed_skeleton_effect,attunet_cl_fixed,attunet_pixel,10-9-3,0,3407,mean_local_acute_angle_deg,3.4920845773753655,5.342030718050182,-1.8499461406748168
fixed_skeleton_effect,attunet_cl_fixed,attunet_pixel,10-9-3,0,2026,dominant_path_length,1069.595021153556,1043.6417023477861,25.953318805769868
fixed_skeleton_effect,attunet_cl_fixed,attunet_pixel,10-9-3,0,2026,retained_segment_count,155.0,42.0,113.0
fixed_skeleton_effect,attunet_cl_fixed,attunet_pixel,10-9-3,0,2026,junction_region_count,157.0,21.0,136.0
fixed_skeleton_effect,attunet_cl_fixed,attunet_pixel,10-9-3,0,2026,mean_local_acute_angle_deg,4.519721623968685,6.1877889040740115,-1.6680672801053262
fixed_skeleton_effect,attunet_cl_fixed,attunet_pixel,10-9-4,2,42,dominant_path_length,2022.2846301848535,1818.2308063156906,204.0538238691629
fixed_skeleton_effect,attunet_cl_fixed,attunet_pixel,10-9-4,2,42,retained_segment_count,106.0,52.0,54.0
fixed_skeleton_effect,attunet_cl_fixed,attunet_pixel,10-9-4,2,42,junction_region_count,117.0,32.0,85.0
fixed_skeleton_effect,attunet_cl_fixed,attunet_pixel,10-9-4,2,42,mean_local_acute_angle_deg,4.742802086352533,6.899057995402536,-2.156255909050003
fixed_skeleton_effect,attunet_cl_fixed,attunet_pixel,10-9-4,2,3407,dominant_path_length,1784.017602880094,490.6584386761656,1293.3591642039285
fixed_skeleton_effect,attunet_cl_fixed,attunet_pixel,10-9-4,2,3407,retained_segment_count,65.0,121.0,-56.0
fixed_skeleton_effect,attunet_cl_fixed,attunet_pixel,10-9-4,2,3407,junction_region_count,45.0,84.0,-39.0
fixed_skeleton_effect,attunet_cl_fixed,attunet_pixel,10-9-4,2,3407,mean_local_acute_angle_deg,5.111900571691031,2.6404613199949907,2.47143925169604
fixed_skeleton_effect,attunet_cl_fixed,attunet_pixel,10-9-4,2,2026,dominant_path_length,1992.1719318126452,2003.6866504384066,-11.514718625761361
fixed_skeleton_effect,attunet_cl_fixed,attunet_pixel,10-9-4,2,2026,retained_segment_count,103.0,44.0,59.0
fixed_skeleton_effect,attunet_cl_fixed,attunet_pixel,10-9-4,2,2026,junction_region_count,95.0,37.0,58.0
fixed_skeleton_effect,attunet_cl_fixed,attunet_pixel,10-9-4,2,2026,mean_local_acute_angle_deg,7.633434211588451,8.867399260352038,-1.2339650487635865
fixed_skeleton_effect,attunet_cl_fixed,attunet_pixel,235-10-11(1),3,42,dominant_path_length,1548.5138520739074,1558.7859300125494,-10.272077938642042
fixed_skeleton_effect,attunet_cl_fixed,attunet_pixel,235-10-11(1),3,42,retained_segment_count,175.0,104.0,71.0
fixed_skeleton_effect,attunet_cl_fixed,attunet_pixel,235-10-11(1),3,42,junction_region_count,155.0,75.0,80.0
fixed_skeleton_effect,attunet_cl_fixed,attunet_pixel,235-10-11(1),3,42,mean_local_acute_angle_deg,3.352579328894251,4.151409274239683,-0.7988299453454317
fixed_skeleton_effect,attunet_cl_fixed,attunet_pixel,235-10-11(1),3,3407,dominant_path_length,1039.8477631084222,335.8667401548005,703.9810229536217
fixed_skeleton_effect,attunet_cl_fixed,attunet_pixel,235-10-11(1),3,3407,retained_segment_count,223.0,120.0,103.0
fixed_skeleton_effect,attunet_cl_fixed,attunet_pixel,235-10-11(1),3,3407,junction_region_count,247.0,98.0,149.0
fixed_skeleton_effect,attunet_cl_fixed,attunet_pixel,235-10-11(1),3,3407,mean_local_acute_angle_deg,1.325508390837939,6.919747310917785,-5.594238920079846
fixed_skeleton_effect,attunet_cl_fixed,attunet_pixel,235-10-11(1),3,2026,dominant_path_length,820.6396103067163,2057.067242667184,-1236.4276323604677
fixed_skeleton_effect,attunet_cl_fixed,attunet_pixel,235-10-11(1),3,2026,retained_segment_count,221.0,91.0,130.0
fixed_skeleton_effect,attunet_cl_fixed,attunet_pixel,235-10-11(1),3,2026,junction_region_count,254.0,59.0,195.0
fixed_skeleton_effect,attunet_cl_fixed,attunet_pixel,235-10-11(1),3,2026,mean_local_acute_angle_deg,0.7057679597467015,8.54339768828298,-7.837629728536278
fixed_skeleton_effect,attunet_cl_fixed,attunet_pixel,235-10-11(2),1,42,dominant_path_length,2057.4650788386757,2085.5605332681816,-28.095454429505935
fixed_skeleton_effect,attunet_cl_fixed,attunet_pixel,235-10-11(2),1,42,retained_segment_count,158.0,42.0,116.0
fixed_skeleton_effect,attunet_cl_fixed,attunet_pixel,235-10-11(2),1,42,junction_region_count,198.0,19.0,179.0
fixed_skeleton_effect,attunet_cl_fixed,attunet_pixel,235-10-11(2),1,42,mean_local_acute_angle_deg,2.8205832798514336,7.886676624680824,-5.06609334482939
fixed_skeleton_effect,attunet_cl_fixed,attunet_pixel,235-10-11(2),1,3407,dominant_path_length,909.8090911409558,1624.487373415261,-714.678282274305
fixed_skeleton_effect,attunet_cl_fixed,attunet_pixel,235-10-11(2),1,3407,retained_segment_count,184.0,77.0,107.0
fixed_skeleton_effect,attunet_cl_fixed,attunet_pixel,235-10-11(2),1,3407,junction_region_count,251.0,59.0,192.0
fixed_skeleton_effect,attunet_cl_fixed,attunet_pixel,235-10-11(2),1,3407,mean_local_acute_angle_deg,1.901516332227331,7.206059052255327,-5.304542720027996
fixed_skeleton_effect,attunet_cl_fixed,attunet_pixel,235-10-11(2),1,2026,dominant_path_length,1575.3969696196377,1513.171572875221,62.225396744416685
fixed_skeleton_effect,attunet_cl_fixed,attunet_pixel,235-10-11(2),1,2026,retained_segment_count,107.0,194.0,-87.0
fixed_skeleton_effect,attunet_cl_fixed,attunet_pixel,235-10-11(2),1,2026,junction_region_count,74.0,249.0,-175.0
fixed_skeleton_effect,attunet_cl_fixed,attunet_pixel,235-10-11(2),1,2026,mean_local_acute_angle_deg,9.751789787223643,9.723663266496771,0.028126520726871718
fixed_skeleton_effect,attunet_cl_fixed,attunet_pixel,235-10-11(3),1,42,dominant_path_length,2505.8174593050917,2808.1971849820593,-302.3797256769676
fixed_skeleton_effect,attunet_cl_fixed,attunet_pixel,235-10-11(3),1,42,retained_segment_count,287.0,85.0,202.0
fixed_skeleton_effect,attunet_cl_fixed,attunet_pixel,235-10-11(3),1,42,junction_region_count,314.0,39.0,275.0
fixed_skeleton_effect,attunet_cl_fixed,attunet_pixel,235-10-11(3),1,42,mean_local_acute_angle_deg,11.915176133262548,14.589866736902977,-2.6746906036404283
fixed_skeleton_effect,attunet_cl_fixed,attunet_pixel,235-10-11(3),1,3407,dominant_path_length,1821.6467529816136,1049.7035354436557,771.9432175379579
fixed_skeleton_effect,attunet_cl_fixed,attunet_pixel,235-10-11(3),1,3407,retained_segment_count,369.0,142.0,227.0
fixed_skeleton_effect,attunet_cl_fixed,attunet_pixel,235-10-11(3),1,3407,junction_region_count,439.0,107.0,332.0
fixed_skeleton_effect,attunet_cl_fixed,attunet_pixel,235-10-11(3),1,3407,mean_local_acute_angle_deg,9.962225008994068,10.07800444871205,-0.11577943971798277
fixed_skeleton_effect,attunet_cl_fixed,attunet_pixel,235-10-11(3),1,2026,dominant_path_length,1834.475180106359,1603.2964645561965,231.17871555016245
fixed_skeleton_effect,attunet_cl_fixed,attunet_pixel,235-10-11(3),1,2026,retained_segment_count,193.0,385.0,-192.0
fixed_skeleton_effect,attunet_cl_fixed,attunet_pixel,235-10-11(3),1,2026,junction_region_count,130.0,500.0,-370.0
fixed_skeleton_effect,attunet_cl_fixed,attunet_pixel,235-10-11(3),1,2026,mean_local_acute_angle_deg,12.804490292773757,13.112724929301976,-0.30823463652821914
fixed_skeleton_effect,attunet_cl_fixed,attunet_pixel,235-10-12(1),4,42,dominant_path_length,107.16652224137056,905.4659453904808,-798.2994231491102
fixed_skeleton_effect,attunet_cl_fixed,attunet_pixel,235-10-12(1),4,42,retained_segment_count,20.0,17.0,3.0
fixed_skeleton_effect,attunet_cl_fixed,attunet_pixel,235-10-12(1),4,42,junction_region_count,35.0,22.0,13.0
fixed_skeleton_effect,attunet_cl_fixed,attunet_pixel,235-10-12(1),4,42,mean_local_acute_angle_deg,0.020530502272066542,5.313317008560453,-5.292786506288387
fixed_skeleton_effect,attunet_cl_fixed,attunet_pixel,235-10-12(1),4,3407,dominant_path_length,501.5756851698611,879.0395385192878,-377.4638533494267
fixed_skeleton_effect,attunet_cl_fixed,attunet_pixel,235-10-12(1),4,3407,retained_segment_count,7.0,19.0,-12.0
fixed_skeleton_effect,attunet_cl_fixed,attunet_pixel,235-10-12(1),4,3407,junction_region_count,7.0,24.0,-17.0
fixed_skeleton_effect,attunet_cl_fixed,attunet_pixel,235-10-12(1),4,3407,mean_local_acute_angle_deg,2.919760297889681,2.917034882984403,0.002725414905278001
fixed_skeleton_effect,attunet_cl_fixed,attunet_pixel,235-10-12(1),4,2026,dominant_path_length,1088.2914139224,1006.8772003600266,81.41421356237333
fixed_skeleton_effect,attunet_cl_fixed,attunet_pixel,235-10-12(1),4,2026,retained_segment_count,23.0,22.0,1.0
fixed_skeleton_effect,attunet_cl_fixed,attunet_pixel,235-10-12(1),4,2026,junction_region_count,3.0,32.0,-29.0
fixed_skeleton_effect,attunet_cl_fixed,attunet_pixel,235-10-12(1),4,2026,mean_local_acute_angle_deg,1.18304183632182,1.6523289491672557,-0.46928711284543567
fixed_skeleton_effect,attunet_cl_fixed,attunet_pixel,235-10-12(2),0,42,dominant_path_length,1589.9301576773646,1955.819551346211,-365.8893936688464
fixed_skeleton_effect,attunet_cl_fixed,attunet_pixel,235-10-12(2),0,42,retained_segment_count,35.0,25.0,10.0
fixed_skeleton_effect,attunet_cl_fixed,attunet_pixel,235-10-12(2),0,42,junction_region_count,51.0,44.0,7.0
fixed_skeleton_effect,attunet_cl_fixed,attunet_pixel,235-10-12(2),0,42,mean_local_acute_angle_deg,10.052629411420263,11.833680285846768,-1.781050874426505
fixed_skeleton_effect,attunet_cl_fixed,attunet_pixel,235-10-12(2),0,3407,dominant_path_length,2773.2429996245764,2130.601297276732,642.6417023478443
fixed_skeleton_effect,attunet_cl_fixed,attunet_pixel,235-10-12(2),0,3407,retained_segment_count,46.0,20.0,26.0
fixed_skeleton_effect,attunet_cl_fixed,attunet_pixel,235-10-12(2),0,3407,junction_region_count,37.0,23.0,14.0
fixed_skeleton_effect,attunet_cl_fixed,attunet_pixel,235-10-12(2),0,3407,mean_local_acute_angle_deg,6.160846595624363,9.987135384723153,-3.8262887890987898
fixed_skeleton_effect,attunet_cl_fixed,attunet_pixel,235-10-12(2),0,2026,dominant_path_length,2113.2165209658815,2329.3241687042073,-216.1076477383258
fixed_skeleton_effect,attunet_cl_fixed,attunet_pixel,235-10-12(2),0,2026,retained_segment_count,109.0,30.0,79.0
fixed_skeleton_effect,attunet_cl_fixed,attunet_pixel,235-10-12(2),0,2026,junction_region_count,162.0,28.0,134.0
fixed_skeleton_effect,attunet_cl_fixed,attunet_pixel,235-10-12(2),0,2026,mean_local_acute_angle_deg,12.998621104547794,8.422397395917898,4.576223708629897
fixed_skeleton_effect,attunet_cl_fixed,attunet_pixel,235-10-12(3),1,42,dominant_path_length,2096.9301576773205,1953.040764008474,143.88939366884642
fixed_skeleton_effect,attunet_cl_fixed,attunet_pixel,235-10-12(3),1,42,retained_segment_count,282.0,61.0,221.0
fixed_skeleton_effect,attunet_cl_fixed,attunet_pixel,235-10-12(3),1,42,junction_region_count,371.0,32.0,339.0
fixed_skeleton_effect,attunet_cl_fixed,attunet_pixel,235-10-12(3),1,42,mean_local_acute_angle_deg,10.625267718360803,11.677593876494804,-1.0523261581340009
fixed_skeleton_effect,attunet_cl_fixed,attunet_pixel,235-10-12(3),1,3407,dominant_path_length,1407.9036790186249,2257.663130372561,-849.7594513539364
fixed_skeleton_effect,attunet_cl_fixed,attunet_pixel,235-10-12(3),1,3407,retained_segment_count,413.0,191.0,222.0
fixed_skeleton_effect,attunet_cl_fixed,attunet_pixel,235-10-12(3),1,3407,junction_region_count,502.0,130.0,372.0
fixed_skeleton_effect,attunet_cl_fixed,attunet_pixel,235-10-12(3),1,3407,mean_local_acute_angle_deg,9.62586022786114,14.210961267078588,-4.585101039217449
fixed_skeleton_effect,attunet_cl_fixed,attunet_pixel,235-10-12(3),1,2026,dominant_path_length,660.8477631084374,1784.2245301925477,-1123.3767670841103
fixed_skeleton_effect,attunet_cl_fixed,attunet_pixel,235-10-12(3),1,2026,retained_segment_count,183.0,498.0,-315.0
fixed_skeleton_effect,attunet_cl_fixed,attunet_pixel,235-10-12(3),1,2026,junction_region_count,137.0,653.0,-516.0
fixed_skeleton_effect,attunet_cl_fixed,attunet_pixel,235-10-12(3),1,2026,mean_local_acute_angle_deg,6.881903489750265,2.9615997796224676,3.920303710127797
fixed_skeleton_effect,attunet_cl_fixed,attunet_pixel,235-25-6(1),2,42,dominant_path_length,1003.4020202535421,1313.3624817342543,-309.9604614807122
fixed_skeleton_effect,attunet_cl_fixed,attunet_pixel,235-25-6(1),2,42,retained_segment_count,52.0,26.0,26.0
fixed_skeleton_effect,attunet_cl_fixed,attunet_pixel,235-25-6(1),2,42,junction_region_count,50.0,14.0,36.0
fixed_skeleton_effect,attunet_cl_fixed,attunet_pixel,235-25-6(1),2,42,mean_local_acute_angle_deg,10.642001733163333,8.864634138368253,1.7773675947950807
fixed_skeleton_effect,attunet_cl_fixed,attunet_pixel,235-25-6(1),2,3407,dominant_path_length,1314.9066376115384,911.4790052510853,403.4276323604531
fixed_skeleton_effect,attunet_cl_fixed,attunet_pixel,235-25-6(1),2,3407,retained_segment_count,48.0,74.0,-26.0
fixed_skeleton_effect,attunet_cl_fixed,attunet_pixel,235-25-6(1),2,3407,junction_region_count,37.0,56.0,-19.0
fixed_skeleton_effect,attunet_cl_fixed,attunet_pixel,235-25-6(1),2,3407,mean_local_acute_angle_deg,10.968862939979843,23.696694430658575,-12.727831490678732
fixed_skeleton_effect,attunet_cl_fixed,attunet_pixel,235-25-6(1),2,2026,dominant_path_length,1005.0294372515118,1329.9777054234037,-324.94826817189187
fixed_skeleton_effect,attunet_cl_fixed,attunet_pixel,235-25-6(1),2,2026,retained_segment_count,45.0,41.0,4.0
fixed_skeleton_effect,attunet_cl_fixed,attunet_pixel,235-25-6(1),2,2026,junction_region_count,40.0,34.0,6.0
fixed_skeleton_effect,attunet_cl_fixed,attunet_pixel,235-25-6(1),2,2026,mean_local_acute_angle_deg,9.285522247301799,8.960651604955267,0.3248706423465322
fixed_skeleton_effect,attunet_cl_fixed,attunet_pixel,235-25-6(2),4,42,dominant_path_length,494.37972567696795,442.87005768508914,51.509667991878814
fixed_skeleton_effect,attunet_cl_fixed,attunet_pixel,235-25-6(2),4,42,retained_segment_count,40.0,18.0,22.0
fixed_skeleton_effect,attunet_cl_fixed,attunet_pixel,235-25-6(2),4,42,junction_region_count,51.0,10.0,41.0
fixed_skeleton_effect,attunet_cl_fixed,attunet_pixel,235-25-6(2),4,42,mean_local_acute_angle_deg,1.9644272073714006,1.0733354063034284,0.8910918010679723
fixed_skeleton_effect,attunet_cl_fixed,attunet_pixel,235-25-6(2),4,3407,dominant_path_length,478.59292911256443,415.44365081389594,63.14927829866849
fixed_skeleton_effect,attunet_cl_fixed,attunet_pixel,235-25-6(2),4,3407,retained_segment_count,45.0,23.0,22.0
fixed_skeleton_effect,attunet_cl_fixed,attunet_pixel,235-25-6(2),4,3407,junction_region_count,54.0,37.0,17.0
fixed_skeleton_effect,attunet_cl_fixed,attunet_pixel,235-25-6(2),4,3407,mean_local_acute_angle_deg,2.6729501674788665,3.9374669000915077,-1.2645167326126412
fixed_skeleton_effect,attunet_cl_fixed,attunet_pixel,235-25-6(2),4,2026,dominant_path_length,464.28427124746213,643.7472580451155,-179.46298679765334
fixed_skeleton_effect,attunet_cl_fixed,attunet_pixel,235-25-6(2),4,2026,retained_segment_count,101.0,21.0,80.0
fixed_skeleton_effect,attunet_cl_fixed,attunet_pixel,235-25-6(2),4,2026,junction_region_count,425.0,32.0,393.0
fixed_skeleton_effect,attunet_cl_fixed,attunet_pixel,235-25-6(2),4,2026,mean_local_acute_angle_deg,0.9052403840509768,4.244587388670531,-3.3393470046195546
fixed_skeleton_effect,attunet_cl_fixed,attunet_pixel,235-25-7(1),2,42,dominant_path_length,897.060966544047,928.6051224213284,-31.544155877281355
fixed_skeleton_effect,attunet_cl_fixed,attunet_pixel,235-25-7(1),2,42,retained_segment_count,3.0,72.0,-69.0
fixed_skeleton_effect,attunet_cl_fixed,attunet_pixel,235-25-7(1),2,42,junction_region_count,14.0,73.0,-59.0
fixed_skeleton_effect,attunet_cl_fixed,attunet_pixel,235-25-7(1),2,42,mean_local_acute_angle_deg,7.786910422297922,6.885838915982326,0.9010715063155956
fixed_skeleton_effect,attunet_cl_fixed,attunet_pixel,235-25-7(1),2,3407,dominant_path_length,951.2325394192969,284.98448916090047,666.2480502583965
fixed_skeleton_effect,attunet_cl_fixed,attunet_pixel,235-25-7(1),2,3407,retained_segment_count,53.0,36.0,17.0
fixed_skeleton_effect,attunet_cl_fixed,attunet_pixel,235-25-7(1),2,3407,junction_region_count,57.0,7.0,50.0
fixed_skeleton_effect,attunet_cl_fixed,attunet_pixel,235-25-7(1),2,3407,mean_local_acute_angle_deg,8.241186539261385,11.835663642938108,-3.5944771036767236
fixed_skeleton_effect,attunet_cl_fixed,attunet_pixel,235-25-7(1),2,2026,dominant_path_length,931.7056274847178,2078.0184694319278,-1146.31284194721
fixed_skeleton_effect,attunet_cl_fixed,attunet_pixel,235-25-7(1),2,2026,retained_segment_count,7.0,56.0,-49.0
fixed_skeleton_effect,attunet_cl_fixed,attunet_pixel,235-25-7(1),2,2026,junction_region_count,15.0,51.0,-36.0
fixed_skeleton_effect,attunet_cl_fixed,attunet_pixel,235-25-7(1),2,2026,mean_local_acute_angle_deg,6.952103052192989,8.458589478276544,-1.5064864260835549
fixed_skeleton_effect,attunet_cl_fixed,attunet_pixel,235-25-7(2),2,42,dominant_path_length,23.578643762689808,34.86291501015171,-11.284271247461902
fixed_skeleton_effect,attunet_cl_fixed,attunet_pixel,235-25-7(2),2,42,retained_segment_count,46.0,29.0,17.0
fixed_skeleton_effect,attunet_cl_fixed,attunet_pixel,235-25-7(2),2,42,junction_region_count,54.0,22.0,32.0
fixed_skeleton_effect,attunet_cl_fixed,attunet_pixel,235-25-7(2),2,42,mean_local_acute_angle_deg,3.4972016210051393,2.018743808585917,1.4784578124192223
fixed_skeleton_effect,attunet_cl_fixed,attunet_pixel,235-25-7(2),2,3407,dominant_path_length,71.4781386993011,2004.7359312880683,-1933.2577925887672
fixed_skeleton_effect,attunet_cl_fixed,attunet_pixel,235-25-7(2),2,3407,retained_segment_count,25.0,38.0,-13.0
fixed_skeleton_effect,attunet_cl_fixed,attunet_pixel,235-25-7(2),2,3407,junction_region_count,28.0,38.0,-10.0
fixed_skeleton_effect,attunet_cl_fixed,attunet_pixel,235-25-7(2),2,3407,mean_local_acute_angle_deg,4.919207840409868,4.979213942727796,-0.06000610231792791
fixed_skeleton_effect,attunet_cl_fixed,attunet_pixel,235-25-7(2),2,2026,dominant_path_length,37.69134213489792,627.8599564173239,-590.168614282426
fixed_skeleton_effect,attunet_cl_fixed,attunet_pixel,235-25-7(2),2,2026,retained_segment_count,19.0,9.0,10.0
fixed_skeleton_effect,attunet_cl_fixed,attunet_pixel,235-25-7(2),2,2026,junction_region_count,32.0,2.0,30.0
fixed_skeleton_effect,attunet_cl_fixed,attunet_pixel,235-25-7(2),2,2026,mean_local_acute_angle_deg,3.497302595535615,3.3592109711990688,0.1380916243365462
fixed_skeleton_effect,attunet_cl_fixed,attunet_pixel,235-25-7(3),2,42,dominant_path_length,1833.7829714197194,1887.0378054156588,-53.25483399593941
fixed_skeleton_effect,attunet_cl_fixed,attunet_pixel,235-25-7(3),2,42,retained_segment_count,72.0,28.0,44.0
fixed_skeleton_effect,attunet_cl_fixed,attunet_pixel,235-25-7(3),2,42,junction_region_count,85.0,16.0,69.0
fixed_skeleton_effect,attunet_cl_fixed,attunet_pixel,235-25-7(3),2,42,mean_local_acute_angle_deg,14.28554639791075,11.979555756334598,2.3059906415761517
fixed_skeleton_effect,attunet_cl_fixed,attunet_pixel,235-25-7(3),2,3407,dominant_path_length,1864.7951647285395,232.840261496141,1631.9549032323985
fixed_skeleton_effect,attunet_cl_fixed,attunet_pixel,235-25-7(3),2,3407,retained_segment_count,62.0,112.0,-50.0
fixed_skeleton_effect,attunet_cl_fixed,attunet_pixel,235-25-7(3),2,3407,junction_region_count,51.0,80.0,-29.0
fixed_skeleton_effect,attunet_cl_fixed,attunet_pixel,235-25-7(3),2,3407,mean_local_acute_angle_deg,12.514807655691932,5.555711812052422,6.95909584363951
fixed_skeleton_effect,attunet_cl_fixed,attunet_pixel,235-25-7(3),2,2026,dominant_path_length,1893.138310479047,2370.6256838943405,-477.4873734152934
fixed_skeleton_effect,attunet_cl_fixed,attunet_pixel,235-25-7(3),2,2026,retained_segment_count,99.0,46.0,53.0
fixed_skeleton_effect,attunet_cl_fixed,attunet_pixel,235-25-7(3),2,2026,junction_region_count,85.0,39.0,46.0
fixed_skeleton_effect,attunet_cl_fixed,attunet_pixel,235-25-7(3),2,2026,mean_local_acute_angle_deg,12.733216016148596,9.481685810844645,3.2515302053039505
fixed_skeleton_effect,attunet_cl_fixed,attunet_pixel,235-25-9(1),4,42,dominant_path_length,2168.2733034278494,2382.275395468904,-214.00209204105477
fixed_skeleton_effect,attunet_cl_fixed,attunet_pixel,235-25-9(1),4,42,retained_segment_count,90.0,9.0,81.0
fixed_skeleton_effect,attunet_cl_fixed,attunet_pixel,235-25-9(1),4,42,junction_region_count,106.0,14.0,92.0
fixed_skeleton_effect,attunet_cl_fixed,attunet_pixel,235-25-9(1),4,42,mean_local_acute_angle_deg,6.4778886719943145,17.276804531834443,-10.798915859840129
fixed_skeleton_effect,attunet_cl_fixed,attunet_pixel,235-25-9(1),4,3407,dominant_path_length,2488.701802340098,2378.6896090312775,110.01219330882031
fixed_skeleton_effect,attunet_cl_fixed,attunet_pixel,235-25-9(1),4,3407,retained_segment_count,55.0,40.0,15.0
fixed_skeleton_effect,attunet_cl_fixed,attunet_pixel,235-25-9(1),4,3407,junction_region_count,67.0,61.0,6.0
fixed_skeleton_effect,attunet_cl_fixed,attunet_pixel,235-25-9(1),4,3407,mean_local_acute_angle_deg,17.75664856890424,18.877689078771603,-1.1210405098673633
fixed_skeleton_effect,attunet_cl_fixed,attunet_pixel,235-25-9(1),4,2026,dominant_path_length,2431.8956697919366,2466.6824663563402,-34.78679656440363
fixed_skeleton_effect,attunet_cl_fixed,attunet_pixel,235-25-9(1),4,2026,retained_segment_count,4.0,3.0,1.0
fixed_skeleton_effect,attunet_cl_fixed,attunet_pixel,235-25-9(1),4,2026,junction_region_count,8.0,2.0,6.0
fixed_skeleton_effect,attunet_cl_fixed,attunet_pixel,235-25-9(1),4,2026,mean_local_acute_angle_deg,1.7059541207796869,2.0713817370788234,-0.36542761629913656
fixed_skeleton_effect,attunet_cl_fixed,attunet_pixel,235-25-9(2),4,42,dominant_path_length,329.37763363591273,327.6080810142121,1.7695526217006545
fixed_skeleton_effect,attunet_cl_fixed,attunet_pixel,235-25-9(2),4,42,retained_segment_count,10.0,29.0,-19.0
fixed_skeleton_effect,attunet_cl_fixed,attunet_pixel,235-25-9(2),4,42,junction_region_count,19.0,26.0,-7.0
fixed_skeleton_effect,attunet_cl_fixed,attunet_pixel,235-25-9(2),4,42,mean_local_acute_angle_deg,2.799705543015314,2.2795079738401327,0.5201975691751812
fixed_skeleton_effect,attunet_cl_fixed,attunet_pixel,235-25-9(2),4,3407,dominant_path_length,328.57864376268924,298.15223689149605,30.426406871193194
fixed_skeleton_effect,attunet_cl_fixed,attunet_pixel,235-25-9(2),4,3407,retained_segment_count,9.0,6.0,3.0
fixed_skeleton_effect,attunet_cl_fixed,attunet_pixel,235-25-9(2),4,3407,junction_region_count,15.0,0.0,15.0
fixed_skeleton_effect,attunet_cl_fixed,attunet_pixel,235-25-9(2),4,3407,mean_local_acute_angle_deg,0.4500460587018864,2.2877415272722743,-1.837695468570388
fixed_skeleton_effect,attunet_cl_fixed,attunet_pixel,235-25-9(2),4,2026,dominant_path_length,546.7035354437177,594.8873016277914,-48.18376618407376
fixed_skeleton_effect,attunet_cl_fixed,attunet_pixel,235-25-9(2),4,2026,retained_segment_count,3.0,0.0,3.0
fixed_skeleton_effect,attunet_cl_fixed,attunet_pixel,235-25-9(2),4,2026,junction_region_count,15.0,0.0,15.0
fixed_skeleton_effect,attunet_cl_fixed,attunet_pixel,235-25-9(2),4,2026,mean_local_acute_angle_deg,0.4720189332829108,5.699190170107258,-5.227171236824347
fixed_skeleton_effect,attunet_cl_fixed,attunet_pixel,235-25-9(3),1,42,dominant_path_length,1982.6000717874224,2296.5189027077913,-313.9188309203689
fixed_skeleton_effect,attunet_cl_fixed,attunet_pixel,235-25-9(3),1,42,retained_segment_count,81.0,4.0,77.0
fixed_skeleton_effect,attunet_cl_fixed,attunet_pixel,235-25-9(3),1,42,junction_region_count,73.0,30.0,43.0
fixed_skeleton_effect,attunet_cl_fixed,attunet_pixel,235-25-9(3),1,42,mean_local_acute_angle_deg,17.709278757161563,18.85668471260918,-1.147405955447617
fixed_skeleton_effect,attunet_cl_fixed,attunet_pixel,235-25-9(3),1,3407,dominant_path_length,1507.8893936687666,2117.4549775708633,-609.5655839020967
fixed_skeleton_effect,attunet_cl_fixed,attunet_pixel,235-25-9(3),1,3407,retained_segment_count,103.0,27.0,76.0
fixed_skeleton_effect,attunet_cl_fixed,attunet_pixel,235-25-9(3),1,3407,junction_region_count,148.0,5.0,143.0
fixed_skeleton_effect,attunet_cl_fixed,attunet_pixel,235-25-9(3),1,3407,mean_local_acute_angle_deg,6.868448600544646,15.278856754124213,-8.410408153579567
fixed_skeleton_effect,attunet_cl_fixed,attunet_pixel,235-25-9(3),1,2026,dominant_path_length,1508.6660889654052,1501.132034355886,7.534054609519217
fixed_skeleton_effect,attunet_cl_fixed,attunet_pixel,235-25-9(3),1,2026,retained_segment_count,54.0,142.0,-88.0
fixed_skeleton_effect,attunet_cl_fixed,attunet_pixel,235-25-9(3),1,2026,junction_region_count,25.0,211.0,-186.0
fixed_skeleton_effect,attunet_cl_fixed,attunet_pixel,235-25-9(3),1,2026,mean_local_acute_angle_deg,2.243364420755327,15.159176467997248,-12.915812047241921
fixed_skeleton_effect,attunet_cl_fixed,attunet_pixel,447-1-1,1,42,dominant_path_length,1404.9869401392975,1263.7026688918354,141.28427124746213
fixed_skeleton_effect,attunet_cl_fixed,attunet_pixel,447-1-1,1,42,retained_segment_count,151.0,14.0,137.0
fixed_skeleton_effect,attunet_cl_fixed,attunet_pixel,447-1-1,1,42,junction_region_count,204.0,74.0,130.0
fixed_skeleton_effect,attunet_cl_fixed,attunet_pixel,447-1-1,1,42,mean_local_acute_angle_deg,7.386486522517032,9.604966015627724,-2.218479493110692
fixed_skeleton_effect,attunet_cl_fixed,attunet_pixel,447-1-1,1,3407,dominant_path_length,210.11984104715566,1164.8498551494527,-954.730014102297
fixed_skeleton_effect,attunet_cl_fixed,attunet_pixel,447-1-1,1,3407,retained_segment_count,144.0,5.0,139.0
fixed_skeleton_effect,attunet_cl_fixed,attunet_pixel,447-1-1,1,3407,junction_region_count,224.0,23.0,201.0
fixed_skeleton_effect,attunet_cl_fixed,attunet_pixel,447-1-1,1,3407,mean_local_acute_angle_deg,5.209134053364451,5.862378357647046,-0.6532443042825946
fixed_skeleton_effect,attunet_cl_fixed,attunet_pixel,447-1-1,1,2026,dominant_path_length,145.3675323681582,50.91168824544411,94.4558441227141
fixed_skeleton_effect,attunet_cl_fixed,attunet_pixel,447-1-1,1,2026,retained_segment_count,27.0,183.0,-156.0
fixed_skeleton_effect,attunet_cl_fixed,attunet_pixel,447-1-1,1,2026,junction_region_count,16.0,304.0,-288.0
fixed_skeleton_effect,attunet_cl_fixed,attunet_pixel,447-1-1,1,2026,mean_local_acute_angle_deg,4.909652390705098,6.233172160998578,-1.3235197702934798
fixed_skeleton_effect,attunet_cl_fixed,attunet_pixel,447-1-1(1),1,42,dominant_path_length,2352.047906683415,2361.2905473705346,-9.242640687119547
fixed_skeleton_effect,attunet_cl_fixed,attunet_pixel,447-1-1(1),1,42,retained_segment_count,84.0,5.0,79.0
fixed_skeleton_effect,attunet_cl_fixed,attunet_pixel,447-1-1(1),1,42,junction_region_count,87.0,23.0,64.0
fixed_skeleton_effect,attunet_cl_fixed,attunet_pixel,447-1-1(1),1,42,mean_local_acute_angle_deg,17.410121616266004,17.630784803552324,-0.22066318728631984
fixed_skeleton_effect,attunet_cl_fixed,attunet_pixel,447-1-1(1),1,3407,dominant_path_length,1682.8528137422938,2261.893577750864,-579.0407640085702
fixed_skeleton_effect,attunet_cl_fixed,attunet_pixel,447-1-1(1),1,3407,retained_segment_count,74.0,22.0,52.0
fixed_skeleton_effect,attunet_cl_fixed,attunet_pixel,447-1-1(1),1,3407,junction_region_count,99.0,2.0,97.0
fixed_skeleton_effect,attunet_cl_fixed,attunet_pixel,447-1-1(1),1,3407,mean_local_acute_angle_deg,13.878551354085019,15.210376812161975,-1.3318254580769562
fixed_skeleton_effect,attunet_cl_fixed,attunet_pixel,447-1-1(1),1,2026,dominant_path_length,1561.0121933087275,1338.2102448426765,222.80194846605104
fixed_skeleton_effect,attunet_cl_fixed,attunet_pixel,447-1-1(1),1,2026,retained_segment_count,58.0,123.0,-65.0
fixed_skeleton_effect,attunet_cl_fixed,attunet_pixel,447-1-1(1),1,2026,junction_region_count,10.0,173.0,-163.0
fixed_skeleton_effect,attunet_cl_fixed,attunet_pixel,447-1-1(1),1,2026,mean_local_acute_angle_deg,24.59364108648873,13.490533931077245,11.103107155411486
fixed_skeleton_effect,attunet_cl_fixed,attunet_pixel,7-1-3(1),4,42,dominant_path_length,1492.0205614728998,205.29855659726718,1286.7220048756326
fixed_skeleton_effect,attunet_cl_fixed,attunet_pixel,7-1-3(1),4,42,retained_segment_count,100.0,117.0,-17.0
fixed_skeleton_effect,attunet_cl_fixed,attunet_pixel,7-1-3(1),4,42,junction_region_count,111.0,139.0,-28.0
fixed_skeleton_effect,attunet_cl_fixed,attunet_pixel,7-1-3(1),4,42,mean_local_acute_angle_deg,4.797683295224445,5.330070775658136,-0.532387480433691
fixed_skeleton_effect,attunet_cl_fixed,attunet_pixel,7-1-3(1),4,3407,dominant_path_length,1524.9494936610326,1949.3292193379996,-424.3797256769669
fixed_skeleton_effect,attunet_cl_fixed,attunet_pixel,7-1-3(1),4,3407,retained_segment_count,89.0,102.0,-13.0
fixed_skeleton_effect,attunet_cl_fixed,attunet_pixel,7-1-3(1),4,3407,junction_region_count,54.0,64.0,-10.0
fixed_skeleton_effect,attunet_cl_fixed,attunet_pixel,7-1-3(1),4,3407,mean_local_acute_angle_deg,5.483819309756711,2.6685896019698276,2.8152297077868838
fixed_skeleton_effect,attunet_cl_fixed,attunet_pixel,7-1-3(1),4,2026,dominant_path_length,2250.9221484505633,2254.395236515982,-3.4730880654187786
fixed_skeleton_effect,attunet_cl_fixed,attunet_pixel,7-1-3(1),4,2026,retained_segment_count,72.0,5.0,67.0
fixed_skeleton_effect,attunet_cl_fixed,attunet_pixel,7-1-3(1),4,2026,junction_region_count,39.0,49.0,-10.0
fixed_skeleton_effect,attunet_cl_fixed,attunet_pixel,7-1-3(1),4,2026,mean_local_acute_angle_deg,4.28573411152999,3.9604250151914826,0.3253090963385077
fixed_skeleton_effect,attunet_cl_fixed,attunet_pixel,7-1-3(2),4,42,dominant_path_length,224.02438661762835,221.41421356236333,2.6101730552650224
fixed_skeleton_effect,attunet_cl_fixed,attunet_pixel,7-1-3(2),4,42,retained_segment_count,2.0,66.0,-64.0
fixed_skeleton_effect,attunet_cl_fixed,attunet_pixel,7-1-3(2),4,42,junction_region_count,10.0,78.0,-68.0
fixed_skeleton_effect,attunet_cl_fixed,attunet_pixel,7-1-3(2),4,42,mean_local_acute_angle_deg,6.1771746987282725,7.381083971851048,-1.2039092731227754
fixed_skeleton_effect,attunet_cl_fixed,attunet_pixel,7-1-3(2),4,3407,dominant_path_length,224.8822509938982,230.3137084989744,-5.431457505076196
fixed_skeleton_effect,attunet_cl_fixed,attunet_pixel,7-1-3(2),4,3407,retained_segment_count,12.0,18.0,-6.0
fixed_skeleton_effect,attunet_cl_fixed,attunet_pixel,7-1-3(2),4,3407,junction_region_count,29.0,1.0,28.0
fixed_skeleton_effect,attunet_cl_fixed,attunet_pixel,7-1-3(2),4,3407,mean_local_acute_angle_deg,6.581550305205354,5.583350891724699,0.9981994134806556
fixed_skeleton_effect,attunet_cl_fixed,attunet_pixel,7-1-3(2),4,2026,dominant_path_length,1415.3868683518767,416.85786437624256,998.5290039756342
fixed_skeleton_effect,attunet_cl_fixed,attunet_pixel,7-1-3(2),4,2026,retained_segment_count,14.0,46.0,-32.0
fixed_skeleton_effect,attunet_cl_fixed,attunet_pixel,7-1-3(2),4,2026,junction_region_count,4.0,53.0,-49.0
fixed_skeleton_effect,attunet_cl_fixed,attunet_pixel,7-1-3(2),4,2026,mean_local_acute_angle_deg,1.6994284758645435,4.4260634822349445,-2.726635006370401
fixed_skeleton_effect,attunet_cl_fixed,attunet_pixel,7-1-3(3),0,42,dominant_path_length,1465.5067093989694,1454.4701294725091,11.036579926460263
fixed_skeleton_effect,attunet_cl_fixed,attunet_pixel,7-1-3(3),0,42,retained_segment_count,72.0,53.0,19.0
fixed_skeleton_effect,attunet_cl_fixed,attunet_pixel,7-1-3(3),0,42,junction_region_count,37.0,32.0,5.0
fixed_skeleton_effect,attunet_cl_fixed,attunet_pixel,7-1-3(3),0,42,mean_local_acute_angle_deg,5.504645540262096,3.9911171671198176,1.5135283731422788
fixed_skeleton_effect,attunet_cl_fixed,attunet_pixel,7-1-3(3),0,3407,dominant_path_length,1692.0458146423714,1487.0508652762537,204.99494936611768
fixed_skeleton_effect,attunet_cl_fixed,attunet_pixel,7-1-3(3),0,3407,retained_segment_count,75.0,47.0,28.0
fixed_skeleton_effect,attunet_cl_fixed,attunet_pixel,7-1-3(3),0,3407,junction_region_count,38.0,26.0,12.0
fixed_skeleton_effect,attunet_cl_fixed,attunet_pixel,7-1-3(3),0,3407,mean_local_acute_angle_deg,5.267926518135894,3.405097722360047,1.8628287957758474
fixed_skeleton_effect,attunet_cl_fixed,attunet_pixel,7-1-3(3),0,2026,dominant_path_length,1620.6538956565835,1500.0142853497935,120.63961030679002
fixed_skeleton_effect,attunet_cl_fixed,attunet_pixel,7-1-3(3),0,2026,retained_segment_count,147.0,66.0,81.0
fixed_skeleton_effect,attunet_cl_fixed,attunet_pixel,7-1-3(3),0,2026,junction_region_count,135.0,29.0,106.0
fixed_skeleton_effect,attunet_cl_fixed,attunet_pixel,7-1-3(3),0,2026,mean_local_acute_angle_deg,4.572738670376502,6.7061210985187145,-2.1333824281422125
fixed_skeleton_effect,attunet_cl_fixed,attunet_pixel,7-1-6(1),0,42,dominant_path_length,1016.9949493660811,1025.8233764908277,-8.828427124746668
fixed_skeleton_effect,attunet_cl_fixed,attunet_pixel,7-1-6(1),0,42,retained_segment_count,12.0,41.0,-29.0
fixed_skeleton_effect,attunet_cl_fixed,attunet_pixel,7-1-6(1),0,42,junction_region_count,21.0,38.0,-17.0
fixed_skeleton_effect,attunet_cl_fixed,attunet_pixel,7-1-6(1),0,42,mean_local_acute_angle_deg,5.899694147063876,5.321860305646119,0.5778338414177568
fixed_skeleton_effect,attunet_cl_fixed,attunet_pixel,7-1-6(1),0,3407,dominant_path_length,622.9756133823612,1125.3797256769226,-502.4041122945614
fixed_skeleton_effect,attunet_cl_fixed,attunet_pixel,7-1-6(1),0,3407,retained_segment_count,10.0,57.0,-47.0
fixed_skeleton_effect,attunet_cl_fixed,attunet_pixel,7-1-6(1),0,3407,junction_region_count,18.0,47.0,-29.0
fixed_skeleton_effect,attunet_cl_fixed,attunet_pixel,7-1-6(1),0,3407,mean_local_acute_angle_deg,1.223934546391348,4.657932663477375,-3.433998117086027
fixed_skeleton_effect,attunet_cl_fixed,attunet_pixel,7-1-6(1),0,2026,dominant_path_length,701.1421356237197,1126.8355697996385,-425.6934341759188
fixed_skeleton_effect,attunet_cl_fixed,attunet_pixel,7-1-6(1),0,2026,retained_segment_count,86.0,38.0,48.0
fixed_skeleton_effect,attunet_cl_fixed,attunet_pixel,7-1-6(1),0,2026,junction_region_count,114.0,44.0,70.0
fixed_skeleton_effect,attunet_cl_fixed,attunet_pixel,7-1-6(1),0,2026,mean_local_acute_angle_deg,3.3781660814088568,7.825399004465773,-4.447232923056916
fixed_skeleton_effect,attunet_cl_fixed,attunet_pixel,7-1-6(2),3,42,dominant_path_length,1408.8427124746545,953.7523086790761,455.09040379557837
fixed_skeleton_effect,attunet_cl_fixed,attunet_pixel,7-1-6(2),3,42,retained_segment_count,153.0,17.0,136.0
fixed_skeleton_effect,attunet_cl_fixed,attunet_pixel,7-1-6(2),3,42,junction_region_count,210.0,47.0,163.0
fixed_skeleton_effect,attunet_cl_fixed,attunet_pixel,7-1-6(2),3,42,mean_local_acute_angle_deg,6.816520440806066,2.929048945914026,3.88747149489204
fixed_skeleton_effect,attunet_cl_fixed,attunet_pixel,7-1-6(2),3,3407,dominant_path_length,639.1593795665185,1475.4734470029307,-836.3140674364122
fixed_skeleton_effect,attunet_cl_fixed,attunet_pixel,7-1-6(2),3,3407,retained_segment_count,228.0,35.0,193.0
fixed_skeleton_effect,attunet_cl_fixed,attunet_pixel,7-1-6(2),3,3407,junction_region_count,290.0,56.0,234.0
fixed_skeleton_effect,attunet_cl_fixed,attunet_pixel,7-1-6(2),3,3407,mean_local_acute_angle_deg,0.7792360926450925,1.1814817701037654,-0.4022456774586729
fixed_skeleton_effect,attunet_cl_fixed,attunet_pixel,7-1-6(2),3,2026,dominant_path_length,653.5613998200834,906.5512985523078,-252.98989873222445
fixed_skeleton_effect,attunet_cl_fixed,attunet_pixel,7-1-6(2),3,2026,retained_segment_count,173.0,45.0,128.0
fixed_skeleton_effect,attunet_cl_fixed,attunet_pixel,7-1-6(2),3,2026,junction_region_count,231.0,2.0,229.0
fixed_skeleton_effect,attunet_cl_fixed,attunet_pixel,7-1-6(2),3,2026,mean_local_acute_angle_deg,3.019437261480995,2.4917008226444466,0.5277364388365484
fixed_skeleton_effect,attunet_cl_fixed,attunet_pixel,7-1-6(3),2,42,dominant_path_length,906.3086578650714,1727.3128419471618,-821.0041840820904
fixed_skeleton_effect,attunet_cl_fixed,attunet_pixel,7-1-6(3),2,42,retained_segment_count,154.0,82.0,72.0
fixed_skeleton_effect,attunet_cl_fixed,attunet_pixel,7-1-6(3),2,42,junction_region_count,209.0,76.0,133.0
fixed_skeleton_effect,attunet_cl_fixed,attunet_pixel,7-1-6(3),2,42,mean_local_acute_angle_deg,6.75822105692486,7.828801967433186,-1.0705809105083262
fixed_skeleton_effect,attunet_cl_fixed,attunet_pixel,7-1-6(3),2,3407,dominant_path_length,1631.4427842620728,198.72460453107078,1432.718179731002
fixed_skeleton_effect,attunet_cl_fixed,attunet_pixel,7-1-6(3),2,3407,retained_segment_count,96.0,192.0,-96.0
fixed_skeleton_effect,attunet_cl_fixed,attunet_pixel,7-1-6(3),2,3407,junction_region_count,102.0,166.0,-64.0
fixed_skeleton_effect,attunet_cl_fixed,attunet_pixel,7-1-6(3),2,3407,mean_local_acute_angle_deg,6.423647767166877,10.977670073239459,-4.554022306072582
fixed_skeleton_effect,attunet_cl_fixed,attunet_pixel,7-1-6(3),2,2026,dominant_path_length,1381.962553521717,2032.780879378698,-650.8183258569811
fixed_skeleton_effect,attunet_cl_fixed,attunet_pixel,7-1-6(3),2,2026,retained_segment_count,162.0,87.0,75.0
fixed_skeleton_effect,attunet_cl_fixed,attunet_pixel,7-1-6(3),2,2026,junction_region_count,180.0,88.0,92.0
fixed_skeleton_effect,attunet_cl_fixed,attunet_pixel,7-1-6(3),2,2026,mean_local_acute_angle_deg,2.911808028353555,8.386939522604187,-5.475131494250633
fixed_skeleton_effect,attunet_cl_fixed,attunet_pixel,7-1-6(4),0,42,dominant_path_length,1700.7442994522303,739.3868683518535,961.3574311003767
fixed_skeleton_effect,attunet_cl_fixed,attunet_pixel,7-1-6(4),0,42,retained_segment_count,80.0,58.0,22.0
fixed_skeleton_effect,attunet_cl_fixed,attunet_pixel,7-1-6(4),0,42,junction_region_count,107.0,100.0,7.0
fixed_skeleton_effect,attunet_cl_fixed,attunet_pixel,7-1-6(4),0,42,mean_local_acute_angle_deg,0.7899682853956307,0.9141667907755604,-0.12419850537992971
fixed_skeleton_effect,attunet_cl_fixed,attunet_pixel,7-1-6(4),0,3407,dominant_path_length,771.5117600328804,622.6538956565869,148.8578643762935
fixed_skeleton_effect,attunet_cl_fixed,attunet_pixel,7-1-6(4),0,3407,retained_segment_count,192.0,8.0,184.0
fixed_skeleton_effect,attunet_cl_fixed,attunet_pixel,7-1-6(4),0,3407,junction_region_count,264.0,59.0,205.0
fixed_skeleton_effect,attunet_cl_fixed,attunet_pixel,7-1-6(4),0,3407,mean_local_acute_angle_deg,0.47039825403952307,2.1315864736652372,-1.6611882196257142
fixed_skeleton_effect,attunet_cl_fixed,attunet_pixel,7-1-6(4),0,2026,dominant_path_length,322.87720036001383,812.1858582250698,-489.3086578650559
fixed_skeleton_effect,attunet_cl_fixed,attunet_pixel,7-1-6(4),0,2026,retained_segment_count,241.0,13.0,228.0
fixed_skeleton_effect,attunet_cl_fixed,attunet_pixel,7-1-6(4),0,2026,junction_region_count,349.0,56.0,293.0
fixed_skeleton_effect,attunet_cl_fixed,attunet_pixel,7-1-6(4),0,2026,mean_local_acute_angle_deg,0.8715747388465118,0.28336225524736136,0.5882124835991505
fixed_skeleton_effect,attunet_cl_fixed,attunet_pixel,DN50-235-25-6(2),1,42,dominant_path_length,686.0853531617406,688.4406922210684,-2.3553390593277754
fixed_skeleton_effect,attunet_cl_fixed,attunet_pixel,DN50-235-25-6(2),1,42,retained_segment_count,106.0,3.0,103.0
fixed_skeleton_effect,attunet_cl_fixed,attunet_pixel,DN50-235-25-6(2),1,42,junction_region_count,143.0,25.0,118.0
fixed_skeleton_effect,attunet_cl_fixed,attunet_pixel,DN50-235-25-6(2),1,42,mean_local_acute_angle_deg,7.860585458236756,0.7751998691353919,7.085385589101364
fixed_skeleton_effect,attunet_cl_fixed,attunet_pixel,DN50-235-25-6(2),1,3407,dominant_path_length,421.8549057834414,725.5411972844566,-303.68629150101526
fixed_skeleton_effect,attunet_cl_fixed,attunet_pixel,DN50-235-25-6(2),1,3407,retained_segment_count,105.0,8.0,97.0
fixed_skeleton_effect,attunet_cl_fixed,attunet_pixel,DN50-235-25-6(2),1,3407,junction_region_count,149.0,16.0,133.0
fixed_skeleton_effect,attunet_cl_fixed,attunet_pixel,DN50-235-25-6(2),1,3407,mean_local_acute_angle_deg,1.5619002829226147,2.0985851083927756,-0.5366848254701608
fixed_skeleton_effect,attunet_cl_fixed,attunet_pixel,DN50-235-25-6(2),1,2026,dominant_path_length,142.5979797464472,631.4650788387087,-488.86709909226147
fixed_skeleton_effect,attunet_cl_fixed,attunet_pixel,DN50-235-25-6(2),1,2026,retained_segment_count,30.0,121.0,-91.0
fixed_skeleton_effect,attunet_cl_fixed,attunet_pixel,DN50-235-25-6(2),1,2026,junction_region_count,9.0,140.0,-131.0
fixed_skeleton_effect,attunet_cl_fixed,attunet_pixel,DN50-235-25-6(2),1,2026,mean_local_acute_angle_deg,2.956984895657193,1.9213651586186558,1.0356197370385374
fixed_skeleton_effect,attunet_cl_fixed,attunet_pixel,DN50-235-25-6(3),1,42,dominant_path_length,35.70858607760033,37.779653889465976,-2.071067811865646
fixed_skeleton_effect,attunet_cl_fixed,attunet_pixel,DN50-235-25-6(3),1,42,retained_segment_count,54.0,38.0,16.0
fixed_skeleton_effect,attunet_cl_fixed,attunet_pixel,DN50-235-25-6(3),1,42,junction_region_count,72.0,28.0,44.0
fixed_skeleton_effect,attunet_cl_fixed,attunet_pixel,DN50-235-25-6(3),1,42,mean_local_acute_angle_deg,5.95875205612942,8.950087456486223,-2.991335400356803
fixed_skeleton_effect,attunet_cl_fixed,attunet_pixel,DN50-235-25-6(3),1,3407,dominant_path_length,53.62027432303216,44.8090911409887,8.811183182043465
fixed_skeleton_effect,attunet_cl_fixed,attunet_pixel,DN50-235-25-6(3),1,3407,retained_segment_count,66.0,12.0,54.0
fixed_skeleton_effect,attunet_cl_fixed,attunet_pixel,DN50-235-25-6(3),1,3407,junction_region_count,104.0,11.0,93.0
fixed_skeleton_effect,attunet_cl_fixed,attunet_pixel,DN50-235-25-6(3),1,3407,mean_local_acute_angle_deg,10.39269579661724,10.348824443844094,0.043871352773145134
fixed_skeleton_effect,attunet_cl_fixed,attunet_pixel,DN50-235-25-6(3),1,2026,dominant_path_length,23.833477758628646,51.02229457658518,-27.188816817956535
fixed_skeleton_effect,attunet_cl_fixed,attunet_pixel,DN50-235-25-6(3),1,2026,retained_segment_count,17.0,71.0,-54.0
fixed_skeleton_effect,attunet_cl_fixed,attunet_pixel,DN50-235-25-6(3),1,2026,junction_region_count,8.0,121.0,-113.0
fixed_skeleton_effect,attunet_cl_fixed,attunet_pixel,DN50-235-25-6(3),1,2026,mean_local_acute_angle_deg,7.477184425079223,7.279651331647209,0.19753309343201408
fixed_skeleton_effect,attunet_cl_fixed,attunet_pixel,DN50-235-25-7(1),0,42,dominant_path_length,103.93903345589968,100.72583002030319,3.2132034355964834
fixed_skeleton_effect,attunet_cl_fixed,attunet_pixel,DN50-235-25-7(1),0,42,retained_segment_count,11.0,16.0,-5.0
fixed_skeleton_effect,attunet_cl_fixed,attunet_pixel,DN50-235-25-7(1),0,42,junction_region_count,9.0,13.0,-4.0
fixed_skeleton_effect,attunet_cl_fixed,attunet_pixel,DN50-235-25-7(1),0,42,mean_local_acute_angle_deg,0.479482638961791,4.842795168407399,-4.363312529445608
fixed_skeleton_effect,attunet_cl_fixed,attunet_pixel,DN50-235-25-7(1),0,3407,dominant_path_length,113.45375208166104,41.64256889961746,71.81118318204358
fixed_skeleton_effect,attunet_cl_fixed,attunet_pixel,DN50-235-25-7(1),0,3407,retained_segment_count,18.0,19.0,-1.0
fixed_skeleton_effect,attunet_cl_fixed,attunet_pixel,DN50-235-25-7(1),0,3407,junction_region_count,31.0,17.0,14.0
fixed_skeleton_effect,attunet_cl_fixed,attunet_pixel,DN50-235-25-7(1),0,3407,mean_local_acute_angle_deg,1.231774842319993,7.333774435859404,-6.101999593539411
fixed_skeleton_effect,attunet_cl_fixed,attunet_pixel,DN50-235-25-7(1),0,2026,dominant_path_length,67.96847070742251,78.98571465012503,-11.017243942702521
fixed_skeleton_effect,attunet_cl_fixed,attunet_pixel,DN50-235-25-7(1),0,2026,retained_segment_count,51.0,21.0,30.0
fixed_skeleton_effect,attunet_cl_fixed,attunet_pixel,DN50-235-25-7(1),0,2026,junction_region_count,65.0,21.0,44.0
fixed_skeleton_effect,attunet_cl_fixed,attunet_pixel,DN50-235-25-7(1),0,2026,mean_local_acute_angle_deg,2.259714601739965,0.3022656496851752,1.95744895205479
fixed_skeleton_effect,attunet_cl_fixed,attunet_pixel,W82-447-1-13-3(1),3,42,dominant_path_length,1485.4398256692095,1477.4103884176868,8.029437251522722
fixed_skeleton_effect,attunet_cl_fixed,attunet_pixel,W82-447-1-13-3(1),3,42,retained_segment_count,224.0,130.0,94.0
fixed_skeleton_effect,attunet_cl_fixed,attunet_pixel,W82-447-1-13-3(1),3,42,junction_region_count,210.0,102.0,108.0
fixed_skeleton_effect,attunet_cl_fixed,attunet_pixel,W82-447-1-13-3(1),3,42,mean_local_acute_angle_deg,2.36556826310067,0.2835422793494544,2.0820259837512154
fixed_skeleton_effect,attunet_cl_fixed,attunet_pixel,W82-447-1-13-3(1),3,3407,dominant_path_length,1523.126117170225,271.2645763262685,1251.8615408439564
fixed_skeleton_effect,attunet_cl_fixed,attunet_pixel,W82-447-1-13-3(1),3,3407,retained_segment_count,252.0,138.0,114.0
fixed_skeleton_effect,attunet_cl_fixed,attunet_pixel,W82-447-1-13-3(1),3,3407,junction_region_count,227.0,106.0,121.0
fixed_skeleton_effect,attunet_cl_fixed,attunet_pixel,W82-447-1-13-3(1),3,3407,mean_local_acute_angle_deg,0.9896874320202826,1.297599906952513,-0.3079124749322304
fixed_skeleton_effect,attunet_cl_fixed,attunet_pixel,W82-447-1-13-3(1),3,2026,dominant_path_length,1479.4398256692098,1466.5697679841207,12.870057685089023
fixed_skeleton_effect,attunet_cl_fixed,attunet_pixel,W82-447-1-13-3(1),3,2026,retained_segment_count,215.0,87.0,128.0
fixed_skeleton_effect,attunet_cl_fixed,attunet_pixel,W82-447-1-13-3(1),3,2026,junction_region_count,200.0,64.0,136.0
fixed_skeleton_effect,attunet_cl_fixed,attunet_pixel,W82-447-1-13-3(1),3,2026,mean_local_acute_angle_deg,0.3244382953364209,3.6545711800935337,-3.3301328847571128
fixed_skeleton_effect,attunet_cl_fixed,attunet_pixel,W82-447-1-13-7(1),4,42,dominant_path_length,1098.722871427444,1162.7178207935617,-63.99494936611768
fixed_skeleton_effect,attunet_cl_fixed,attunet_pixel,W82-447-1-13-7(1),4,42,retained_segment_count,44.0,28.0,16.0
fixed_skeleton_effect,attunet_cl_fixed,attunet_pixel,W82-447-1-13-7(1),4,42,junction_region_count,55.0,29.0,26.0
fixed_skeleton_effect,attunet_cl_fixed,attunet_pixel,W82-447-1-13-7(1),4,42,mean_local_acute_angle_deg,5.102050525260779,4.252159146964345,0.8498913782964337
fixed_skeleton_effect,attunet_cl_fixed,attunet_pixel,W82-447-1-13-7(1),4,3407,dominant_path_length,1076.9066376115181,1165.2914139223685,-88.38477631085038
fixed_skeleton_effect,attunet_cl_fixed,attunet_pixel,W82-447-1-13-7(1),4,3407,retained_segment_count,20.0,4.0,16.0
fixed_skeleton_effect,attunet_cl_fixed,attunet_pixel,W82-447-1-13-7(1),4,3407,junction_region_count,17.0,10.0,7.0
fixed_skeleton_effect,attunet_cl_fixed,attunet_pixel,W82-447-1-13-7(1),4,3407,mean_local_acute_angle_deg,7.215577280145951,1.599019767168926,5.616557512977025
fixed_skeleton_effect,attunet_cl_fixed,attunet_pixel,W82-447-1-13-7(1),4,2026,dominant_path_length,1132.9898987322038,1118.2792206135484,14.710678118655323
fixed_skeleton_effect,attunet_cl_fixed,attunet_pixel,W82-447-1-13-7(1),4,2026,retained_segment_count,40.0,18.0,22.0
fixed_skeleton_effect,attunet_cl_fixed,attunet_pixel,W82-447-1-13-7(1),4,2026,junction_region_count,317.0,10.0,307.0
fixed_skeleton_effect,attunet_cl_fixed,attunet_pixel,W82-447-1-13-7(1),4,2026,mean_local_acute_angle_deg,10.35574164456834,8.27981911309844,2.0759225314698995
fixed_skeleton_effect,attunet_cl_fixed,attunet_pixel,W82-447-1-13-7(2),3,42,dominant_path_length,1990.8927111991209,1749.7018023401097,241.1909088590112
fixed_skeleton_effect,attunet_cl_fixed,attunet_pixel,W82-447-1-13-7(2),3,42,retained_segment_count,9.0,6.0,3.0
fixed_skeleton_effect,attunet_cl_fixed,attunet_pixel,W82-447-1-13-7(2),3,42,junction_region_count,19.0,4.0,15.0
fixed_skeleton_effect,attunet_cl_fixed,attunet_pixel,W82-447-1-13-7(2),3,42,mean_local_acute_angle_deg,5.184240634607349,0.915448953935531,4.268791680671818
fixed_skeleton_effect,attunet_cl_fixed,attunet_pixel,W82-447-1-13-7(2),3,3407,dominant_path_length,1965.7211383238669,683.1590206289766,1282.5621176948903
fixed_skeleton_effect,attunet_cl_fixed,attunet_pixel,W82-447-1-13-7(2),3,3407,retained_segment_count,38.0,17.0,21.0
fixed_skeleton_effect,attunet_cl_fixed,attunet_pixel,W82-447-1-13-7(2),3,3407,junction_region_count,57.0,7.0,50.0
fixed_skeleton_effect,attunet_cl_fixed,attunet_pixel,W82-447-1-13-7(2),3,3407,mean_local_acute_angle_deg,5.875652516273618,10.27807293081294,-4.402420414539321
fixed_skeleton_effect,attunet_cl_fixed,attunet_pixel,W82-447-1-13-7(2),3,2026,dominant_path_length,1990.721138323867,1765.9738802787517,224.74725804511536
fixed_skeleton_effect,attunet_cl_fixed,attunet_pixel,W82-447-1-13-7(2),3,2026,retained_segment_count,42.0,3.0,39.0
fixed_skeleton_effect,attunet_cl_fixed,attunet_pixel,W82-447-1-13-7(2),3,2026,junction_region_count,60.0,1.0,59.0
fixed_skeleton_effect,attunet_cl_fixed,attunet_pixel,W82-447-1-13-7(2),3,2026,mean_local_acute_angle_deg,4.97409341206933,10.347229042112708,-5.373135630043379
fixed_skeleton_effect,attunet_cl_fixed,attunet_pixel,W82-447-1-13-7(3),2,42,dominant_path_length,1610.6042558695362,1623.77582874479,-13.171572875253787
fixed_skeleton_effect,attunet_cl_fixed,attunet_pixel,W82-447-1-13-7(3),2,42,retained_segment_count,468.0,254.0,214.0
fixed_skeleton_effect,attunet_cl_fixed,attunet_pixel,W82-447-1-13-7(3),2,42,junction_region_count,453.0,192.0,261.0
fixed_skeleton_effect,attunet_cl_fixed,attunet_pixel,W82-447-1-13-7(3),2,42,mean_local_acute_angle_deg,2.193423180515431,0.6540204921797113,1.53940268833572
fixed_skeleton_effect,attunet_cl_fixed,attunet_pixel,W82-447-1-13-7(3),2,3407,dominant_path_length,1665.0773439349548,355.7110370560895,1309.3663068788653
fixed_skeleton_effect,attunet_cl_fixed,attunet_pixel,W82-447-1-13-7(3),2,3407,retained_segment_count,444.0,443.0,1.0
fixed_skeleton_effect,attunet_cl_fixed,attunet_pixel,W82-447-1-13-7(3),2,3407,junction_region_count,390.0,384.0,6.0
fixed_skeleton_effect,attunet_cl_fixed,attunet_pixel,W82-447-1-13-7(3),2,3407,mean_local_acute_angle_deg,1.6376609448164032,1.7193849417915388,-0.08172399697513555
fixed_skeleton_effect,attunet_cl_fixed,attunet_pixel,W82-447-1-13-7(3),2,2026,dominant_path_length,1382.9108216935892,1533.6509370637632,-150.74011537017395
fixed_skeleton_effect,attunet_cl_fixed,attunet_pixel,W82-447-1-13-7(3),2,2026,retained_segment_count,466.0,349.0,117.0
fixed_skeleton_effect,attunet_cl_fixed,attunet_pixel,W82-447-1-13-7(3),2,2026,junction_region_count,509.0,374.0,135.0
fixed_skeleton_effect,attunet_cl_fixed,attunet_pixel,W82-447-1-13-7(3),2,2026,mean_local_acute_angle_deg,3.8597151929871742,1.5241982565588685,2.3355169364283057
schedule_vs_fixed,attunet_cl_schedule,attunet_cl_fixed,10-1-1,3,42,dominant_path_length,908.3452377914987,949.9015869776022,-41.55634918610349
schedule_vs_fixed,attunet_cl_schedule,attunet_cl_fixed,10-1-1,3,42,retained_segment_count,41.0,22.0,19.0
schedule_vs_fixed,attunet_cl_schedule,attunet_cl_fixed,10-1-1,3,42,junction_region_count,50.0,32.0,18.0
schedule_vs_fixed,attunet_cl_schedule,attunet_cl_fixed,10-1-1,3,42,mean_local_acute_angle_deg,9.492286646962818,11.518106034997146,-2.0258193880343285
schedule_vs_fixed,attunet_cl_schedule,attunet_cl_fixed,10-1-1,3,3407,dominant_path_length,895.3452377915,963.2863632884514,-67.94112549695137
schedule_vs_fixed,attunet_cl_schedule,attunet_cl_fixed,10-1-1,3,3407,retained_segment_count,19.0,9.0,10.0
schedule_vs_fixed,attunet_cl_schedule,attunet_cl_fixed,10-1-1,3,3407,junction_region_count,49.0,42.0,7.0
schedule_vs_fixed,attunet_cl_schedule,attunet_cl_fixed,10-1-1,3,3407,mean_local_acute_angle_deg,3.055258129262313,0.6623498982577587,2.3929082310045544
schedule_vs_fixed,attunet_cl_schedule,attunet_cl_fixed,10-1-1,3,2026,dominant_path_length,901.6295090389617,909.6173157301441,-7.9878066911824135
schedule_vs_fixed,attunet_cl_schedule,attunet_cl_fixed,10-1-1,3,2026,retained_segment_count,24.0,22.0,2.0
schedule_vs_fixed,attunet_cl_schedule,attunet_cl_fixed,10-1-1,3,2026,junction_region_count,38.0,41.0,-3.0
schedule_vs_fixed,attunet_cl_schedule,attunet_cl_fixed,10-1-1,3,2026,mean_local_acute_angle_deg,9.668041291222877,11.345133877286777,-1.6770925860638997
schedule_vs_fixed,attunet_cl_schedule,attunet_cl_fixed,10-1-1(1),3,42,dominant_path_length,1762.9280656363305,1701.1219330881695,61.80613254816103
schedule_vs_fixed,attunet_cl_schedule,attunet_cl_fixed,10-1-1(1),3,42,retained_segment_count,47.0,35.0,12.0
schedule_vs_fixed,attunet_cl_schedule,attunet_cl_fixed,10-1-1(1),3,42,junction_region_count,54.0,33.0,21.0
schedule_vs_fixed,attunet_cl_schedule,attunet_cl_fixed,10-1-1(1),3,42,mean_local_acute_angle_deg,2.095547674052618,2.105624302088934,-0.010076628036316038
schedule_vs_fixed,attunet_cl_schedule,attunet_cl_fixed,10-1-1(1),3,3407,dominant_path_length,1288.0803025278265,1730.584919885823,-442.5046173579965
schedule_vs_fixed,attunet_cl_schedule,attunet_cl_fixed,10-1-1(1),3,3407,retained_segment_count,55.0,67.0,-12.0
schedule_vs_fixed,attunet_cl_schedule,attunet_cl_fixed,10-1-1(1),3,3407,junction_region_count,71.0,85.0,-14.0
schedule_vs_fixed,attunet_cl_schedule,attunet_cl_fixed,10-1-1(1),3,3407,mean_local_acute_angle_deg,1.9468788191664785,3.239914838856542,-1.2930360196900637
schedule_vs_fixed,attunet_cl_schedule,attunet_cl_fixed,10-1-1(1),3,2026,dominant_path_length,1760.4133470105692,1759.999133448196,0.41421356237310647
schedule_vs_fixed,attunet_cl_schedule,attunet_cl_fixed,10-1-1(1),3,2026,retained_segment_count,38.0,61.0,-23.0
schedule_vs_fixed,attunet_cl_schedule,attunet_cl_fixed,10-1-1(1),3,2026,junction_region_count,52.0,61.0,-9.0
schedule_vs_fixed,attunet_cl_schedule,attunet_cl_fixed,10-1-1(1),3,2026,mean_local_acute_angle_deg,2.672846466445719,5.543426073641591,-2.8705796071958716
schedule_vs_fixed,attunet_cl_schedule,attunet_cl_fixed,10-1-1(2),1,42,dominant_path_length,788.171572875254,770.2426406871193,17.928932188134695
schedule_vs_fixed,attunet_cl_schedule,attunet_cl_fixed,10-1-1(2),1,42,retained_segment_count,18.0,28.0,-10.0
schedule_vs_fixed,attunet_cl_schedule,attunet_cl_fixed,10-1-1(2),1,42,junction_region_count,18.0,32.0,-14.0
schedule_vs_fixed,attunet_cl_schedule,attunet_cl_fixed,10-1-1(2),1,42,mean_local_acute_angle_deg,6.608696856174362,8.460550956130831,-1.8518540999564692
schedule_vs_fixed,attunet_cl_schedule,attunet_cl_fixed,10-1-1(2),1,3407,dominant_path_length,653.6152236891497,621.5147186257614,32.10050506338837
schedule_vs_fixed,attunet_cl_schedule,attunet_cl_fixed,10-1-1(2),1,3407,retained_segment_count,8.0,24.0,-16.0
schedule_vs_fixed,attunet_cl_schedule,attunet_cl_fixed,10-1-1(2),1,3407,junction_region_count,1.0,55.0,-54.0
schedule_vs_fixed,attunet_cl_schedule,attunet_cl_fixed,10-1-1(2),1,3407,mean_local_acute_angle_deg,3.9350017577300065,0.2621866898469847,3.672815067883022
schedule_vs_fixed,attunet_cl_schedule,attunet_cl_fixed,10-1-1(2),1,2026,dominant_path_length,605.1299423149109,502.9045455704942,102.22539674441668
schedule_vs_fixed,attunet_cl_schedule,attunet_cl_fixed,10-1-1(2),1,2026,retained_segment_count,28.0,16.0,12.0
schedule_vs_fixed,attunet_cl_schedule,attunet_cl_fixed,10-1-1(2),1,2026,junction_region_count,45.0,12.0,33.0
schedule_vs_fixed,attunet_cl_schedule,attunet_cl_fixed,10-1-1(2),1,2026,mean_local_acute_angle_deg,5.753007590901518,2.7678200900605248,2.9851875008409934
schedule_vs_fixed,attunet_cl_schedule,attunet_cl_fixed,10-1-1(3),2,42,dominant_path_length,2058.666088965463,153.8587309280556,1904.8073580374075
schedule_vs_fixed,attunet_cl_schedule,attunet_cl_fixed,10-1-1(3),2,42,retained_segment_count,171.0,84.0,87.0
schedule_vs_fixed,attunet_cl_schedule,attunet_cl_fixed,10-1-1(3),2,42,junction_region_count,335.0,121.0,214.0
schedule_vs_fixed,attunet_cl_schedule,attunet_cl_fixed,10-1-1(3),2,42,mean_local_acute_angle_deg,7.107721621660865,13.005586017952723,-5.897864396291858
schedule_vs_fixed,attunet_cl_schedule,attunet_cl_fixed,10-1-1(3),2,3407,dominant_path_length,1201.8507217013098,927.0689757707887,274.7817459305211
schedule_vs_fixed,attunet_cl_schedule,attunet_cl_fixed,10-1-1(3),2,3407,retained_segment_count,29.0,67.0,-38.0
schedule_vs_fixed,attunet_cl_schedule,attunet_cl_fixed,10-1-1(3),2,3407,junction_region_count,78.0,88.0,-10.0
schedule_vs_fixed,attunet_cl_schedule,attunet_cl_fixed,10-1-1(3),2,3407,mean_local_acute_angle_deg,11.303964963618448,12.196173839662265,-0.8922088760438172
schedule_vs_fixed,attunet_cl_schedule,attunet_cl_fixed,10-1-1(3),2,2026,dominant_path_length,295.61609024092877,313.13080886668786,-17.514718625759087
schedule_vs_fixed,attunet_cl_schedule,attunet_cl_fixed,10-1-1(3),2,2026,retained_segment_count,103.0,86.0,17.0
schedule_vs_fixed,attunet_cl_schedule,attunet_cl_fixed,10-1-1(3),2,2026,junction_region_count,183.0,132.0,51.0
schedule_vs_fixed,attunet_cl_schedule,attunet_cl_fixed,10-1-1(3),2,2026,mean_local_acute_angle_deg,13.784698184595577,11.454129040466455,2.3305691441291216
schedule_vs_fixed,attunet_cl_schedule,attunet_cl_fixed,10-1-2,2,42,dominant_path_length,440.96551211459337,396.47518010646127,44.4903320081321
schedule_vs_fixed,attunet_cl_schedule,attunet_cl_fixed,10-1-2,2,42,retained_segment_count,358.0,247.0,111.0
schedule_vs_fixed,attunet_cl_schedule,attunet_cl_fixed,10-1-2,2,42,junction_region_count,432.0,278.0,154.0
schedule_vs_fixed,attunet_cl_schedule,attunet_cl_fixed,10-1-2,2,42,mean_local_acute_angle_deg,1.3740772459262374,4.224717178879011,-2.850639932952774
schedule_vs_fixed,attunet_cl_schedule,attunet_cl_fixed,10-1-2,2,3407,dominant_path_length,1418.3645737752381,316.29141392239626,1102.0731598528419
schedule_vs_fixed,attunet_cl_schedule,attunet_cl_fixed,10-1-2,2,3407,retained_segment_count,186.0,135.0,51.0
schedule_vs_fixed,attunet_cl_schedule,attunet_cl_fixed,10-1-2,2,3407,junction_region_count,235.0,155.0,80.0
schedule_vs_fixed,attunet_cl_schedule,attunet_cl_fixed,10-1-2,2,3407,mean_local_acute_angle_deg,11.729872315515536,5.933019485816402,5.796852829699134
schedule_vs_fixed,attunet_cl_schedule,attunet_cl_fixed,10-1-2,2,2026,dominant_path_length,433.64675298172006,272.86500705120943,160.78174593051062
schedule_vs_fixed,attunet_cl_schedule,attunet_cl_fixed,10-1-2,2,2026,retained_segment_count,260.0,228.0,32.0
schedule_vs_fixed,attunet_cl_schedule,attunet_cl_fixed,10-1-2,2,2026,junction_region_count,293.0,253.0,40.0
schedule_vs_fixed,attunet_cl_schedule,attunet_cl_fixed,10-1-2,2,2026,mean_local_acute_angle_deg,2.876028060524746,2.387269556254978,0.48875850426976797
schedule_vs_fixed,attunet_cl_schedule,attunet_cl_fixed,10-1-2(1),4,42,dominant_path_length,2235.5891039678445,1542.55043200033,693.0386719675146
schedule_vs_fixed,attunet_cl_schedule,attunet_cl_fixed,10-1-2(1),4,42,retained_segment_count,2.0,103.0,-101.0
schedule_vs_fixed,attunet_cl_schedule,attunet_cl_fixed,10-1-2(1),4,42,junction_region_count,8.0,146.0,-138.0
schedule_vs_fixed,attunet_cl_schedule,attunet_cl_fixed,10-1-2(1),4,42,mean_local_acute_angle_deg,11.727959940688628,16.21143993217209,-4.483479991483463
schedule_vs_fixed,attunet_cl_schedule,attunet_cl_fixed,10-1-2(1),4,3407,dominant_path_length,2359.0327547817406,2034.6875169901778,324.3452377915628
schedule_vs_fixed,attunet_cl_schedule,attunet_cl_fixed,10-1-2(1),4,3407,retained_segment_count,74.0,58.0,16.0
schedule_vs_fixed,attunet_cl_schedule,attunet_cl_fixed,10-1-2(1),4,3407,junction_region_count,59.0,92.0,-33.0
schedule_vs_fixed,attunet_cl_schedule,attunet_cl_fixed,10-1-2(1),4,3407,mean_local_acute_angle_deg,17.145150083345584,13.259865432958684,3.8852846503869003
schedule_vs_fixed,attunet_cl_schedule,attunet_cl_fixed,10-1-2(1),4,2026,dominant_path_length,1346.462120245761,2884.248050258392,-1537.785930012631
schedule_vs_fixed,attunet_cl_schedule,attunet_cl_fixed,10-1-2(1),4,2026,retained_segment_count,176.0,5.0,171.0
schedule_vs_fixed,attunet_cl_schedule,attunet_cl_fixed,10-1-2(1),4,2026,junction_region_count,244.0,19.0,225.0
schedule_vs_fixed,attunet_cl_schedule,attunet_cl_fixed,10-1-2(1),4,2026,mean_local_acute_angle_deg,15.591884429601876,14.538051606090505,1.053832823511371
schedule_vs_fixed,attunet_cl_schedule,attunet_cl_fixed,10-1-2(2),1,42,dominant_path_length,2211.849855149519,2209.4772721474883,2.3725830020307512
schedule_vs_fixed,attunet_cl_schedule,attunet_cl_fixed,10-1-2(2),1,42,retained_segment_count,77.0,139.0,-62.0
schedule_vs_fixed,attunet_cl_schedule,attunet_cl_fixed,10-1-2(2),1,42,junction_region_count,51.0,165.0,-114.0
schedule_vs_fixed,attunet_cl_schedule,attunet_cl_fixed,10-1-2(2),1,42,mean_local_acute_angle_deg,17.514474324058142,15.755239021450919,1.7592353026072232
schedule_vs_fixed,attunet_cl_schedule,attunet_cl_fixed,10-1-2(2),1,3407,dominant_path_length,2205.820417897996,1949.7005768508502,256.11984104714566
schedule_vs_fixed,attunet_cl_schedule,attunet_cl_fixed,10-1-2(2),1,3407,retained_segment_count,57.0,166.0,-109.0
schedule_vs_fixed,attunet_cl_schedule,attunet_cl_fixed,10-1-2(2),1,3407,junction_region_count,18.0,235.0,-217.0
schedule_vs_fixed,attunet_cl_schedule,attunet_cl_fixed,10-1-2(2),1,3407,mean_local_acute_angle_deg,19.185063596852302,20.81846503392564,-1.6334014370733385
schedule_vs_fixed,attunet_cl_schedule,attunet_cl_fixed,10-1-2(2),1,2026,dominant_path_length,1199.4020202535132,1127.6791488260376,71.72287142747564
schedule_vs_fixed,attunet_cl_schedule,attunet_cl_fixed,10-1-2(2),1,2026,retained_segment_count,150.0,70.0,80.0
schedule_vs_fixed,attunet_cl_schedule,attunet_cl_fixed,10-1-2(2),1,2026,junction_region_count,178.0,31.0,147.0
schedule_vs_fixed,attunet_cl_schedule,attunet_cl_fixed,10-1-2(2),1,2026,mean_local_acute_angle_deg,7.309452222263481,19.26247374970923,-11.953021527445749
schedule_vs_fixed,attunet_cl_schedule,attunet_cl_fixed,10-1-2(3),0,42,dominant_path_length,1732.5432893254956,1633.0874452027795,99.45584412271614
schedule_vs_fixed,attunet_cl_schedule,attunet_cl_fixed,10-1-2(3),0,42,retained_segment_count,17.0,23.0,-6.0
schedule_vs_fixed,attunet_cl_schedule,attunet_cl_fixed,10-1-2(3),0,42,junction_region_count,10.0,18.0,-8.0
schedule_vs_fixed,attunet_cl_schedule,attunet_cl_fixed,10-1-2(3),0,42,mean_local_acute_angle_deg,0.27297316929424653,1.3071000255138685,-1.034126856219622
schedule_vs_fixed,attunet_cl_schedule,attunet_cl_fixed,10-1-2(3),0,3407,dominant_path_length,1047.862048458363,1645.6904755831092,-597.8284271247462
schedule_vs_fixed,attunet_cl_schedule,attunet_cl_fixed,10-1-2(3),0,3407,retained_segment_count,59.0,30.0,29.0
schedule_vs_fixed,attunet_cl_schedule,attunet_cl_fixed,10-1-2(3),0,3407,junction_region_count,71.0,33.0,38.0
schedule_vs_fixed,attunet_cl_schedule,attunet_cl_fixed,10-1-2(3),0,3407,mean_local_acute_angle_deg,2.214080505413726,0.23783972204785186,1.9762407833658742
schedule_vs_fixed,attunet_cl_schedule,attunet_cl_fixed,10-1-2(3),0,2026,dominant_path_length,1636.3300858898988,1407.47222151363,228.8578643762687
schedule_vs_fixed,attunet_cl_schedule,attunet_cl_fixed,10-1-2(3),0,2026,retained_segment_count,67.0,103.0,-36.0
schedule_vs_fixed,attunet_cl_schedule,attunet_cl_fixed,10-1-2(3),0,2026,junction_region_count,71.0,122.0,-51.0
schedule_vs_fixed,attunet_cl_schedule,attunet_cl_fixed,10-1-2(3),0,2026,mean_local_acute_angle_deg,1.760073064810797,0.05118258050029567,1.7088904843105013
schedule_vs_fixed,attunet_cl_schedule,attunet_cl_fixed,10-1-3,0,42,dominant_path_length,2484.5352800987243,1879.2468247691527,605.2884553295717
schedule_vs_fixed,attunet_cl_schedule,attunet_cl_fixed,10-1-3,0,42,retained_segment_count,54.0,27.0,27.0
schedule_vs_fixed,attunet_cl_schedule,attunet_cl_fixed,10-1-3,0,42,junction_region_count,15.0,19.0,-4.0
schedule_vs_fixed,attunet_cl_schedule,attunet_cl_fixed,10-1-3,0,42,mean_local_acute_angle_deg,9.081806619162705,1.8497014207012796,7.232105198461426
schedule_vs_fixed,attunet_cl_schedule,attunet_cl_fixed,10-1-3,0,3407,dominant_path_length,646.1564209735448,2261.4326829942815,-1615.2762620207368
schedule_vs_fixed,attunet_cl_schedule,attunet_cl_fixed,10-1-3,0,3407,retained_segment_count,75.0,13.0,62.0
schedule_vs_fixed,attunet_cl_schedule,attunet_cl_fixed,10-1-3,0,3407,junction_region_count,104.0,4.0,100.0
schedule_vs_fixed,attunet_cl_schedule,attunet_cl_fixed,10-1-3,0,3407,mean_local_acute_angle_deg,0.16077905636405632,5.113196599222057,-4.952417542858001
schedule_vs_fixed,attunet_cl_schedule,attunet_cl_fixed,10-1-3,0,2026,dominant_path_length,1905.7026688918686,1734.477272147452,171.22539674441668
schedule_vs_fixed,attunet_cl_schedule,attunet_cl_fixed,10-1-3,0,2026,retained_segment_count,55.0,80.0,-25.0
schedule_vs_fixed,attunet_cl_schedule,attunet_cl_fixed,10-1-3,0,2026,junction_region_count,78.0,126.0,-48.0
schedule_vs_fixed,attunet_cl_schedule,attunet_cl_fixed,10-1-3,0,2026,mean_local_acute_angle_deg,6.684211165112366,5.390017530429304,1.2941936346830616
schedule_vs_fixed,attunet_cl_schedule,attunet_cl_fixed,10-1-9(1),3,42,dominant_path_length,1457.9310242291297,2358.661038331543,-900.7300141024132
schedule_vs_fixed,attunet_cl_schedule,attunet_cl_fixed,10-1-9(1),3,42,retained_segment_count,137.0,107.0,30.0
schedule_vs_fixed,attunet_cl_schedule,attunet_cl_fixed,10-1-9(1),3,42,junction_region_count,170.0,102.0,68.0
schedule_vs_fixed,attunet_cl_schedule,attunet_cl_fixed,10-1-9(1),3,42,mean_local_acute_angle_deg,13.329110739975732,12.871979998556604,0.45713074141912813
schedule_vs_fixed,attunet_cl_schedule,attunet_cl_fixed,10-1-9(1),3,3407,dominant_path_length,1732.0336213335727,1568.3401871576202,163.69343417595246
schedule_vs_fixed,attunet_cl_schedule,attunet_cl_fixed,10-1-9(1),3,3407,retained_segment_count,218.0,177.0,41.0
schedule_vs_fixed,attunet_cl_schedule,attunet_cl_fixed,10-1-9(1),3,3407,junction_region_count,256.0,238.0,18.0
schedule_vs_fixed,attunet_cl_schedule,attunet_cl_fixed,10-1-9(1),3,3407,mean_local_acute_angle_deg,10.685693645754561,8.662362103980492,2.02333154177407
schedule_vs_fixed,attunet_cl_schedule,attunet_cl_fixed,10-1-9(1),3,2026,dominant_path_length,1770.7787873376335,1583.7960312803361,186.98275605729737
schedule_vs_fixed,attunet_cl_schedule,attunet_cl_fixed,10-1-9(1),3,2026,retained_segment_count,133.0,186.0,-53.0
schedule_vs_fixed,attunet_cl_schedule,attunet_cl_fixed,10-1-9(1),3,2026,junction_region_count,173.0,255.0,-82.0
schedule_vs_fixed,attunet_cl_schedule,attunet_cl_fixed,10-1-9(1),3,2026,mean_local_acute_angle_deg,7.707797037440535,9.881012676172674,-2.173215638732138
schedule_vs_fixed,attunet_cl_schedule,attunet_cl_fixed,10-1-9(2),3,42,dominant_path_length,2049.947401620044,2245.2854967366693,-195.33809511662548
schedule_vs_fixed,attunet_cl_schedule,attunet_cl_fixed,10-1-9(2),3,42,retained_segment_count,79.0,54.0,25.0
schedule_vs_fixed,attunet_cl_schedule,attunet_cl_fixed,10-1-9(2),3,42,junction_region_count,76.0,42.0,34.0
schedule_vs_fixed,attunet_cl_schedule,attunet_cl_fixed,10-1-9(2),3,42,mean_local_acute_angle_deg,13.516017275433292,10.385006801377457,3.1310104740558344
schedule_vs_fixed,attunet_cl_schedule,attunet_cl_fixed,10-1-9(2),3,3407,dominant_path_length,988.1808075911831,1662.6681810064645,-674.4873734152814
schedule_vs_fixed,attunet_cl_schedule,attunet_cl_fixed,10-1-9(2),3,3407,retained_segment_count,82.0,86.0,-4.0
schedule_vs_fixed,attunet_cl_schedule,attunet_cl_fixed,10-1-9(2),3,3407,junction_region_count,101.0,98.0,3.0
schedule_vs_fixed,attunet_cl_schedule,attunet_cl_fixed,10-1-9(2),3,3407,mean_local_acute_angle_deg,3.9354234612707586,12.250240031574705,-8.314816570303947
schedule_vs_fixed,attunet_cl_schedule,attunet_cl_fixed,10-1-9(2),3,2026,dominant_path_length,1609.8641404993582,1313.7392488183305,296.12489168102775
schedule_vs_fixed,attunet_cl_schedule,attunet_cl_fixed,10-1-9(2),3,2026,retained_segment_count,70.0,91.0,-21.0
schedule_vs_fixed,attunet_cl_schedule,attunet_cl_fixed,10-1-9(2),3,2026,junction_region_count,73.0,101.0,-28.0
schedule_vs_fixed,attunet_cl_schedule,attunet_cl_fixed,10-1-9(2),3,2026,mean_local_acute_angle_deg,12.709131379998794,9.969493854635331,2.739637525363463
schedule_vs_fixed,attunet_cl_schedule,attunet_cl_fixed,10-1-9(3),4,42,dominant_path_length,2591.207286249851,2432.6753236813865,158.53196256846468
schedule_vs_fixed,attunet_cl_schedule,attunet_cl_fixed,10-1-9(3),4,42,retained_segment_count,68.0,159.0,-91.0
schedule_vs_fixed,attunet_cl_schedule,attunet_cl_fixed,10-1-9(3),4,42,junction_region_count,56.0,147.0,-91.0
schedule_vs_fixed,attunet_cl_schedule,attunet_cl_fixed,10-1-9(3),4,42,mean_local_acute_angle_deg,17.24698686579176,24.827860004624554,-7.580873138832793
schedule_vs_fixed,attunet_cl_schedule,attunet_cl_fixed,10-1-9(3),4,3407,dominant_path_length,2435.018469431894,2436.6286424871614,-1.6101730552672961
schedule_vs_fixed,attunet_cl_schedule,attunet_cl_fixed,10-1-9(3),4,3407,retained_segment_count,125.0,135.0,-10.0
schedule_vs_fixed,attunet_cl_schedule,attunet_cl_fixed,10-1-9(3),4,3407,junction_region_count,115.0,104.0,11.0
schedule_vs_fixed,attunet_cl_schedule,attunet_cl_fixed,10-1-9(3),4,3407,mean_local_acute_angle_deg,21.172923559765742,19.037545209172215,2.135378350593527
schedule_vs_fixed,attunet_cl_schedule,attunet_cl_fixed,10-1-9(3),4,2026,dominant_path_length,2109.6538956565746,2848.5819612929363,-738.9280656363617
schedule_vs_fixed,attunet_cl_schedule,attunet_cl_fixed,10-1-9(3),4,2026,retained_segment_count,186.0,78.0,108.0
schedule_vs_fixed,attunet_cl_schedule,attunet_cl_fixed,10-1-9(3),4,2026,junction_region_count,196.0,68.0,128.0
schedule_vs_fixed,attunet_cl_schedule,attunet_cl_fixed,10-1-9(3),4,2026,mean_local_acute_angle_deg,22.2892560586967,20.8986749072142,1.3905811514825004
schedule_vs_fixed,attunet_cl_schedule,attunet_cl_fixed,10-2-1,0,42,dominant_path_length,1937.8965363436862,1716.8132752230006,221.08326112068562
schedule_vs_fixed,attunet_cl_schedule,attunet_cl_fixed,10-2-1,0,42,retained_segment_count,55.0,46.0,9.0
schedule_vs_fixed,attunet_cl_schedule,attunet_cl_fixed,10-2-1,0,42,junction_region_count,39.0,31.0,8.0
schedule_vs_fixed,attunet_cl_schedule,attunet_cl_fixed,10-2-1,0,42,mean_local_acute_angle_deg,8.722946222651345,7.883459439231501,0.8394867834198436
schedule_vs_fixed,attunet_cl_schedule,attunet_cl_fixed,10-2-1,0,3407,dominant_path_length,1127.352380466436,1762.5117600328358,-635.1593795663998
schedule_vs_fixed,attunet_cl_schedule,attunet_cl_fixed,10-2-1,0,3407,retained_segment_count,66.0,19.0,47.0
schedule_vs_fixed,attunet_cl_schedule,attunet_cl_fixed,10-2-1,0,3407,junction_region_count,66.0,2.0,64.0
schedule_vs_fixed,attunet_cl_schedule,attunet_cl_fixed,10-2-1,0,3407,mean_local_acute_angle_deg,2.5717285024108847,10.100196387005376,-7.528467884594491
schedule_vs_fixed,attunet_cl_schedule,attunet_cl_fixed,10-2-1,0,2026,dominant_path_length,1739.612265096224,1724.884343034866,14.727922061357958
schedule_vs_fixed,attunet_cl_schedule,attunet_cl_fixed,10-2-1,0,2026,retained_segment_count,94.0,102.0,-8.0
schedule_vs_fixed,attunet_cl_schedule,attunet_cl_fixed,10-2-1,0,2026,junction_region_count,80.0,117.0,-37.0
schedule_vs_fixed,attunet_cl_schedule,attunet_cl_fixed,10-2-1,0,2026,mean_local_acute_angle_deg,11.647041291362008,11.72432738628266,-0.07728609492065175
schedule_vs_fixed,attunet_cl_schedule,attunet_cl_fixed,10-2-2,3,42,dominant_path_length,1035.8498551496486,329.8893936688173,705.9604614808313
schedule_vs_fixed,attunet_cl_schedule,attunet_cl_fixed,10-2-2,3,42,retained_segment_count,94.0,91.0,3.0
schedule_vs_fixed,attunet_cl_schedule,attunet_cl_fixed,10-2-2,3,42,junction_region_count,123.0,97.0,26.0
schedule_vs_fixed,attunet_cl_schedule,attunet_cl_fixed,10-2-2,3,42,mean_local_acute_angle_deg,3.7659721224714033,2.44334176671277,1.3226303557586334
schedule_vs_fixed,attunet_cl_schedule,attunet_cl_fixed,10-2-2,3,3407,dominant_path_length,1028.121933088286,1072.193000900159,-44.071067811873036
schedule_vs_fixed,attunet_cl_schedule,attunet_cl_fixed,10-2-2,3,3407,retained_segment_count,108.0,103.0,5.0
schedule_vs_fixed,attunet_cl_schedule,attunet_cl_fixed,10-2-2,3,3407,junction_region_count,137.0,128.0,9.0
schedule_vs_fixed,attunet_cl_schedule,attunet_cl_fixed,10-2-2,3,3407,mean_local_acute_angle_deg,4.228401694756549,2.507054583451932,1.7213471113046168
schedule_vs_fixed,attunet_cl_schedule,attunet_cl_fixed,10-2-2,3,2026,dominant_path_length,1024.1635636486335,1020.7787873377774,3.3847763108560684
schedule_vs_fixed,attunet_cl_schedule,attunet_cl_fixed,10-2-2,3,2026,retained_segment_count,66.0,75.0,-9.0
schedule_vs_fixed,attunet_cl_schedule,attunet_cl_fixed,10-2-2,3,2026,junction_region_count,92.0,97.0,-5.0
schedule_vs_fixed,attunet_cl_schedule,attunet_cl_fixed,10-2-2,3,2026,mean_local_acute_angle_deg,3.304020579898136,3.4709439344309416,-0.1669233545328055
schedule_vs_fixed,attunet_cl_schedule,attunet_cl_fixed,10-2-3,3,42,dominant_path_length,162.19090885901176,158.77669529663865,3.4142135623731065
schedule_vs_fixed,attunet_cl_schedule,attunet_cl_fixed,10-2-3,3,42,retained_segment_count,57.0,60.0,-3.0
schedule_vs_fixed,attunet_cl_schedule,attunet_cl_fixed,10-2-3,3,42,junction_region_count,52.0,60.0,-8.0
schedule_vs_fixed,attunet_cl_schedule,attunet_cl_fixed,10-2-3,3,42,mean_local_acute_angle_deg,3.09605079157582,0.3911334125948045,2.7049173789810155
schedule_vs_fixed,attunet_cl_schedule,attunet_cl_fixed,10-2-3,3,3407,dominant_path_length,125.60512242138475,40.35028842544523,85.25483399593952
schedule_vs_fixed,attunet_cl_schedule,attunet_cl_fixed,10-2-3,3,3407,retained_segment_count,61.0,60.0,1.0
schedule_vs_fixed,attunet_cl_schedule,attunet_cl_fixed,10-2-3,3,3407,junction_region_count,61.0,54.0,7.0
schedule_vs_fixed,attunet_cl_schedule,attunet_cl_fixed,10-2-3,3,3407,mean_local_acute_angle_deg,4.10757676411437,1.3889225613380702,2.7186542027762997
schedule_vs_fixed,attunet_cl_schedule,attunet_cl_fixed,10-2-3,3,2026,dominant_path_length,128.53405460951922,163.5046173579965,-34.97056274847728
schedule_vs_fixed,attunet_cl_schedule,attunet_cl_fixed,10-2-3,3,2026,retained_segment_count,41.0,41.0,0.0
schedule_vs_fixed,attunet_cl_schedule,attunet_cl_fixed,10-2-3,3,2026,junction_region_count,33.0,34.0,-1.0
schedule_vs_fixed,attunet_cl_schedule,attunet_cl_fixed,10-2-3,3,2026,mean_local_acute_angle_deg,4.35005755929884,2.923497468418411,1.4265600908804288
schedule_vs_fixed,attunet_cl_schedule,attunet_cl_fixed,10-2-4,0,42,dominant_path_length,1799.4356415871544,1637.4356415871544,162.0
schedule_vs_fixed,attunet_cl_schedule,attunet_cl_fixed,10-2-4,0,42,retained_segment_count,26.0,25.0,1.0
schedule_vs_fixed,attunet_cl_schedule,attunet_cl_fixed,10-2-4,0,42,junction_region_count,20.0,23.0,-3.0
schedule_vs_fixed,attunet_cl_schedule,attunet_cl_fixed,10-2-4,0,42,mean_local_acute_angle_deg,9.1141906522084,13.803889504638605,-4.689698852430205
schedule_vs_fixed,attunet_cl_schedule,attunet_cl_fixed,10-2-4,0,3407,dominant_path_length,1711.9797974644382,1710.9036790186901,1.0761184457480795
schedule_vs_fixed,attunet_cl_schedule,attunet_cl_fixed,10-2-4,0,3407,retained_segment_count,94.0,52.0,42.0
schedule_vs_fixed,attunet_cl_schedule,attunet_cl_fixed,10-2-4,0,3407,junction_region_count,95.0,49.0,46.0
schedule_vs_fixed,attunet_cl_schedule,attunet_cl_fixed,10-2-4,0,3407,mean_local_acute_angle_deg,14.089420692353485,17.104926447793105,-3.0155057554396194
schedule_vs_fixed,attunet_cl_schedule,attunet_cl_fixed,10-2-4,0,2026,dominant_path_length,1624.0924958366468,1814.4305909532716,-190.3380951166248
schedule_vs_fixed,attunet_cl_schedule,attunet_cl_fixed,10-2-4,0,2026,retained_segment_count,69.0,93.0,-24.0
schedule_vs_fixed,attunet_cl_schedule,attunet_cl_fixed,10-2-4,0,2026,junction_region_count,77.0,104.0,-27.0
schedule_vs_fixed,attunet_cl_schedule,attunet_cl_fixed,10-2-4,0,2026,mean_local_acute_angle_deg,13.770927724016786,14.382012494180465,-0.6110847701636786
schedule_vs_fixed,attunet_cl_schedule,attunet_cl_fixed,10-9-1,2,42,dominant_path_length,1020.8477631084738,714.1126983721781,306.7350647362957
schedule_vs_fixed,attunet_cl_schedule,attunet_cl_fixed,10-9-1,2,42,retained_segment_count,121.0,54.0,67.0
schedule_vs_fixed,attunet_cl_schedule,attunet_cl_fixed,10-9-1,2,42,junction_region_count,165.0,73.0,92.0
schedule_vs_fixed,attunet_cl_schedule,attunet_cl_fixed,10-9-1,2,42,mean_local_acute_angle_deg,6.260225409282292,4.364990978627958,1.8952344306543338
schedule_vs_fixed,attunet_cl_schedule,attunet_cl_fixed,10-9-1,2,3407,dominant_path_length,885.5218613006687,717.2527419548542,168.2691193458145
schedule_vs_fixed,attunet_cl_schedule,attunet_cl_fixed,10-9-1,2,3407,retained_segment_count,82.0,61.0,21.0
schedule_vs_fixed,attunet_cl_schedule,attunet_cl_fixed,10-9-1,2,3407,junction_region_count,106.0,58.0,48.0
schedule_vs_fixed,attunet_cl_schedule,attunet_cl_fixed,10-9-1,2,3407,mean_local_acute_angle_deg,8.639737564861548,3.1219465257053614,5.517791039156187
schedule_vs_fixed,attunet_cl_schedule,attunet_cl_fixed,10-9-1,2,2026,dominant_path_length,82.31789258107756,67.87424176718378,14.443650813893782
schedule_vs_fixed,attunet_cl_schedule,attunet_cl_fixed,10-9-1,2,2026,retained_segment_count,116.0,56.0,60.0
schedule_vs_fixed,attunet_cl_schedule,attunet_cl_fixed,10-9-1,2,2026,junction_region_count,161.0,73.0,88.0
schedule_vs_fixed,attunet_cl_schedule,attunet_cl_fixed,10-9-1,2,2026,mean_local_acute_angle_deg,1.9677329508093635,5.829872579793282,-3.8621396289839183
schedule_vs_fixed,attunet_cl_schedule,attunet_cl_fixed,10-9-2,4,42,dominant_path_length,704.7430739629922,80.5117600329213,624.2313139300709
schedule_vs_fixed,attunet_cl_schedule,attunet_cl_fixed,10-9-2,4,42,retained_segment_count,7.0,208.0,-201.0
schedule_vs_fixed,attunet_cl_schedule,attunet_cl_fixed,10-9-2,4,42,junction_region_count,7.0,174.0,-167.0
schedule_vs_fixed,attunet_cl_schedule,attunet_cl_fixed,10-9-2,4,42,mean_local_acute_angle_deg,11.957231803540608,11.084196549278758,0.8730352542618505
schedule_vs_fixed,attunet_cl_schedule,attunet_cl_fixed,10-9-2,4,3407,dominant_path_length,28.92684014708584,294.72583002028523,-265.7989898731994
schedule_vs_fixed,attunet_cl_schedule,attunet_cl_fixed,10-9-2,4,3407,retained_segment_count,229.0,187.0,42.0
schedule_vs_fixed,attunet_cl_schedule,attunet_cl_fixed,10-9-2,4,3407,junction_region_count,185.0,145.0,40.0
schedule_vs_fixed,attunet_cl_schedule,attunet_cl_fixed,10-9-2,4,3407,mean_local_acute_angle_deg,10.7974420889987,10.67928550276951,0.11815658622919045
schedule_vs_fixed,attunet_cl_schedule,attunet_cl_fixed,10-9-2,4,2026,dominant_path_length,90.72496346851767,377.6862915009906,-286.9613280324729
schedule_vs_fixed,attunet_cl_schedule,attunet_cl_fixed,10-9-2,4,2026,retained_segment_count,257.0,92.0,165.0
schedule_vs_fixed,attunet_cl_schedule,attunet_cl_fixed,10-9-2,4,2026,junction_region_count,229.0,107.0,122.0
schedule_vs_fixed,attunet_cl_schedule,attunet_cl_fixed,10-9-2,4,2026,mean_local_acute_angle_deg,9.763828791486077,6.587154818135758,3.1766739733503186
schedule_vs_fixed,attunet_cl_schedule,attunet_cl_fixed,10-9-3,0,42,dominant_path_length,1247.9747468305113,1043.8254685318589,204.14927829865246
schedule_vs_fixed,attunet_cl_schedule,attunet_cl_fixed,10-9-3,0,42,retained_segment_count,7.0,68.0,-61.0
schedule_vs_fixed,attunet_cl_schedule,attunet_cl_fixed,10-9-3,0,42,junction_region_count,4.0,48.0,-44.0
schedule_vs_fixed,attunet_cl_schedule,attunet_cl_fixed,10-9-3,0,42,mean_local_acute_angle_deg,5.930471148813297,3.9522329457042886,1.978238203109008
schedule_vs_fixed,attunet_cl_schedule,attunet_cl_fixed,10-9-3,0,3407,dominant_path_length,446.17366491627763,1126.6316010800101,-680.4579361637325
schedule_vs_fixed,attunet_cl_schedule,attunet_cl_fixed,10-9-3,0,3407,retained_segment_count,110.0,82.0,28.0
schedule_vs_fixed,attunet_cl_schedule,attunet_cl_fixed,10-9-3,0,3407,junction_region_count,108.0,66.0,42.0
schedule_vs_fixed,attunet_cl_schedule,attunet_cl_fixed,10-9-3,0,3407,mean_local_acute_angle_deg,3.9801456250579506,3.4920845773753655,0.48806104768258507
schedule_vs_fixed,attunet_cl_schedule,attunet_cl_fixed,10-9-3,0,2026,dominant_path_length,1078.0386719674516,1069.595021153556,8.443650813895601
schedule_vs_fixed,attunet_cl_schedule,attunet_cl_fixed,10-9-3,0,2026,retained_segment_count,114.0,155.0,-41.0
schedule_vs_fixed,attunet_cl_schedule,attunet_cl_fixed,10-9-3,0,2026,junction_region_count,111.0,157.0,-46.0
schedule_vs_fixed,attunet_cl_schedule,attunet_cl_fixed,10-9-3,0,2026,mean_local_acute_angle_deg,2.9457594900643045,4.519721623968685,-1.5739621339043808
schedule_vs_fixed,attunet_cl_schedule,attunet_cl_fixed,10-9-4,2,42,dominant_path_length,2005.201369064168,2022.2846301848535,-17.08326112068562
schedule_vs_fixed,attunet_cl_schedule,attunet_cl_fixed,10-9-4,2,42,retained_segment_count,178.0,106.0,72.0
schedule_vs_fixed,attunet_cl_schedule,attunet_cl_fixed,10-9-4,2,42,junction_region_count,245.0,117.0,128.0
schedule_vs_fixed,attunet_cl_schedule,attunet_cl_fixed,10-9-4,2,42,mean_local_acute_angle_deg,5.997422980049905,4.742802086352533,1.2546208936973713
schedule_vs_fixed,attunet_cl_schedule,attunet_cl_fixed,10-9-4,2,3407,dominant_path_length,2007.6450198780637,1784.017602880094,223.6274169979697
schedule_vs_fixed,attunet_cl_schedule,attunet_cl_fixed,10-9-4,2,3407,retained_segment_count,60.0,65.0,-5.0
schedule_vs_fixed,attunet_cl_schedule,attunet_cl_fixed,10-9-4,2,3407,junction_region_count,70.0,45.0,25.0
schedule_vs_fixed,attunet_cl_schedule,attunet_cl_fixed,10-9-4,2,3407,mean_local_acute_angle_deg,7.189984244196069,5.111900571691031,2.078083672505038
schedule_vs_fixed,attunet_cl_schedule,attunet_cl_fixed,10-9-4,2,2026,dominant_path_length,1768.5028842543327,1992.1719318126452,-223.6690475583125
schedule_vs_fixed,attunet_cl_schedule,attunet_cl_fixed,10-9-4,2,2026,retained_segment_count,119.0,103.0,16.0
schedule_vs_fixed,attunet_cl_schedule,attunet_cl_fixed,10-9-4,2,2026,junction_region_count,125.0,95.0,30.0
schedule_vs_fixed,attunet_cl_schedule,attunet_cl_fixed,10-9-4,2,2026,mean_local_acute_angle_deg,3.412644798117924,7.633434211588451,-4.220789413470527
schedule_vs_fixed,attunet_cl_schedule,attunet_cl_fixed,235-10-11(1),3,42,dominant_path_length,803.6101730551927,1548.5138520739074,-744.9036790187147
schedule_vs_fixed,attunet_cl_schedule,attunet_cl_fixed,235-10-11(1),3,42,retained_segment_count,171.0,175.0,-4.0
schedule_vs_fixed,attunet_cl_schedule,attunet_cl_fixed,235-10-11(1),3,42,junction_region_count,186.0,155.0,31.0
schedule_vs_fixed,attunet_cl_schedule,attunet_cl_fixed,235-10-11(1),3,42,mean_local_acute_angle_deg,2.046601518627064,3.352579328894251,-1.305977810267187
schedule_vs_fixed,attunet_cl_schedule,attunet_cl_fixed,235-10-11(1),3,3407,dominant_path_length,784.7695526216289,1039.8477631084222,-255.0782104867933
schedule_vs_fixed,attunet_cl_schedule,attunet_cl_fixed,235-10-11(1),3,3407,retained_segment_count,208.0,223.0,-15.0
schedule_vs_fixed,attunet_cl_schedule,attunet_cl_fixed,235-10-11(1),3,3407,junction_region_count,245.0,247.0,-2.0
schedule_vs_fixed,attunet_cl_schedule,attunet_cl_fixed,235-10-11(1),3,3407,mean_local_acute_angle_deg,6.643457659756294,1.325508390837939,5.317949268918355
schedule_vs_fixed,attunet_cl_schedule,attunet_cl_fixed,235-10-11(1),3,2026,dominant_path_length,1534.584919885773,820.6396103067163,713.9453095790566
schedule_vs_fixed,attunet_cl_schedule,attunet_cl_fixed,235-10-11(1),3,2026,retained_segment_count,178.0,221.0,-43.0
schedule_vs_fixed,attunet_cl_schedule,attunet_cl_fixed,235-10-11(1),3,2026,junction_region_count,194.0,254.0,-60.0
schedule_vs_fixed,attunet_cl_schedule,attunet_cl_fixed,235-10-11(1),3,2026,mean_local_acute_angle_deg,3.731576989892474,0.7057679597467015,3.0258090301457727
schedule_vs_fixed,attunet_cl_schedule,attunet_cl_fixed,235-10-11(2),1,42,dominant_path_length,1598.575685169829,2057.4650788386757,-458.88939366884665
schedule_vs_fixed,attunet_cl_schedule,attunet_cl_fixed,235-10-11(2),1,42,retained_segment_count,142.0,158.0,-16.0
schedule_vs_fixed,attunet_cl_schedule,attunet_cl_fixed,235-10-11(2),1,42,junction_region_count,145.0,198.0,-53.0
schedule_vs_fixed,attunet_cl_schedule,attunet_cl_fixed,235-10-11(2),1,42,mean_local_acute_angle_deg,9.38330303240486,2.8205832798514336,6.562719752553427
schedule_vs_fixed,attunet_cl_schedule,attunet_cl_fixed,235-10-11(2),1,3407,dominant_path_length,2058.293505963422,909.8090911409558,1148.484414822466
schedule_vs_fixed,attunet_cl_schedule,attunet_cl_fixed,235-10-11(2),1,3407,retained_segment_count,105.0,184.0,-79.0
schedule_vs_fixed,attunet_cl_schedule,attunet_cl_fixed,235-10-11(2),1,3407,junction_region_count,85.0,251.0,-166.0
schedule_vs_fixed,attunet_cl_schedule,attunet_cl_fixed,235-10-11(2),1,3407,mean_local_acute_angle_deg,6.127395955698738,1.901516332227331,4.225879623471407
schedule_vs_fixed,attunet_cl_schedule,attunet_cl_fixed,235-10-11(2),1,2026,dominant_path_length,1529.798989873191,1575.3969696196377,-45.597979746446754
schedule_vs_fixed,attunet_cl_schedule,attunet_cl_fixed,235-10-11(2),1,2026,retained_segment_count,192.0,107.0,85.0
schedule_vs_fixed,attunet_cl_schedule,attunet_cl_fixed,235-10-11(2),1,2026,junction_region_count,244.0,74.0,170.0
schedule_vs_fixed,attunet_cl_schedule,attunet_cl_fixed,235-10-11(2),1,2026,mean_local_acute_angle_deg,7.090905511357015,9.751789787223643,-2.6608842758666285
schedule_vs_fixed,attunet_cl_schedule,attunet_cl_fixed,235-10-11(3),1,42,dominant_path_length,2519.202235615942,2505.8174593050917,13.384776310850157
schedule_vs_fixed,attunet_cl_schedule,attunet_cl_fixed,235-10-11(3),1,42,retained_segment_count,242.0,287.0,-45.0
schedule_vs_fixed,attunet_cl_schedule,attunet_cl_fixed,235-10-11(3),1,42,junction_region_count,253.0,314.0,-61.0
schedule_vs_fixed,attunet_cl_schedule,attunet_cl_fixed,235-10-11(3),1,42,mean_local_acute_angle_deg,10.71956681942897,11.915176133262548,-1.1956093138335788
schedule_vs_fixed,attunet_cl_schedule,attunet_cl_fixed,235-10-11(3),1,3407,dominant_path_length,2410.761543394874,1821.6467529816136,589.1147904132604
schedule_vs_fixed,attunet_cl_schedule,attunet_cl_fixed,235-10-11(3),1,3407,retained_segment_count,193.0,369.0,-176.0
schedule_vs_fixed,attunet_cl_schedule,attunet_cl_fixed,235-10-11(3),1,3407,junction_region_count,146.0,439.0,-293.0
schedule_vs_fixed,attunet_cl_schedule,attunet_cl_fixed,235-10-11(3),1,3407,mean_local_acute_angle_deg,12.6443496930751,9.962225008994068,2.6821246840810318
schedule_vs_fixed,attunet_cl_schedule,attunet_cl_fixed,235-10-11(3),1,2026,dominant_path_length,1955.288455329455,1834.475180106359,120.81327522309607
schedule_vs_fixed,attunet_cl_schedule,attunet_cl_fixed,235-10-11(3),1,2026,retained_segment_count,295.0,193.0,102.0
schedule_vs_fixed,attunet_cl_schedule,attunet_cl_fixed,235-10-11(3),1,2026,junction_region_count,334.0,130.0,204.0
schedule_vs_fixed,attunet_cl_schedule,attunet_cl_fixed,235-10-11(3),1,2026,mean_local_acute_angle_deg,11.619482956113643,12.804490292773757,-1.1850073366601137
schedule_vs_fixed,attunet_cl_schedule,attunet_cl_fixed,235-10-12(1),4,42,dominant_path_length,876.5248198935265,107.16652224137056,769.3582976521559
schedule_vs_fixed,attunet_cl_schedule,attunet_cl_fixed,235-10-12(1),4,42,retained_segment_count,33.0,20.0,13.0
schedule_vs_fixed,attunet_cl_schedule,attunet_cl_fixed,235-10-12(1),4,42,junction_region_count,23.0,35.0,-12.0
schedule_vs_fixed,attunet_cl_schedule,attunet_cl_fixed,235-10-12(1),4,42,mean_local_acute_angle_deg,1.6382481905505415,0.020530502272066542,1.617717688278475
schedule_vs_fixed,attunet_cl_schedule,attunet_cl_fixed,235-10-12(1),4,3407,dominant_path_length,101.23759005323586,501.5756851698611,-400.33809511662525
schedule_vs_fixed,attunet_cl_schedule,attunet_cl_fixed,235-10-12(1),4,3407,retained_segment_count,14.0,7.0,7.0
schedule_vs_fixed,attunet_cl_schedule,attunet_cl_fixed,235-10-12(1),4,3407,junction_region_count,17.0,7.0,10.0
schedule_vs_fixed,attunet_cl_schedule,attunet_cl_fixed,235-10-12(1),4,3407,mean_local_acute_angle_deg,2.2620220883569857,2.919760297889681,-0.6577382095326954
schedule_vs_fixed,attunet_cl_schedule,attunet_cl_fixed,235-10-12(1),4,2026,dominant_path_length,613.828427124746,1088.2914139224,-474.4629867976539
schedule_vs_fixed,attunet_cl_schedule,attunet_cl_fixed,235-10-12(1),4,2026,retained_segment_count,55.0,23.0,32.0
schedule_vs_fixed,attunet_cl_schedule,attunet_cl_fixed,235-10-12(1),4,2026,junction_region_count,64.0,3.0,61.0
schedule_vs_fixed,attunet_cl_schedule,attunet_cl_fixed,235-10-12(1),4,2026,mean_local_acute_angle_deg,1.4097539492544229,1.18304183632182,0.22671211293260285
schedule_vs_fixed,attunet_cl_schedule,attunet_cl_fixed,235-10-12(2),0,42,dominant_path_length,2128.157646462836,1589.9301576773646,538.2274887854715
schedule_vs_fixed,attunet_cl_schedule,attunet_cl_fixed,235-10-12(2),0,42,retained_segment_count,15.0,35.0,-20.0
schedule_vs_fixed,attunet_cl_schedule,attunet_cl_fixed,235-10-12(2),0,42,junction_region_count,25.0,51.0,-26.0
schedule_vs_fixed,attunet_cl_schedule,attunet_cl_fixed,235-10-12(2),0,42,mean_local_acute_angle_deg,12.620448151284556,10.052629411420263,2.5678187398642933
schedule_vs_fixed,attunet_cl_schedule,attunet_cl_fixed,235-10-12(2),0,3407,dominant_path_length,1064.8347032478669,2773.2429996245764,-1708.4082963767096
schedule_vs_fixed,attunet_cl_schedule,attunet_cl_fixed,235-10-12(2),0,3407,retained_segment_count,65.0,46.0,19.0
schedule_vs_fixed,attunet_cl_schedule,attunet_cl_fixed,235-10-12(2),0,3407,junction_region_count,106.0,37.0,69.0
schedule_vs_fixed,attunet_cl_schedule,attunet_cl_fixed,235-10-12(2),0,3407,mean_local_acute_angle_deg,11.645113385069727,6.160846595624363,5.484266789445364
schedule_vs_fixed,attunet_cl_schedule,attunet_cl_fixed,235-10-12(2),0,2026,dominant_path_length,1640.1727983644837,2113.2165209658815,-473.0437226013978
schedule_vs_fixed,attunet_cl_schedule,attunet_cl_fixed,235-10-12(2),0,2026,retained_segment_count,70.0,109.0,-39.0
schedule_vs_fixed,attunet_cl_schedule,attunet_cl_fixed,235-10-12(2),0,2026,junction_region_count,115.0,162.0,-47.0
schedule_vs_fixed,attunet_cl_schedule,attunet_cl_fixed,235-10-12(2),0,2026,mean_local_acute_angle_deg,8.897268818077855,12.998621104547794,-4.10135228646994
schedule_vs_fixed,attunet_cl_schedule,attunet_cl_fixed,235-10-12(3),1,42,dominant_path_length,1869.5899705196405,2096.9301576773205,-227.34018715768002
schedule_vs_fixed,attunet_cl_schedule,attunet_cl_fixed,235-10-12(3),1,42,retained_segment_count,274.0,282.0,-8.0
schedule_vs_fixed,attunet_cl_schedule,attunet_cl_fixed,235-10-12(3),1,42,junction_region_count,281.0,371.0,-90.0
schedule_vs_fixed,attunet_cl_schedule,attunet_cl_fixed,235-10-12(3),1,42,mean_local_acute_angle_deg,14.780254449697033,10.625267718360803,4.15498673133623
schedule_vs_fixed,attunet_cl_schedule,attunet_cl_fixed,235-10-12(3),1,3407,dominant_path_length,2047.6509370637411,1407.9036790186249,639.7472580451163
schedule_vs_fixed,attunet_cl_schedule,attunet_cl_fixed,235-10-12(3),1,3407,retained_segment_count,183.0,413.0,-230.0
schedule_vs_fixed,attunet_cl_schedule,attunet_cl_fixed,235-10-12(3),1,3407,junction_region_count,159.0,502.0,-343.0
schedule_vs_fixed,attunet_cl_schedule,attunet_cl_fixed,235-10-12(3),1,3407,mean_local_acute_angle_deg,8.348228355629438,9.62586022786114,-1.2776318722317015
schedule_vs_fixed,attunet_cl_schedule,attunet_cl_fixed,235-10-12(3),1,2026,dominant_path_length,1399.5899705196402,660.8477631084374,738.7422074112028
schedule_vs_fixed,attunet_cl_schedule,attunet_cl_fixed,235-10-12(3),1,2026,retained_segment_count,404.0,183.0,221.0
schedule_vs_fixed,attunet_cl_schedule,attunet_cl_fixed,235-10-12(3),1,2026,junction_region_count,445.0,137.0,308.0
schedule_vs_fixed,attunet_cl_schedule,attunet_cl_fixed,235-10-12(3),1,2026,mean_local_acute_angle_deg,3.667983168408391,6.881903489750265,-3.213920321341874
schedule_vs_fixed,attunet_cl_schedule,attunet_cl_fixed,235-25-6(1),2,42,dominant_path_length,241.75822586465074,1003.4020202535421,-761.6437943888914
schedule_vs_fixed,attunet_cl_schedule,attunet_cl_fixed,235-25-6(1),2,42,retained_segment_count,97.0,52.0,45.0
schedule_vs_fixed,attunet_cl_schedule,attunet_cl_fixed,235-25-6(1),2,42,junction_region_count,138.0,50.0,88.0
schedule_vs_fixed,attunet_cl_schedule,attunet_cl_fixed,235-25-6(1),2,42,mean_local_acute_angle_deg,15.197827506990727,10.642001733163333,4.555825773827394
schedule_vs_fixed,attunet_cl_schedule,attunet_cl_fixed,235-25-6(1),2,3407,dominant_path_length,1316.0487732352694,1314.9066376115384,1.1421356237310647
schedule_vs_fixed,attunet_cl_schedule,attunet_cl_fixed,235-25-6(1),2,3407,retained_segment_count,72.0,48.0,24.0
schedule_vs_fixed,attunet_cl_schedule,attunet_cl_fixed,235-25-6(1),2,3407,junction_region_count,85.0,37.0,48.0
schedule_vs_fixed,attunet_cl_schedule,attunet_cl_fixed,235-25-6(1),2,3407,mean_local_acute_angle_deg,12.664268046267956,10.968862939979843,1.6954051062881135
schedule_vs_fixed,attunet_cl_schedule,attunet_cl_fixed,235-25-6(1),2,2026,dominant_path_length,546.7725112145174,1005.0294372515118,-458.2569260369944
schedule_vs_fixed,attunet_cl_schedule,attunet_cl_fixed,235-25-6(1),2,2026,retained_segment_count,73.0,45.0,28.0
schedule_vs_fixed,attunet_cl_schedule,attunet_cl_fixed,235-25-6(1),2,2026,junction_region_count,97.0,40.0,57.0
schedule_vs_fixed,attunet_cl_schedule,attunet_cl_fixed,235-25-6(1),2,2026,mean_local_acute_angle_deg,12.20996989418402,9.285522247301799,2.9244476468822214
schedule_vs_fixed,attunet_cl_schedule,attunet_cl_fixed,235-25-6(2),4,42,dominant_path_length,431.8944443027292,494.37972567696795,-62.48528137423875
schedule_vs_fixed,attunet_cl_schedule,attunet_cl_fixed,235-25-6(2),4,42,retained_segment_count,6.0,40.0,-34.0
schedule_vs_fixed,attunet_cl_schedule,attunet_cl_fixed,235-25-6(2),4,42,junction_region_count,7.0,51.0,-44.0
schedule_vs_fixed,attunet_cl_schedule,attunet_cl_fixed,235-25-6(2),4,42,mean_local_acute_angle_deg,2.5120444555548076,1.9644272073714006,0.547617248183407
schedule_vs_fixed,attunet_cl_schedule,attunet_cl_fixed,235-25-6(2),4,3407,dominant_path_length,505.1370849898485,478.59292911256443,26.544155877284084
schedule_vs_fixed,attunet_cl_schedule,attunet_cl_fixed,235-25-6(2),4,3407,retained_segment_count,35.0,45.0,-10.0
schedule_vs_fixed,attunet_cl_schedule,attunet_cl_fixed,235-25-6(2),4,3407,junction_region_count,48.0,54.0,-6.0
schedule_vs_fixed,attunet_cl_schedule,attunet_cl_fixed,235-25-6(2),4,3407,mean_local_acute_angle_deg,0.8604875717715288,2.6729501674788665,-1.8124625957073377
schedule_vs_fixed,attunet_cl_schedule,attunet_cl_fixed,235-25-6(2),4,2026,dominant_path_length,467.0243866176403,464.28427124746213,2.7401153701781595
schedule_vs_fixed,attunet_cl_schedule,attunet_cl_fixed,235-25-6(2),4,2026,retained_segment_count,33.0,101.0,-68.0
schedule_vs_fixed,attunet_cl_schedule,attunet_cl_fixed,235-25-6(2),4,2026,junction_region_count,66.0,425.0,-359.0
schedule_vs_fixed,attunet_cl_schedule,attunet_cl_fixed,235-25-6(2),4,2026,mean_local_acute_angle_deg,1.2696372133456038,0.9052403840509768,0.3643968292946269
schedule_vs_fixed,attunet_cl_schedule,attunet_cl_fixed,235-25-7(1),2,42,dominant_path_length,1915.5971131946171,897.060966544047,1018.5361466505701
schedule_vs_fixed,attunet_cl_schedule,attunet_cl_fixed,235-25-7(1),2,42,retained_segment_count,120.0,3.0,117.0
schedule_vs_fixed,attunet_cl_schedule,attunet_cl_fixed,235-25-7(1),2,42,junction_region_count,233.0,14.0,219.0
schedule_vs_fixed,attunet_cl_schedule,attunet_cl_fixed,235-25-7(1),2,42,mean_local_acute_angle_deg,8.340602764677342,7.786910422297922,0.5536923423794207
schedule_vs_fixed,attunet_cl_schedule,attunet_cl_fixed,235-25-7(1),2,3407,dominant_path_length,1925.5260453827516,951.2325394192969,974.2935059634547
schedule_vs_fixed,attunet_cl_schedule,attunet_cl_fixed,235-25-7(1),2,3407,retained_segment_count,14.0,53.0,-39.0
schedule_vs_fixed,attunet_cl_schedule,attunet_cl_fixed,235-25-7(1),2,3407,junction_region_count,22.0,57.0,-35.0
schedule_vs_fixed,attunet_cl_schedule,attunet_cl_fixed,235-25-7(1),2,3407,mean_local_acute_angle_deg,9.233088118946526,8.241186539261385,0.9919015796851411
schedule_vs_fixed,attunet_cl_schedule,attunet_cl_fixed,235-25-7(1),2,2026,dominant_path_length,928.7178207935385,931.7056274847178,-2.9878066911792303
schedule_vs_fixed,attunet_cl_schedule,attunet_cl_fixed,235-25-7(1),2,2026,retained_segment_count,37.0,7.0,30.0
schedule_vs_fixed,attunet_cl_schedule,attunet_cl_fixed,235-25-7(1),2,2026,junction_region_count,66.0,15.0,51.0
schedule_vs_fixed,attunet_cl_schedule,attunet_cl_fixed,235-25-7(1),2,2026,mean_local_acute_angle_deg,5.953450298326146,6.952103052192989,-0.9986527538668426
schedule_vs_fixed,attunet_cl_schedule,attunet_cl_fixed,235-25-7(2),2,42,dominant_path_length,409.20815280171405,23.578643762689808,385.62950903902424
schedule_vs_fixed,attunet_cl_schedule,attunet_cl_fixed,235-25-7(2),2,42,retained_segment_count,66.0,46.0,20.0
schedule_vs_fixed,attunet_cl_schedule,attunet_cl_fixed,235-25-7(2),2,42,junction_region_count,150.0,54.0,96.0
schedule_vs_fixed,attunet_cl_schedule,attunet_cl_fixed,235-25-7(2),2,42,mean_local_acute_angle_deg,6.618180734341635,3.4972016210051393,3.120979113336496
schedule_vs_fixed,attunet_cl_schedule,attunet_cl_fixed,235-25-7(2),2,3407,dominant_path_length,624.6883835420703,71.4781386993011,553.2102448427692
schedule_vs_fixed,attunet_cl_schedule,attunet_cl_fixed,235-25-7(2),2,3407,retained_segment_count,40.0,25.0,15.0
schedule_vs_fixed,attunet_cl_schedule,attunet_cl_fixed,235-25-7(2),2,3407,junction_region_count,53.0,28.0,25.0
schedule_vs_fixed,attunet_cl_schedule,attunet_cl_fixed,235-25-7(2),2,3407,mean_local_acute_angle_deg,0.9859780315694806,4.919207840409868,-3.9332298088403874
schedule_vs_fixed,attunet_cl_schedule,attunet_cl_fixed,235-25-7(2),2,2026,dominant_path_length,68.46594539048124,37.69134213489792,30.774603255583315
schedule_vs_fixed,attunet_cl_schedule,attunet_cl_fixed,235-25-7(2),2,2026,retained_segment_count,60.0,19.0,41.0
schedule_vs_fixed,attunet_cl_schedule,attunet_cl_fixed,235-25-7(2),2,2026,junction_region_count,88.0,32.0,56.0
schedule_vs_fixed,attunet_cl_schedule,attunet_cl_fixed,235-25-7(2),2,2026,mean_local_acute_angle_deg,6.645899393372318,3.497302595535615,3.148596797836703
schedule_vs_fixed,attunet_cl_schedule,attunet_cl_fixed,235-25-7(3),2,42,dominant_path_length,1400.4204896854542,1833.7829714197194,-433.3624817342652
schedule_vs_fixed,attunet_cl_schedule,attunet_cl_fixed,235-25-7(3),2,42,retained_segment_count,175.0,72.0,103.0
schedule_vs_fixed,attunet_cl_schedule,attunet_cl_fixed,235-25-7(3),2,42,junction_region_count,281.0,85.0,196.0
schedule_vs_fixed,attunet_cl_schedule,attunet_cl_fixed,235-25-7(3),2,42,mean_local_acute_angle_deg,13.557106661489755,14.28554639791075,-0.7284397364209951
schedule_vs_fixed,attunet_cl_schedule,attunet_cl_fixed,235-25-7(3),2,3407,dominant_path_length,2546.826694021117,1864.7951647285395,682.0315292925775
schedule_vs_fixed,attunet_cl_schedule,attunet_cl_fixed,235-25-7(3),2,3407,retained_segment_count,64.0,62.0,2.0
schedule_vs_fixed,attunet_cl_schedule,attunet_cl_fixed,235-25-7(3),2,3407,junction_region_count,68.0,51.0,17.0
schedule_vs_fixed,attunet_cl_schedule,attunet_cl_fixed,235-25-7(3),2,3407,mean_local_acute_angle_deg,11.905855776887513,12.514807655691932,-0.6089518788044188
schedule_vs_fixed,attunet_cl_schedule,attunet_cl_fixed,235-25-7(3),2,2026,dominant_path_length,950.6021638284769,1893.138310479047,-942.5361466505701
schedule_vs_fixed,attunet_cl_schedule,attunet_cl_fixed,235-25-7(3),2,2026,retained_segment_count,106.0,99.0,7.0
schedule_vs_fixed,attunet_cl_schedule,attunet_cl_fixed,235-25-7(3),2,2026,junction_region_count,136.0,85.0,51.0
schedule_vs_fixed,attunet_cl_schedule,attunet_cl_fixed,235-25-7(3),2,2026,mean_local_acute_angle_deg,15.275926646979357,12.733216016148596,2.5427106308307614
schedule_vs_fixed,attunet_cl_schedule,attunet_cl_fixed,235-25-9(1),4,42,dominant_path_length,1925.0945878776583,2168.2733034278494,-243.1787155501911
schedule_vs_fixed,attunet_cl_schedule,attunet_cl_fixed,235-25-9(1),4,42,retained_segment_count,13.0,90.0,-77.0
schedule_vs_fixed,attunet_cl_schedule,attunet_cl_fixed,235-25-9(1),4,42,junction_region_count,14.0,106.0,-92.0
schedule_vs_fixed,attunet_cl_schedule,attunet_cl_fixed,235-25-9(1),4,42,mean_local_acute_angle_deg,4.713712679136698,6.4778886719943145,-1.7641759928576164
schedule_vs_fixed,attunet_cl_schedule,attunet_cl_fixed,235-25-9(1),4,3407,dominant_path_length,2395.5180361560238,2488.701802340098,-93.1837661840741
schedule_vs_fixed,attunet_cl_schedule,attunet_cl_fixed,235-25-9(1),4,3407,retained_segment_count,59.0,55.0,4.0
schedule_vs_fixed,attunet_cl_schedule,attunet_cl_fixed,235-25-9(1),4,3407,junction_region_count,47.0,67.0,-20.0
schedule_vs_fixed,attunet_cl_schedule,attunet_cl_fixed,235-25-9(1),4,3407,mean_local_acute_angle_deg,20.335265919472484,17.75664856890424,2.578617350568244
schedule_vs_fixed,attunet_cl_schedule,attunet_cl_fixed,235-25-9(1),4,2026,dominant_path_length,2362.6896090312775,2431.8956697919366,-69.20606076065906
schedule_vs_fixed,attunet_cl_schedule,attunet_cl_fixed,235-25-9(1),4,2026,retained_segment_count,96.0,4.0,92.0
schedule_vs_fixed,attunet_cl_schedule,attunet_cl_fixed,235-25-9(1),4,2026,junction_region_count,167.0,8.0,159.0
schedule_vs_fixed,attunet_cl_schedule,attunet_cl_fixed,235-25-9(1),4,2026,mean_local_acute_angle_deg,2.7375638284351638,1.7059541207796869,1.0316097076554769
schedule_vs_fixed,attunet_cl_schedule,attunet_cl_fixed,235-25-9(2),4,42,dominant_path_length,362.3065658240472,329.37763363591273,32.92893218813447
schedule_vs_fixed,attunet_cl_schedule,attunet_cl_fixed,235-25-9(2),4,42,retained_segment_count,13.0,10.0,3.0
schedule_vs_fixed,attunet_cl_schedule,attunet_cl_fixed,235-25-9(2),4,42,junction_region_count,11.0,19.0,-8.0
schedule_vs_fixed,attunet_cl_schedule,attunet_cl_fixed,235-25-9(2),4,42,mean_local_acute_angle_deg,0.06326064732621717,2.799705543015314,-2.7364448956890968
schedule_vs_fixed,attunet_cl_schedule,attunet_cl_fixed,235-25-9(2),4,3407,dominant_path_length,341.23549801218167,328.57864376268924,12.656854249492426
schedule_vs_fixed,attunet_cl_schedule,attunet_cl_fixed,235-25-9(2),4,3407,retained_segment_count,4.0,9.0,-5.0
schedule_vs_fixed,attunet_cl_schedule,attunet_cl_fixed,235-25-9(2),4,3407,junction_region_count,7.0,15.0,-8.0
schedule_vs_fixed,attunet_cl_schedule,attunet_cl_fixed,235-25-9(2),4,3407,mean_local_acute_angle_deg,3.0413444359639143,0.4500460587018864,2.591298377262028
schedule_vs_fixed,attunet_cl_schedule,attunet_cl_fixed,235-25-9(2),4,2026,dominant_path_length,329.5075759508237,546.7035354437177,-217.19595949289396
schedule_vs_fixed,attunet_cl_schedule,attunet_cl_fixed,235-25-9(2),4,2026,retained_segment_count,21.0,3.0,18.0
schedule_vs_fixed,attunet_cl_schedule,attunet_cl_fixed,235-25-9(2),4,2026,junction_region_count,57.0,15.0,42.0
schedule_vs_fixed,attunet_cl_schedule,attunet_cl_fixed,235-25-9(2),4,2026,mean_local_acute_angle_deg,3.508697128819982,0.4720189332829108,3.036678195537071
schedule_vs_fixed,attunet_cl_schedule,attunet_cl_fixed,235-25-9(3),1,42,dominant_path_length,2104.484414822386,1982.6000717874224,121.88434303496365
schedule_vs_fixed,attunet_cl_schedule,attunet_cl_fixed,235-25-9(3),1,42,retained_segment_count,77.0,81.0,-4.0
schedule_vs_fixed,attunet_cl_schedule,attunet_cl_fixed,235-25-9(3),1,42,junction_region_count,60.0,73.0,-13.0
schedule_vs_fixed,attunet_cl_schedule,attunet_cl_fixed,235-25-9(3),1,42,mean_local_acute_angle_deg,19.150540341206245,17.709278757161563,1.4412615840446819
schedule_vs_fixed,attunet_cl_schedule,attunet_cl_fixed,235-25-9(3),1,3407,dominant_path_length,1541.2031021677515,1507.8893936687666,33.31370849898485
schedule_vs_fixed,attunet_cl_schedule,attunet_cl_fixed,235-25-9(3),1,3407,retained_segment_count,51.0,103.0,-52.0
schedule_vs_fixed,attunet_cl_schedule,attunet_cl_fixed,235-25-9(3),1,3407,junction_region_count,24.0,148.0,-124.0
schedule_vs_fixed,attunet_cl_schedule,attunet_cl_fixed,235-25-9(3),1,3407,mean_local_acute_angle_deg,18.00112409660955,6.868448600544646,11.132675496064905
schedule_vs_fixed,attunet_cl_schedule,attunet_cl_fixed,235-25-9(3),1,2026,dominant_path_length,1936.4305909532231,1508.6660889654052,427.764501987818
schedule_vs_fixed,attunet_cl_schedule,attunet_cl_fixed,235-25-9(3),1,2026,retained_segment_count,114.0,54.0,60.0
schedule_vs_fixed,attunet_cl_schedule,attunet_cl_fixed,235-25-9(3),1,2026,junction_region_count,114.0,25.0,89.0
schedule_vs_fixed,attunet_cl_schedule,attunet_cl_fixed,235-25-9(3),1,2026,mean_local_acute_angle_deg,19.651639515289226,2.243364420755327,17.4082750945339
schedule_vs_fixed,attunet_cl_schedule,attunet_cl_fixed,447-1-1,1,42,dominant_path_length,173.32085117392717,1404.9869401392975,-1231.6660889653704
schedule_vs_fixed,attunet_cl_schedule,attunet_cl_fixed,447-1-1,1,42,retained_segment_count,58.0,151.0,-93.0
schedule_vs_fixed,attunet_cl_schedule,attunet_cl_fixed,447-1-1,1,42,junction_region_count,75.0,204.0,-129.0
schedule_vs_fixed,attunet_cl_schedule,attunet_cl_fixed,447-1-1,1,42,mean_local_acute_angle_deg,4.269101662801127,7.386486522517032,-3.117384859715905
schedule_vs_fixed,attunet_cl_schedule,attunet_cl_fixed,447-1-1,1,3407,dominant_path_length,173.46298679765778,210.11984104715566,-36.65685424949788
schedule_vs_fixed,attunet_cl_schedule,attunet_cl_fixed,447-1-1,1,3407,retained_segment_count,22.0,144.0,-122.0
schedule_vs_fixed,attunet_cl_schedule,attunet_cl_fixed,447-1-1,1,3407,junction_region_count,15.0,224.0,-209.0
schedule_vs_fixed,attunet_cl_schedule,attunet_cl_fixed,447-1-1,1,3407,mean_local_acute_angle_deg,4.998701317356478,5.209134053364451,-0.21043273600797363
schedule_vs_fixed,attunet_cl_schedule,attunet_cl_fixed,447-1-1,1,2026,dominant_path_length,175.35028842544853,145.3675323681582,29.982756057290317
schedule_vs_fixed,attunet_cl_schedule,attunet_cl_fixed,447-1-1,1,2026,retained_segment_count,99.0,27.0,72.0
schedule_vs_fixed,attunet_cl_schedule,attunet_cl_fixed,447-1-1,1,2026,junction_region_count,146.0,16.0,130.0
schedule_vs_fixed,attunet_cl_schedule,attunet_cl_fixed,447-1-1,1,2026,mean_local_acute_angle_deg,5.649169245128178,4.909652390705098,0.7395168544230799
schedule_vs_fixed,attunet_cl_schedule,attunet_cl_fixed,447-1-1(1),1,42,dominant_path_length,2259.893577750864,2352.047906683415,-92.15432893255092
schedule_vs_fixed,attunet_cl_schedule,attunet_cl_fixed,447-1-1(1),1,42,retained_segment_count,62.0,84.0,-22.0
schedule_vs_fixed,attunet_cl_schedule,attunet_cl_fixed,447-1-1(1),1,42,junction_region_count,35.0,87.0,-52.0
schedule_vs_fixed,attunet_cl_schedule,attunet_cl_fixed,447-1-1(1),1,42,mean_local_acute_angle_deg,16.51239662801614,17.410121616266004,-0.8977249882498626
schedule_vs_fixed,attunet_cl_schedule,attunet_cl_fixed,447-1-1(1),1,3407,dominant_path_length,2268.2783540617147,1682.8528137422938,585.4255403194209
schedule_vs_fixed,attunet_cl_schedule,attunet_cl_fixed,447-1-1(1),1,3407,retained_segment_count,48.0,74.0,-26.0
schedule_vs_fixed,attunet_cl_schedule,attunet_cl_fixed,447-1-1(1),1,3407,junction_region_count,18.0,99.0,-81.0
schedule_vs_fixed,attunet_cl_schedule,attunet_cl_fixed,447-1-1(1),1,3407,mean_local_acute_angle_deg,17.33409570784677,13.878551354085019,3.455544353761752
schedule_vs_fixed,attunet_cl_schedule,attunet_cl_fixed,447-1-1(1),1,2026,dominant_path_length,1448.02142802472,1561.0121933087275,-112.99076528400747
schedule_vs_fixed,attunet_cl_schedule,attunet_cl_fixed,447-1-1(1),1,2026,retained_segment_count,101.0,58.0,43.0
schedule_vs_fixed,attunet_cl_schedule,attunet_cl_fixed,447-1-1(1),1,2026,junction_region_count,102.0,10.0,92.0
schedule_vs_fixed,attunet_cl_schedule,attunet_cl_fixed,447-1-1(1),1,2026,mean_local_acute_angle_deg,12.362293211335562,24.59364108648873,-12.231347875153169
schedule_vs_fixed,attunet_cl_schedule,attunet_cl_fixed,7-1-3(1),4,42,dominant_path_length,2235.2531008922515,1492.0205614728998,743.2325394193517
schedule_vs_fixed,attunet_cl_schedule,attunet_cl_fixed,7-1-3(1),4,42,retained_segment_count,111.0,100.0,11.0
schedule_vs_fixed,attunet_cl_schedule,attunet_cl_fixed,7-1-3(1),4,42,junction_region_count,113.0,111.0,2.0
schedule_vs_fixed,attunet_cl_schedule,attunet_cl_fixed,7-1-3(1),4,42,mean_local_acute_angle_deg,3.3172850919126375,4.797683295224445,-1.4803982033118075
schedule_vs_fixed,attunet_cl_schedule,attunet_cl_fixed,7-1-3(1),4,3407,dominant_path_length,4.176623509190904,1524.9494936610326,-1520.7728701518417
schedule_vs_fixed,attunet_cl_schedule,attunet_cl_fixed,7-1-3(1),4,3407,retained_segment_count,140.0,89.0,51.0
schedule_vs_fixed,attunet_cl_schedule,attunet_cl_fixed,7-1-3(1),4,3407,junction_region_count,126.0,54.0,72.0
schedule_vs_fixed,attunet_cl_schedule,attunet_cl_fixed,7-1-3(1),4,3407,mean_local_acute_angle_deg,4.171912098282235,5.483819309756711,-1.3119072114744768
schedule_vs_fixed,attunet_cl_schedule,attunet_cl_fixed,7-1-3(1),4,2026,dominant_path_length,1503.6357851620483,2250.9221484505633,-747.2863632885151
schedule_vs_fixed,attunet_cl_schedule,attunet_cl_fixed,7-1-3(1),4,2026,retained_segment_count,162.0,72.0,90.0
schedule_vs_fixed,attunet_cl_schedule,attunet_cl_fixed,7-1-3(1),4,2026,junction_region_count,202.0,39.0,163.0
schedule_vs_fixed,attunet_cl_schedule,attunet_cl_fixed,7-1-3(1),4,2026,mean_local_acute_angle_deg,6.056087625545089,4.28573411152999,1.770353514015099
schedule_vs_fixed,attunet_cl_schedule,attunet_cl_fixed,7-1-3(2),4,42,dominant_path_length,1238.6538956566365,224.02438661762835,1014.6295090390081
schedule_vs_fixed,attunet_cl_schedule,attunet_cl_fixed,7-1-3(2),4,42,retained_segment_count,92.0,2.0,90.0
schedule_vs_fixed,attunet_cl_schedule,attunet_cl_fixed,7-1-3(2),4,42,junction_region_count,84.0,10.0,74.0
schedule_vs_fixed,attunet_cl_schedule,attunet_cl_fixed,7-1-3(2),4,42,mean_local_acute_angle_deg,3.0774140148789115,6.1771746987282725,-3.099760683849361
schedule_vs_fixed,attunet_cl_schedule,attunet_cl_fixed,7-1-3(2),4,3407,dominant_path_length,225.8406204335556,224.8822509938982,0.9583694396574174
schedule_vs_fixed,attunet_cl_schedule,attunet_cl_fixed,7-1-3(2),4,3407,retained_segment_count,12.0,12.0,0.0
schedule_vs_fixed,attunet_cl_schedule,attunet_cl_fixed,7-1-3(2),4,3407,junction_region_count,5.0,29.0,-24.0
schedule_vs_fixed,attunet_cl_schedule,attunet_cl_fixed,7-1-3(2),4,3407,mean_local_acute_angle_deg,5.069053321526752,6.581550305205354,-1.5124969836786022
schedule_vs_fixed,attunet_cl_schedule,attunet_cl_fixed,7-1-3(2),4,2026,dominant_path_length,215.5685424949129,1415.3868683518767,-1199.8183258569638
schedule_vs_fixed,attunet_cl_schedule,attunet_cl_fixed,7-1-3(2),4,2026,retained_segment_count,50.0,14.0,36.0
schedule_vs_fixed,attunet_cl_schedule,attunet_cl_fixed,7-1-3(2),4,2026,junction_region_count,63.0,4.0,59.0
schedule_vs_fixed,attunet_cl_schedule,attunet_cl_fixed,7-1-3(2),4,2026,mean_local_acute_angle_deg,7.240045975529888,1.6994284758645435,5.540617499665345
schedule_vs_fixed,attunet_cl_schedule,attunet_cl_fixed,7-1-3(3),0,42,dominant_path_length,1535.4062043355812,1465.5067093989694,69.89949493661175
schedule_vs_fixed,attunet_cl_schedule,attunet_cl_fixed,7-1-3(3),0,42,retained_segment_count,37.0,72.0,-35.0
schedule_vs_fixed,attunet_cl_schedule,attunet_cl_fixed,7-1-3(3),0,42,junction_region_count,41.0,37.0,4.0
schedule_vs_fixed,attunet_cl_schedule,attunet_cl_fixed,7-1-3(3),0,42,mean_local_acute_angle_deg,5.19238503449963,5.504645540262096,-0.3122605057624668
schedule_vs_fixed,attunet_cl_schedule,attunet_cl_fixed,7-1-3(3),0,3407,dominant_path_length,1432.1686142823446,1692.0458146423714,-259.8772003600268
schedule_vs_fixed,attunet_cl_schedule,attunet_cl_fixed,7-1-3(3),0,3407,retained_segment_count,152.0,75.0,77.0
schedule_vs_fixed,attunet_cl_schedule,attunet_cl_fixed,7-1-3(3),0,3407,junction_region_count,183.0,38.0,145.0
schedule_vs_fixed,attunet_cl_schedule,attunet_cl_fixed,7-1-3(3),0,3407,mean_local_acute_angle_deg,4.538506405447976,5.267926518135894,-0.7294201126879187
schedule_vs_fixed,attunet_cl_schedule,attunet_cl_fixed,7-1-3(3),0,2026,dominant_path_length,1457.2640687118503,1620.6538956565835,-163.38982694473316
schedule_vs_fixed,attunet_cl_schedule,attunet_cl_fixed,7-1-3(3),0,2026,retained_segment_count,104.0,147.0,-43.0
schedule_vs_fixed,attunet_cl_schedule,attunet_cl_fixed,7-1-3(3),0,2026,junction_region_count,86.0,135.0,-49.0
schedule_vs_fixed,attunet_cl_schedule,attunet_cl_fixed,7-1-3(3),0,2026,mean_local_acute_angle_deg,4.1961348961087666,4.572738670376502,-0.3766037742677355
schedule_vs_fixed,attunet_cl_schedule,attunet_cl_fixed,7-1-6(1),0,42,dominant_path_length,667.1888168179507,1016.9949493660811,-349.80613254813034
schedule_vs_fixed,attunet_cl_schedule,attunet_cl_fixed,7-1-6(1),0,42,retained_segment_count,106.0,12.0,94.0
schedule_vs_fixed,attunet_cl_schedule,attunet_cl_fixed,7-1-6(1),0,42,junction_region_count,86.0,21.0,65.0
schedule_vs_fixed,attunet_cl_schedule,attunet_cl_fixed,7-1-6(1),0,42,mean_local_acute_angle_deg,5.2376120633628815,5.899694147063876,-0.6620820837009944
schedule_vs_fixed,attunet_cl_schedule,attunet_cl_fixed,7-1-6(1),0,3407,dominant_path_length,146.22034611051959,622.9756133823612,-476.7552672718416
schedule_vs_fixed,attunet_cl_schedule,attunet_cl_fixed,7-1-6(1),0,3407,retained_segment_count,84.0,10.0,74.0
schedule_vs_fixed,attunet_cl_schedule,attunet_cl_fixed,7-1-6(1),0,3407,junction_region_count,92.0,18.0,74.0
schedule_vs_fixed,attunet_cl_schedule,attunet_cl_fixed,7-1-6(1),0,3407,mean_local_acute_angle_deg,4.086447995590682,1.223934546391348,2.8625134491993336
schedule_vs_fixed,attunet_cl_schedule,attunet_cl_fixed,7-1-6(1),0,2026,dominant_path_length,955.3086578650718,701.1421356237197,254.16652224135214
schedule_vs_fixed,attunet_cl_schedule,attunet_cl_fixed,7-1-6(1),0,2026,retained_segment_count,74.0,86.0,-12.0
schedule_vs_fixed,attunet_cl_schedule,attunet_cl_fixed,7-1-6(1),0,2026,junction_region_count,98.0,114.0,-16.0
schedule_vs_fixed,attunet_cl_schedule,attunet_cl_fixed,7-1-6(1),0,2026,mean_local_acute_angle_deg,4.39444824610068,3.3781660814088568,1.0162821646918232
schedule_vs_fixed,attunet_cl_schedule,attunet_cl_fixed,7-1-6(2),3,42,dominant_path_length,918.4507934889243,1408.8427124746545,-490.3919189857302
schedule_vs_fixed,attunet_cl_schedule,attunet_cl_fixed,7-1-6(2),3,42,retained_segment_count,183.0,153.0,30.0
schedule_vs_fixed,attunet_cl_schedule,attunet_cl_fixed,7-1-6(2),3,42,junction_region_count,249.0,210.0,39.0
schedule_vs_fixed,attunet_cl_schedule,attunet_cl_fixed,7-1-6(2),3,42,mean_local_acute_angle_deg,4.856825011101471,6.816520440806066,-1.9596954297045954
schedule_vs_fixed,attunet_cl_schedule,attunet_cl_fixed,7-1-6(2),3,3407,dominant_path_length,1595.3056992723027,639.1593795665185,956.1463197057842
schedule_vs_fixed,attunet_cl_schedule,attunet_cl_fixed,7-1-6(2),3,3407,retained_segment_count,240.0,228.0,12.0
schedule_vs_fixed,attunet_cl_schedule,attunet_cl_fixed,7-1-6(2),3,3407,junction_region_count,319.0,290.0,29.0
schedule_vs_fixed,attunet_cl_schedule,attunet_cl_fixed,7-1-6(2),3,3407,mean_local_acute_angle_deg,0.9358192879591201,0.7792360926450925,0.15658319531402753
schedule_vs_fixed,attunet_cl_schedule,attunet_cl_fixed,7-1-6(2),3,2026,dominant_path_length,1509.7615433950268,653.5613998200834,856.2001435749435
schedule_vs_fixed,attunet_cl_schedule,attunet_cl_fixed,7-1-6(2),3,2026,retained_segment_count,155.0,173.0,-18.0
schedule_vs_fixed,attunet_cl_schedule,attunet_cl_fixed,7-1-6(2),3,2026,junction_region_count,205.0,231.0,-26.0
schedule_vs_fixed,attunet_cl_schedule,attunet_cl_fixed,7-1-6(2),3,2026,mean_local_acute_angle_deg,0.07128304645169692,3.019437261480995,-2.948154215029298
schedule_vs_fixed,attunet_cl_schedule,attunet_cl_fixed,7-1-6(3),2,42,dominant_path_length,1930.6854249491923,906.3086578650714,1024.376767084121
schedule_vs_fixed,attunet_cl_schedule,attunet_cl_fixed,7-1-6(3),2,42,retained_segment_count,338.0,154.0,184.0
schedule_vs_fixed,attunet_cl_schedule,attunet_cl_fixed,7-1-6(3),2,42,junction_region_count,484.0,209.0,275.0
schedule_vs_fixed,attunet_cl_schedule,attunet_cl_fixed,7-1-6(3),2,42,mean_local_acute_angle_deg,3.9545928145179374,6.75822105692486,-2.8036282424069228
schedule_vs_fixed,attunet_cl_schedule,attunet_cl_fixed,7-1-6(3),2,3407,dominant_path_length,2118.1534623807283,1631.4427842620728,486.71067811865555
schedule_vs_fixed,attunet_cl_schedule,attunet_cl_fixed,7-1-6(3),2,3407,retained_segment_count,154.0,96.0,58.0
schedule_vs_fixed,attunet_cl_schedule,attunet_cl_fixed,7-1-6(3),2,3407,junction_region_count,212.0,102.0,110.0
schedule_vs_fixed,attunet_cl_schedule,attunet_cl_fixed,7-1-6(3),2,3407,mean_local_acute_angle_deg,5.467627278814952,6.423647767166877,-0.9560204883519248
schedule_vs_fixed,attunet_cl_schedule,attunet_cl_fixed,7-1-6(3),2,2026,dominant_path_length,956.8893936688105,1381.962553521717,-425.07315985290643
schedule_vs_fixed,attunet_cl_schedule,attunet_cl_fixed,7-1-6(3),2,2026,retained_segment_count,188.0,162.0,26.0
schedule_vs_fixed,attunet_cl_schedule,attunet_cl_fixed,7-1-6(3),2,2026,junction_region_count,248.0,180.0,68.0
schedule_vs_fixed,attunet_cl_schedule,attunet_cl_fixed,7-1-6(3),2,2026,mean_local_acute_angle_deg,5.775691950829675,2.911808028353555,2.86388392247612
schedule_vs_fixed,attunet_cl_schedule,attunet_cl_fixed,7-1-6(4),0,42,dominant_path_length,236.9066376115038,1700.7442994522303,-1463.8376618407265
schedule_vs_fixed,attunet_cl_schedule,attunet_cl_fixed,7-1-6(4),0,42,retained_segment_count,80.0,80.0,0.0
schedule_vs_fixed,attunet_cl_schedule,attunet_cl_fixed,7-1-6(4),0,42,junction_region_count,41.0,107.0,-66.0
schedule_vs_fixed,attunet_cl_schedule,attunet_cl_fixed,7-1-6(4),0,42,mean_local_acute_angle_deg,1.6103629740787824,0.7899682853956307,0.8203946886831517
schedule_vs_fixed,attunet_cl_schedule,attunet_cl_fixed,7-1-6(4),0,3407,dominant_path_length,18.46089475659892,771.5117600328804,-753.0508652762815
schedule_vs_fixed,attunet_cl_schedule,attunet_cl_fixed,7-1-6(4),0,3407,retained_segment_count,219.0,192.0,27.0
schedule_vs_fixed,attunet_cl_schedule,attunet_cl_fixed,7-1-6(4),0,3407,junction_region_count,266.0,264.0,2.0
schedule_vs_fixed,attunet_cl_schedule,attunet_cl_fixed,7-1-6(4),0,3407,mean_local_acute_angle_deg,0.786726710691859,0.47039825403952307,0.3163284566523359
schedule_vs_fixed,attunet_cl_schedule,attunet_cl_fixed,7-1-6(4),0,2026,dominant_path_length,765.5411972844036,322.87720036001383,442.6639969243897
schedule_vs_fixed,attunet_cl_schedule,attunet_cl_fixed,7-1-6(4),0,2026,retained_segment_count,217.0,241.0,-24.0
schedule_vs_fixed,attunet_cl_schedule,attunet_cl_fixed,7-1-6(4),0,2026,junction_region_count,270.0,349.0,-79.0
schedule_vs_fixed,attunet_cl_schedule,attunet_cl_fixed,7-1-6(4),0,2026,mean_local_acute_angle_deg,0.13493125563822872,0.8715747388465118,-0.7366434832082831
schedule_vs_fixed,attunet_cl_schedule,attunet_cl_fixed,DN50-235-25-6(2),1,42,dominant_path_length,704.1564209736063,686.0853531617406,18.071067811865646
schedule_vs_fixed,attunet_cl_schedule,attunet_cl_fixed,DN50-235-25-6(2),1,42,retained_segment_count,55.0,106.0,-51.0
schedule_vs_fixed,attunet_cl_schedule,attunet_cl_fixed,DN50-235-25-6(2),1,42,junction_region_count,67.0,143.0,-76.0
schedule_vs_fixed,attunet_cl_schedule,attunet_cl_fixed,DN50-235-25-6(2),1,42,mean_local_acute_angle_deg,9.983143918214374,7.860585458236756,2.1225584599776184
schedule_vs_fixed,attunet_cl_schedule,attunet_cl_fixed,DN50-235-25-6(2),1,3407,dominant_path_length,400.2813126546346,421.8549057834414,-21.573593128806806
schedule_vs_fixed,attunet_cl_schedule,attunet_cl_fixed,DN50-235-25-6(2),1,3407,retained_segment_count,39.0,105.0,-66.0
schedule_vs_fixed,attunet_cl_schedule,attunet_cl_fixed,DN50-235-25-6(2),1,3407,junction_region_count,32.0,149.0,-117.0
schedule_vs_fixed,attunet_cl_schedule,attunet_cl_fixed,DN50-235-25-6(2),1,3407,mean_local_acute_angle_deg,10.249425869470926,1.5619002829226147,8.687525586548311
schedule_vs_fixed,attunet_cl_schedule,attunet_cl_fixed,DN50-235-25-6(2),1,2026,dominant_path_length,280.6417023478448,142.5979797464472,138.04372260139758
schedule_vs_fixed,attunet_cl_schedule,attunet_cl_fixed,DN50-235-25-6(2),1,2026,retained_segment_count,67.0,30.0,37.0
schedule_vs_fixed,attunet_cl_schedule,attunet_cl_fixed,DN50-235-25-6(2),1,2026,junction_region_count,70.0,9.0,61.0
schedule_vs_fixed,attunet_cl_schedule,attunet_cl_fixed,DN50-235-25-6(2),1,2026,mean_local_acute_angle_deg,8.186283182860542,2.956984895657193,5.229298287203349
schedule_vs_fixed,attunet_cl_schedule,attunet_cl_fixed,DN50-235-25-6(3),1,42,dominant_path_length,53.73802332912294,35.70858607760033,18.02943725152261
schedule_vs_fixed,attunet_cl_schedule,attunet_cl_fixed,DN50-235-25-6(3),1,42,retained_segment_count,20.0,54.0,-34.0
schedule_vs_fixed,attunet_cl_schedule,attunet_cl_fixed,DN50-235-25-6(3),1,42,junction_region_count,29.0,72.0,-43.0
schedule_vs_fixed,attunet_cl_schedule,attunet_cl_fixed,DN50-235-25-6(3),1,42,mean_local_acute_angle_deg,8.689886169833485,5.95875205612942,2.7311341137040657
schedule_vs_fixed,attunet_cl_schedule,attunet_cl_fixed,DN50-235-25-6(3),1,3407,dominant_path_length,52.34819638439001,53.62027432303216,-1.2720779386421555
schedule_vs_fixed,attunet_cl_schedule,attunet_cl_fixed,DN50-235-25-6(3),1,3407,retained_segment_count,1.0,66.0,-65.0
schedule_vs_fixed,attunet_cl_schedule,attunet_cl_fixed,DN50-235-25-6(3),1,3407,junction_region_count,1.0,104.0,-103.0
schedule_vs_fixed,attunet_cl_schedule,attunet_cl_fixed,DN50-235-25-6(3),1,3407,mean_local_acute_angle_deg,8.621983102376312,10.39269579661724,-1.7707126942409275
schedule_vs_fixed,attunet_cl_schedule,attunet_cl_fixed,DN50-235-25-6(3),1,2026,dominant_path_length,42.20606076065906,23.833477758628646,18.37258300203041
schedule_vs_fixed,attunet_cl_schedule,attunet_cl_fixed,DN50-235-25-6(3),1,2026,retained_segment_count,52.0,17.0,35.0
schedule_vs_fixed,attunet_cl_schedule,attunet_cl_fixed,DN50-235-25-6(3),1,2026,junction_region_count,90.0,8.0,82.0
schedule_vs_fixed,attunet_cl_schedule,attunet_cl_fixed,DN50-235-25-6(3),1,2026,mean_local_acute_angle_deg,8.765411478368868,7.477184425079223,1.2882270532896456
schedule_vs_fixed,attunet_cl_schedule,attunet_cl_fixed,DN50-235-25-7(1),0,42,dominant_path_length,71.98571465012515,103.93903345589968,-31.95331880577453
schedule_vs_fixed,attunet_cl_schedule,attunet_cl_fixed,DN50-235-25-7(1),0,42,retained_segment_count,27.0,11.0,16.0
schedule_vs_fixed,attunet_cl_schedule,attunet_cl_fixed,DN50-235-25-7(1),0,42,junction_region_count,31.0,9.0,22.0
schedule_vs_fixed,attunet_cl_schedule,attunet_cl_fixed,DN50-235-25-7(1),0,42,mean_local_acute_angle_deg,0.6006041219750102,0.479482638961791,0.12112148301321923
schedule_vs_fixed,attunet_cl_schedule,attunet_cl_fixed,DN50-235-25-7(1),0,3407,dominant_path_length,98.8974028955571,113.45375208166104,-14.556349186103944
schedule_vs_fixed,attunet_cl_schedule,attunet_cl_fixed,DN50-235-25-7(1),0,3407,retained_segment_count,29.0,18.0,11.0
schedule_vs_fixed,attunet_cl_schedule,attunet_cl_fixed,DN50-235-25-7(1),0,3407,junction_region_count,41.0,31.0,10.0
schedule_vs_fixed,attunet_cl_schedule,attunet_cl_fixed,DN50-235-25-7(1),0,3407,mean_local_acute_angle_deg,6.2643222520567505,1.231774842319993,5.0325474097367575
schedule_vs_fixed,attunet_cl_schedule,attunet_cl_fixed,DN50-235-25-7(1),0,2026,dominant_path_length,61.39992821249825,67.96847070742251,-6.568542494924259
schedule_vs_fixed,attunet_cl_schedule,attunet_cl_fixed,DN50-235-25-7(1),0,2026,retained_segment_count,17.0,51.0,-34.0
schedule_vs_fixed,attunet_cl_schedule,attunet_cl_fixed,DN50-235-25-7(1),0,2026,junction_region_count,25.0,65.0,-40.0
schedule_vs_fixed,attunet_cl_schedule,attunet_cl_fixed,DN50-235-25-7(1),0,2026,mean_local_acute_angle_deg,4.086126213528431,2.259714601739965,1.8264116117884654
schedule_vs_fixed,attunet_cl_schedule,attunet_cl_fixed,W82-447-1-13-3(1),3,42,dominant_path_length,1465.9545442949711,1485.4398256692095,-19.48528137423841
schedule_vs_fixed,attunet_cl_schedule,attunet_cl_fixed,W82-447-1-13-3(1),3,42,retained_segment_count,195.0,224.0,-29.0
schedule_vs_fixed,attunet_cl_schedule,attunet_cl_fixed,W82-447-1-13-3(1),3,42,junction_region_count,182.0,210.0,-28.0
schedule_vs_fixed,attunet_cl_schedule,attunet_cl_fixed,W82-447-1-13-3(1),3,42,mean_local_acute_angle_deg,1.837566714480559,2.36556826310067,-0.5280015486201108
schedule_vs_fixed,attunet_cl_schedule,attunet_cl_fixed,W82-447-1-13-3(1),3,3407,dominant_path_length,831.4570696119149,1523.126117170225,-691.66904755831
schedule_vs_fixed,attunet_cl_schedule,attunet_cl_fixed,W82-447-1-13-3(1),3,3407,retained_segment_count,258.0,252.0,6.0
schedule_vs_fixed,attunet_cl_schedule,attunet_cl_fixed,W82-447-1-13-3(1),3,3407,junction_region_count,250.0,227.0,23.0
schedule_vs_fixed,attunet_cl_schedule,attunet_cl_fixed,W82-447-1-13-3(1),3,3407,mean_local_acute_angle_deg,0.6280698991754576,0.9896874320202826,-0.361617532844825
schedule_vs_fixed,attunet_cl_schedule,attunet_cl_fixed,W82-447-1-13-3(1),3,2026,dominant_path_length,1477.6113985444636,1479.4398256692098,-1.828427124746213
schedule_vs_fixed,attunet_cl_schedule,attunet_cl_fixed,W82-447-1-13-3(1),3,2026,retained_segment_count,202.0,215.0,-13.0
schedule_vs_fixed,attunet_cl_schedule,attunet_cl_fixed,W82-447-1-13-3(1),3,2026,junction_region_count,202.0,200.0,2.0
schedule_vs_fixed,attunet_cl_schedule,attunet_cl_fixed,W82-447-1-13-3(1),3,2026,mean_local_acute_angle_deg,1.1068739268027699,0.3244382953364209,0.782435631466349
schedule_vs_fixed,attunet_cl_schedule,attunet_cl_fixed,W82-447-1-13-7(1),4,42,dominant_path_length,1161.1492782986375,1098.722871427444,62.42640687119342
schedule_vs_fixed,attunet_cl_schedule,attunet_cl_fixed,W82-447-1-13-7(1),4,42,retained_segment_count,23.0,44.0,-21.0
schedule_vs_fixed,attunet_cl_schedule,attunet_cl_fixed,W82-447-1-13-7(1),4,42,junction_region_count,19.0,55.0,-36.0
schedule_vs_fixed,attunet_cl_schedule,attunet_cl_fixed,W82-447-1-13-7(1),4,42,mean_local_acute_angle_deg,6.19260252425979,5.102050525260779,1.0905519989990111
schedule_vs_fixed,attunet_cl_schedule,attunet_cl_fixed,W82-447-1-13-7(1),4,3407,dominant_path_length,1122.1198410471147,1076.9066376115181,45.2132034355966
schedule_vs_fixed,attunet_cl_schedule,attunet_cl_fixed,W82-447-1-13-7(1),4,3407,retained_segment_count,25.0,20.0,5.0
schedule_vs_fixed,attunet_cl_schedule,attunet_cl_fixed,W82-447-1-13-7(1),4,3407,junction_region_count,41.0,17.0,24.0
schedule_vs_fixed,attunet_cl_schedule,attunet_cl_fixed,W82-447-1-13-7(1),4,3407,mean_local_acute_angle_deg,1.1006309636568261,7.215577280145951,-6.1149463164891245
schedule_vs_fixed,attunet_cl_schedule,attunet_cl_fixed,W82-447-1-13-7(1),4,2026,dominant_path_length,1337.3330444827113,1132.9898987322038,204.34314575050757
schedule_vs_fixed,attunet_cl_schedule,attunet_cl_fixed,W82-447-1-13-7(1),4,2026,retained_segment_count,111.0,40.0,71.0
schedule_vs_fixed,attunet_cl_schedule,attunet_cl_fixed,W82-447-1-13-7(1),4,2026,junction_region_count,135.0,317.0,-182.0
schedule_vs_fixed,attunet_cl_schedule,attunet_cl_fixed,W82-447-1-13-7(1),4,2026,mean_local_acute_angle_deg,4.142821611675473,10.35574164456834,-6.2129200328928675
schedule_vs_fixed,attunet_cl_schedule,attunet_cl_fixed,W82-447-1-13-7(2),3,42,dominant_path_length,1991.8927111991209,1990.8927111991209,1.0
schedule_vs_fixed,attunet_cl_schedule,attunet_cl_fixed,W82-447-1-13-7(2),3,42,retained_segment_count,25.0,9.0,16.0
schedule_vs_fixed,attunet_cl_schedule,attunet_cl_fixed,W82-447-1-13-7(2),3,42,junction_region_count,32.0,19.0,13.0
schedule_vs_fixed,attunet_cl_schedule,attunet_cl_fixed,W82-447-1-13-7(2),3,42,mean_local_acute_angle_deg,10.695892200864783,5.184240634607349,5.511651566257434
schedule_vs_fixed,attunet_cl_schedule,attunet_cl_fixed,W82-447-1-13-7(2),3,3407,dominant_path_length,1840.5373721397932,1965.7211383238669,-125.18376618407365
schedule_vs_fixed,attunet_cl_schedule,attunet_cl_fixed,W82-447-1-13-7(2),3,3407,retained_segment_count,45.0,38.0,7.0
schedule_vs_fixed,attunet_cl_schedule,attunet_cl_fixed,W82-447-1-13-7(2),3,3407,junction_region_count,70.0,57.0,13.0
schedule_vs_fixed,attunet_cl_schedule,attunet_cl_fixed,W82-447-1-13-7(2),3,3407,mean_local_acute_angle_deg,7.411998617328329,5.875652516273618,1.5363461010547113
schedule_vs_fixed,attunet_cl_schedule,attunet_cl_fixed,W82-447-1-13-7(2),3,2026,dominant_path_length,1739.400287149945,1990.721138323867,-251.32085117392216
schedule_vs_fixed,attunet_cl_schedule,attunet_cl_fixed,W82-447-1-13-7(2),3,2026,retained_segment_count,29.0,42.0,-13.0
schedule_vs_fixed,attunet_cl_schedule,attunet_cl_fixed,W82-447-1-13-7(2),3,2026,junction_region_count,47.0,60.0,-13.0
schedule_vs_fixed,attunet_cl_schedule,attunet_cl_fixed,W82-447-1-13-7(2),3,2026,mean_local_acute_angle_deg,4.97821293681514,4.97409341206933,0.0041195247458105655
schedule_vs_fixed,attunet_cl_schedule,attunet_cl_fixed,W82-447-1-13-7(3),2,42,dominant_path_length,1138.2031021677926,1610.6042558695362,-472.4011537017436
schedule_vs_fixed,attunet_cl_schedule,attunet_cl_fixed,W82-447-1-13-7(3),2,42,retained_segment_count,753.0,468.0,285.0
schedule_vs_fixed,attunet_cl_schedule,attunet_cl_fixed,W82-447-1-13-7(3),2,42,junction_region_count,1020.0,453.0,567.0
schedule_vs_fixed,attunet_cl_schedule,attunet_cl_fixed,W82-447-1-13-7(3),2,42,mean_local_acute_angle_deg,2.240301935224913,2.193423180515431,0.046878754709481996
schedule_vs_fixed,attunet_cl_schedule,attunet_cl_fixed,W82-447-1-13-7(3),2,3407,dominant_path_length,2717.9373003522787,1665.0773439349548,1052.859956417324
schedule_vs_fixed,attunet_cl_schedule,attunet_cl_fixed,W82-447-1-13-7(3),2,3407,retained_segment_count,477.0,444.0,33.0
schedule_vs_fixed,attunet_cl_schedule,attunet_cl_fixed,W82-447-1-13-7(3),2,3407,junction_region_count,569.0,390.0,179.0
schedule_vs_fixed,attunet_cl_schedule,attunet_cl_fixed,W82-447-1-13-7(3),2,3407,mean_local_acute_angle_deg,2.1072230707075974,1.6376609448164032,0.46956212589119417
schedule_vs_fixed,attunet_cl_schedule,attunet_cl_fixed,W82-447-1-13-7(3),2,2026,dominant_path_length,775.541197284444,1382.9108216935892,-607.3696244091452
schedule_vs_fixed,attunet_cl_schedule,attunet_cl_fixed,W82-447-1-13-7(3),2,2026,retained_segment_count,507.0,466.0,41.0
schedule_vs_fixed,attunet_cl_schedule,attunet_cl_fixed,W82-447-1-13-7(3),2,2026,junction_region_count,544.0,509.0,35.0
schedule_vs_fixed,attunet_cl_schedule,attunet_cl_fixed,W82-447-1-13-7(3),2,2026,mean_local_acute_angle_deg,6.1096282660432735,3.8597151929871742,2.249913073056099
