sample_name,fold,config,seed,trait,reference_type,reference_value,estimate_value,difference_estimate_minus_reference,absolute_error,ape_percent_nonzero_reference,status,reference_path_status,prediction_path_status,reference_angle_failure_reason,prediction_angle_failure_reason,reference_mask_sha256,prediction_mask_sha256
10-1-1,3,attunet_cl_fixed,42,dominant_path_length,annotation_mask_same_extractor,3519.0348468227903,2569.133259845188,-949.9015869776022,949.9015869776022,26.993241849685973,valid,ok,ok,zero_length_angle_vector,zero_length_angle_vector,8664187dcbcab44c4dae8da26d028efb21268d9709753c186a39d03660a06fc7,db3a01e23d48b78d66f68316710ee1792a64f06ef0f86eb38a0fc49485c66a6c
10-1-1,3,attunet_cl_fixed,42,retained_segment_count,annotation_mask_same_extractor,134,156,22.0,22.0,16.417910447761194,valid,ok,ok,zero_length_angle_vector,zero_length_angle_vector,8664187dcbcab44c4dae8da26d028efb21268d9709753c186a39d03660a06fc7,db3a01e23d48b78d66f68316710ee1792a64f06ef0f86eb38a0fc49485c66a6c
10-1-1,3,attunet_cl_fixed,42,junction_region_count,annotation_mask_same_extractor,121,153,32.0,32.0,26.446280991735538,valid,ok,ok,zero_length_angle_vector,zero_length_angle_vector,8664187dcbcab44c4dae8da26d028efb21268d9709753c186a39d03660a06fc7,db3a01e23d48b78d66f68316710ee1792a64f06ef0f86eb38a0fc49485c66a6c
10-1-1,3,attunet_cl_fixed,42,mean_local_acute_angle_deg,annotation_mask_same_extractor,64.6739875375559,53.155881502558756,-11.518106034997146,11.518106034997146,17.809487977386013,valid,ok,ok,zero_length_angle_vector,zero_length_angle_vector,8664187dcbcab44c4dae8da26d028efb21268d9709753c186a39d03660a06fc7,db3a01e23d48b78d66f68316710ee1792a64f06ef0f86eb38a0fc49485c66a6c
10-1-1(1),3,attunet_cl_fixed,42,dominant_path_length,annotation_mask_same_extractor,2848.0794359760534,1146.957502887884,-1701.1219330881695,1701.1219330881695,59.72873900917672,valid,ok,ok,,zero_length_angle_vector,c95c0337715266ccd3aad838a4ef3ab80e74ba76f5d714ecb44e5a5615b3ce7c,1fc2a76961250e144df90922b1bb3c12dc5e5a2526546b210b50a4d9458f97ad
10-1-1(1),3,attunet_cl_fixed,42,retained_segment_count,annotation_mask_same_extractor,35,70,35.0,35.0,100.0,valid,ok,ok,,zero_length_angle_vector,c95c0337715266ccd3aad838a4ef3ab80e74ba76f5d714ecb44e5a5615b3ce7c,1fc2a76961250e144df90922b1bb3c12dc5e5a2526546b210b50a4d9458f97ad
10-1-1(1),3,attunet_cl_fixed,42,junction_region_count,annotation_mask_same_extractor,28,61,33.0,33.0,117.85714285714286,valid,ok,ok,,zero_length_angle_vector,c95c0337715266ccd3aad838a4ef3ab80e74ba76f5d714ecb44e5a5615b3ce7c,1fc2a76961250e144df90922b1bb3c12dc5e5a2526546b210b50a4d9458f97ad
10-1-1(1),3,attunet_cl_fixed,42,mean_local_acute_angle_deg,annotation_mask_same_extractor,45.23478785039287,47.340412152481804,2.105624302088934,2.105624302088934,4.654878252226944,valid,ok,ok,,zero_length_angle_vector,c95c0337715266ccd3aad838a4ef3ab80e74ba76f5d714ecb44e5a5615b3ce7c,1fc2a76961250e144df90922b1bb3c12dc5e5a2526546b210b50a4d9458f97ad
10-1-1(2),1,attunet_cl_fixed,42,dominant_path_length,annotation_mask_same_extractor,1262.4823227814104,492.2396820942911,-770.2426406871193,770.2426406871193,61.010172323852906,valid,ok,ok,,zero_length_angle_vector,6c74e98b918771eb646a7e1d44c8ef0b3c96078814c8b8db61045d1816697d12,d3b79e749ee4dcf8a34ba0c4a235e2e70713bd6bc174a54e80f1782fc3a853b2
10-1-1(2),1,attunet_cl_fixed,42,retained_segment_count,annotation_mask_same_extractor,25,53,28.0,28.0,112.00000000000001,valid,ok,ok,,zero_length_angle_vector,6c74e98b918771eb646a7e1d44c8ef0b3c96078814c8b8db61045d1816697d12,d3b79e749ee4dcf8a34ba0c4a235e2e70713bd6bc174a54e80f1782fc3a853b2
10-1-1(2),1,attunet_cl_fixed,42,junction_region_count,annotation_mask_same_extractor,23,55,32.0,32.0,139.1304347826087,valid,ok,ok,,zero_length_angle_vector,6c74e98b918771eb646a7e1d44c8ef0b3c96078814c8b8db61045d1816697d12,d3b79e749ee4dcf8a34ba0c4a235e2e70713bd6bc174a54e80f1782fc3a853b2
10-1-1(2),1,attunet_cl_fixed,42,mean_local_acute_angle_deg,annotation_mask_same_extractor,46.29442229680335,54.75497325293418,8.460550956130831,8.460550956130831,18.275529829249077,valid,ok,ok,,zero_length_angle_vector,6c74e98b918771eb646a7e1d44c8ef0b3c96078814c8b8db61045d1816697d12,d3b79e749ee4dcf8a34ba0c4a235e2e70713bd6bc174a54e80f1782fc3a853b2
10-1-1(3),2,attunet_cl_fixed,42,dominant_path_length,annotation_mask_same_extractor,2611.2834046956673,2457.4246737676117,-153.8587309280556,153.8587309280556,5.892073248402814,valid,ok,ok,,zero_length_angle_vector,49a1138291b2427ae244c26c8d481f7bf7c311eb24e2003613787dba24d6ff37,23de8bd0d36543f31f0696f8dab86aefaaa4db233f97d4a9da74e6d816d9e13d
10-1-1(3),2,attunet_cl_fixed,42,retained_segment_count,annotation_mask_same_extractor,36,120,84.0,84.0,233.33333333333334,valid,ok,ok,,zero_length_angle_vector,49a1138291b2427ae244c26c8d481f7bf7c311eb24e2003613787dba24d6ff37,23de8bd0d36543f31f0696f8dab86aefaaa4db233f97d4a9da74e6d816d9e13d
10-1-1(3),2,attunet_cl_fixed,42,junction_region_count,annotation_mask_same_extractor,23,144,121.0,121.0,526.0869565217391,valid,ok,ok,,zero_length_angle_vector,49a1138291b2427ae244c26c8d481f7bf7c311eb24e2003613787dba24d6ff37,23de8bd0d36543f31f0696f8dab86aefaaa4db233f97d4a9da74e6d816d9e13d
10-1-1(3),2,attunet_cl_fixed,42,mean_local_acute_angle_deg,annotation_mask_same_extractor,44.403113779145116,57.40869979709784,13.005586017952723,13.005586017952723,29.289806301964973,valid,ok,ok,,zero_length_angle_vector,49a1138291b2427ae244c26c8d481f7bf7c311eb24e2003613787dba24d6ff37,23de8bd0d36543f31f0696f8dab86aefaaa4db233f97d4a9da74e6d816d9e13d
10-1-2,2,attunet_cl_fixed,42,dominant_path_length,annotation_mask_same_extractor,3713.5222202381024,3317.047040131641,-396.47518010646127,396.47518010646127,10.67652639711525,valid,ok,ok,zero_length_angle_vector,zero_length_angle_vector,353a8fded79e4327f12b6866ba2014151a10168db01aad99108b5fae01f5e4ac,13c4c29c68730e6a21d34ec706a373db395392b7f4cf10c9cd36c8aa427e5770
10-1-2,2,attunet_cl_fixed,42,retained_segment_count,annotation_mask_same_extractor,171,418,247.0,247.0,144.44444444444443,valid,ok,ok,zero_length_angle_vector,zero_length_angle_vector,353a8fded79e4327f12b6866ba2014151a10168db01aad99108b5fae01f5e4ac,13c4c29c68730e6a21d34ec706a373db395392b7f4cf10c9cd36c8aa427e5770
10-1-2,2,attunet_cl_fixed,42,junction_region_count,annotation_mask_same_extractor,124,402,278.0,278.0,224.19354838709674,valid,ok,ok,zero_length_angle_vector,zero_length_angle_vector,353a8fded79e4327f12b6866ba2014151a10168db01aad99108b5fae01f5e4ac,13c4c29c68730e6a21d34ec706a373db395392b7f4cf10c9cd36c8aa427e5770
10-1-2,2,attunet_cl_fixed,42,mean_local_acute_angle_deg,annotation_mask_same_extractor,58.66827912377103,54.44356194489202,-4.224717178879011,4.224717178879011,7.2010245433758655,valid,ok,ok,zero_length_angle_vector,zero_length_angle_vector,353a8fded79e4327f12b6866ba2014151a10168db01aad99108b5fae01f5e4ac,13c4c29c68730e6a21d34ec706a373db395392b7f4cf10c9cd36c8aa427e5770
10-1-2(1),4,attunet_cl_fixed,42,dominant_path_length,annotation_mask_same_extractor,3355.4095218658804,1812.8590898655505,-1542.55043200033,1542.55043200033,45.972046689029675,valid,ok,ok,zero_length_angle_vector,zero_length_angle_vector,dca0abd7cde7ab357484642e540a2d1fa449818245a1cd800eb7c824264f02ad,7d251ea4165f155720999685941106276efc846fdc68ed38bea9f3b2981411b1
10-1-2(1),4,attunet_cl_fixed,42,retained_segment_count,annotation_mask_same_extractor,118,221,103.0,103.0,87.28813559322035,valid,ok,ok,zero_length_angle_vector,zero_length_angle_vector,dca0abd7cde7ab357484642e540a2d1fa449818245a1cd800eb7c824264f02ad,7d251ea4165f155720999685941106276efc846fdc68ed38bea9f3b2981411b1
10-1-2(1),4,attunet_cl_fixed,42,junction_region_count,annotation_mask_same_extractor,111,257,146.0,146.0,131.53153153153156,valid,ok,ok,zero_length_angle_vector,zero_length_angle_vector,dca0abd7cde7ab357484642e540a2d1fa449818245a1cd800eb7c824264f02ad,7d251ea4165f155720999685941106276efc846fdc68ed38bea9f3b2981411b1
10-1-2(1),4,attunet_cl_fixed,42,mean_local_acute_angle_deg,annotation_mask_same_extractor,64.3632990483418,48.15185911616971,-16.21143993217209,16.21143993217209,25.18739743280724,valid,ok,ok,zero_length_angle_vector,zero_length_angle_vector,dca0abd7cde7ab357484642e540a2d1fa449818245a1cd800eb7c824264f02ad,7d251ea4165f155720999685941106276efc846fdc68ed38bea9f3b2981411b1
10-1-2(2),1,attunet_cl_fixed,42,dominant_path_length,annotation_mask_same_extractor,3058.3027406794067,848.8254685319182,-2209.4772721474883,2209.4772721474883,72.24521113487442,valid,ok,ok,,zero_length_angle_vector,4b38a74ce55736e7f197e42aeba61399727ea00792e40e895bf41a3d30fe7957,8ae758abcd21dccd1d9a85e13f19ee8a25a8982d8fdf6291b819b9efb8416eb6
10-1-2(2),1,attunet_cl_fixed,42,retained_segment_count,annotation_mask_same_extractor,191,330,139.0,139.0,72.77486910994764,valid,ok,ok,,zero_length_angle_vector,4b38a74ce55736e7f197e42aeba61399727ea00792e40e895bf41a3d30fe7957,8ae758abcd21dccd1d9a85e13f19ee8a25a8982d8fdf6291b819b9efb8416eb6
10-1-2(2),1,attunet_cl_fixed,42,junction_region_count,annotation_mask_same_extractor,175,340,165.0,165.0,94.28571428571428,valid,ok,ok,,zero_length_angle_vector,4b38a74ce55736e7f197e42aeba61399727ea00792e40e895bf41a3d30fe7957,8ae758abcd21dccd1d9a85e13f19ee8a25a8982d8fdf6291b819b9efb8416eb6
10-1-2(2),1,attunet_cl_fixed,42,mean_local_acute_angle_deg,annotation_mask_same_extractor,65.94127676600104,50.18603774455012,-15.755239021450919,15.755239021450919,23.892832826637402,valid,ok,ok,,zero_length_angle_vector,4b38a74ce55736e7f197e42aeba61399727ea00792e40e895bf41a3d30fe7957,8ae758abcd21dccd1d9a85e13f19ee8a25a8982d8fdf6291b819b9efb8416eb6
10-1-2(3),0,attunet_cl_fixed,42,dominant_path_length,annotation_mask_same_extractor,2345.481456229622,712.3940110268425,-1633.0874452027795,1633.0874452027795,69.62696042065406,valid,ok,ok,,zero_length_angle_vector,0508c3be24e6c021d5aacff3b5010997bb235211f0adc484cda889c0830022b8,30c762a345894140523158b792ed6550d84d5070d645a4b978c3b10a2f8c458b
10-1-2(3),0,attunet_cl_fixed,42,retained_segment_count,annotation_mask_same_extractor,115,138,23.0,23.0,20.0,valid,ok,ok,,zero_length_angle_vector,0508c3be24e6c021d5aacff3b5010997bb235211f0adc484cda889c0830022b8,30c762a345894140523158b792ed6550d84d5070d645a4b978c3b10a2f8c458b
10-1-2(3),0,attunet_cl_fixed,42,junction_region_count,annotation_mask_same_extractor,84,102,18.0,18.0,21.428571428571427,valid,ok,ok,,zero_length_angle_vector,0508c3be24e6c021d5aacff3b5010997bb235211f0adc484cda889c0830022b8,30c762a345894140523158b792ed6550d84d5070d645a4b978c3b10a2f8c458b
10-1-2(3),0,attunet_cl_fixed,42,mean_local_acute_angle_deg,annotation_mask_same_extractor,50.491311152922826,49.18421112740896,-1.3071000255138685,1.3071000255138685,2.5887622952691007,valid,ok,ok,,zero_length_angle_vector,0508c3be24e6c021d5aacff3b5010997bb235211f0adc484cda889c0830022b8,30c762a345894140523158b792ed6550d84d5070d645a4b978c3b10a2f8c458b
10-1-3,0,attunet_cl_fixed,42,dominant_path_length,annotation_mask_same_extractor,2813.8023074034836,934.555482634331,-1879.2468247691527,1879.2468247691527,66.78673977289048,valid,ok,ok,,zero_length_angle_vector,2cd8dd3611b047ab44310b595f5423ee107fb5f6bbd6f0ce078f5a1c70656dd8,faea95bfee61f0c1f57c8e3a2b43776df0de0c9c18c48ef5276087de49759bc6
10-1-3,0,attunet_cl_fixed,42,retained_segment_count,annotation_mask_same_extractor,172,199,27.0,27.0,15.69767441860465,valid,ok,ok,,zero_length_angle_vector,2cd8dd3611b047ab44310b595f5423ee107fb5f6bbd6f0ce078f5a1c70656dd8,faea95bfee61f0c1f57c8e3a2b43776df0de0c9c18c48ef5276087de49759bc6
10-1-3,0,attunet_cl_fixed,42,junction_region_count,annotation_mask_same_extractor,123,142,19.0,19.0,15.447154471544716,valid,ok,ok,,zero_length_angle_vector,2cd8dd3611b047ab44310b595f5423ee107fb5f6bbd6f0ce078f5a1c70656dd8,faea95bfee61f0c1f57c8e3a2b43776df0de0c9c18c48ef5276087de49759bc6
10-1-3,0,attunet_cl_fixed,42,mean_local_acute_angle_deg,annotation_mask_same_extractor,50.036178890454096,48.186477469752816,-1.8497014207012796,1.8497014207012796,3.6967279710764758,valid,ok,ok,,zero_length_angle_vector,2cd8dd3611b047ab44310b595f5423ee107fb5f6bbd6f0ce078f5a1c70656dd8,faea95bfee61f0c1f57c8e3a2b43776df0de0c9c18c48ef5276087de49759bc6
10-1-9(1),3,attunet_cl_fixed,42,dominant_path_length,annotation_mask_same_extractor,3092.5058428472184,733.8448045156757,-2358.661038331543,2358.661038331543,76.27022092090739,valid,ok,ok,zero_length_angle_vector,zero_length_angle_vector,6bdc1df0f3e1a66f56d545bec926abaf60b6bca31c0f8ea06ad939681c464d8a,d3f9fb214511cd0447b7f5ebda06640c16d25ca0787a32a1e6cd17b81c3e6826
10-1-9(1),3,attunet_cl_fixed,42,retained_segment_count,annotation_mask_same_extractor,106,213,107.0,107.0,100.9433962264151,valid,ok,ok,zero_length_angle_vector,zero_length_angle_vector,6bdc1df0f3e1a66f56d545bec926abaf60b6bca31c0f8ea06ad939681c464d8a,d3f9fb214511cd0447b7f5ebda06640c16d25ca0787a32a1e6cd17b81c3e6826
10-1-9(1),3,attunet_cl_fixed,42,junction_region_count,annotation_mask_same_extractor,91,193,102.0,102.0,112.08791208791209,valid,ok,ok,zero_length_angle_vector,zero_length_angle_vector,6bdc1df0f3e1a66f56d545bec926abaf60b6bca31c0f8ea06ad939681c464d8a,d3f9fb214511cd0447b7f5ebda06640c16d25ca0787a32a1e6cd17b81c3e6826
10-1-9(1),3,attunet_cl_fixed,42,mean_local_acute_angle_deg,annotation_mask_same_extractor,62.85401304883498,49.982033050278375,-12.871979998556604,12.871979998556604,20.479169704813607,valid,ok,ok,zero_length_angle_vector,zero_length_angle_vector,6bdc1df0f3e1a66f56d545bec926abaf60b6bca31c0f8ea06ad939681c464d8a,d3f9fb214511cd0447b7f5ebda06640c16d25ca0787a32a1e6cd17b81c3e6826
10-1-9(2),3,attunet_cl_fixed,42,dominant_path_length,annotation_mask_same_extractor,3383.6256838943486,1138.3401871576796,-2245.2854967366693,2245.2854967366693,66.35738425275461,valid,ok,ok,zero_length_angle_vector,zero_length_angle_vector,e68f65f812ffdebb564961ebaea365b072d4546ab06227eea2987e2d586b741c,abab4981f346f97815d329c91f3497588ea1c1da507ce66c2ae08728fdbcd97e
10-1-9(2),3,attunet_cl_fixed,42,retained_segment_count,annotation_mask_same_extractor,71,125,54.0,54.0,76.05633802816901,valid,ok,ok,zero_length_angle_vector,zero_length_angle_vector,e68f65f812ffdebb564961ebaea365b072d4546ab06227eea2987e2d586b741c,abab4981f346f97815d329c91f3497588ea1c1da507ce66c2ae08728fdbcd97e
10-1-9(2),3,attunet_cl_fixed,42,junction_region_count,annotation_mask_same_extractor,68,110,42.0,42.0,61.76470588235294,valid,ok,ok,zero_length_angle_vector,zero_length_angle_vector,e68f65f812ffdebb564961ebaea365b072d4546ab06227eea2987e2d586b741c,abab4981f346f97815d329c91f3497588ea1c1da507ce66c2ae08728fdbcd97e
10-1-9(2),3,attunet_cl_fixed,42,mean_local_acute_angle_deg,annotation_mask_same_extractor,74.17544013119233,63.790433329814874,-10.385006801377457,10.385006801377457,14.00060017575864,valid,ok,ok,zero_length_angle_vector,zero_length_angle_vector,e68f65f812ffdebb564961ebaea365b072d4546ab06227eea2987e2d586b741c,abab4981f346f97815d329c91f3497588ea1c1da507ce66c2ae08728fdbcd97e
10-1-9(3),4,attunet_cl_fixed,42,dominant_path_length,annotation_mask_same_extractor,3197.890619158038,765.2152954766515,-2432.6753236813865,2432.6753236813865,76.0712486258169,valid,ok,ok,zero_length_angle_vector,zero_length_angle_vector,a679e2e7ed9fdcb61509a97389dcfc4f21915719e2fb5feb5bf89f66c0d48f13,9111ea865a7169bca0c6f6466b1713917e40eab58518b765e16332c62293934e
10-1-9(3),4,attunet_cl_fixed,42,retained_segment_count,annotation_mask_same_extractor,41,200,159.0,159.0,387.8048780487805,valid,ok,ok,zero_length_angle_vector,zero_length_angle_vector,a679e2e7ed9fdcb61509a97389dcfc4f21915719e2fb5feb5bf89f66c0d48f13,9111ea865a7169bca0c6f6466b1713917e40eab58518b765e16332c62293934e
10-1-9(3),4,attunet_cl_fixed,42,junction_region_count,annotation_mask_same_extractor,28,175,147.0,147.0,525.0,valid,ok,ok,zero_length_angle_vector,zero_length_angle_vector,a679e2e7ed9fdcb61509a97389dcfc4f21915719e2fb5feb5bf89f66c0d48f13,9111ea865a7169bca0c6f6466b1713917e40eab58518b765e16332c62293934e
10-1-9(3),4,attunet_cl_fixed,42,mean_local_acute_angle_deg,annotation_mask_same_extractor,72.9003576118845,48.07249760725995,-24.827860004624554,24.827860004624554,34.05725406287585,valid,ok,ok,zero_length_angle_vector,zero_length_angle_vector,a679e2e7ed9fdcb61509a97389dcfc4f21915719e2fb5feb5bf89f66c0d48f13,9111ea865a7169bca0c6f6466b1713917e40eab58518b765e16332c62293934e
10-2-1,0,attunet_cl_fixed,42,dominant_path_length,annotation_mask_same_extractor,3683.691701072309,1966.8784258493085,-1716.8132752230006,1716.8132752230006,46.605780682548506,valid,ok,ok,,,fa084051c73ad9c7523229d0a267965c6c54c6c2f9b135b697a09f5f4d254434,1c55ffdef1a1dd34a7f02b4e35658370c188731859e0df2f69a1806d3201c130
10-2-1,0,attunet_cl_fixed,42,retained_segment_count,annotation_mask_same_extractor,226,272,46.0,46.0,20.353982300884958,valid,ok,ok,,,fa084051c73ad9c7523229d0a267965c6c54c6c2f9b135b697a09f5f4d254434,1c55ffdef1a1dd34a7f02b4e35658370c188731859e0df2f69a1806d3201c130
10-2-1,0,attunet_cl_fixed,42,junction_region_count,annotation_mask_same_extractor,188,219,31.0,31.0,16.48936170212766,valid,ok,ok,,,fa084051c73ad9c7523229d0a267965c6c54c6c2f9b135b697a09f5f4d254434,1c55ffdef1a1dd34a7f02b4e35658370c188731859e0df2f69a1806d3201c130
10-2-1,0,attunet_cl_fixed,42,mean_local_acute_angle_deg,annotation_mask_same_extractor,56.550116513732696,48.666657074501195,-7.883459439231501,7.883459439231501,13.940659940668862,valid,ok,ok,,,fa084051c73ad9c7523229d0a267965c6c54c6c2f9b135b697a09f5f4d254434,1c55ffdef1a1dd34a7f02b4e35658370c188731859e0df2f69a1806d3201c130
10-2-2,3,attunet_cl_fixed,42,dominant_path_length,annotation_mask_same_extractor,3768.2156544140043,3438.326260745187,-329.8893936688173,329.8893936688173,8.754525322413334,valid,ok,ok,,,888178f6e1d682dbadbaecc08afac163678dd08a3e69f328f11b072009899c8c,e39a04921b1a272138b8c655e547def5d0f6dd97514ff8809ecec2c867911958
10-2-2,3,attunet_cl_fixed,42,retained_segment_count,annotation_mask_same_extractor,329,420,91.0,91.0,27.659574468085108,valid,ok,ok,,,888178f6e1d682dbadbaecc08afac163678dd08a3e69f328f11b072009899c8c,e39a04921b1a272138b8c655e547def5d0f6dd97514ff8809ecec2c867911958
10-2-2,3,attunet_cl_fixed,42,junction_region_count,annotation_mask_same_extractor,293,390,97.0,97.0,33.105802047781566,valid,ok,ok,,,888178f6e1d682dbadbaecc08afac163678dd08a3e69f328f11b072009899c8c,e39a04921b1a272138b8c655e547def5d0f6dd97514ff8809ecec2c867911958
10-2-2,3,attunet_cl_fixed,42,mean_local_acute_angle_deg,annotation_mask_same_extractor,59.493993970760265,57.050652204047495,-2.44334176671277,2.44334176671277,4.106871305217142,valid,ok,ok,,,888178f6e1d682dbadbaecc08afac163678dd08a3e69f328f11b072009899c8c,e39a04921b1a272138b8c655e547def5d0f6dd97514ff8809ecec2c867911958
10-2-3,3,attunet_cl_fixed,42,dominant_path_length,annotation_mask_same_extractor,782.7442994522875,623.9676041556488,-158.77669529663865,158.77669529663865,20.28461854116856,valid,ok,ok,,,c128b6196f3a108faac4ed970bea2b3e2ee4f4c0090aafd759b5f39cfd31c0d6,4e735afce94f246aaab384a9849f19bb36b936e64f0b16a49ac8a8465ef64265
10-2-3,3,attunet_cl_fixed,42,retained_segment_count,annotation_mask_same_extractor,27,87,60.0,60.0,222.22222222222223,valid,ok,ok,,,c128b6196f3a108faac4ed970bea2b3e2ee4f4c0090aafd759b5f39cfd31c0d6,4e735afce94f246aaab384a9849f19bb36b936e64f0b16a49ac8a8465ef64265
10-2-3,3,attunet_cl_fixed,42,junction_region_count,annotation_mask_same_extractor,18,78,60.0,60.0,333.33333333333337,valid,ok,ok,,,c128b6196f3a108faac4ed970bea2b3e2ee4f4c0090aafd759b5f39cfd31c0d6,4e735afce94f246aaab384a9849f19bb36b936e64f0b16a49ac8a8465ef64265
10-2-3,3,attunet_cl_fixed,42,mean_local_acute_angle_deg,annotation_mask_same_extractor,44.17449818904469,43.783364776449886,-0.3911334125948045,0.3911334125948045,0.8854280832369612,valid,ok,ok,,,c128b6196f3a108faac4ed970bea2b3e2ee4f4c0090aafd759b5f39cfd31c0d6,4e735afce94f246aaab384a9849f19bb36b936e64f0b16a49ac8a8465ef64265
10-2-4,0,attunet_cl_fixed,42,dominant_path_length,annotation_mask_same_extractor,2714.1433611129814,1076.707719525827,-1637.4356415871544,1637.4356415871544,60.32974031687463,valid,ok,ok,,zero_length_angle_vector,3c60314b040a032dd526925859d6800fc466b21b8dedb28d643c17c54668bc8b,350718179e459ebf2b8cef2230b693eac7d3a228763a26f2b780d57e8180767b
10-2-4,0,attunet_cl_fixed,42,retained_segment_count,annotation_mask_same_extractor,104,129,25.0,25.0,24.03846153846154,valid,ok,ok,,zero_length_angle_vector,3c60314b040a032dd526925859d6800fc466b21b8dedb28d643c17c54668bc8b,350718179e459ebf2b8cef2230b693eac7d3a228763a26f2b780d57e8180767b
10-2-4,0,attunet_cl_fixed,42,junction_region_count,annotation_mask_same_extractor,93,116,23.0,23.0,24.731182795698924,valid,ok,ok,,zero_length_angle_vector,3c60314b040a032dd526925859d6800fc466b21b8dedb28d643c17c54668bc8b,350718179e459ebf2b8cef2230b693eac7d3a228763a26f2b780d57e8180767b
10-2-4,0,attunet_cl_fixed,42,mean_local_acute_angle_deg,annotation_mask_same_extractor,63.03310962332985,49.229220118691245,-13.803889504638605,13.803889504638605,21.89942648732897,valid,ok,ok,,zero_length_angle_vector,3c60314b040a032dd526925859d6800fc466b21b8dedb28d643c17c54668bc8b,350718179e459ebf2b8cef2230b693eac7d3a228763a26f2b780d57e8180767b
10-9-1,2,attunet_cl_fixed,42,dominant_path_length,annotation_mask_same_extractor,2670.711903607907,1956.599205235729,-714.1126983721781,714.1126983721781,26.738664601279975,valid,ok,ok,,,f909c402c7b2db20640a01e33f844ebeccd8ec430131c4fad30fd8305345ea91,e45b69c0b3c4acdd331522bdf045e8dbb7f0fbfeefee76752393964a6fb046aa
10-9-1,2,attunet_cl_fixed,42,retained_segment_count,annotation_mask_same_extractor,60,114,54.0,54.0,90.0,valid,ok,ok,,,f909c402c7b2db20640a01e33f844ebeccd8ec430131c4fad30fd8305345ea91,e45b69c0b3c4acdd331522bdf045e8dbb7f0fbfeefee76752393964a6fb046aa
10-9-1,2,attunet_cl_fixed,42,junction_region_count,annotation_mask_same_extractor,47,120,73.0,73.0,155.3191489361702,valid,ok,ok,,,f909c402c7b2db20640a01e33f844ebeccd8ec430131c4fad30fd8305345ea91,e45b69c0b3c4acdd331522bdf045e8dbb7f0fbfeefee76752393964a6fb046aa
10-9-1,2,attunet_cl_fixed,42,mean_local_acute_angle_deg,annotation_mask_same_extractor,45.79801641663758,50.16300739526554,4.364990978627958,4.364990978627958,9.530960771135573,valid,ok,ok,,,f909c402c7b2db20640a01e33f844ebeccd8ec430131c4fad30fd8305345ea91,e45b69c0b3c4acdd331522bdf045e8dbb7f0fbfeefee76752393964a6fb046aa
10-9-2,4,attunet_cl_fixed,42,dominant_path_length,annotation_mask_same_extractor,3136.0378054156913,3216.5495654486126,80.5117600329213,80.5117600329213,2.5673083370960583,valid,ok,ok,,,97a6fbf3a148ba0641a27177bb2768e92fcab2d7f8bf002f6c2735617daf5cf2,36a5f3ef5ab296a63b8c5b16ab8f76714bfa33eb198ca9b945c1fd695171a1b8
10-9-2,4,attunet_cl_fixed,42,retained_segment_count,annotation_mask_same_extractor,222,430,208.0,208.0,93.69369369369369,valid,ok,ok,,,97a6fbf3a148ba0641a27177bb2768e92fcab2d7f8bf002f6c2735617daf5cf2,36a5f3ef5ab296a63b8c5b16ab8f76714bfa33eb198ca9b945c1fd695171a1b8
10-9-2,4,attunet_cl_fixed,42,junction_region_count,annotation_mask_same_extractor,205,379,174.0,174.0,84.8780487804878,valid,ok,ok,,,97a6fbf3a148ba0641a27177bb2768e92fcab2d7f8bf002f6c2735617daf5cf2,36a5f3ef5ab296a63b8c5b16ab8f76714bfa33eb198ca9b945c1fd695171a1b8
10-9-2,4,attunet_cl_fixed,42,mean_local_acute_angle_deg,annotation_mask_same_extractor,60.533940641282705,49.44974409200395,-11.084196549278758,11.084196549278758,18.31071367873183,valid,ok,ok,,,97a6fbf3a148ba0641a27177bb2768e92fcab2d7f8bf002f6c2735617daf5cf2,36a5f3ef5ab296a63b8c5b16ab8f76714bfa33eb198ca9b945c1fd695171a1b8
10-9-3,0,attunet_cl_fixed,42,dominant_path_length,annotation_mask_same_extractor,3235.23794899067,2191.412480458811,-1043.8254685318589,1043.8254685318589,32.26425644696433,valid,ok,ok,zero_length_angle_vector,zero_length_angle_vector,a23e4c9ae8b5cd333c9ee04c6a4a84de25c4388307e8463b068e3f8f45f8c58d,1c6f17382896ea045382d691852f7d833602185e9ab2cc054601617db959bd59
10-9-3,0,attunet_cl_fixed,42,retained_segment_count,annotation_mask_same_extractor,102,170,68.0,68.0,66.66666666666666,valid,ok,ok,zero_length_angle_vector,zero_length_angle_vector,a23e4c9ae8b5cd333c9ee04c6a4a84de25c4388307e8463b068e3f8f45f8c58d,1c6f17382896ea045382d691852f7d833602185e9ab2cc054601617db959bd59
10-9-3,0,attunet_cl_fixed,42,junction_region_count,annotation_mask_same_extractor,94,142,48.0,48.0,51.06382978723404,valid,ok,ok,zero_length_angle_vector,zero_length_angle_vector,a23e4c9ae8b5cd333c9ee04c6a4a84de25c4388307e8463b068e3f8f45f8c58d,1c6f17382896ea045382d691852f7d833602185e9ab2cc054601617db959bd59
10-9-3,0,attunet_cl_fixed,42,mean_local_acute_angle_deg,annotation_mask_same_extractor,62.02962831732245,58.07739537161816,-3.9522329457042886,3.9522329457042886,6.371524468091298,valid,ok,ok,zero_length_angle_vector,zero_length_angle_vector,a23e4c9ae8b5cd333c9ee04c6a4a84de25c4388307e8463b068e3f8f45f8c58d,1c6f17382896ea045382d691852f7d833602185e9ab2cc054601617db959bd59
10-9-4,2,attunet_cl_fixed,42,dominant_path_length,annotation_mask_same_extractor,3795.486865800912,1773.2022356160583,-2022.2846301848535,2022.2846301848535,53.28129701637414,valid,ok,ok,,zero_length_angle_vector,775edf7906167ea9e9ba868605a76fc739ed5aa32d5a1c9e3ec9a9a84e402ead,104fddb79845164f727184ea5565c70704ce37039d48aab78ad01ac59100df48
10-9-4,2,attunet_cl_fixed,42,retained_segment_count,annotation_mask_same_extractor,82,188,106.0,106.0,129.26829268292684,valid,ok,ok,,zero_length_angle_vector,775edf7906167ea9e9ba868605a76fc739ed5aa32d5a1c9e3ec9a9a84e402ead,104fddb79845164f727184ea5565c70704ce37039d48aab78ad01ac59100df48
10-9-4,2,attunet_cl_fixed,42,junction_region_count,annotation_mask_same_extractor,63,180,117.0,117.0,185.71428571428572,valid,ok,ok,,zero_length_angle_vector,775edf7906167ea9e9ba868605a76fc739ed5aa32d5a1c9e3ec9a9a84e402ead,104fddb79845164f727184ea5565c70704ce37039d48aab78ad01ac59100df48
10-9-4,2,attunet_cl_fixed,42,mean_local_acute_angle_deg,annotation_mask_same_extractor,43.610163723088185,48.35296580944072,4.742802086352533,4.742802086352533,10.875451228452025,valid,ok,ok,,zero_length_angle_vector,775edf7906167ea9e9ba868605a76fc739ed5aa32d5a1c9e3ec9a9a84e402ead,104fddb79845164f727184ea5565c70704ce37039d48aab78ad01ac59100df48
235-10-11(1),3,attunet_cl_fixed,42,dominant_path_length,annotation_mask_same_extractor,2994.397328557098,1445.8834764831904,-1548.5138520739074,1548.5138520739074,51.71370670505125,valid,ok,ok,,zero_length_angle_vector,9d52d033268cd4a5d237049ac4f43033746bfe49685933fe46cc01355c7ffcc7,9287d425dc5e792b89e80d5d65d57c68217f16135bcca72836660e41b1254d2b
235-10-11(1),3,attunet_cl_fixed,42,retained_segment_count,annotation_mask_same_extractor,39,214,175.0,175.0,448.71794871794873,valid,ok,ok,,zero_length_angle_vector,9d52d033268cd4a5d237049ac4f43033746bfe49685933fe46cc01355c7ffcc7,9287d425dc5e792b89e80d5d65d57c68217f16135bcca72836660e41b1254d2b
235-10-11(1),3,attunet_cl_fixed,42,junction_region_count,annotation_mask_same_extractor,31,186,155.0,155.0,500.0,valid,ok,ok,,zero_length_angle_vector,9d52d033268cd4a5d237049ac4f43033746bfe49685933fe46cc01355c7ffcc7,9287d425dc5e792b89e80d5d65d57c68217f16135bcca72836660e41b1254d2b
235-10-11(1),3,attunet_cl_fixed,42,mean_local_acute_angle_deg,annotation_mask_same_extractor,53.361302278251465,50.008722949357214,-3.352579328894251,3.352579328894251,6.282791434534884,valid,ok,ok,,zero_length_angle_vector,9d52d033268cd4a5d237049ac4f43033746bfe49685933fe46cc01355c7ffcc7,9287d425dc5e792b89e80d5d65d57c68217f16135bcca72836660e41b1254d2b
235-10-11(2),1,attunet_cl_fixed,42,dominant_path_length,annotation_mask_same_extractor,2805.9057710597435,748.4406922210677,-2057.4650788386757,2057.4650788386757,73.3262356868672,valid,ok,ok,,zero_length_angle_vector,5b712c674961fc82b6cbf219207fe1d3e1b0be3e2a6b4ba1f8eea53b3cdecde8,46bf129f2578717812c47f72ee8bbbacf9d2bcd64d390e3a5fab47ae67fc1236
235-10-11(2),1,attunet_cl_fixed,42,retained_segment_count,annotation_mask_same_extractor,44,202,158.0,158.0,359.09090909090907,valid,ok,ok,,zero_length_angle_vector,5b712c674961fc82b6cbf219207fe1d3e1b0be3e2a6b4ba1f8eea53b3cdecde8,46bf129f2578717812c47f72ee8bbbacf9d2bcd64d390e3a5fab47ae67fc1236
235-10-11(2),1,attunet_cl_fixed,42,junction_region_count,annotation_mask_same_extractor,32,230,198.0,198.0,618.75,valid,ok,ok,,zero_length_angle_vector,5b712c674961fc82b6cbf219207fe1d3e1b0be3e2a6b4ba1f8eea53b3cdecde8,46bf129f2578717812c47f72ee8bbbacf9d2bcd64d390e3a5fab47ae67fc1236
235-10-11(2),1,attunet_cl_fixed,42,mean_local_acute_angle_deg,annotation_mask_same_extractor,43.25362958365755,46.07421286350898,2.8205832798514336,2.8205832798514336,6.521032586169671,valid,ok,ok,,zero_length_angle_vector,5b712c674961fc82b6cbf219207fe1d3e1b0be3e2a6b4ba1f8eea53b3cdecde8,46bf129f2578717812c47f72ee8bbbacf9d2bcd64d390e3a5fab47ae67fc1236
235-10-11(3),1,attunet_cl_fixed,42,dominant_path_length,annotation_mask_same_extractor,3903.799348810616,1397.9818895055241,-2505.8174593050917,2505.8174593050917,64.18919712327295,valid,ok,ok,zero_length_angle_vector,zero_length_angle_vector,fa60085f010979fe70bd85f42f583537392b69473bae643033aaace4f1bfd685,84b10ecc4d22db3a6c475017c9f6e9dcd7890f4b5cb1504368b5dd1a229d0ac0
235-10-11(3),1,attunet_cl_fixed,42,retained_segment_count,annotation_mask_same_extractor,195,482,287.0,287.0,147.17948717948718,valid,ok,ok,zero_length_angle_vector,zero_length_angle_vector,fa60085f010979fe70bd85f42f583537392b69473bae643033aaace4f1bfd685,84b10ecc4d22db3a6c475017c9f6e9dcd7890f4b5cb1504368b5dd1a229d0ac0
235-10-11(3),1,attunet_cl_fixed,42,junction_region_count,annotation_mask_same_extractor,171,485,314.0,314.0,183.62573099415204,valid,ok,ok,zero_length_angle_vector,zero_length_angle_vector,fa60085f010979fe70bd85f42f583537392b69473bae643033aaace4f1bfd685,84b10ecc4d22db3a6c475017c9f6e9dcd7890f4b5cb1504368b5dd1a229d0ac0
235-10-11(3),1,attunet_cl_fixed,42,mean_local_acute_angle_deg,annotation_mask_same_extractor,59.57250840324565,47.6573322699831,-11.915176133262548,11.915176133262548,20.001132154128634,valid,ok,ok,zero_length_angle_vector,zero_length_angle_vector,fa60085f010979fe70bd85f42f583537392b69473bae643033aaace4f1bfd685,84b10ecc4d22db3a6c475017c9f6e9dcd7890f4b5cb1504368b5dd1a229d0ac0
235-10-12(1),4,attunet_cl_fixed,42,dominant_path_length,annotation_mask_same_extractor,2001.4427842621224,2108.609306503493,107.16652224137056,107.16652224137056,5.354463444273774,valid,ok,ok,,zero_length_angle_vector,18b9363d37a62a519d147178d26a24d6b4b802b892db690b5190ad39f8a39884,b85ed839e1c54e9e4387787b4237f9363603b3fb7399883d40256365c08caa0c
235-10-12(1),4,attunet_cl_fixed,42,retained_segment_count,annotation_mask_same_extractor,134,154,20.0,20.0,14.925373134328357,valid,ok,ok,,zero_length_angle_vector,18b9363d37a62a519d147178d26a24d6b4b802b892db690b5190ad39f8a39884,b85ed839e1c54e9e4387787b4237f9363603b3fb7399883d40256365c08caa0c
235-10-12(1),4,attunet_cl_fixed,42,junction_region_count,annotation_mask_same_extractor,112,147,35.0,35.0,31.25,valid,ok,ok,,zero_length_angle_vector,18b9363d37a62a519d147178d26a24d6b4b802b892db690b5190ad39f8a39884,b85ed839e1c54e9e4387787b4237f9363603b3fb7399883d40256365c08caa0c
235-10-12(1),4,attunet_cl_fixed,42,mean_local_acute_angle_deg,annotation_mask_same_extractor,53.181513697065846,53.20204419933791,0.020530502272066542,0.020530502272066542,0.038604584271544076,valid,ok,ok,,zero_length_angle_vector,18b9363d37a62a519d147178d26a24d6b4b802b892db690b5190ad39f8a39884,b85ed839e1c54e9e4387787b4237f9363603b3fb7399883d40256365c08caa0c
235-10-12(2),0,attunet_cl_fixed,42,dominant_path_length,annotation_mask_same_extractor,3327.9141392239435,1737.983981546579,-1589.9301576773646,1589.9301576773646,47.775576266764205,valid,ok,ok,,zero_length_angle_vector,3f320f9a413c704ff148c35538663d08b34fdafa0044a66241f691b28db5db7b,160f43d63810e37d30054d57660c48c817f9c99cd8fd3caf8749cde9d12a1be8
235-10-12(2),0,attunet_cl_fixed,42,retained_segment_count,annotation_mask_same_extractor,98,133,35.0,35.0,35.714285714285715,valid,ok,ok,,zero_length_angle_vector,3f320f9a413c704ff148c35538663d08b34fdafa0044a66241f691b28db5db7b,160f43d63810e37d30054d57660c48c817f9c99cd8fd3caf8749cde9d12a1be8
235-10-12(2),0,attunet_cl_fixed,42,junction_region_count,annotation_mask_same_extractor,79,130,51.0,51.0,64.55696202531645,valid,ok,ok,,zero_length_angle_vector,3f320f9a413c704ff148c35538663d08b34fdafa0044a66241f691b28db5db7b,160f43d63810e37d30054d57660c48c817f9c99cd8fd3caf8749cde9d12a1be8
235-10-12(2),0,attunet_cl_fixed,42,mean_local_acute_angle_deg,annotation_mask_same_extractor,62.31932305515474,52.26669364373448,-10.052629411420263,10.052629411420263,16.13083858841557,valid,ok,ok,,zero_length_angle_vector,3f320f9a413c704ff148c35538663d08b34fdafa0044a66241f691b28db5db7b,160f43d63810e37d30054d57660c48c817f9c99cd8fd3caf8749cde9d12a1be8
235-10-12(3),1,attunet_cl_fixed,42,dominant_path_length,annotation_mask_same_extractor,3338.9221484506097,1241.9919907732894,-2096.9301576773205,2096.9301576773205,62.80260708235974,valid,ok,ok,zero_length_angle_vector,zero_length_angle_vector,06cb03ea2bad65c89fe30627bf1d69fb7bd50a7bc6f48ee697c5830e39ef08b3,7fc3f12a45fe0ba49d57ca5a10d6cff2ba5ef8ba141048db2df327f5c5a80d87
235-10-12(3),1,attunet_cl_fixed,42,retained_segment_count,annotation_mask_same_extractor,248,530,282.0,282.0,113.70967741935485,valid,ok,ok,zero_length_angle_vector,zero_length_angle_vector,06cb03ea2bad65c89fe30627bf1d69fb7bd50a7bc6f48ee697c5830e39ef08b3,7fc3f12a45fe0ba49d57ca5a10d6cff2ba5ef8ba141048db2df327f5c5a80d87
235-10-12(3),1,attunet_cl_fixed,42,junction_region_count,annotation_mask_same_extractor,210,581,371.0,371.0,176.66666666666666,valid,ok,ok,zero_length_angle_vector,zero_length_angle_vector,06cb03ea2bad65c89fe30627bf1d69fb7bd50a7bc6f48ee697c5830e39ef08b3,7fc3f12a45fe0ba49d57ca5a10d6cff2ba5ef8ba141048db2df327f5c5a80d87
235-10-12(3),1,attunet_cl_fixed,42,mean_local_acute_angle_deg,annotation_mask_same_extractor,56.12825058978015,45.50298287141935,-10.625267718360803,10.625267718360803,18.930338299721488,valid,ok,ok,zero_length_angle_vector,zero_length_angle_vector,06cb03ea2bad65c89fe30627bf1d69fb7bd50a7bc6f48ee697c5830e39ef08b3,7fc3f12a45fe0ba49d57ca5a10d6cff2ba5ef8ba141048db2df327f5c5a80d87
235-25-6(1),2,attunet_cl_fixed,42,dominant_path_length,annotation_mask_same_extractor,2364.349421873661,1360.9474016201189,-1003.4020202535421,1003.4020202535421,42.43882105456234,valid,ok,ok,,zero_length_angle_vector,81d217e87b63701eb36c3a0b141a738b1f3dd596f793222514893c0a771fc94d,74594bc44a6192d71ebdf055ee1214eb38638461c05f88512cc1d82ee38d82ff
235-25-6(1),2,attunet_cl_fixed,42,retained_segment_count,annotation_mask_same_extractor,27,79,52.0,52.0,192.59259259259258,valid,ok,ok,,zero_length_angle_vector,81d217e87b63701eb36c3a0b141a738b1f3dd596f793222514893c0a771fc94d,74594bc44a6192d71ebdf055ee1214eb38638461c05f88512cc1d82ee38d82ff
235-25-6(1),2,attunet_cl_fixed,42,junction_region_count,annotation_mask_same_extractor,21,71,50.0,50.0,238.0952380952381,valid,ok,ok,,zero_length_angle_vector,81d217e87b63701eb36c3a0b141a738b1f3dd596f793222514893c0a771fc94d,74594bc44a6192d71ebdf055ee1214eb38638461c05f88512cc1d82ee38d82ff
235-25-6(1),2,attunet_cl_fixed,42,mean_local_acute_angle_deg,annotation_mask_same_extractor,63.4461979910307,52.80419625786737,-10.642001733163333,10.642001733163333,16.77326943163368,valid,ok,ok,,zero_length_angle_vector,81d217e87b63701eb36c3a0b141a738b1f3dd596f793222514893c0a771fc94d,74594bc44a6192d71ebdf055ee1214eb38638461c05f88512cc1d82ee38d82ff
235-25-6(2),4,attunet_cl_fixed,42,dominant_path_length,annotation_mask_same_extractor,1377.430590953303,883.050865276335,-494.37972567696795,494.37972567696795,35.89144374489416,valid,ok,ok,,zero_length_angle_vector,07fd844e7f853a14fb82235228caf5997075e001697d881b5a753f8be11ad9ff,1a882b8b1f39d23dc5b8e69adc4b4abf435638d2b52b79b03389caa064c832d7
235-25-6(2),4,attunet_cl_fixed,42,retained_segment_count,annotation_mask_same_extractor,90,130,40.0,40.0,44.44444444444444,valid,ok,ok,,zero_length_angle_vector,07fd844e7f853a14fb82235228caf5997075e001697d881b5a753f8be11ad9ff,1a882b8b1f39d23dc5b8e69adc4b4abf435638d2b52b79b03389caa064c832d7
235-25-6(2),4,attunet_cl_fixed,42,junction_region_count,annotation_mask_same_extractor,63,114,51.0,51.0,80.95238095238095,valid,ok,ok,,zero_length_angle_vector,07fd844e7f853a14fb82235228caf5997075e001697d881b5a753f8be11ad9ff,1a882b8b1f39d23dc5b8e69adc4b4abf435638d2b52b79b03389caa064c832d7
235-25-6(2),4,attunet_cl_fixed,42,mean_local_acute_angle_deg,annotation_mask_same_extractor,48.93734100767138,50.90176821504278,1.9644272073714006,1.9644272073714006,4.014168254592048,valid,ok,ok,,zero_length_angle_vector,07fd844e7f853a14fb82235228caf5997075e001697d881b5a753f8be11ad9ff,1a882b8b1f39d23dc5b8e69adc4b4abf435638d2b52b79b03389caa064c832d7
235-25-7(1),2,attunet_cl_fixed,42,dominant_path_length,annotation_mask_same_extractor,2998.8439379638457,2101.7829714197987,-897.060966544047,897.060966544047,29.913559528313876,valid,ok,ok,,,7497c2c9ff553aa7c2dd4141a59b027c8c75f67dc2bccba4cc857927d6dbf16d,9287a9b8cb1ecf4052275dfc3209ffd8b4ded39af73c4c88b05d8214c55eedde
235-25-7(1),2,attunet_cl_fixed,42,retained_segment_count,annotation_mask_same_extractor,230,233,3.0,3.0,1.3043478260869565,valid,ok,ok,,,7497c2c9ff553aa7c2dd4141a59b027c8c75f67dc2bccba4cc857927d6dbf16d,9287a9b8cb1ecf4052275dfc3209ffd8b4ded39af73c4c88b05d8214c55eedde
235-25-7(1),2,attunet_cl_fixed,42,junction_region_count,annotation_mask_same_extractor,208,222,14.0,14.0,6.730769230769231,valid,ok,ok,,,7497c2c9ff553aa7c2dd4141a59b027c8c75f67dc2bccba4cc857927d6dbf16d,9287a9b8cb1ecf4052275dfc3209ffd8b4ded39af73c4c88b05d8214c55eedde
235-25-7(1),2,attunet_cl_fixed,42,mean_local_acute_angle_deg,annotation_mask_same_extractor,56.8053052093956,49.01839478709768,-7.786910422297922,7.786910422297922,13.708068979814172,valid,ok,ok,,,7497c2c9ff553aa7c2dd4141a59b027c8c75f67dc2bccba4cc857927d6dbf16d,9287a9b8cb1ecf4052275dfc3209ffd8b4ded39af73c4c88b05d8214c55eedde
235-25-7(2),2,attunet_cl_fixed,42,dominant_path_length,annotation_mask_same_extractor,1249.092495836678,1225.5138520739881,-23.578643762689808,23.578643762689808,1.8876619498779519,valid,ok,ok,,zero_length_angle_vector,2131528edadfa652c430e59c756f4b7a69ff50f6d858967b29f0984a2a5a1f3d,f0d4db6dc69f3d3e76c94f7abceaf9044f558dde29eb018c3ae48124ff3ff38b
235-25-7(2),2,attunet_cl_fixed,42,retained_segment_count,annotation_mask_same_extractor,94,140,46.0,46.0,48.93617021276596,valid,ok,ok,,zero_length_angle_vector,2131528edadfa652c430e59c756f4b7a69ff50f6d858967b29f0984a2a5a1f3d,f0d4db6dc69f3d3e76c94f7abceaf9044f558dde29eb018c3ae48124ff3ff38b
235-25-7(2),2,attunet_cl_fixed,42,junction_region_count,annotation_mask_same_extractor,74,128,54.0,54.0,72.97297297297297,valid,ok,ok,,zero_length_angle_vector,2131528edadfa652c430e59c756f4b7a69ff50f6d858967b29f0984a2a5a1f3d,f0d4db6dc69f3d3e76c94f7abceaf9044f558dde29eb018c3ae48124ff3ff38b
235-25-7(2),2,attunet_cl_fixed,42,mean_local_acute_angle_deg,annotation_mask_same_extractor,51.18427192297171,47.68707030196657,-3.4972016210051393,3.4972016210051393,6.8325708066496516,valid,ok,ok,,zero_length_angle_vector,2131528edadfa652c430e59c756f4b7a69ff50f6d858967b29f0984a2a5a1f3d,f0d4db6dc69f3d3e76c94f7abceaf9044f558dde29eb018c3ae48124ff3ff38b
235-25-7(3),2,attunet_cl_fixed,42,dominant_path_length,annotation_mask_same_extractor,3042.988165628605,1209.2051942088858,-1833.7829714197194,1833.7829714197194,60.262573221046544,valid,ok,ok,zero_length_angle_vector,zero_length_angle_vector,2c8b120debe12fd303a7f06497770c03ad10375f80aac91a1feeabe828c5d6e3,bd628381c3d785e70fbe225a1e6006e5699a7b29354a997d30f346998777ca90
235-25-7(3),2,attunet_cl_fixed,42,retained_segment_count,annotation_mask_same_extractor,86,158,72.0,72.0,83.72093023255815,valid,ok,ok,zero_length_angle_vector,zero_length_angle_vector,2c8b120debe12fd303a7f06497770c03ad10375f80aac91a1feeabe828c5d6e3,bd628381c3d785e70fbe225a1e6006e5699a7b29354a997d30f346998777ca90
235-25-7(3),2,attunet_cl_fixed,42,junction_region_count,annotation_mask_same_extractor,69,154,85.0,85.0,123.18840579710144,valid,ok,ok,zero_length_angle_vector,zero_length_angle_vector,2c8b120debe12fd303a7f06497770c03ad10375f80aac91a1feeabe828c5d6e3,bd628381c3d785e70fbe225a1e6006e5699a7b29354a997d30f346998777ca90
235-25-7(3),2,attunet_cl_fixed,42,mean_local_acute_angle_deg,annotation_mask_same_extractor,40.34148473985392,54.62703113776467,14.28554639791075,14.28554639791075,35.41155336753845,valid,ok,ok,zero_length_angle_vector,zero_length_angle_vector,2c8b120debe12fd303a7f06497770c03ad10375f80aac91a1feeabe828c5d6e3,bd628381c3d785e70fbe225a1e6006e5699a7b29354a997d30f346998777ca90
235-25-9(1),4,attunet_cl_fixed,42,dominant_path_length,annotation_mask_same_extractor,3126.4490603852128,958.1757569573633,-2168.2733034278494,2168.2733034278494,69.35258696204998,valid,ok,ok,,zero_length_angle_vector,a44aabe48936de7e267908875859f9c440963c013122db96ca7e12819915e47a,70c61ebbd48247dc5c6e75ed3beb4131a1f423f80b25329e688d4245ed1f3590
235-25-9(1),4,attunet_cl_fixed,42,retained_segment_count,annotation_mask_same_extractor,81,171,90.0,90.0,111.11111111111111,valid,ok,ok,,zero_length_angle_vector,a44aabe48936de7e267908875859f9c440963c013122db96ca7e12819915e47a,70c61ebbd48247dc5c6e75ed3beb4131a1f423f80b25329e688d4245ed1f3590
235-25-9(1),4,attunet_cl_fixed,42,junction_region_count,annotation_mask_same_extractor,71,177,106.0,106.0,149.29577464788733,valid,ok,ok,,zero_length_angle_vector,a44aabe48936de7e267908875859f9c440963c013122db96ca7e12819915e47a,70c61ebbd48247dc5c6e75ed3beb4131a1f423f80b25329e688d4245ed1f3590
235-25-9(1),4,attunet_cl_fixed,42,mean_local_acute_angle_deg,annotation_mask_same_extractor,56.36650915301412,49.88862048101981,-6.4778886719943145,6.4778886719943145,11.492442532513863,valid,ok,ok,,zero_length_angle_vector,a44aabe48936de7e267908875859f9c440963c013122db96ca7e12819915e47a,70c61ebbd48247dc5c6e75ed3beb4131a1f423f80b25329e688d4245ed1f3590
235-25-9(2),4,attunet_cl_fixed,42,dominant_path_length,annotation_mask_same_extractor,1133.901586977666,804.5239533417533,-329.37763363591273,329.37763363591273,29.04816762042334,valid,ok,ok,,zero_length_angle_vector,078e2f40e0375f4163f04a89f798c84e04ad144ea99252428ef60b382a208150,c29d91a7a9bf4cab1f133d614067132e97cf36037886d454106888a9cee92fbd
235-25-9(2),4,attunet_cl_fixed,42,retained_segment_count,annotation_mask_same_extractor,72,82,10.0,10.0,13.88888888888889,valid,ok,ok,,zero_length_angle_vector,078e2f40e0375f4163f04a89f798c84e04ad144ea99252428ef60b382a208150,c29d91a7a9bf4cab1f133d614067132e97cf36037886d454106888a9cee92fbd
235-25-9(2),4,attunet_cl_fixed,42,junction_region_count,annotation_mask_same_extractor,58,77,19.0,19.0,32.758620689655174,valid,ok,ok,,zero_length_angle_vector,078e2f40e0375f4163f04a89f798c84e04ad144ea99252428ef60b382a208150,c29d91a7a9bf4cab1f133d614067132e97cf36037886d454106888a9cee92fbd
235-25-9(2),4,attunet_cl_fixed,42,mean_local_acute_angle_deg,annotation_mask_same_extractor,48.80355339734289,51.6032589403582,2.799705543015314,2.799705543015314,5.7366838029620695,valid,ok,ok,,zero_length_angle_vector,078e2f40e0375f4163f04a89f798c84e04ad144ea99252428ef60b382a208150,c29d91a7a9bf4cab1f133d614067132e97cf36037886d454106888a9cee92fbd
235-25-9(3),1,attunet_cl_fixed,42,dominant_path_length,annotation_mask_same_extractor,3014.9961748553196,1032.3961030678972,-1982.6000717874224,1982.6000717874224,65.75796308871142,valid,ok,ok,,,04c79fb7e355280d60cd560ee7fce5e6be4db79fc76c2cc62ba5beb9dc7281f5,1283037e3cec5a3c11ed68d8e2b4f8d5d6cb18d83fff8709b89e9c5610e57e39
235-25-9(3),1,attunet_cl_fixed,42,retained_segment_count,annotation_mask_same_extractor,162,243,81.0,81.0,50.0,valid,ok,ok,,,04c79fb7e355280d60cd560ee7fce5e6be4db79fc76c2cc62ba5beb9dc7281f5,1283037e3cec5a3c11ed68d8e2b4f8d5d6cb18d83fff8709b89e9c5610e57e39
235-25-9(3),1,attunet_cl_fixed,42,junction_region_count,annotation_mask_same_extractor,148,221,73.0,73.0,49.32432432432432,valid,ok,ok,,,04c79fb7e355280d60cd560ee7fce5e6be4db79fc76c2cc62ba5beb9dc7281f5,1283037e3cec5a3c11ed68d8e2b4f8d5d6cb18d83fff8709b89e9c5610e57e39
235-25-9(3),1,attunet_cl_fixed,42,mean_local_acute_angle_deg,annotation_mask_same_extractor,63.95431651066043,46.24503775349887,-17.709278757161563,17.709278757161563,27.69051367191085,valid,ok,ok,,,04c79fb7e355280d60cd560ee7fce5e6be4db79fc76c2cc62ba5beb9dc7281f5,1283037e3cec5a3c11ed68d8e2b4f8d5d6cb18d83fff8709b89e9c5610e57e39
447-1-1,1,attunet_cl_fixed,42,dominant_path_length,annotation_mask_same_extractor,3911.385135248214,2506.3981951089163,-1404.9869401392975,1404.9869401392975,35.92044484389896,valid,ok,ok,,zero_length_angle_vector,67a3ba2f50251e390c617a86eba391a70dc650351761a8b7c955b3e97cd90123,9f5fee946f59b30cdfe2732f870951ecc247f04c2431bd1e13bcd15de1ab1728
447-1-1,1,attunet_cl_fixed,42,retained_segment_count,annotation_mask_same_extractor,293,444,151.0,151.0,51.5358361774744,valid,ok,ok,,zero_length_angle_vector,67a3ba2f50251e390c617a86eba391a70dc650351761a8b7c955b3e97cd90123,9f5fee946f59b30cdfe2732f870951ecc247f04c2431bd1e13bcd15de1ab1728
447-1-1,1,attunet_cl_fixed,42,junction_region_count,annotation_mask_same_extractor,271,475,204.0,204.0,75.27675276752768,valid,ok,ok,,zero_length_angle_vector,67a3ba2f50251e390c617a86eba391a70dc650351761a8b7c955b3e97cd90123,9f5fee946f59b30cdfe2732f870951ecc247f04c2431bd1e13bcd15de1ab1728
447-1-1,1,attunet_cl_fixed,42,mean_local_acute_angle_deg,annotation_mask_same_extractor,61.706177398538195,54.31969087602116,-7.386486522517032,7.386486522517032,11.970416632374342,valid,ok,ok,,zero_length_angle_vector,67a3ba2f50251e390c617a86eba391a70dc650351761a8b7c955b3e97cd90123,9f5fee946f59b30cdfe2732f870951ecc247f04c2431bd1e13bcd15de1ab1728
447-1-1(1),1,attunet_cl_fixed,42,dominant_path_length,annotation_mask_same_extractor,3219.268252793949,867.2203461105339,-2352.047906683415,2352.047906683415,73.06156933775593,valid,ok,ok,,zero_length_angle_vector,0d1ba7e5e04b19e049d833c898b8b5dfd329ae106055ed93825b5e45ffe6aa84,e452ef6eff3ac8507f57752e7ed398d3b8557df18507591d4ebe183c9c182529
447-1-1(1),1,attunet_cl_fixed,42,retained_segment_count,annotation_mask_same_extractor,138,222,84.0,84.0,60.86956521739131,valid,ok,ok,,zero_length_angle_vector,0d1ba7e5e04b19e049d833c898b8b5dfd329ae106055ed93825b5e45ffe6aa84,e452ef6eff3ac8507f57752e7ed398d3b8557df18507591d4ebe183c9c182529
447-1-1(1),1,attunet_cl_fixed,42,junction_region_count,annotation_mask_same_extractor,130,217,87.0,87.0,66.92307692307692,valid,ok,ok,,zero_length_angle_vector,0d1ba7e5e04b19e049d833c898b8b5dfd329ae106055ed93825b5e45ffe6aa84,e452ef6eff3ac8507f57752e7ed398d3b8557df18507591d4ebe183c9c182529
447-1-1(1),1,attunet_cl_fixed,42,mean_local_acute_angle_deg,annotation_mask_same_extractor,67.79905715669001,50.38893554042401,-17.410121616266004,17.410121616266004,25.67900255018233,valid,ok,ok,,zero_length_angle_vector,0d1ba7e5e04b19e049d833c898b8b5dfd329ae106055ed93825b5e45ffe6aa84,e452ef6eff3ac8507f57752e7ed398d3b8557df18507591d4ebe183c9c182529
7-1-3(1),4,attunet_cl_fixed,42,dominant_path_length,annotation_mask_same_extractor,3591.411613906912,2099.391052434012,-1492.0205614728998,1492.0205614728998,41.544125872272474,valid,ok,ok,,zero_length_angle_vector,bba8ccc94987683932ee1142fbfdf5f18f0e90a532fe1e011e5e0387316a0102,1bff1188697cc6499060b02ac8a4367e1265bdd81f2dce3d5b9c34f181db6058
7-1-3(1),4,attunet_cl_fixed,42,retained_segment_count,annotation_mask_same_extractor,415,515,100.0,100.0,24.096385542168676,valid,ok,ok,,zero_length_angle_vector,bba8ccc94987683932ee1142fbfdf5f18f0e90a532fe1e011e5e0387316a0102,1bff1188697cc6499060b02ac8a4367e1265bdd81f2dce3d5b9c34f181db6058
7-1-3(1),4,attunet_cl_fixed,42,junction_region_count,annotation_mask_same_extractor,370,481,111.0,111.0,30.0,valid,ok,ok,,zero_length_angle_vector,bba8ccc94987683932ee1142fbfdf5f18f0e90a532fe1e011e5e0387316a0102,1bff1188697cc6499060b02ac8a4367e1265bdd81f2dce3d5b9c34f181db6058
7-1-3(1),4,attunet_cl_fixed,42,mean_local_acute_angle_deg,annotation_mask_same_extractor,52.19068191429416,47.392998619069715,-4.797683295224445,4.797683295224445,9.192605115033837,valid,ok,ok,,zero_length_angle_vector,bba8ccc94987683932ee1142fbfdf5f18f0e90a532fe1e011e5e0387316a0102,1bff1188697cc6499060b02ac8a4367e1265bdd81f2dce3d5b9c34f181db6058
7-1-3(2),4,attunet_cl_fixed,42,dominant_path_length,annotation_mask_same_extractor,2479.356564548581,2255.3321779309526,-224.02438661762835,224.02438661762835,9.03558567657721,valid,ok,ok,,zero_length_angle_vector,28862657685f711ee260dae48d326375279a0325e0e0c82a6692a9516004f3bb,f2ee05166fcae8c7add2a209805d759bfac904e691195151d99893408edccd2a
7-1-3(2),4,attunet_cl_fixed,42,retained_segment_count,annotation_mask_same_extractor,239,241,2.0,2.0,0.8368200836820083,valid,ok,ok,,zero_length_angle_vector,28862657685f711ee260dae48d326375279a0325e0e0c82a6692a9516004f3bb,f2ee05166fcae8c7add2a209805d759bfac904e691195151d99893408edccd2a
7-1-3(2),4,attunet_cl_fixed,42,junction_region_count,annotation_mask_same_extractor,201,211,10.0,10.0,4.975124378109453,valid,ok,ok,,zero_length_angle_vector,28862657685f711ee260dae48d326375279a0325e0e0c82a6692a9516004f3bb,f2ee05166fcae8c7add2a209805d759bfac904e691195151d99893408edccd2a
7-1-3(2),4,attunet_cl_fixed,42,mean_local_acute_angle_deg,annotation_mask_same_extractor,52.02063707468777,45.8434623759595,-6.1771746987282725,6.1771746987282725,11.874469529966532,valid,ok,ok,,zero_length_angle_vector,28862657685f711ee260dae48d326375279a0325e0e0c82a6692a9516004f3bb,f2ee05166fcae8c7add2a209805d759bfac904e691195151d99893408edccd2a
7-1-3(3),0,attunet_cl_fixed,42,dominant_path_length,annotation_mask_same_extractor,3139.476405595674,1673.9696961967045,-1465.5067093989694,1465.5067093989694,46.67997207390731,valid,ok,ok,zero_length_angle_vector,zero_length_angle_vector,eb3582ff4719e2750a945bfec7af39008d621c1fbaba7f242e61cf5fb5af1392,da8ad0a3d368cd223db5b91f3fb5992ffcf82567aec762e36f9db359378cbfdc
7-1-3(3),0,attunet_cl_fixed,42,retained_segment_count,annotation_mask_same_extractor,234,306,72.0,72.0,30.76923076923077,valid,ok,ok,zero_length_angle_vector,zero_length_angle_vector,eb3582ff4719e2750a945bfec7af39008d621c1fbaba7f242e61cf5fb5af1392,da8ad0a3d368cd223db5b91f3fb5992ffcf82567aec762e36f9db359378cbfdc
7-1-3(3),0,attunet_cl_fixed,42,junction_region_count,annotation_mask_same_extractor,206,243,37.0,37.0,17.96116504854369,valid,ok,ok,zero_length_angle_vector,zero_length_angle_vector,eb3582ff4719e2750a945bfec7af39008d621c1fbaba7f242e61cf5fb5af1392,da8ad0a3d368cd223db5b91f3fb5992ffcf82567aec762e36f9db359378cbfdc
7-1-3(3),0,attunet_cl_fixed,42,mean_local_acute_angle_deg,annotation_mask_same_extractor,55.62685066639042,50.12220512612832,-5.504645540262096,5.504645540262096,9.89566274976625,valid,ok,ok,zero_length_angle_vector,zero_length_angle_vector,eb3582ff4719e2750a945bfec7af39008d621c1fbaba7f242e61cf5fb5af1392,da8ad0a3d368cd223db5b91f3fb5992ffcf82567aec762e36f9db359378cbfdc
7-1-6(1),0,attunet_cl_fixed,42,dominant_path_length,annotation_mask_same_extractor,3188.726188957766,2171.731239591685,-1016.9949493660811,1016.9949493660811,31.89345491274324,valid,ok,ok,,zero_length_angle_vector,cba0254b9e9151f7e11554a8e70e85d3aae5e2a96042767c54979c286faeb9a4,6a340d9fb8a4c346555c7dc5317fcb9fe68673af30cc1f4bbf8861b272bc913b
7-1-6(1),0,attunet_cl_fixed,42,retained_segment_count,annotation_mask_same_extractor,300,288,-12.0,12.0,4.0,valid,ok,ok,,zero_length_angle_vector,cba0254b9e9151f7e11554a8e70e85d3aae5e2a96042767c54979c286faeb9a4,6a340d9fb8a4c346555c7dc5317fcb9fe68673af30cc1f4bbf8861b272bc913b
7-1-6(1),0,attunet_cl_fixed,42,junction_region_count,annotation_mask_same_extractor,268,247,-21.0,21.0,7.835820895522389,valid,ok,ok,,zero_length_angle_vector,cba0254b9e9151f7e11554a8e70e85d3aae5e2a96042767c54979c286faeb9a4,6a340d9fb8a4c346555c7dc5317fcb9fe68673af30cc1f4bbf8861b272bc913b
7-1-6(1),0,attunet_cl_fixed,42,mean_local_acute_angle_deg,annotation_mask_same_extractor,57.71657823171459,51.81688408465072,-5.899694147063876,5.899694147063876,10.221836303909752,valid,ok,ok,,zero_length_angle_vector,cba0254b9e9151f7e11554a8e70e85d3aae5e2a96042767c54979c286faeb9a4,6a340d9fb8a4c346555c7dc5317fcb9fe68673af30cc1f4bbf8861b272bc913b
7-1-6(2),3,attunet_cl_fixed,42,dominant_path_length,annotation_mask_same_extractor,4815.678641211786,3406.835928737132,-1408.8427124746545,1408.8427124746545,29.255330711190116,valid,ok,ok,zero_length_angle_vector,zero_length_angle_vector,e3aea5a1ab8ea31c284842492594be58ed37bba1e364b53dc239f9c47cd34693,f41f3cc3cdae1bc5d5bfa405eb82e21bc9a6dcffd1bd35179bc84b1c2baa5c72
7-1-6(2),3,attunet_cl_fixed,42,retained_segment_count,annotation_mask_same_extractor,436,589,153.0,153.0,35.091743119266056,valid,ok,ok,zero_length_angle_vector,zero_length_angle_vector,e3aea5a1ab8ea31c284842492594be58ed37bba1e364b53dc239f9c47cd34693,f41f3cc3cdae1bc5d5bfa405eb82e21bc9a6dcffd1bd35179bc84b1c2baa5c72
7-1-6(2),3,attunet_cl_fixed,42,junction_region_count,annotation_mask_same_extractor,321,531,210.0,210.0,65.42056074766354,valid,ok,ok,zero_length_angle_vector,zero_length_angle_vector,e3aea5a1ab8ea31c284842492594be58ed37bba1e364b53dc239f9c47cd34693,f41f3cc3cdae1bc5d5bfa405eb82e21bc9a6dcffd1bd35179bc84b1c2baa5c72
7-1-6(2),3,attunet_cl_fixed,42,mean_local_acute_angle_deg,annotation_mask_same_extractor,45.76167325566849,52.57819369647456,6.816520440806066,6.816520440806066,14.895697547426776,valid,ok,ok,zero_length_angle_vector,zero_length_angle_vector,e3aea5a1ab8ea31c284842492594be58ed37bba1e364b53dc239f9c47cd34693,f41f3cc3cdae1bc5d5bfa405eb82e21bc9a6dcffd1bd35179bc84b1c2baa5c72
7-1-6(3),2,attunet_cl_fixed,42,dominant_path_length,annotation_mask_same_extractor,3149.346463280794,2243.0378054157227,-906.3086578650714,906.3086578650714,28.777673985126906,valid,ok,ok,zero_length_angle_vector,zero_length_angle_vector,175aad97304bc1efcc5da1ef9c37712fdcee8d0161a6f80fd823a18cef9139a0,224da71080113888971d4be5b108ac01cbf9615a6ca51b2a74bb70e609b5b955
7-1-6(3),2,attunet_cl_fixed,42,retained_segment_count,annotation_mask_same_extractor,113,267,154.0,154.0,136.28318584070794,valid,ok,ok,zero_length_angle_vector,zero_length_angle_vector,175aad97304bc1efcc5da1ef9c37712fdcee8d0161a6f80fd823a18cef9139a0,224da71080113888971d4be5b108ac01cbf9615a6ca51b2a74bb70e609b5b955
7-1-6(3),2,attunet_cl_fixed,42,junction_region_count,annotation_mask_same_extractor,82,291,209.0,209.0,254.8780487804878,valid,ok,ok,zero_length_angle_vector,zero_length_angle_vector,175aad97304bc1efcc5da1ef9c37712fdcee8d0161a6f80fd823a18cef9139a0,224da71080113888971d4be5b108ac01cbf9615a6ca51b2a74bb70e609b5b955
7-1-6(3),2,attunet_cl_fixed,42,mean_local_acute_angle_deg,annotation_mask_same_extractor,52.34419986077857,45.58597880385371,-6.75822105692486,6.75822105692486,12.91111732512848,valid,ok,ok,zero_length_angle_vector,zero_length_angle_vector,175aad97304bc1efcc5da1ef9c37712fdcee8d0161a6f80fd823a18cef9139a0,224da71080113888971d4be5b108ac01cbf9615a6ca51b2a74bb70e609b5b955
7-1-6(4),0,attunet_cl_fixed,42,dominant_path_length,annotation_mask_same_extractor,2934.7922061357463,4635.5365055879765,1700.7442994522303,1700.7442994522303,57.95109772666351,valid,ok,ok,,,c0fc24472241d6b39ede8026e685b39939da6b7eb296c7092ba9ef7c6acbe239,a2d00129ac97dc54b157db58286a26409020d30f4a92b7b3ba340dcb384dccf0
7-1-6(4),0,attunet_cl_fixed,42,retained_segment_count,annotation_mask_same_extractor,402,482,80.0,80.0,19.900497512437813,valid,ok,ok,,,c0fc24472241d6b39ede8026e685b39939da6b7eb296c7092ba9ef7c6acbe239,a2d00129ac97dc54b157db58286a26409020d30f4a92b7b3ba340dcb384dccf0
7-1-6(4),0,attunet_cl_fixed,42,junction_region_count,annotation_mask_same_extractor,320,427,107.0,107.0,33.4375,valid,ok,ok,,,c0fc24472241d6b39ede8026e685b39939da6b7eb296c7092ba9ef7c6acbe239,a2d00129ac97dc54b157db58286a26409020d30f4a92b7b3ba340dcb384dccf0
7-1-6(4),0,attunet_cl_fixed,42,mean_local_acute_angle_deg,annotation_mask_same_extractor,45.58572184508618,46.37569013048181,0.7899682853956307,0.7899682853956307,1.7329292011217405,valid,ok,ok,,,c0fc24472241d6b39ede8026e685b39939da6b7eb296c7092ba9ef7c6acbe239,a2d00129ac97dc54b157db58286a26409020d30f4a92b7b3ba340dcb384dccf0
DN50-235-25-6(2),1,attunet_cl_fixed,42,dominant_path_length,annotation_mask_same_extractor,1654.4398256692953,968.3544725075546,-686.0853531617406,686.0853531617406,41.46934463960865,valid,ok,ok,,zero_length_angle_vector,26158010911e4857cbb5605c765e186f4f05e7d62b2dcff5cd35f9038e6d54e6,9820c7f16a80c0f0c1b93368d225e7b68507d3b6f12cfe636d9b67b82f0d6232
DN50-235-25-6(2),1,attunet_cl_fixed,42,retained_segment_count,annotation_mask_same_extractor,104,210,106.0,106.0,101.92307692307692,valid,ok,ok,,zero_length_angle_vector,26158010911e4857cbb5605c765e186f4f05e7d62b2dcff5cd35f9038e6d54e6,9820c7f16a80c0f0c1b93368d225e7b68507d3b6f12cfe636d9b67b82f0d6232
DN50-235-25-6(2),1,attunet_cl_fixed,42,junction_region_count,annotation_mask_same_extractor,97,240,143.0,143.0,147.42268041237114,valid,ok,ok,,zero_length_angle_vector,26158010911e4857cbb5605c765e186f4f05e7d62b2dcff5cd35f9038e6d54e6,9820c7f16a80c0f0c1b93368d225e7b68507d3b6f12cfe636d9b67b82f0d6232
DN50-235-25-6(2),1,attunet_cl_fixed,42,mean_local_acute_angle_deg,annotation_mask_same_extractor,48.376302759478975,56.23688821771573,7.860585458236756,7.860585458236756,16.248834677008325,valid,ok,ok,,zero_length_angle_vector,26158010911e4857cbb5605c765e186f4f05e7d62b2dcff5cd35f9038e6d54e6,9820c7f16a80c0f0c1b93368d225e7b68507d3b6f12cfe636d9b67b82f0d6232
DN50-235-25-6(3),1,attunet_cl_fixed,42,dominant_path_length,annotation_mask_same_extractor,956.9015869776664,921.1930009000661,-35.70858607760033,35.70858607760033,3.7316884582023113,valid,ok,ok,,zero_length_angle_vector,1c99a68f93f5396eb9701167417e60c3f506eddaae41784653661a85b4318891,f853d854cf1578c563e998b10e6ca4eeb3d15ae6e3d98e53018b800160356729
DN50-235-25-6(3),1,attunet_cl_fixed,42,retained_segment_count,annotation_mask_same_extractor,110,164,54.0,54.0,49.09090909090909,valid,ok,ok,,zero_length_angle_vector,1c99a68f93f5396eb9701167417e60c3f506eddaae41784653661a85b4318891,f853d854cf1578c563e998b10e6ca4eeb3d15ae6e3d98e53018b800160356729
DN50-235-25-6(3),1,attunet_cl_fixed,42,junction_region_count,annotation_mask_same_extractor,90,162,72.0,72.0,80.0,valid,ok,ok,,zero_length_angle_vector,1c99a68f93f5396eb9701167417e60c3f506eddaae41784653661a85b4318891,f853d854cf1578c563e998b10e6ca4eeb3d15ae6e3d98e53018b800160356729
DN50-235-25-6(3),1,attunet_cl_fixed,42,mean_local_acute_angle_deg,annotation_mask_same_extractor,55.84661373210531,49.88786167597589,-5.95875205612942,5.95875205612942,10.669853833418426,valid,ok,ok,,zero_length_angle_vector,1c99a68f93f5396eb9701167417e60c3f506eddaae41784653661a85b4318891,f853d854cf1578c563e998b10e6ca4eeb3d15ae6e3d98e53018b800160356729
DN50-235-25-7(1),0,attunet_cl_fixed,42,dominant_path_length,annotation_mask_same_extractor,835.1076477383253,731.1686142824257,-103.93903345589968,103.93903345589968,12.446183882687682,valid,ok,ok,,zero_length_angle_vector,1d15d42a8683193e72d4801bf8661ed463c57674766c0904ac6147226c6fad64,223aba8ebecfebe9c1d1e17b299732cd1f66ca6ba8a79f8e8ec2fe2c32f0cba1
DN50-235-25-7(1),0,attunet_cl_fixed,42,retained_segment_count,annotation_mask_same_extractor,86,75,-11.0,11.0,12.790697674418606,valid,ok,ok,,zero_length_angle_vector,1d15d42a8683193e72d4801bf8661ed463c57674766c0904ac6147226c6fad64,223aba8ebecfebe9c1d1e17b299732cd1f66ca6ba8a79f8e8ec2fe2c32f0cba1
DN50-235-25-7(1),0,attunet_cl_fixed,42,junction_region_count,annotation_mask_same_extractor,71,62,-9.0,9.0,12.676056338028168,valid,ok,ok,,zero_length_angle_vector,1d15d42a8683193e72d4801bf8661ed463c57674766c0904ac6147226c6fad64,223aba8ebecfebe9c1d1e17b299732cd1f66ca6ba8a79f8e8ec2fe2c32f0cba1
DN50-235-25-7(1),0,attunet_cl_fixed,42,mean_local_acute_angle_deg,annotation_mask_same_extractor,53.845303485648856,54.32478612461065,0.479482638961791,0.479482638961791,0.8904818209253577,valid,ok,ok,,zero_length_angle_vector,1d15d42a8683193e72d4801bf8661ed463c57674766c0904ac6147226c6fad64,223aba8ebecfebe9c1d1e17b299732cd1f66ca6ba8a79f8e8ec2fe2c32f0cba1
W82-447-1-13-3(1),3,attunet_cl_fixed,42,dominant_path_length,annotation_mask_same_extractor,2963.730373039836,1478.2905473706267,-1485.4398256692095,1485.4398256692095,50.12061283245631,valid,ok,ok,,zero_length_angle_vector,e400970fc4f5749000b5101345fe28f7835a0cd40cd105ff701d3d5565a3fd20,e7adcbd495f8f9452f3ffe4250ea577a20be00fee18e1c080a344922cd5ac3b9
W82-447-1-13-3(1),3,attunet_cl_fixed,42,retained_segment_count,annotation_mask_same_extractor,76,300,224.0,224.0,294.7368421052631,valid,ok,ok,,zero_length_angle_vector,e400970fc4f5749000b5101345fe28f7835a0cd40cd105ff701d3d5565a3fd20,e7adcbd495f8f9452f3ffe4250ea577a20be00fee18e1c080a344922cd5ac3b9
W82-447-1-13-3(1),3,attunet_cl_fixed,42,junction_region_count,annotation_mask_same_extractor,50,260,210.0,210.0,420.0,valid,ok,ok,,zero_length_angle_vector,e400970fc4f5749000b5101345fe28f7835a0cd40cd105ff701d3d5565a3fd20,e7adcbd495f8f9452f3ffe4250ea577a20be00fee18e1c080a344922cd5ac3b9
W82-447-1-13-3(1),3,attunet_cl_fixed,42,mean_local_acute_angle_deg,annotation_mask_same_extractor,45.41755671898957,47.78312498209024,2.36556826310067,2.36556826310067,5.208488597784037,valid,ok,ok,,zero_length_angle_vector,e400970fc4f5749000b5101345fe28f7835a0cd40cd105ff701d3d5565a3fd20,e7adcbd495f8f9452f3ffe4250ea577a20be00fee18e1c080a344922cd5ac3b9
W82-447-1-13-7(1),4,attunet_cl_fixed,42,dominant_path_length,annotation_mask_same_extractor,2599.841845922817,1501.1189744953729,-1098.722871427444,1098.722871427444,42.26114265952401,valid,ok,ok,,zero_length_angle_vector,d7caafd48ba702bb9ca2578cb356a3cab186bfab19d8fbb7f0fc5a6ba0ddb53b,2feb0074b774452ee0d3844d45485d2576efa8e8d772ae1f9f5f17974fe1aeed
W82-447-1-13-7(1),4,attunet_cl_fixed,42,retained_segment_count,annotation_mask_same_extractor,161,205,44.0,44.0,27.32919254658385,valid,ok,ok,,zero_length_angle_vector,d7caafd48ba702bb9ca2578cb356a3cab186bfab19d8fbb7f0fc5a6ba0ddb53b,2feb0074b774452ee0d3844d45485d2576efa8e8d772ae1f9f5f17974fe1aeed
W82-447-1-13-7(1),4,attunet_cl_fixed,42,junction_region_count,annotation_mask_same_extractor,124,179,55.0,55.0,44.354838709677416,valid,ok,ok,,zero_length_angle_vector,d7caafd48ba702bb9ca2578cb356a3cab186bfab19d8fbb7f0fc5a6ba0ddb53b,2feb0074b774452ee0d3844d45485d2576efa8e8d772ae1f9f5f17974fe1aeed
W82-447-1-13-7(1),4,attunet_cl_fixed,42,mean_local_acute_angle_deg,annotation_mask_same_extractor,45.765543776284055,50.867594301544834,5.102050525260779,5.102050525260779,11.148235340983074,valid,ok,ok,,zero_length_angle_vector,d7caafd48ba702bb9ca2578cb356a3cab186bfab19d8fbb7f0fc5a6ba0ddb53b,2feb0074b774452ee0d3844d45485d2576efa8e8d772ae1f9f5f17974fe1aeed
W82-447-1-13-7(2),3,attunet_cl_fixed,42,dominant_path_length,annotation_mask_same_extractor,2569.818684794427,578.9259735953062,-1990.8927111991209,1990.8927111991209,77.47210816775512,valid,ok,ok,zero_length_angle_vector,zero_length_angle_vector,8401bb2188e5c3832e902ef0e29c7a72c6580cd0868364d9f97716efdec87255,643afbf084167ac5bb46718326ba37a6376c23c0483f99976208b2db8287c22f
W82-447-1-13-7(2),3,attunet_cl_fixed,42,retained_segment_count,annotation_mask_same_extractor,37,46,9.0,9.0,24.324324324324326,valid,ok,ok,zero_length_angle_vector,zero_length_angle_vector,8401bb2188e5c3832e902ef0e29c7a72c6580cd0868364d9f97716efdec87255,643afbf084167ac5bb46718326ba37a6376c23c0483f99976208b2db8287c22f
W82-447-1-13-7(2),3,attunet_cl_fixed,42,junction_region_count,annotation_mask_same_extractor,28,47,19.0,19.0,67.85714285714286,valid,ok,ok,zero_length_angle_vector,zero_length_angle_vector,8401bb2188e5c3832e902ef0e29c7a72c6580cd0868364d9f97716efdec87255,643afbf084167ac5bb46718326ba37a6376c23c0483f99976208b2db8287c22f
W82-447-1-13-7(2),3,attunet_cl_fixed,42,mean_local_acute_angle_deg,annotation_mask_same_extractor,56.21991760625045,51.0356769716431,-5.184240634607349,5.184240634607349,9.221359360425268,valid,ok,ok,zero_length_angle_vector,zero_length_angle_vector,8401bb2188e5c3832e902ef0e29c7a72c6580cd0868364d9f97716efdec87255,643afbf084167ac5bb46718326ba37a6376c23c0483f99976208b2db8287c22f
W82-447-1-13-7(3),2,attunet_cl_fixed,42,dominant_path_length,annotation_mask_same_extractor,3607.1963184303277,1996.5920625607914,-1610.6042558695362,1610.6042558695362,44.64975326240051,valid,ok,ok,zero_length_angle_vector,zero_length_angle_vector,4b63fae36f1e264804fc841b3fbba41c7e9f5be06b268aa37989d57f23a39479,fd901b2b10fd4df580ef47816b2cb83d9d0afb3394cc0ed3919943292a2b5223
W82-447-1-13-7(3),2,attunet_cl_fixed,42,retained_segment_count,annotation_mask_same_extractor,125,593,468.0,468.0,374.40000000000003,valid,ok,ok,zero_length_angle_vector,zero_length_angle_vector,4b63fae36f1e264804fc841b3fbba41c7e9f5be06b268aa37989d57f23a39479,fd901b2b10fd4df580ef47816b2cb83d9d0afb3394cc0ed3919943292a2b5223
W82-447-1-13-7(3),2,attunet_cl_fixed,42,junction_region_count,annotation_mask_same_extractor,86,539,453.0,453.0,526.7441860465116,valid,ok,ok,zero_length_angle_vector,zero_length_angle_vector,4b63fae36f1e264804fc841b3fbba41c7e9f5be06b268aa37989d57f23a39479,fd901b2b10fd4df580ef47816b2cb83d9d0afb3394cc0ed3919943292a2b5223
W82-447-1-13-7(3),2,attunet_cl_fixed,42,mean_local_acute_angle_deg,annotation_mask_same_extractor,42.04523834094305,44.23866152145848,2.193423180515431,2.193423180515431,5.2168170928870845,valid,ok,ok,zero_length_angle_vector,zero_length_angle_vector,4b63fae36f1e264804fc841b3fbba41c7e9f5be06b268aa37989d57f23a39479,fd901b2b10fd4df580ef47816b2cb83d9d0afb3394cc0ed3919943292a2b5223
10-1-1,3,attunet_cl_fixed,3407,dominant_path_length,annotation_mask_same_extractor,3519.0348468227903,2555.748483534339,-963.2863632884514,963.2863632884514,27.373595466329864,valid,ok,ok,zero_length_angle_vector,zero_length_angle_vector,8664187dcbcab44c4dae8da26d028efb21268d9709753c186a39d03660a06fc7,fa01c3dc6d6a9fb49dcb083b0e3b98bac5ff6bd33b8085f10f2e685b97a71b7c
10-1-1,3,attunet_cl_fixed,3407,retained_segment_count,annotation_mask_same_extractor,134,143,9.0,9.0,6.7164179104477615,valid,ok,ok,zero_length_angle_vector,zero_length_angle_vector,8664187dcbcab44c4dae8da26d028efb21268d9709753c186a39d03660a06fc7,fa01c3dc6d6a9fb49dcb083b0e3b98bac5ff6bd33b8085f10f2e685b97a71b7c
10-1-1,3,attunet_cl_fixed,3407,junction_region_count,annotation_mask_same_extractor,121,163,42.0,42.0,34.710743801652896,valid,ok,ok,zero_length_angle_vector,zero_length_angle_vector,8664187dcbcab44c4dae8da26d028efb21268d9709753c186a39d03660a06fc7,fa01c3dc6d6a9fb49dcb083b0e3b98bac5ff6bd33b8085f10f2e685b97a71b7c
10-1-1,3,attunet_cl_fixed,3407,mean_local_acute_angle_deg,annotation_mask_same_extractor,64.6739875375559,65.33633743581366,0.6623498982577587,0.6623498982577587,1.0241364781677256,valid,ok,ok,zero_length_angle_vector,zero_length_angle_vector,8664187dcbcab44c4dae8da26d028efb21268d9709753c186a39d03660a06fc7,fa01c3dc6d6a9fb49dcb083b0e3b98bac5ff6bd33b8085f10f2e685b97a71b7c
10-1-1(1),3,attunet_cl_fixed,3407,dominant_path_length,annotation_mask_same_extractor,2848.0794359760534,1117.4945160902305,-1730.584919885823,1730.584919885823,60.763225141321996,valid,ok,ok,,zero_length_angle_vector,c95c0337715266ccd3aad838a4ef3ab80e74ba76f5d714ecb44e5a5615b3ce7c,07bb9f671ab3b05ec442acf4a411c3472c11b640a06e4ca13422e46bce9fe1bf
10-1-1(1),3,attunet_cl_fixed,3407,retained_segment_count,annotation_mask_same_extractor,35,102,67.0,67.0,191.42857142857144,valid,ok,ok,,zero_length_angle_vector,c95c0337715266ccd3aad838a4ef3ab80e74ba76f5d714ecb44e5a5615b3ce7c,07bb9f671ab3b05ec442acf4a411c3472c11b640a06e4ca13422e46bce9fe1bf
10-1-1(1),3,attunet_cl_fixed,3407,junction_region_count,annotation_mask_same_extractor,28,113,85.0,85.0,303.57142857142856,valid,ok,ok,,zero_length_angle_vector,c95c0337715266ccd3aad838a4ef3ab80e74ba76f5d714ecb44e5a5615b3ce7c,07bb9f671ab3b05ec442acf4a411c3472c11b640a06e4ca13422e46bce9fe1bf
10-1-1(1),3,attunet_cl_fixed,3407,mean_local_acute_angle_deg,annotation_mask_same_extractor,45.23478785039287,48.47470268924941,3.239914838856542,3.239914838856542,7.162440663084492,valid,ok,ok,,zero_length_angle_vector,c95c0337715266ccd3aad838a4ef3ab80e74ba76f5d714ecb44e5a5615b3ce7c,07bb9f671ab3b05ec442acf4a411c3472c11b640a06e4ca13422e46bce9fe1bf
10-1-1(2),1,attunet_cl_fixed,3407,dominant_path_length,annotation_mask_same_extractor,1262.4823227814104,640.967604155649,-621.5147186257614,621.5147186257614,49.22957790462244,valid,ok,ok,,zero_length_angle_vector,6c74e98b918771eb646a7e1d44c8ef0b3c96078814c8b8db61045d1816697d12,f6f79361cc3ebd98cb88ac0a76ce2a63e6a1aae3b6d8218a08f822e309b2f754
10-1-1(2),1,attunet_cl_fixed,3407,retained_segment_count,annotation_mask_same_extractor,25,49,24.0,24.0,96.0,valid,ok,ok,,zero_length_angle_vector,6c74e98b918771eb646a7e1d44c8ef0b3c96078814c8b8db61045d1816697d12,f6f79361cc3ebd98cb88ac0a76ce2a63e6a1aae3b6d8218a08f822e309b2f754
10-1-1(2),1,attunet_cl_fixed,3407,junction_region_count,annotation_mask_same_extractor,23,78,55.0,55.0,239.1304347826087,valid,ok,ok,,zero_length_angle_vector,6c74e98b918771eb646a7e1d44c8ef0b3c96078814c8b8db61045d1816697d12,f6f79361cc3ebd98cb88ac0a76ce2a63e6a1aae3b6d8218a08f822e309b2f754
10-1-1(2),1,attunet_cl_fixed,3407,mean_local_acute_angle_deg,annotation_mask_same_extractor,46.29442229680335,46.03223560695636,-0.2621866898469847,0.2621866898469847,0.5663461748502882,valid,ok,ok,,zero_length_angle_vector,6c74e98b918771eb646a7e1d44c8ef0b3c96078814c8b8db61045d1816697d12,f6f79361cc3ebd98cb88ac0a76ce2a63e6a1aae3b6d8218a08f822e309b2f754
10-1-1(3),2,attunet_cl_fixed,3407,dominant_path_length,annotation_mask_same_extractor,2611.2834046956673,1684.2144289248786,-927.0689757707887,927.0689757707887,35.50242666512998,valid,ok,ok,,zero_length_angle_vector,49a1138291b2427ae244c26c8d481f7bf7c311eb24e2003613787dba24d6ff37,b39a26ce4fcc17789ed07064672b9edbeedc9a6c613e0f36dda86928d1b54982
10-1-1(3),2,attunet_cl_fixed,3407,retained_segment_count,annotation_mask_same_extractor,36,103,67.0,67.0,186.11111111111111,valid,ok,ok,,zero_length_angle_vector,49a1138291b2427ae244c26c8d481f7bf7c311eb24e2003613787dba24d6ff37,b39a26ce4fcc17789ed07064672b9edbeedc9a6c613e0f36dda86928d1b54982
10-1-1(3),2,attunet_cl_fixed,3407,junction_region_count,annotation_mask_same_extractor,23,111,88.0,88.0,382.60869565217394,valid,ok,ok,,zero_length_angle_vector,49a1138291b2427ae244c26c8d481f7bf7c311eb24e2003613787dba24d6ff37,b39a26ce4fcc17789ed07064672b9edbeedc9a6c613e0f36dda86928d1b54982
10-1-1(3),2,attunet_cl_fixed,3407,mean_local_acute_angle_deg,annotation_mask_same_extractor,44.403113779145116,56.59928761880738,12.196173839662265,12.196173839662265,27.466933738756094,valid,ok,ok,,zero_length_angle_vector,49a1138291b2427ae244c26c8d481f7bf7c311eb24e2003613787dba24d6ff37,b39a26ce4fcc17789ed07064672b9edbeedc9a6c613e0f36dda86928d1b54982
10-1-2,2,attunet_cl_fixed,3407,dominant_path_length,annotation_mask_same_extractor,3713.5222202381024,3397.230806315706,-316.29141392239626,316.29141392239626,8.517288847732178,valid,ok,ok,zero_length_angle_vector,zero_length_angle_vector,353a8fded79e4327f12b6866ba2014151a10168db01aad99108b5fae01f5e4ac,560120c31b178ab1e55e89916b368f619f0370846357fe79f4055e4ead7e4642
10-1-2,2,attunet_cl_fixed,3407,retained_segment_count,annotation_mask_same_extractor,171,306,135.0,135.0,78.94736842105263,valid,ok,ok,zero_length_angle_vector,zero_length_angle_vector,353a8fded79e4327f12b6866ba2014151a10168db01aad99108b5fae01f5e4ac,560120c31b178ab1e55e89916b368f619f0370846357fe79f4055e4ead7e4642
10-1-2,2,attunet_cl_fixed,3407,junction_region_count,annotation_mask_same_extractor,124,279,155.0,155.0,125.0,valid,ok,ok,zero_length_angle_vector,zero_length_angle_vector,353a8fded79e4327f12b6866ba2014151a10168db01aad99108b5fae01f5e4ac,560120c31b178ab1e55e89916b368f619f0370846357fe79f4055e4ead7e4642
10-1-2,2,attunet_cl_fixed,3407,mean_local_acute_angle_deg,annotation_mask_same_extractor,58.66827912377103,52.73525963795463,-5.933019485816402,5.933019485816402,10.11282344467554,valid,ok,ok,zero_length_angle_vector,zero_length_angle_vector,353a8fded79e4327f12b6866ba2014151a10168db01aad99108b5fae01f5e4ac,560120c31b178ab1e55e89916b368f619f0370846357fe79f4055e4ead7e4642
10-1-2(1),4,attunet_cl_fixed,3407,dominant_path_length,annotation_mask_same_extractor,3355.4095218658804,1320.7220048757026,-2034.6875169901778,2034.6875169901778,60.63902196530473,valid,ok,ok,zero_length_angle_vector,zero_length_angle_vector,dca0abd7cde7ab357484642e540a2d1fa449818245a1cd800eb7c824264f02ad,7dfa4aa1edda6f7907fbc0ab0ed9ec711b359b43961406c48cf9b0ce3e66e018
10-1-2(1),4,attunet_cl_fixed,3407,retained_segment_count,annotation_mask_same_extractor,118,176,58.0,58.0,49.152542372881356,valid,ok,ok,zero_length_angle_vector,zero_length_angle_vector,dca0abd7cde7ab357484642e540a2d1fa449818245a1cd800eb7c824264f02ad,7dfa4aa1edda6f7907fbc0ab0ed9ec711b359b43961406c48cf9b0ce3e66e018
10-1-2(1),4,attunet_cl_fixed,3407,junction_region_count,annotation_mask_same_extractor,111,203,92.0,92.0,82.88288288288288,valid,ok,ok,zero_length_angle_vector,zero_length_angle_vector,dca0abd7cde7ab357484642e540a2d1fa449818245a1cd800eb7c824264f02ad,7dfa4aa1edda6f7907fbc0ab0ed9ec711b359b43961406c48cf9b0ce3e66e018
10-1-2(1),4,attunet_cl_fixed,3407,mean_local_acute_angle_deg,annotation_mask_same_extractor,64.3632990483418,51.10343361538312,-13.259865432958684,13.259865432958684,20.60159381047187,valid,ok,ok,zero_length_angle_vector,zero_length_angle_vector,dca0abd7cde7ab357484642e540a2d1fa449818245a1cd800eb7c824264f02ad,7dfa4aa1edda6f7907fbc0ab0ed9ec711b359b43961406c48cf9b0ce3e66e018
10-1-2(2),1,attunet_cl_fixed,3407,dominant_path_length,annotation_mask_same_extractor,3058.3027406794067,1108.6021638285565,-1949.7005768508502,1949.7005768508502,63.75106528589518,valid,ok,ok,,zero_length_angle_vector,4b38a74ce55736e7f197e42aeba61399727ea00792e40e895bf41a3d30fe7957,a9afa3962751b800161f87d612476289668bae465ba421446857b911d64aec20
10-1-2(2),1,attunet_cl_fixed,3407,retained_segment_count,annotation_mask_same_extractor,191,357,166.0,166.0,86.91099476439791,valid,ok,ok,,zero_length_angle_vector,4b38a74ce55736e7f197e42aeba61399727ea00792e40e895bf41a3d30fe7957,a9afa3962751b800161f87d612476289668bae465ba421446857b911d64aec20
10-1-2(2),1,attunet_cl_fixed,3407,junction_region_count,annotation_mask_same_extractor,175,410,235.0,235.0,134.28571428571428,valid,ok,ok,,zero_length_angle_vector,4b38a74ce55736e7f197e42aeba61399727ea00792e40e895bf41a3d30fe7957,a9afa3962751b800161f87d612476289668bae465ba421446857b911d64aec20
10-1-2(2),1,attunet_cl_fixed,3407,mean_local_acute_angle_deg,annotation_mask_same_extractor,65.94127676600104,45.1228117320754,-20.81846503392564,20.81846503392564,31.571219204326244,valid,ok,ok,,zero_length_angle_vector,4b38a74ce55736e7f197e42aeba61399727ea00792e40e895bf41a3d30fe7957,a9afa3962751b800161f87d612476289668bae465ba421446857b911d64aec20
10-1-2(3),0,attunet_cl_fixed,3407,dominant_path_length,annotation_mask_same_extractor,2345.481456229622,699.7909806465128,-1645.6904755831092,1645.6904755831092,70.16429276011282,valid,ok,ok,,zero_length_angle_vector,0508c3be24e6c021d5aacff3b5010997bb235211f0adc484cda889c0830022b8,1ce095c4df08cbdfe9ce3b9614d577da06c64ebca24a601e0f303c515f9324d4
10-1-2(3),0,attunet_cl_fixed,3407,retained_segment_count,annotation_mask_same_extractor,115,145,30.0,30.0,26.08695652173913,valid,ok,ok,,zero_length_angle_vector,0508c3be24e6c021d5aacff3b5010997bb235211f0adc484cda889c0830022b8,1ce095c4df08cbdfe9ce3b9614d577da06c64ebca24a601e0f303c515f9324d4
10-1-2(3),0,attunet_cl_fixed,3407,junction_region_count,annotation_mask_same_extractor,84,117,33.0,33.0,39.285714285714285,valid,ok,ok,,zero_length_angle_vector,0508c3be24e6c021d5aacff3b5010997bb235211f0adc484cda889c0830022b8,1ce095c4df08cbdfe9ce3b9614d577da06c64ebca24a601e0f303c515f9324d4
10-1-2(3),0,attunet_cl_fixed,3407,mean_local_acute_angle_deg,annotation_mask_same_extractor,50.491311152922826,50.72915087497068,0.23783972204785186,0.23783972204785186,0.4710507939227557,valid,ok,ok,,zero_length_angle_vector,0508c3be24e6c021d5aacff3b5010997bb235211f0adc484cda889c0830022b8,1ce095c4df08cbdfe9ce3b9614d577da06c64ebca24a601e0f303c515f9324d4
10-1-3,0,attunet_cl_fixed,3407,dominant_path_length,annotation_mask_same_extractor,2813.8023074034836,552.3696244092022,-2261.4326829942815,2261.4326829942815,80.36928099192167,valid,ok,ok,,zero_length_angle_vector,2cd8dd3611b047ab44310b595f5423ee107fb5f6bbd6f0ce078f5a1c70656dd8,1dc351649127e657b68d8f029915731591cce9ffe281b1f1ecefacb5665a12d0
10-1-3,0,attunet_cl_fixed,3407,retained_segment_count,annotation_mask_same_extractor,172,159,-13.0,13.0,7.55813953488372,valid,ok,ok,,zero_length_angle_vector,2cd8dd3611b047ab44310b595f5423ee107fb5f6bbd6f0ce078f5a1c70656dd8,1dc351649127e657b68d8f029915731591cce9ffe281b1f1ecefacb5665a12d0
10-1-3,0,attunet_cl_fixed,3407,junction_region_count,annotation_mask_same_extractor,123,127,4.0,4.0,3.2520325203252036,valid,ok,ok,,zero_length_angle_vector,2cd8dd3611b047ab44310b595f5423ee107fb5f6bbd6f0ce078f5a1c70656dd8,1dc351649127e657b68d8f029915731591cce9ffe281b1f1ecefacb5665a12d0
10-1-3,0,attunet_cl_fixed,3407,mean_local_acute_angle_deg,annotation_mask_same_extractor,50.036178890454096,44.92298229123204,-5.113196599222057,5.113196599222057,10.218998957567388,valid,ok,ok,,zero_length_angle_vector,2cd8dd3611b047ab44310b595f5423ee107fb5f6bbd6f0ce078f5a1c70656dd8,1dc351649127e657b68d8f029915731591cce9ffe281b1f1ecefacb5665a12d0
10-1-9(1),3,attunet_cl_fixed,3407,dominant_path_length,annotation_mask_same_extractor,3092.5058428472184,1524.1656556895982,-1568.3401871576202,1568.3401871576202,50.71421904618539,valid,ok,ok,zero_length_angle_vector,zero_length_angle_vector,6bdc1df0f3e1a66f56d545bec926abaf60b6bca31c0f8ea06ad939681c464d8a,897d35aa1d2e879af55c25911404d8e5475613aa1133e34cbcae49b42801c135
10-1-9(1),3,attunet_cl_fixed,3407,retained_segment_count,annotation_mask_same_extractor,106,283,177.0,177.0,166.9811320754717,valid,ok,ok,zero_length_angle_vector,zero_length_angle_vector,6bdc1df0f3e1a66f56d545bec926abaf60b6bca31c0f8ea06ad939681c464d8a,897d35aa1d2e879af55c25911404d8e5475613aa1133e34cbcae49b42801c135
10-1-9(1),3,attunet_cl_fixed,3407,junction_region_count,annotation_mask_same_extractor,91,329,238.0,238.0,261.53846153846155,valid,ok,ok,zero_length_angle_vector,zero_length_angle_vector,6bdc1df0f3e1a66f56d545bec926abaf60b6bca31c0f8ea06ad939681c464d8a,897d35aa1d2e879af55c25911404d8e5475613aa1133e34cbcae49b42801c135
10-1-9(1),3,attunet_cl_fixed,3407,mean_local_acute_angle_deg,annotation_mask_same_extractor,62.85401304883498,54.19165094485449,-8.662362103980492,8.662362103980492,13.781716844794289,valid,ok,ok,zero_length_angle_vector,zero_length_angle_vector,6bdc1df0f3e1a66f56d545bec926abaf60b6bca31c0f8ea06ad939681c464d8a,897d35aa1d2e879af55c25911404d8e5475613aa1133e34cbcae49b42801c135
10-1-9(2),3,attunet_cl_fixed,3407,dominant_path_length,annotation_mask_same_extractor,3383.6256838943486,1720.9575028878842,-1662.6681810064645,1662.6681810064645,49.138655877940785,valid,ok,ok,zero_length_angle_vector,zero_length_angle_vector,e68f65f812ffdebb564961ebaea365b072d4546ab06227eea2987e2d586b741c,c290c640dcb52aeceba989ecaeef7d8107145469f45e799d4b1be1c55e3332cb
10-1-9(2),3,attunet_cl_fixed,3407,retained_segment_count,annotation_mask_same_extractor,71,157,86.0,86.0,121.12676056338027,valid,ok,ok,zero_length_angle_vector,zero_length_angle_vector,e68f65f812ffdebb564961ebaea365b072d4546ab06227eea2987e2d586b741c,c290c640dcb52aeceba989ecaeef7d8107145469f45e799d4b1be1c55e3332cb
10-1-9(2),3,attunet_cl_fixed,3407,junction_region_count,annotation_mask_same_extractor,68,166,98.0,98.0,144.11764705882354,valid,ok,ok,zero_length_angle_vector,zero_length_angle_vector,e68f65f812ffdebb564961ebaea365b072d4546ab06227eea2987e2d586b741c,c290c640dcb52aeceba989ecaeef7d8107145469f45e799d4b1be1c55e3332cb
10-1-9(2),3,attunet_cl_fixed,3407,mean_local_acute_angle_deg,annotation_mask_same_extractor,74.17544013119233,61.925200099617626,-12.250240031574705,12.250240031574705,16.515223920354227,valid,ok,ok,zero_length_angle_vector,zero_length_angle_vector,e68f65f812ffdebb564961ebaea365b072d4546ab06227eea2987e2d586b741c,c290c640dcb52aeceba989ecaeef7d8107145469f45e799d4b1be1c55e3332cb
10-1-9(3),4,attunet_cl_fixed,3407,dominant_path_length,annotation_mask_same_extractor,3197.890619158038,761.2619766708766,-2436.6286424871614,2436.6286424871614,76.19487132829744,valid,ok,ok,zero_length_angle_vector,zero_length_angle_vector,a679e2e7ed9fdcb61509a97389dcfc4f21915719e2fb5feb5bf89f66c0d48f13,b3a1912fb92479d2bc29f62db87303cc4a26759d0f8577541bb0ab4d0a0b0c55
10-1-9(3),4,attunet_cl_fixed,3407,retained_segment_count,annotation_mask_same_extractor,41,176,135.0,135.0,329.2682926829268,valid,ok,ok,zero_length_angle_vector,zero_length_angle_vector,a679e2e7ed9fdcb61509a97389dcfc4f21915719e2fb5feb5bf89f66c0d48f13,b3a1912fb92479d2bc29f62db87303cc4a26759d0f8577541bb0ab4d0a0b0c55
10-1-9(3),4,attunet_cl_fixed,3407,junction_region_count,annotation_mask_same_extractor,28,132,104.0,104.0,371.42857142857144,valid,ok,ok,zero_length_angle_vector,zero_length_angle_vector,a679e2e7ed9fdcb61509a97389dcfc4f21915719e2fb5feb5bf89f66c0d48f13,b3a1912fb92479d2bc29f62db87303cc4a26759d0f8577541bb0ab4d0a0b0c55
10-1-9(3),4,attunet_cl_fixed,3407,mean_local_acute_angle_deg,annotation_mask_same_extractor,72.9003576118845,53.86281240271229,-19.037545209172215,19.037545209172215,26.114474376828902,valid,ok,ok,zero_length_angle_vector,zero_length_angle_vector,a679e2e7ed9fdcb61509a97389dcfc4f21915719e2fb5feb5bf89f66c0d48f13,b3a1912fb92479d2bc29f62db87303cc4a26759d0f8577541bb0ab4d0a0b0c55
10-2-1,0,attunet_cl_fixed,3407,dominant_path_length,annotation_mask_same_extractor,3683.691701072309,1921.1799410394733,-1762.5117600328358,1762.5117600328358,47.846342828303875,valid,ok,ok,,,fa084051c73ad9c7523229d0a267965c6c54c6c2f9b135b697a09f5f4d254434,e7c3d7970da6e783805de7225ece1c871bde2b081328e8f89336b779917bcfee
10-2-1,0,attunet_cl_fixed,3407,retained_segment_count,annotation_mask_same_extractor,226,245,19.0,19.0,8.4070796460177,valid,ok,ok,,,fa084051c73ad9c7523229d0a267965c6c54c6c2f9b135b697a09f5f4d254434,e7c3d7970da6e783805de7225ece1c871bde2b081328e8f89336b779917bcfee
10-2-1,0,attunet_cl_fixed,3407,junction_region_count,annotation_mask_same_extractor,188,190,2.0,2.0,1.0638297872340425,valid,ok,ok,,,fa084051c73ad9c7523229d0a267965c6c54c6c2f9b135b697a09f5f4d254434,e7c3d7970da6e783805de7225ece1c871bde2b081328e8f89336b779917bcfee
10-2-1,0,attunet_cl_fixed,3407,mean_local_acute_angle_deg,annotation_mask_same_extractor,56.550116513732696,46.44992012672732,-10.100196387005376,10.100196387005376,17.86061109980672,valid,ok,ok,,,fa084051c73ad9c7523229d0a267965c6c54c6c2f9b135b697a09f5f4d254434,e7c3d7970da6e783805de7225ece1c871bde2b081328e8f89336b779917bcfee
10-2-2,3,attunet_cl_fixed,3407,dominant_path_length,annotation_mask_same_extractor,3768.2156544140043,4840.408655314163,1072.193000900159,1072.193000900159,28.453599773256492,valid,ok,ok,,,888178f6e1d682dbadbaecc08afac163678dd08a3e69f328f11b072009899c8c,081be1183aaaf6b7193acc13c3b2f27907781ee30202aa92b72077ef3a43b4f1
10-2-2,3,attunet_cl_fixed,3407,retained_segment_count,annotation_mask_same_extractor,329,432,103.0,103.0,31.30699088145897,valid,ok,ok,,,888178f6e1d682dbadbaecc08afac163678dd08a3e69f328f11b072009899c8c,081be1183aaaf6b7193acc13c3b2f27907781ee30202aa92b72077ef3a43b4f1
10-2-2,3,attunet_cl_fixed,3407,junction_region_count,annotation_mask_same_extractor,293,421,128.0,128.0,43.68600682593857,valid,ok,ok,,,888178f6e1d682dbadbaecc08afac163678dd08a3e69f328f11b072009899c8c,081be1183aaaf6b7193acc13c3b2f27907781ee30202aa92b72077ef3a43b4f1
10-2-2,3,attunet_cl_fixed,3407,mean_local_acute_angle_deg,annotation_mask_same_extractor,59.493993970760265,56.98693938730833,-2.507054583451932,2.507054583451932,4.213962479446385,valid,ok,ok,,,888178f6e1d682dbadbaecc08afac163678dd08a3e69f328f11b072009899c8c,081be1183aaaf6b7193acc13c3b2f27907781ee30202aa92b72077ef3a43b4f1
10-2-3,3,attunet_cl_fixed,3407,dominant_path_length,annotation_mask_same_extractor,782.7442994522875,742.3940110268422,-40.35028842544523,40.35028842544523,5.154976976987208,valid,ok,ok,,,c128b6196f3a108faac4ed970bea2b3e2ee4f4c0090aafd759b5f39cfd31c0d6,99d6a7b4f0b6a401893f8ef095cb6094a04d45992d34e5dd183614300ef67bbf
10-2-3,3,attunet_cl_fixed,3407,retained_segment_count,annotation_mask_same_extractor,27,87,60.0,60.0,222.22222222222223,valid,ok,ok,,,c128b6196f3a108faac4ed970bea2b3e2ee4f4c0090aafd759b5f39cfd31c0d6,99d6a7b4f0b6a401893f8ef095cb6094a04d45992d34e5dd183614300ef67bbf
10-2-3,3,attunet_cl_fixed,3407,junction_region_count,annotation_mask_same_extractor,18,72,54.0,54.0,300.0,valid,ok,ok,,,c128b6196f3a108faac4ed970bea2b3e2ee4f4c0090aafd759b5f39cfd31c0d6,99d6a7b4f0b6a401893f8ef095cb6094a04d45992d34e5dd183614300ef67bbf
10-2-3,3,attunet_cl_fixed,3407,mean_local_acute_angle_deg,annotation_mask_same_extractor,44.17449818904469,45.56342075038276,1.3889225613380702,1.3889225613380702,3.144172810733873,valid,ok,ok,,,c128b6196f3a108faac4ed970bea2b3e2ee4f4c0090aafd759b5f39cfd31c0d6,99d6a7b4f0b6a401893f8ef095cb6094a04d45992d34e5dd183614300ef67bbf
10-2-4,0,attunet_cl_fixed,3407,dominant_path_length,annotation_mask_same_extractor,2714.1433611129814,1003.2396820942912,-1710.9036790186901,1710.9036790186901,63.036599449083795,valid,ok,ok,,zero_length_angle_vector,3c60314b040a032dd526925859d6800fc466b21b8dedb28d643c17c54668bc8b,cef321af2ee8398de00250f16a2698e31aa308b004b9eb81864978ba05a6225e
10-2-4,0,attunet_cl_fixed,3407,retained_segment_count,annotation_mask_same_extractor,104,156,52.0,52.0,50.0,valid,ok,ok,,zero_length_angle_vector,3c60314b040a032dd526925859d6800fc466b21b8dedb28d643c17c54668bc8b,cef321af2ee8398de00250f16a2698e31aa308b004b9eb81864978ba05a6225e
10-2-4,0,attunet_cl_fixed,3407,junction_region_count,annotation_mask_same_extractor,93,142,49.0,49.0,52.68817204301075,valid,ok,ok,,zero_length_angle_vector,3c60314b040a032dd526925859d6800fc466b21b8dedb28d643c17c54668bc8b,cef321af2ee8398de00250f16a2698e31aa308b004b9eb81864978ba05a6225e
10-2-4,0,attunet_cl_fixed,3407,mean_local_acute_angle_deg,annotation_mask_same_extractor,63.03310962332985,45.928183175536745,-17.104926447793105,17.104926447793105,27.136415369649193,valid,ok,ok,,zero_length_angle_vector,3c60314b040a032dd526925859d6800fc466b21b8dedb28d643c17c54668bc8b,cef321af2ee8398de00250f16a2698e31aa308b004b9eb81864978ba05a6225e
10-9-1,2,attunet_cl_fixed,3407,dominant_path_length,annotation_mask_same_extractor,2670.711903607907,1953.459161653053,-717.2527419548542,717.2527419548542,26.856237881214597,valid,ok,ok,,zero_length_angle_vector,f909c402c7b2db20640a01e33f844ebeccd8ec430131c4fad30fd8305345ea91,2fe41664a7082102cf950361fbc7c8222b14497343e0d18352584e1d882976b9
10-9-1,2,attunet_cl_fixed,3407,retained_segment_count,annotation_mask_same_extractor,60,121,61.0,61.0,101.66666666666666,valid,ok,ok,,zero_length_angle_vector,f909c402c7b2db20640a01e33f844ebeccd8ec430131c4fad30fd8305345ea91,2fe41664a7082102cf950361fbc7c8222b14497343e0d18352584e1d882976b9
10-9-1,2,attunet_cl_fixed,3407,junction_region_count,annotation_mask_same_extractor,47,105,58.0,58.0,123.40425531914893,valid,ok,ok,,zero_length_angle_vector,f909c402c7b2db20640a01e33f844ebeccd8ec430131c4fad30fd8305345ea91,2fe41664a7082102cf950361fbc7c8222b14497343e0d18352584e1d882976b9
10-9-1,2,attunet_cl_fixed,3407,mean_local_acute_angle_deg,annotation_mask_same_extractor,45.79801641663758,48.91996294234294,3.1219465257053614,3.1219465257053614,6.81677236259345,valid,ok,ok,,zero_length_angle_vector,f909c402c7b2db20640a01e33f844ebeccd8ec430131c4fad30fd8305345ea91,2fe41664a7082102cf950361fbc7c8222b14497343e0d18352584e1d882976b9
10-9-2,4,attunet_cl_fixed,3407,dominant_path_length,annotation_mask_same_extractor,3136.0378054156913,2841.311975395406,-294.72583002028523,294.72583002028523,9.39803179385519,valid,ok,ok,,zero_length_angle_vector,97a6fbf3a148ba0641a27177bb2768e92fcab2d7f8bf002f6c2735617daf5cf2,7d3bd68f92aeac119a151bcfda3c1a08f4c1f98f5b89de3d365d11bec5006cde
10-9-2,4,attunet_cl_fixed,3407,retained_segment_count,annotation_mask_same_extractor,222,409,187.0,187.0,84.23423423423422,valid,ok,ok,,zero_length_angle_vector,97a6fbf3a148ba0641a27177bb2768e92fcab2d7f8bf002f6c2735617daf5cf2,7d3bd68f92aeac119a151bcfda3c1a08f4c1f98f5b89de3d365d11bec5006cde
10-9-2,4,attunet_cl_fixed,3407,junction_region_count,annotation_mask_same_extractor,205,350,145.0,145.0,70.73170731707317,valid,ok,ok,,zero_length_angle_vector,97a6fbf3a148ba0641a27177bb2768e92fcab2d7f8bf002f6c2735617daf5cf2,7d3bd68f92aeac119a151bcfda3c1a08f4c1f98f5b89de3d365d11bec5006cde
10-9-2,4,attunet_cl_fixed,3407,mean_local_acute_angle_deg,annotation_mask_same_extractor,60.533940641282705,49.854655138513195,-10.67928550276951,10.67928550276951,17.641814475706692,valid,ok,ok,,zero_length_angle_vector,97a6fbf3a148ba0641a27177bb2768e92fcab2d7f8bf002f6c2735617daf5cf2,7d3bd68f92aeac119a151bcfda3c1a08f4c1f98f5b89de3d365d11bec5006cde
10-9-3,0,attunet_cl_fixed,3407,dominant_path_length,annotation_mask_same_extractor,3235.23794899067,2108.6063479106597,-1126.6316010800101,1126.6316010800101,34.823763161887264,valid,ok,ok,zero_length_angle_vector,zero_length_angle_vector,a23e4c9ae8b5cd333c9ee04c6a4a84de25c4388307e8463b068e3f8f45f8c58d,7e995d7192a4e87e74f3831fd49ebabcac3ec8477e13eec73ac4c1c99af37622
10-9-3,0,attunet_cl_fixed,3407,retained_segment_count,annotation_mask_same_extractor,102,184,82.0,82.0,80.3921568627451,valid,ok,ok,zero_length_angle_vector,zero_length_angle_vector,a23e4c9ae8b5cd333c9ee04c6a4a84de25c4388307e8463b068e3f8f45f8c58d,7e995d7192a4e87e74f3831fd49ebabcac3ec8477e13eec73ac4c1c99af37622
10-9-3,0,attunet_cl_fixed,3407,junction_region_count,annotation_mask_same_extractor,94,160,66.0,66.0,70.2127659574468,valid,ok,ok,zero_length_angle_vector,zero_length_angle_vector,a23e4c9ae8b5cd333c9ee04c6a4a84de25c4388307e8463b068e3f8f45f8c58d,7e995d7192a4e87e74f3831fd49ebabcac3ec8477e13eec73ac4c1c99af37622
10-9-3,0,attunet_cl_fixed,3407,mean_local_acute_angle_deg,annotation_mask_same_extractor,62.02962831732245,58.53754373994708,-3.4920845773753655,3.4920845773753655,5.629704178640327,valid,ok,ok,zero_length_angle_vector,zero_length_angle_vector,a23e4c9ae8b5cd333c9ee04c6a4a84de25c4388307e8463b068e3f8f45f8c58d,7e995d7192a4e87e74f3831fd49ebabcac3ec8477e13eec73ac4c1c99af37622
10-9-4,2,attunet_cl_fixed,3407,dominant_path_length,annotation_mask_same_extractor,3795.486865800912,2011.4692629208178,-1784.017602880094,1784.017602880094,47.003656341296185,valid,ok,ok,,zero_length_angle_vector,775edf7906167ea9e9ba868605a76fc739ed5aa32d5a1c9e3ec9a9a84e402ead,453f93f419c50f0e0ab838665fbccd2d88ac2368147ab90c3ff24cbdb2a2478b
10-9-4,2,attunet_cl_fixed,3407,retained_segment_count,annotation_mask_same_extractor,82,147,65.0,65.0,79.26829268292683,valid,ok,ok,,zero_length_angle_vector,775edf7906167ea9e9ba868605a76fc739ed5aa32d5a1c9e3ec9a9a84e402ead,453f93f419c50f0e0ab838665fbccd2d88ac2368147ab90c3ff24cbdb2a2478b
10-9-4,2,attunet_cl_fixed,3407,junction_region_count,annotation_mask_same_extractor,63,108,45.0,45.0,71.42857142857143,valid,ok,ok,,zero_length_angle_vector,775edf7906167ea9e9ba868605a76fc739ed5aa32d5a1c9e3ec9a9a84e402ead,453f93f419c50f0e0ab838665fbccd2d88ac2368147ab90c3ff24cbdb2a2478b
10-9-4,2,attunet_cl_fixed,3407,mean_local_acute_angle_deg,annotation_mask_same_extractor,43.610163723088185,48.722064294779216,5.111900571691031,5.111900571691031,11.721810090303967,valid,ok,ok,,zero_length_angle_vector,775edf7906167ea9e9ba868605a76fc739ed5aa32d5a1c9e3ec9a9a84e402ead,453f93f419c50f0e0ab838665fbccd2d88ac2368147ab90c3ff24cbdb2a2478b
235-10-11(1),3,attunet_cl_fixed,3407,dominant_path_length,annotation_mask_same_extractor,2994.397328557098,1954.5495654486756,-1039.8477631084222,1039.8477631084222,34.726445725540735,valid,ok,ok,,zero_length_angle_vector,9d52d033268cd4a5d237049ac4f43033746bfe49685933fe46cc01355c7ffcc7,2039e0c38e797dc25f9ed29d7f0b25699a7d910460a3b6bf37f8e90d88146d02
235-10-11(1),3,attunet_cl_fixed,3407,retained_segment_count,annotation_mask_same_extractor,39,262,223.0,223.0,571.7948717948718,valid,ok,ok,,zero_length_angle_vector,9d52d033268cd4a5d237049ac4f43033746bfe49685933fe46cc01355c7ffcc7,2039e0c38e797dc25f9ed29d7f0b25699a7d910460a3b6bf37f8e90d88146d02
235-10-11(1),3,attunet_cl_fixed,3407,junction_region_count,annotation_mask_same_extractor,31,278,247.0,247.0,796.7741935483871,valid,ok,ok,,zero_length_angle_vector,9d52d033268cd4a5d237049ac4f43033746bfe49685933fe46cc01355c7ffcc7,2039e0c38e797dc25f9ed29d7f0b25699a7d910460a3b6bf37f8e90d88146d02
235-10-11(1),3,attunet_cl_fixed,3407,mean_local_acute_angle_deg,annotation_mask_same_extractor,53.361302278251465,54.686810669089404,1.325508390837939,1.325508390837939,2.484025565804413,valid,ok,ok,,zero_length_angle_vector,9d52d033268cd4a5d237049ac4f43033746bfe49685933fe46cc01355c7ffcc7,2039e0c38e797dc25f9ed29d7f0b25699a7d910460a3b6bf37f8e90d88146d02
235-10-11(2),1,attunet_cl_fixed,3407,dominant_path_length,annotation_mask_same_extractor,2805.9057710597435,1896.0966799187877,-909.8090911409558,909.8090911409558,32.42479132851764,valid,ok,ok,,zero_length_angle_vector,5b712c674961fc82b6cbf219207fe1d3e1b0be3e2a6b4ba1f8eea53b3cdecde8,72a7b106808dc5f94cd8fa545844c66cbcd3c1a51653cc5bf8d99e7e081f0707
235-10-11(2),1,attunet_cl_fixed,3407,retained_segment_count,annotation_mask_same_extractor,44,228,184.0,184.0,418.1818181818182,valid,ok,ok,,zero_length_angle_vector,5b712c674961fc82b6cbf219207fe1d3e1b0be3e2a6b4ba1f8eea53b3cdecde8,72a7b106808dc5f94cd8fa545844c66cbcd3c1a51653cc5bf8d99e7e081f0707
235-10-11(2),1,attunet_cl_fixed,3407,junction_region_count,annotation_mask_same_extractor,32,283,251.0,251.0,784.375,valid,ok,ok,,zero_length_angle_vector,5b712c674961fc82b6cbf219207fe1d3e1b0be3e2a6b4ba1f8eea53b3cdecde8,72a7b106808dc5f94cd8fa545844c66cbcd3c1a51653cc5bf8d99e7e081f0707
235-10-11(2),1,attunet_cl_fixed,3407,mean_local_acute_angle_deg,annotation_mask_same_extractor,43.25362958365755,45.15514591588488,1.901516332227331,1.901516332227331,4.3962006206891315,valid,ok,ok,,zero_length_angle_vector,5b712c674961fc82b6cbf219207fe1d3e1b0be3e2a6b4ba1f8eea53b3cdecde8,72a7b106808dc5f94cd8fa545844c66cbcd3c1a51653cc5bf8d99e7e081f0707
235-10-11(3),1,attunet_cl_fixed,3407,dominant_path_length,annotation_mask_same_extractor,3903.799348810616,2082.152595829002,-1821.6467529816136,1821.6467529816136,46.6634319598578,valid,ok,ok,zero_length_angle_vector,zero_length_angle_vector,fa60085f010979fe70bd85f42f583537392b69473bae643033aaace4f1bfd685,e7265a79a4f927ac6955cc1b68cfd983856b3dea079e05dd1c4a8badfc0bd72a
235-10-11(3),1,attunet_cl_fixed,3407,retained_segment_count,annotation_mask_same_extractor,195,564,369.0,369.0,189.23076923076923,valid,ok,ok,zero_length_angle_vector,zero_length_angle_vector,fa60085f010979fe70bd85f42f583537392b69473bae643033aaace4f1bfd685,e7265a79a4f927ac6955cc1b68cfd983856b3dea079e05dd1c4a8badfc0bd72a
235-10-11(3),1,attunet_cl_fixed,3407,junction_region_count,annotation_mask_same_extractor,171,610,439.0,439.0,256.72514619883043,valid,ok,ok,zero_length_angle_vector,zero_length_angle_vector,fa60085f010979fe70bd85f42f583537392b69473bae643033aaace4f1bfd685,e7265a79a4f927ac6955cc1b68cfd983856b3dea079e05dd1c4a8badfc0bd72a
235-10-11(3),1,attunet_cl_fixed,3407,mean_local_acute_angle_deg,annotation_mask_same_extractor,59.57250840324565,49.61028339425158,-9.962225008994068,9.962225008994068,16.722856357768045,valid,ok,ok,zero_length_angle_vector,zero_length_angle_vector,fa60085f010979fe70bd85f42f583537392b69473bae643033aaace4f1bfd685,e7265a79a4f927ac6955cc1b68cfd983856b3dea079e05dd1c4a8badfc0bd72a
235-10-12(1),4,attunet_cl_fixed,3407,dominant_path_length,annotation_mask_same_extractor,2001.4427842621224,1499.8670990922612,-501.5756851698611,501.5756851698611,25.060705662629196,valid,ok,ok,,zero_length_angle_vector,18b9363d37a62a519d147178d26a24d6b4b802b892db690b5190ad39f8a39884,7aece493d8ad55c060e0b54b3af966a7805f5893e448b8f0d8b32e4a03a04eaf
235-10-12(1),4,attunet_cl_fixed,3407,retained_segment_count,annotation_mask_same_extractor,134,141,7.0,7.0,5.223880597014925,valid,ok,ok,,zero_length_angle_vector,18b9363d37a62a519d147178d26a24d6b4b802b892db690b5190ad39f8a39884,7aece493d8ad55c060e0b54b3af966a7805f5893e448b8f0d8b32e4a03a04eaf
235-10-12(1),4,attunet_cl_fixed,3407,junction_region_count,annotation_mask_same_extractor,112,119,7.0,7.0,6.25,valid,ok,ok,,zero_length_angle_vector,18b9363d37a62a519d147178d26a24d6b4b802b892db690b5190ad39f8a39884,7aece493d8ad55c060e0b54b3af966a7805f5893e448b8f0d8b32e4a03a04eaf
235-10-12(1),4,attunet_cl_fixed,3407,mean_local_acute_angle_deg,annotation_mask_same_extractor,53.181513697065846,50.261753399176165,-2.919760297889681,2.919760297889681,5.490179001901504,valid,ok,ok,,zero_length_angle_vector,18b9363d37a62a519d147178d26a24d6b4b802b892db690b5190ad39f8a39884,7aece493d8ad55c060e0b54b3af966a7805f5893e448b8f0d8b32e4a03a04eaf
235-10-12(2),0,attunet_cl_fixed,3407,dominant_path_length,annotation_mask_same_extractor,3327.9141392239435,554.6711395993669,-2773.2429996245764,2773.2429996245764,83.33276892387872,valid,ok,ok,,zero_length_angle_vector,3f320f9a413c704ff148c35538663d08b34fdafa0044a66241f691b28db5db7b,324792c9dc3e3e133927ab2b0b22d4b0f623c27f43b0c1a699eb146cf494fcb6
235-10-12(2),0,attunet_cl_fixed,3407,retained_segment_count,annotation_mask_same_extractor,98,144,46.0,46.0,46.93877551020408,valid,ok,ok,,zero_length_angle_vector,3f320f9a413c704ff148c35538663d08b34fdafa0044a66241f691b28db5db7b,324792c9dc3e3e133927ab2b0b22d4b0f623c27f43b0c1a699eb146cf494fcb6
235-10-12(2),0,attunet_cl_fixed,3407,junction_region_count,annotation_mask_same_extractor,79,116,37.0,37.0,46.835443037974684,valid,ok,ok,,zero_length_angle_vector,3f320f9a413c704ff148c35538663d08b34fdafa0044a66241f691b28db5db7b,324792c9dc3e3e133927ab2b0b22d4b0f623c27f43b0c1a699eb146cf494fcb6
235-10-12(2),0,attunet_cl_fixed,3407,mean_local_acute_angle_deg,annotation_mask_same_extractor,62.31932305515474,56.15847645953038,-6.160846595624363,6.160846595624363,9.8859331160767,valid,ok,ok,,zero_length_angle_vector,3f320f9a413c704ff148c35538663d08b34fdafa0044a66241f691b28db5db7b,324792c9dc3e3e133927ab2b0b22d4b0f623c27f43b0c1a699eb146cf494fcb6
235-10-12(3),1,attunet_cl_fixed,3407,dominant_path_length,annotation_mask_same_extractor,3338.9221484506097,1931.0184694319848,-1407.9036790186249,1407.9036790186249,42.16641228583144,valid,ok,ok,zero_length_angle_vector,zero_length_angle_vector,06cb03ea2bad65c89fe30627bf1d69fb7bd50a7bc6f48ee697c5830e39ef08b3,0db95a61f380704411c69593fa857c96a76abae1dc2d5f615e478bf4e2e6d5e0
235-10-12(3),1,attunet_cl_fixed,3407,retained_segment_count,annotation_mask_same_extractor,248,661,413.0,413.0,166.53225806451613,valid,ok,ok,zero_length_angle_vector,zero_length_angle_vector,06cb03ea2bad65c89fe30627bf1d69fb7bd50a7bc6f48ee697c5830e39ef08b3,0db95a61f380704411c69593fa857c96a76abae1dc2d5f615e478bf4e2e6d5e0
235-10-12(3),1,attunet_cl_fixed,3407,junction_region_count,annotation_mask_same_extractor,210,712,502.0,502.0,239.04761904761904,valid,ok,ok,zero_length_angle_vector,zero_length_angle_vector,06cb03ea2bad65c89fe30627bf1d69fb7bd50a7bc6f48ee697c5830e39ef08b3,0db95a61f380704411c69593fa857c96a76abae1dc2d5f615e478bf4e2e6d5e0
235-10-12(3),1,attunet_cl_fixed,3407,mean_local_acute_angle_deg,annotation_mask_same_extractor,56.12825058978015,46.50239036191901,-9.62586022786114,9.62586022786114,17.14975992787101,valid,ok,ok,zero_length_angle_vector,zero_length_angle_vector,06cb03ea2bad65c89fe30627bf1d69fb7bd50a7bc6f48ee697c5830e39ef08b3,0db95a61f380704411c69593fa857c96a76abae1dc2d5f615e478bf4e2e6d5e0
235-25-6(1),2,attunet_cl_fixed,3407,dominant_path_length,annotation_mask_same_extractor,2364.349421873661,1049.4427842621226,-1314.9066376115384,1314.9066376115384,55.61388792395681,valid,ok,ok,,zero_length_angle_vector,81d217e87b63701eb36c3a0b141a738b1f3dd596f793222514893c0a771fc94d,e6f14294f6771cf8933f5fc97be1f63633c97ac0f5340f3cc91885812595d5a8
235-25-6(1),2,attunet_cl_fixed,3407,retained_segment_count,annotation_mask_same_extractor,27,75,48.0,48.0,177.77777777777777,valid,ok,ok,,zero_length_angle_vector,81d217e87b63701eb36c3a0b141a738b1f3dd596f793222514893c0a771fc94d,e6f14294f6771cf8933f5fc97be1f63633c97ac0f5340f3cc91885812595d5a8
235-25-6(1),2,attunet_cl_fixed,3407,junction_region_count,annotation_mask_same_extractor,21,58,37.0,37.0,176.19047619047618,valid,ok,ok,,zero_length_angle_vector,81d217e87b63701eb36c3a0b141a738b1f3dd596f793222514893c0a771fc94d,e6f14294f6771cf8933f5fc97be1f63633c97ac0f5340f3cc91885812595d5a8
235-25-6(1),2,attunet_cl_fixed,3407,mean_local_acute_angle_deg,annotation_mask_same_extractor,63.4461979910307,52.47733505105086,-10.968862939979843,10.968862939979843,17.288447987900703,valid,ok,ok,,zero_length_angle_vector,81d217e87b63701eb36c3a0b141a738b1f3dd596f793222514893c0a771fc94d,e6f14294f6771cf8933f5fc97be1f63633c97ac0f5340f3cc91885812595d5a8
235-25-6(2),4,attunet_cl_fixed,3407,dominant_path_length,annotation_mask_same_extractor,1377.430590953303,898.8376618407385,-478.59292911256443,478.59292911256443,34.74533905779863,valid,ok,ok,,zero_length_angle_vector,07fd844e7f853a14fb82235228caf5997075e001697d881b5a753f8be11ad9ff,2f1398df31be2bd4bef23fc0370da9702297b78b066d01ae00d2e69068a374c2
235-25-6(2),4,attunet_cl_fixed,3407,retained_segment_count,annotation_mask_same_extractor,90,135,45.0,45.0,50.0,valid,ok,ok,,zero_length_angle_vector,07fd844e7f853a14fb82235228caf5997075e001697d881b5a753f8be11ad9ff,2f1398df31be2bd4bef23fc0370da9702297b78b066d01ae00d2e69068a374c2
235-25-6(2),4,attunet_cl_fixed,3407,junction_region_count,annotation_mask_same_extractor,63,117,54.0,54.0,85.71428571428571,valid,ok,ok,,zero_length_angle_vector,07fd844e7f853a14fb82235228caf5997075e001697d881b5a753f8be11ad9ff,2f1398df31be2bd4bef23fc0370da9702297b78b066d01ae00d2e69068a374c2
235-25-6(2),4,attunet_cl_fixed,3407,mean_local_acute_angle_deg,annotation_mask_same_extractor,48.93734100767138,51.610291175150245,2.6729501674788665,2.6729501674788665,5.461984881973577,valid,ok,ok,,zero_length_angle_vector,07fd844e7f853a14fb82235228caf5997075e001697d881b5a753f8be11ad9ff,2f1398df31be2bd4bef23fc0370da9702297b78b066d01ae00d2e69068a374c2
235-25-7(1),2,attunet_cl_fixed,3407,dominant_path_length,annotation_mask_same_extractor,2998.8439379638457,2047.6113985445488,-951.2325394192969,951.2325394192969,31.719974733502287,valid,ok,ok,,,7497c2c9ff553aa7c2dd4141a59b027c8c75f67dc2bccba4cc857927d6dbf16d,d0acc156477141bed3971724758c7b2ef7a564e04e3c6539e19e154e3f8eaef0
235-25-7(1),2,attunet_cl_fixed,3407,retained_segment_count,annotation_mask_same_extractor,230,177,-53.0,53.0,23.043478260869566,valid,ok,ok,,,7497c2c9ff553aa7c2dd4141a59b027c8c75f67dc2bccba4cc857927d6dbf16d,d0acc156477141bed3971724758c7b2ef7a564e04e3c6539e19e154e3f8eaef0
235-25-7(1),2,attunet_cl_fixed,3407,junction_region_count,annotation_mask_same_extractor,208,151,-57.0,57.0,27.403846153846157,valid,ok,ok,,,7497c2c9ff553aa7c2dd4141a59b027c8c75f67dc2bccba4cc857927d6dbf16d,d0acc156477141bed3971724758c7b2ef7a564e04e3c6539e19e154e3f8eaef0
235-25-7(1),2,attunet_cl_fixed,3407,mean_local_acute_angle_deg,annotation_mask_same_extractor,56.8053052093956,48.564118670134214,-8.241186539261385,8.241186539261385,14.507776181965292,valid,ok,ok,,,7497c2c9ff553aa7c2dd4141a59b027c8c75f67dc2bccba4cc857927d6dbf16d,d0acc156477141bed3971724758c7b2ef7a564e04e3c6539e19e154e3f8eaef0
235-25-7(2),2,attunet_cl_fixed,3407,dominant_path_length,annotation_mask_same_extractor,1249.092495836678,1177.6143571373768,-71.4781386993011,71.4781386993011,5.7224055814555985,valid,ok,ok,,zero_length_angle_vector,2131528edadfa652c430e59c756f4b7a69ff50f6d858967b29f0984a2a5a1f3d,2354997387cfb4e8ccdf94d121cf4971d1d607c5c8045a19d8a8226c3c6cc89e
235-25-7(2),2,attunet_cl_fixed,3407,retained_segment_count,annotation_mask_same_extractor,94,119,25.0,25.0,26.595744680851062,valid,ok,ok,,zero_length_angle_vector,2131528edadfa652c430e59c756f4b7a69ff50f6d858967b29f0984a2a5a1f3d,2354997387cfb4e8ccdf94d121cf4971d1d607c5c8045a19d8a8226c3c6cc89e
235-25-7(2),2,attunet_cl_fixed,3407,junction_region_count,annotation_mask_same_extractor,74,102,28.0,28.0,37.83783783783784,valid,ok,ok,,zero_length_angle_vector,2131528edadfa652c430e59c756f4b7a69ff50f6d858967b29f0984a2a5a1f3d,2354997387cfb4e8ccdf94d121cf4971d1d607c5c8045a19d8a8226c3c6cc89e
235-25-7(2),2,attunet_cl_fixed,3407,mean_local_acute_angle_deg,annotation_mask_same_extractor,51.18427192297171,46.26506408256184,-4.919207840409868,4.919207840409868,9.610780139283582,valid,ok,ok,,zero_length_angle_vector,2131528edadfa652c430e59c756f4b7a69ff50f6d858967b29f0984a2a5a1f3d,2354997387cfb4e8ccdf94d121cf4971d1d607c5c8045a19d8a8226c3c6cc89e
235-25-7(3),2,attunet_cl_fixed,3407,dominant_path_length,annotation_mask_same_extractor,3042.988165628605,1178.1930009000657,-1864.7951647285395,1864.7951647285395,61.28170939972484,valid,ok,ok,zero_length_angle_vector,zero_length_angle_vector,2c8b120debe12fd303a7f06497770c03ad10375f80aac91a1feeabe828c5d6e3,e38bcbcc6117c80073b918a9a4b3fca4b5bd6fa379ddd65bf18c7c496eb961e1
235-25-7(3),2,attunet_cl_fixed,3407,retained_segment_count,annotation_mask_same_extractor,86,148,62.0,62.0,72.09302325581395,valid,ok,ok,zero_length_angle_vector,zero_length_angle_vector,2c8b120debe12fd303a7f06497770c03ad10375f80aac91a1feeabe828c5d6e3,e38bcbcc6117c80073b918a9a4b3fca4b5bd6fa379ddd65bf18c7c496eb961e1
235-25-7(3),2,attunet_cl_fixed,3407,junction_region_count,annotation_mask_same_extractor,69,120,51.0,51.0,73.91304347826086,valid,ok,ok,zero_length_angle_vector,zero_length_angle_vector,2c8b120debe12fd303a7f06497770c03ad10375f80aac91a1feeabe828c5d6e3,e38bcbcc6117c80073b918a9a4b3fca4b5bd6fa379ddd65bf18c7c496eb961e1
235-25-7(3),2,attunet_cl_fixed,3407,mean_local_acute_angle_deg,annotation_mask_same_extractor,40.34148473985392,52.85629239554585,12.514807655691932,12.514807655691932,31.02217912006689,valid,ok,ok,zero_length_angle_vector,zero_length_angle_vector,2c8b120debe12fd303a7f06497770c03ad10375f80aac91a1feeabe828c5d6e3,e38bcbcc6117c80073b918a9a4b3fca4b5bd6fa379ddd65bf18c7c496eb961e1
235-25-9(1),4,attunet_cl_fixed,3407,dominant_path_length,annotation_mask_same_extractor,3126.4490603852128,637.7472580451151,-2488.701802340098,2488.701802340098,79.60154649164386,valid,ok,ok,,zero_length_angle_vector,a44aabe48936de7e267908875859f9c440963c013122db96ca7e12819915e47a,2f46c1d610a9616ed0c4a53f9433d7c1d93b7b0cad66cd78b5b5101e98d434b8
235-25-9(1),4,attunet_cl_fixed,3407,retained_segment_count,annotation_mask_same_extractor,81,136,55.0,55.0,67.90123456790124,valid,ok,ok,,zero_length_angle_vector,a44aabe48936de7e267908875859f9c440963c013122db96ca7e12819915e47a,2f46c1d610a9616ed0c4a53f9433d7c1d93b7b0cad66cd78b5b5101e98d434b8
235-25-9(1),4,attunet_cl_fixed,3407,junction_region_count,annotation_mask_same_extractor,71,138,67.0,67.0,94.36619718309859,valid,ok,ok,,zero_length_angle_vector,a44aabe48936de7e267908875859f9c440963c013122db96ca7e12819915e47a,2f46c1d610a9616ed0c4a53f9433d7c1d93b7b0cad66cd78b5b5101e98d434b8
235-25-9(1),4,attunet_cl_fixed,3407,mean_local_acute_angle_deg,annotation_mask_same_extractor,56.36650915301412,38.60986058410988,-17.75664856890424,17.75664856890424,31.50212570500248,valid,ok,ok,,zero_length_angle_vector,a44aabe48936de7e267908875859f9c440963c013122db96ca7e12819915e47a,2f46c1d610a9616ed0c4a53f9433d7c1d93b7b0cad66cd78b5b5101e98d434b8
235-25-9(2),4,attunet_cl_fixed,3407,dominant_path_length,annotation_mask_same_extractor,1133.901586977666,805.3229432149768,-328.57864376268924,328.57864376268924,28.977703844519016,valid,ok,ok,,zero_length_angle_vector,078e2f40e0375f4163f04a89f798c84e04ad144ea99252428ef60b382a208150,1574cf158c3895a01821c686eefdf909ca1849fb83d383a0bb02f4cc44423516
235-25-9(2),4,attunet_cl_fixed,3407,retained_segment_count,annotation_mask_same_extractor,72,81,9.0,9.0,12.5,valid,ok,ok,,zero_length_angle_vector,078e2f40e0375f4163f04a89f798c84e04ad144ea99252428ef60b382a208150,1574cf158c3895a01821c686eefdf909ca1849fb83d383a0bb02f4cc44423516
235-25-9(2),4,attunet_cl_fixed,3407,junction_region_count,annotation_mask_same_extractor,58,73,15.0,15.0,25.862068965517242,valid,ok,ok,,zero_length_angle_vector,078e2f40e0375f4163f04a89f798c84e04ad144ea99252428ef60b382a208150,1574cf158c3895a01821c686eefdf909ca1849fb83d383a0bb02f4cc44423516
235-25-9(2),4,attunet_cl_fixed,3407,mean_local_acute_angle_deg,annotation_mask_same_extractor,48.80355339734289,49.253599456044775,0.4500460587018864,0.4500460587018864,0.9221583826852845,valid,ok,ok,,zero_length_angle_vector,078e2f40e0375f4163f04a89f798c84e04ad144ea99252428ef60b382a208150,1574cf158c3895a01821c686eefdf909ca1849fb83d383a0bb02f4cc44423516
235-25-9(3),1,attunet_cl_fixed,3407,dominant_path_length,annotation_mask_same_extractor,3014.9961748553196,1507.106781186553,-1507.8893936687666,1507.8893936687666,50.01297866459568,valid,ok,ok,,zero_length_angle_vector,04c79fb7e355280d60cd560ee7fce5e6be4db79fc76c2cc62ba5beb9dc7281f5,7da1e819b2a5f4990ccf001cd830e05a8830dfebe36dfd06173bc3ecbcd167f8
235-25-9(3),1,attunet_cl_fixed,3407,retained_segment_count,annotation_mask_same_extractor,162,265,103.0,103.0,63.580246913580254,valid,ok,ok,,zero_length_angle_vector,04c79fb7e355280d60cd560ee7fce5e6be4db79fc76c2cc62ba5beb9dc7281f5,7da1e819b2a5f4990ccf001cd830e05a8830dfebe36dfd06173bc3ecbcd167f8
235-25-9(3),1,attunet_cl_fixed,3407,junction_region_count,annotation_mask_same_extractor,148,296,148.0,148.0,100.0,valid,ok,ok,,zero_length_angle_vector,04c79fb7e355280d60cd560ee7fce5e6be4db79fc76c2cc62ba5beb9dc7281f5,7da1e819b2a5f4990ccf001cd830e05a8830dfebe36dfd06173bc3ecbcd167f8
235-25-9(3),1,attunet_cl_fixed,3407,mean_local_acute_angle_deg,annotation_mask_same_extractor,63.95431651066043,57.08586791011579,-6.868448600544646,6.868448600544646,10.73961692546547,valid,ok,ok,,zero_length_angle_vector,04c79fb7e355280d60cd560ee7fce5e6be4db79fc76c2cc62ba5beb9dc7281f5,7da1e819b2a5f4990ccf001cd830e05a8830dfebe36dfd06173bc3ecbcd167f8
447-1-1,1,attunet_cl_fixed,3407,dominant_path_length,annotation_mask_same_extractor,3911.385135248214,4121.5049762953695,210.11984104715566,210.11984104715566,5.372005920706185,valid,ok,ok,,zero_length_angle_vector,67a3ba2f50251e390c617a86eba391a70dc650351761a8b7c955b3e97cd90123,fb309f640e6730508c2113ee3575b9aa583fb084aaa2fe45ac894ae886299d58
447-1-1,1,attunet_cl_fixed,3407,retained_segment_count,annotation_mask_same_extractor,293,437,144.0,144.0,49.14675767918089,valid,ok,ok,,zero_length_angle_vector,67a3ba2f50251e390c617a86eba391a70dc650351761a8b7c955b3e97cd90123,fb309f640e6730508c2113ee3575b9aa583fb084aaa2fe45ac894ae886299d58
447-1-1,1,attunet_cl_fixed,3407,junction_region_count,annotation_mask_same_extractor,271,495,224.0,224.0,82.65682656826569,valid,ok,ok,,zero_length_angle_vector,67a3ba2f50251e390c617a86eba391a70dc650351761a8b7c955b3e97cd90123,fb309f640e6730508c2113ee3575b9aa583fb084aaa2fe45ac894ae886299d58
447-1-1,1,attunet_cl_fixed,3407,mean_local_acute_angle_deg,annotation_mask_same_extractor,61.706177398538195,56.49704334517374,-5.209134053364451,5.209134053364451,8.441835603784872,valid,ok,ok,,zero_length_angle_vector,67a3ba2f50251e390c617a86eba391a70dc650351761a8b7c955b3e97cd90123,fb309f640e6730508c2113ee3575b9aa583fb084aaa2fe45ac894ae886299d58
447-1-1(1),1,attunet_cl_fixed,3407,dominant_path_length,annotation_mask_same_extractor,3219.268252793949,1536.4154390516553,-1682.8528137422938,1682.8528137422938,52.27438913429392,valid,ok,ok,,zero_length_angle_vector,0d1ba7e5e04b19e049d833c898b8b5dfd329ae106055ed93825b5e45ffe6aa84,be8130fdba5062d443970786948cd376ca670270ef62a201430ebf6e2dddb702
447-1-1(1),1,attunet_cl_fixed,3407,retained_segment_count,annotation_mask_same_extractor,138,212,74.0,74.0,53.62318840579711,valid,ok,ok,,zero_length_angle_vector,0d1ba7e5e04b19e049d833c898b8b5dfd329ae106055ed93825b5e45ffe6aa84,be8130fdba5062d443970786948cd376ca670270ef62a201430ebf6e2dddb702
447-1-1(1),1,attunet_cl_fixed,3407,junction_region_count,annotation_mask_same_extractor,130,229,99.0,99.0,76.15384615384615,valid,ok,ok,,zero_length_angle_vector,0d1ba7e5e04b19e049d833c898b8b5dfd329ae106055ed93825b5e45ffe6aa84,be8130fdba5062d443970786948cd376ca670270ef62a201430ebf6e2dddb702
447-1-1(1),1,attunet_cl_fixed,3407,mean_local_acute_angle_deg,annotation_mask_same_extractor,67.79905715669001,53.92050580260499,-13.878551354085019,13.878551354085019,20.470124417822475,valid,ok,ok,,zero_length_angle_vector,0d1ba7e5e04b19e049d833c898b8b5dfd329ae106055ed93825b5e45ffe6aa84,be8130fdba5062d443970786948cd376ca670270ef62a201430ebf6e2dddb702
7-1-3(1),4,attunet_cl_fixed,3407,dominant_path_length,annotation_mask_same_extractor,3591.411613906912,2066.4621202458793,-1524.9494936610326,1524.9494936610326,42.46100579939147,valid,ok,ok,,zero_length_angle_vector,bba8ccc94987683932ee1142fbfdf5f18f0e90a532fe1e011e5e0387316a0102,4eaabf2cd0e9af6489b8e2e332795f5427b886a060562c22a1d5043ac7ad1e14
7-1-3(1),4,attunet_cl_fixed,3407,retained_segment_count,annotation_mask_same_extractor,415,504,89.0,89.0,21.44578313253012,valid,ok,ok,,zero_length_angle_vector,bba8ccc94987683932ee1142fbfdf5f18f0e90a532fe1e011e5e0387316a0102,4eaabf2cd0e9af6489b8e2e332795f5427b886a060562c22a1d5043ac7ad1e14
7-1-3(1),4,attunet_cl_fixed,3407,junction_region_count,annotation_mask_same_extractor,370,424,54.0,54.0,14.594594594594595,valid,ok,ok,,zero_length_angle_vector,bba8ccc94987683932ee1142fbfdf5f18f0e90a532fe1e011e5e0387316a0102,4eaabf2cd0e9af6489b8e2e332795f5427b886a060562c22a1d5043ac7ad1e14
7-1-3(1),4,attunet_cl_fixed,3407,mean_local_acute_angle_deg,annotation_mask_same_extractor,52.19068191429416,46.70686260453745,-5.483819309756711,5.483819309756711,10.507276603057344,valid,ok,ok,,zero_length_angle_vector,bba8ccc94987683932ee1142fbfdf5f18f0e90a532fe1e011e5e0387316a0102,4eaabf2cd0e9af6489b8e2e332795f5427b886a060562c22a1d5043ac7ad1e14
7-1-3(2),4,attunet_cl_fixed,3407,dominant_path_length,annotation_mask_same_extractor,2479.356564548581,2254.474313554683,-224.8822509938982,224.8822509938982,9.07018595910761,valid,ok,ok,,zero_length_angle_vector,28862657685f711ee260dae48d326375279a0325e0e0c82a6692a9516004f3bb,f7091db37c9c5954d4bbe77b2f7adfb559b33244c6977334f904ffea48a2e49c
7-1-3(2),4,attunet_cl_fixed,3407,retained_segment_count,annotation_mask_same_extractor,239,227,-12.0,12.0,5.02092050209205,valid,ok,ok,,zero_length_angle_vector,28862657685f711ee260dae48d326375279a0325e0e0c82a6692a9516004f3bb,f7091db37c9c5954d4bbe77b2f7adfb559b33244c6977334f904ffea48a2e49c
7-1-3(2),4,attunet_cl_fixed,3407,junction_region_count,annotation_mask_same_extractor,201,172,-29.0,29.0,14.427860696517413,valid,ok,ok,,zero_length_angle_vector,28862657685f711ee260dae48d326375279a0325e0e0c82a6692a9516004f3bb,f7091db37c9c5954d4bbe77b2f7adfb559b33244c6977334f904ffea48a2e49c
7-1-3(2),4,attunet_cl_fixed,3407,mean_local_acute_angle_deg,annotation_mask_same_extractor,52.02063707468777,45.439086769482415,-6.581550305205354,6.581550305205354,12.651806427814414,valid,ok,ok,,zero_length_angle_vector,28862657685f711ee260dae48d326375279a0325e0e0c82a6692a9516004f3bb,f7091db37c9c5954d4bbe77b2f7adfb559b33244c6977334f904ffea48a2e49c
7-1-3(3),0,attunet_cl_fixed,3407,dominant_path_length,annotation_mask_same_extractor,3139.476405595674,1447.4305909533025,-1692.0458146423714,1692.0458146423714,53.89579649735664,valid,ok,ok,zero_length_angle_vector,zero_length_angle_vector,eb3582ff4719e2750a945bfec7af39008d621c1fbaba7f242e61cf5fb5af1392,00b05c1421d2e6b9b5a37e7a51c2d5db34251ddd23ee79269b5f97a5b36d7da1
7-1-3(3),0,attunet_cl_fixed,3407,retained_segment_count,annotation_mask_same_extractor,234,309,75.0,75.0,32.05128205128205,valid,ok,ok,zero_length_angle_vector,zero_length_angle_vector,eb3582ff4719e2750a945bfec7af39008d621c1fbaba7f242e61cf5fb5af1392,00b05c1421d2e6b9b5a37e7a51c2d5db34251ddd23ee79269b5f97a5b36d7da1
7-1-3(3),0,attunet_cl_fixed,3407,junction_region_count,annotation_mask_same_extractor,206,244,38.0,38.0,18.446601941747574,valid,ok,ok,zero_length_angle_vector,zero_length_angle_vector,eb3582ff4719e2750a945bfec7af39008d621c1fbaba7f242e61cf5fb5af1392,00b05c1421d2e6b9b5a37e7a51c2d5db34251ddd23ee79269b5f97a5b36d7da1
7-1-3(3),0,attunet_cl_fixed,3407,mean_local_acute_angle_deg,annotation_mask_same_extractor,55.62685066639042,50.35892414825452,-5.267926518135894,5.267926518135894,9.47011462095725,valid,ok,ok,zero_length_angle_vector,zero_length_angle_vector,eb3582ff4719e2750a945bfec7af39008d621c1fbaba7f242e61cf5fb5af1392,00b05c1421d2e6b9b5a37e7a51c2d5db34251ddd23ee79269b5f97a5b36d7da1
7-1-6(1),0,attunet_cl_fixed,3407,dominant_path_length,annotation_mask_same_extractor,3188.726188957766,2565.750575575405,-622.9756133823612,622.9756133823612,19.536817414416525,valid,ok,ok,,zero_length_angle_vector,cba0254b9e9151f7e11554a8e70e85d3aae5e2a96042767c54979c286faeb9a4,20912b441fdac8150ec614506b28d1649cedf60cc68ea92478845b6f0783168b
7-1-6(1),0,attunet_cl_fixed,3407,retained_segment_count,annotation_mask_same_extractor,300,310,10.0,10.0,3.3333333333333335,valid,ok,ok,,zero_length_angle_vector,cba0254b9e9151f7e11554a8e70e85d3aae5e2a96042767c54979c286faeb9a4,20912b441fdac8150ec614506b28d1649cedf60cc68ea92478845b6f0783168b
7-1-6(1),0,attunet_cl_fixed,3407,junction_region_count,annotation_mask_same_extractor,268,286,18.0,18.0,6.7164179104477615,valid,ok,ok,,zero_length_angle_vector,cba0254b9e9151f7e11554a8e70e85d3aae5e2a96042767c54979c286faeb9a4,20912b441fdac8150ec614506b28d1649cedf60cc68ea92478845b6f0783168b
7-1-6(1),0,attunet_cl_fixed,3407,mean_local_acute_angle_deg,annotation_mask_same_extractor,57.71657823171459,56.492643685323245,-1.223934546391348,1.223934546391348,2.120594435584212,valid,ok,ok,,zero_length_angle_vector,cba0254b9e9151f7e11554a8e70e85d3aae5e2a96042767c54979c286faeb9a4,20912b441fdac8150ec614506b28d1649cedf60cc68ea92478845b6f0783168b
7-1-6(2),3,attunet_cl_fixed,3407,dominant_path_length,annotation_mask_same_extractor,4815.678641211786,4176.519261645268,-639.1593795665185,639.1593795665185,13.27246743785388,valid,ok,ok,zero_length_angle_vector,,e3aea5a1ab8ea31c284842492594be58ed37bba1e364b53dc239f9c47cd34693,c2a3a8b564400bdd0823116bc89335eb41b69709bbe205daa39c198dff16dd54
7-1-6(2),3,attunet_cl_fixed,3407,retained_segment_count,annotation_mask_same_extractor,436,664,228.0,228.0,52.293577981651374,valid,ok,ok,zero_length_angle_vector,,e3aea5a1ab8ea31c284842492594be58ed37bba1e364b53dc239f9c47cd34693,c2a3a8b564400bdd0823116bc89335eb41b69709bbe205daa39c198dff16dd54
7-1-6(2),3,attunet_cl_fixed,3407,junction_region_count,annotation_mask_same_extractor,321,611,290.0,290.0,90.34267912772586,valid,ok,ok,zero_length_angle_vector,,e3aea5a1ab8ea31c284842492594be58ed37bba1e364b53dc239f9c47cd34693,c2a3a8b564400bdd0823116bc89335eb41b69709bbe205daa39c198dff16dd54
7-1-6(2),3,attunet_cl_fixed,3407,mean_local_acute_angle_deg,annotation_mask_same_extractor,45.76167325566849,46.54090934831358,0.7792360926450925,0.7792360926450925,1.7028138116618554,valid,ok,ok,zero_length_angle_vector,,e3aea5a1ab8ea31c284842492594be58ed37bba1e364b53dc239f9c47cd34693,c2a3a8b564400bdd0823116bc89335eb41b69709bbe205daa39c198dff16dd54
7-1-6(3),2,attunet_cl_fixed,3407,dominant_path_length,annotation_mask_same_extractor,3149.346463280794,1517.9036790187213,-1631.4427842620728,1631.4427842620728,51.80258200498324,valid,ok,ok,zero_length_angle_vector,zero_length_angle_vector,175aad97304bc1efcc5da1ef9c37712fdcee8d0161a6f80fd823a18cef9139a0,65f23fa36b3b8d60dd074cdf6ac988815b8c1192f5c1dbd52e4088e2a4335079
7-1-6(3),2,attunet_cl_fixed,3407,retained_segment_count,annotation_mask_same_extractor,113,209,96.0,96.0,84.95575221238938,valid,ok,ok,zero_length_angle_vector,zero_length_angle_vector,175aad97304bc1efcc5da1ef9c37712fdcee8d0161a6f80fd823a18cef9139a0,65f23fa36b3b8d60dd074cdf6ac988815b8c1192f5c1dbd52e4088e2a4335079
7-1-6(3),2,attunet_cl_fixed,3407,junction_region_count,annotation_mask_same_extractor,82,184,102.0,102.0,124.39024390243902,valid,ok,ok,zero_length_angle_vector,zero_length_angle_vector,175aad97304bc1efcc5da1ef9c37712fdcee8d0161a6f80fd823a18cef9139a0,65f23fa36b3b8d60dd074cdf6ac988815b8c1192f5c1dbd52e4088e2a4335079
7-1-6(3),2,attunet_cl_fixed,3407,mean_local_acute_angle_deg,annotation_mask_same_extractor,52.34419986077857,45.9205520936117,-6.423647767166877,6.423647767166877,12.271938026088934,valid,ok,ok,zero_length_angle_vector,zero_length_angle_vector,175aad97304bc1efcc5da1ef9c37712fdcee8d0161a6f80fd823a18cef9139a0,65f23fa36b3b8d60dd074cdf6ac988815b8c1192f5c1dbd52e4088e2a4335079
7-1-6(4),0,attunet_cl_fixed,3407,dominant_path_length,annotation_mask_same_extractor,2934.7922061357463,3706.3039661686266,771.5117600328804,771.5117600328804,26.28846289082706,valid,ok,ok,,,c0fc24472241d6b39ede8026e685b39939da6b7eb296c7092ba9ef7c6acbe239,b20ed1c3abff4f73f612d7012e3ecaf3e0b3fd0de71fe578bce8c84a7442aba8
7-1-6(4),0,attunet_cl_fixed,3407,retained_segment_count,annotation_mask_same_extractor,402,594,192.0,192.0,47.76119402985074,valid,ok,ok,,,c0fc24472241d6b39ede8026e685b39939da6b7eb296c7092ba9ef7c6acbe239,b20ed1c3abff4f73f612d7012e3ecaf3e0b3fd0de71fe578bce8c84a7442aba8
7-1-6(4),0,attunet_cl_fixed,3407,junction_region_count,annotation_mask_same_extractor,320,584,264.0,264.0,82.5,valid,ok,ok,,,c0fc24472241d6b39ede8026e685b39939da6b7eb296c7092ba9ef7c6acbe239,b20ed1c3abff4f73f612d7012e3ecaf3e0b3fd0de71fe578bce8c84a7442aba8
7-1-6(4),0,attunet_cl_fixed,3407,mean_local_acute_angle_deg,annotation_mask_same_extractor,45.58572184508618,46.0561200991257,0.47039825403952307,0.47039825403952307,1.0318982238299879,valid,ok,ok,,,c0fc24472241d6b39ede8026e685b39939da6b7eb296c7092ba9ef7c6acbe239,b20ed1c3abff4f73f612d7012e3ecaf3e0b3fd0de71fe578bce8c84a7442aba8
DN50-235-25-6(2),1,attunet_cl_fixed,3407,dominant_path_length,annotation_mask_same_extractor,1654.4398256692953,1232.5849198858539,-421.8549057834414,421.8549057834414,25.49835293119725,valid,ok,ok,,,26158010911e4857cbb5605c765e186f4f05e7d62b2dcff5cd35f9038e6d54e6,973ca4926f2a37d0ac58bcb4e2dc5f65e3ea1baadb98ed07bc9791ef3932ced2
DN50-235-25-6(2),1,attunet_cl_fixed,3407,retained_segment_count,annotation_mask_same_extractor,104,209,105.0,105.0,100.96153846153845,valid,ok,ok,,,26158010911e4857cbb5605c765e186f4f05e7d62b2dcff5cd35f9038e6d54e6,973ca4926f2a37d0ac58bcb4e2dc5f65e3ea1baadb98ed07bc9791ef3932ced2
DN50-235-25-6(2),1,attunet_cl_fixed,3407,junction_region_count,annotation_mask_same_extractor,97,246,149.0,149.0,153.60824742268042,valid,ok,ok,,,26158010911e4857cbb5605c765e186f4f05e7d62b2dcff5cd35f9038e6d54e6,973ca4926f2a37d0ac58bcb4e2dc5f65e3ea1baadb98ed07bc9791ef3932ced2
DN50-235-25-6(2),1,attunet_cl_fixed,3407,mean_local_acute_angle_deg,annotation_mask_same_extractor,48.376302759478975,46.81440247655636,-1.5619002829226147,1.5619002829226147,3.2286474861218535,valid,ok,ok,,,26158010911e4857cbb5605c765e186f4f05e7d62b2dcff5cd35f9038e6d54e6,973ca4926f2a37d0ac58bcb4e2dc5f65e3ea1baadb98ed07bc9791ef3932ced2
DN50-235-25-6(3),1,attunet_cl_fixed,3407,dominant_path_length,annotation_mask_same_extractor,956.9015869776664,903.2813126546342,-53.62027432303216,53.62027432303216,5.60353071337143,valid,ok,ok,,zero_length_angle_vector,1c99a68f93f5396eb9701167417e60c3f506eddaae41784653661a85b4318891,68731fb614cb53d15ef6622ae1a717d97ec13c4ac69683d8db7d3df5c0887bd8
DN50-235-25-6(3),1,attunet_cl_fixed,3407,retained_segment_count,annotation_mask_same_extractor,110,176,66.0,66.0,60.0,valid,ok,ok,,zero_length_angle_vector,1c99a68f93f5396eb9701167417e60c3f506eddaae41784653661a85b4318891,68731fb614cb53d15ef6622ae1a717d97ec13c4ac69683d8db7d3df5c0887bd8
DN50-235-25-6(3),1,attunet_cl_fixed,3407,junction_region_count,annotation_mask_same_extractor,90,194,104.0,104.0,115.55555555555554,valid,ok,ok,,zero_length_angle_vector,1c99a68f93f5396eb9701167417e60c3f506eddaae41784653661a85b4318891,68731fb614cb53d15ef6622ae1a717d97ec13c4ac69683d8db7d3df5c0887bd8
DN50-235-25-6(3),1,attunet_cl_fixed,3407,mean_local_acute_angle_deg,annotation_mask_same_extractor,55.84661373210531,45.45391793548807,-10.39269579661724,10.39269579661724,18.609357133936033,valid,ok,ok,,zero_length_angle_vector,1c99a68f93f5396eb9701167417e60c3f506eddaae41784653661a85b4318891,68731fb614cb53d15ef6622ae1a717d97ec13c4ac69683d8db7d3df5c0887bd8
DN50-235-25-7(1),0,attunet_cl_fixed,3407,dominant_path_length,annotation_mask_same_extractor,835.1076477383253,721.6538956566643,-113.45375208166104,113.45375208166104,13.585524260126391,valid,ok,ok,,zero_length_angle_vector,1d15d42a8683193e72d4801bf8661ed463c57674766c0904ac6147226c6fad64,82f0c7ede6a6a745937110a008c7d4eb2da1d6f8c5df679fbdef3956d5980b57
DN50-235-25-7(1),0,attunet_cl_fixed,3407,retained_segment_count,annotation_mask_same_extractor,86,104,18.0,18.0,20.930232558139537,valid,ok,ok,,zero_length_angle_vector,1d15d42a8683193e72d4801bf8661ed463c57674766c0904ac6147226c6fad64,82f0c7ede6a6a745937110a008c7d4eb2da1d6f8c5df679fbdef3956d5980b57
DN50-235-25-7(1),0,attunet_cl_fixed,3407,junction_region_count,annotation_mask_same_extractor,71,102,31.0,31.0,43.66197183098591,valid,ok,ok,,zero_length_angle_vector,1d15d42a8683193e72d4801bf8661ed463c57674766c0904ac6147226c6fad64,82f0c7ede6a6a745937110a008c7d4eb2da1d6f8c5df679fbdef3956d5980b57
DN50-235-25-7(1),0,attunet_cl_fixed,3407,mean_local_acute_angle_deg,annotation_mask_same_extractor,53.845303485648856,55.07707832796885,1.231774842319993,1.231774842319993,2.287617977022439,valid,ok,ok,,zero_length_angle_vector,1d15d42a8683193e72d4801bf8661ed463c57674766c0904ac6147226c6fad64,82f0c7ede6a6a745937110a008c7d4eb2da1d6f8c5df679fbdef3956d5980b57
W82-447-1-13-3(1),3,attunet_cl_fixed,3407,dominant_path_length,annotation_mask_same_extractor,2963.730373039836,1440.6042558696113,-1523.126117170225,1523.126117170225,51.39219582947373,valid,ok,ok,,zero_length_angle_vector,e400970fc4f5749000b5101345fe28f7835a0cd40cd105ff701d3d5565a3fd20,8ba3d9e90e61e2ad89d5cb1ac11f3835283343e15d4a6374ae6a9aec5d222056
W82-447-1-13-3(1),3,attunet_cl_fixed,3407,retained_segment_count,annotation_mask_same_extractor,76,328,252.0,252.0,331.57894736842104,valid,ok,ok,,zero_length_angle_vector,e400970fc4f5749000b5101345fe28f7835a0cd40cd105ff701d3d5565a3fd20,8ba3d9e90e61e2ad89d5cb1ac11f3835283343e15d4a6374ae6a9aec5d222056
W82-447-1-13-3(1),3,attunet_cl_fixed,3407,junction_region_count,annotation_mask_same_extractor,50,277,227.0,227.0,454.0,valid,ok,ok,,zero_length_angle_vector,e400970fc4f5749000b5101345fe28f7835a0cd40cd105ff701d3d5565a3fd20,8ba3d9e90e61e2ad89d5cb1ac11f3835283343e15d4a6374ae6a9aec5d222056
W82-447-1-13-3(1),3,attunet_cl_fixed,3407,mean_local_acute_angle_deg,annotation_mask_same_extractor,45.41755671898957,46.407244151009856,0.9896874320202826,0.9896874320202826,2.179085586095572,valid,ok,ok,,zero_length_angle_vector,e400970fc4f5749000b5101345fe28f7835a0cd40cd105ff701d3d5565a3fd20,8ba3d9e90e61e2ad89d5cb1ac11f3835283343e15d4a6374ae6a9aec5d222056
W82-447-1-13-7(1),4,attunet_cl_fixed,3407,dominant_path_length,annotation_mask_same_extractor,2599.841845922817,1522.9352083112988,-1076.9066376115181,1076.9066376115181,41.42200570009169,valid,ok,ok,,zero_length_angle_vector,d7caafd48ba702bb9ca2578cb356a3cab186bfab19d8fbb7f0fc5a6ba0ddb53b,ab5775c579f266d2c7bb71f68c297cbd797e5debac7e31f0b5a20e178d1fd2e3
W82-447-1-13-7(1),4,attunet_cl_fixed,3407,retained_segment_count,annotation_mask_same_extractor,161,181,20.0,20.0,12.422360248447205,valid,ok,ok,,zero_length_angle_vector,d7caafd48ba702bb9ca2578cb356a3cab186bfab19d8fbb7f0fc5a6ba0ddb53b,ab5775c579f266d2c7bb71f68c297cbd797e5debac7e31f0b5a20e178d1fd2e3
W82-447-1-13-7(1),4,attunet_cl_fixed,3407,junction_region_count,annotation_mask_same_extractor,124,141,17.0,17.0,13.709677419354838,valid,ok,ok,,zero_length_angle_vector,d7caafd48ba702bb9ca2578cb356a3cab186bfab19d8fbb7f0fc5a6ba0ddb53b,ab5775c579f266d2c7bb71f68c297cbd797e5debac7e31f0b5a20e178d1fd2e3
W82-447-1-13-7(1),4,attunet_cl_fixed,3407,mean_local_acute_angle_deg,annotation_mask_same_extractor,45.765543776284055,52.981121056430005,7.215577280145951,7.215577280145951,15.766396910780509,valid,ok,ok,,zero_length_angle_vector,d7caafd48ba702bb9ca2578cb356a3cab186bfab19d8fbb7f0fc5a6ba0ddb53b,ab5775c579f266d2c7bb71f68c297cbd797e5debac7e31f0b5a20e178d1fd2e3
W82-447-1-13-7(2),3,attunet_cl_fixed,3407,dominant_path_length,annotation_mask_same_extractor,2569.818684794427,604.0975464705602,-1965.7211383238669,1965.7211383238669,76.4926004295558,valid,ok,ok,zero_length_angle_vector,zero_length_angle_vector,8401bb2188e5c3832e902ef0e29c7a72c6580cd0868364d9f97716efdec87255,8e611c27971f08de005d4d2b4aef4012da50b2c484d8139e814269d0def97fe6
W82-447-1-13-7(2),3,attunet_cl_fixed,3407,retained_segment_count,annotation_mask_same_extractor,37,75,38.0,38.0,102.7027027027027,valid,ok,ok,zero_length_angle_vector,zero_length_angle_vector,8401bb2188e5c3832e902ef0e29c7a72c6580cd0868364d9f97716efdec87255,8e611c27971f08de005d4d2b4aef4012da50b2c484d8139e814269d0def97fe6
W82-447-1-13-7(2),3,attunet_cl_fixed,3407,junction_region_count,annotation_mask_same_extractor,28,85,57.0,57.0,203.57142857142856,valid,ok,ok,zero_length_angle_vector,zero_length_angle_vector,8401bb2188e5c3832e902ef0e29c7a72c6580cd0868364d9f97716efdec87255,8e611c27971f08de005d4d2b4aef4012da50b2c484d8139e814269d0def97fe6
W82-447-1-13-7(2),3,attunet_cl_fixed,3407,mean_local_acute_angle_deg,annotation_mask_same_extractor,56.21991760625045,50.34426508997683,-5.875652516273618,5.875652516273618,10.451193752052692,valid,ok,ok,zero_length_angle_vector,zero_length_angle_vector,8401bb2188e5c3832e902ef0e29c7a72c6580cd0868364d9f97716efdec87255,8e611c27971f08de005d4d2b4aef4012da50b2c484d8139e814269d0def97fe6
W82-447-1-13-7(3),2,attunet_cl_fixed,3407,dominant_path_length,annotation_mask_same_extractor,3607.1963184303277,1942.1189744953729,-1665.0773439349548,1665.0773439349548,46.15987589662194,valid,ok,ok,zero_length_angle_vector,zero_length_angle_vector,4b63fae36f1e264804fc841b3fbba41c7e9f5be06b268aa37989d57f23a39479,beae99855c5f95043add0aa6a66df82698a030d3f553460af57071998eac285d
W82-447-1-13-7(3),2,attunet_cl_fixed,3407,retained_segment_count,annotation_mask_same_extractor,125,569,444.0,444.0,355.2,valid,ok,ok,zero_length_angle_vector,zero_length_angle_vector,4b63fae36f1e264804fc841b3fbba41c7e9f5be06b268aa37989d57f23a39479,beae99855c5f95043add0aa6a66df82698a030d3f553460af57071998eac285d
W82-447-1-13-7(3),2,attunet_cl_fixed,3407,junction_region_count,annotation_mask_same_extractor,86,476,390.0,390.0,453.48837209302326,valid,ok,ok,zero_length_angle_vector,zero_length_angle_vector,4b63fae36f1e264804fc841b3fbba41c7e9f5be06b268aa37989d57f23a39479,beae99855c5f95043add0aa6a66df82698a030d3f553460af57071998eac285d
W82-447-1-13-7(3),2,attunet_cl_fixed,3407,mean_local_acute_angle_deg,annotation_mask_same_extractor,42.04523834094305,43.682899285759454,1.6376609448164032,1.6376609448164032,3.8949974109712024,valid,ok,ok,zero_length_angle_vector,zero_length_angle_vector,4b63fae36f1e264804fc841b3fbba41c7e9f5be06b268aa37989d57f23a39479,beae99855c5f95043add0aa6a66df82698a030d3f553460af57071998eac285d
10-1-1,3,attunet_cl_fixed,2026,dominant_path_length,annotation_mask_same_extractor,3519.0348468227903,2609.417531092646,-909.6173157301441,909.6173157301441,25.848488444250695,valid,ok,ok,zero_length_angle_vector,zero_length_angle_vector,8664187dcbcab44c4dae8da26d028efb21268d9709753c186a39d03660a06fc7,3a3b8f69bb548e3d0da99bed1bf2ea0805976cd787453f31d47d4d5395027eec
10-1-1,3,attunet_cl_fixed,2026,retained_segment_count,annotation_mask_same_extractor,134,156,22.0,22.0,16.417910447761194,valid,ok,ok,zero_length_angle_vector,zero_length_angle_vector,8664187dcbcab44c4dae8da26d028efb21268d9709753c186a39d03660a06fc7,3a3b8f69bb548e3d0da99bed1bf2ea0805976cd787453f31d47d4d5395027eec
10-1-1,3,attunet_cl_fixed,2026,junction_region_count,annotation_mask_same_extractor,121,162,41.0,41.0,33.88429752066116,valid,ok,ok,zero_length_angle_vector,zero_length_angle_vector,8664187dcbcab44c4dae8da26d028efb21268d9709753c186a39d03660a06fc7,3a3b8f69bb548e3d0da99bed1bf2ea0805976cd787453f31d47d4d5395027eec
10-1-1,3,attunet_cl_fixed,2026,mean_local_acute_angle_deg,annotation_mask_same_extractor,64.6739875375559,53.328853660269125,-11.345133877286777,11.345133877286777,17.542035537392383,valid,ok,ok,zero_length_angle_vector,zero_length_angle_vector,8664187dcbcab44c4dae8da26d028efb21268d9709753c186a39d03660a06fc7,3a3b8f69bb548e3d0da99bed1bf2ea0805976cd787453f31d47d4d5395027eec
10-1-1(1),3,attunet_cl_fixed,2026,dominant_path_length,annotation_mask_same_extractor,2848.0794359760534,1088.0803025278574,-1759.999133448196,1759.999133448196,61.795998777858316,valid,ok,ok,,zero_length_angle_vector,c95c0337715266ccd3aad838a4ef3ab80e74ba76f5d714ecb44e5a5615b3ce7c,d1406381cec2e3d25ffc943095fd53eb947bd864aa6e42135a447a64d80a1c76
10-1-1(1),3,attunet_cl_fixed,2026,retained_segment_count,annotation_mask_same_extractor,35,96,61.0,61.0,174.28571428571428,valid,ok,ok,,zero_length_angle_vector,c95c0337715266ccd3aad838a4ef3ab80e74ba76f5d714ecb44e5a5615b3ce7c,d1406381cec2e3d25ffc943095fd53eb947bd864aa6e42135a447a64d80a1c76
10-1-1(1),3,attunet_cl_fixed,2026,junction_region_count,annotation_mask_same_extractor,28,89,61.0,61.0,217.85714285714283,valid,ok,ok,,zero_length_angle_vector,c95c0337715266ccd3aad838a4ef3ab80e74ba76f5d714ecb44e5a5615b3ce7c,d1406381cec2e3d25ffc943095fd53eb947bd864aa6e42135a447a64d80a1c76
10-1-1(1),3,attunet_cl_fixed,2026,mean_local_acute_angle_deg,annotation_mask_same_extractor,45.23478785039287,50.77821392403446,5.543426073641591,5.543426073641591,12.254785171040535,valid,ok,ok,,zero_length_angle_vector,c95c0337715266ccd3aad838a4ef3ab80e74ba76f5d714ecb44e5a5615b3ce7c,d1406381cec2e3d25ffc943095fd53eb947bd864aa6e42135a447a64d80a1c76
10-1-1(2),1,attunet_cl_fixed,2026,dominant_path_length,annotation_mask_same_extractor,1262.4823227814104,759.5777772109162,-502.9045455704942,502.9045455704942,39.83458116566187,valid,ok,ok,,zero_length_angle_vector,6c74e98b918771eb646a7e1d44c8ef0b3c96078814c8b8db61045d1816697d12,b14b06a6bb2fd1c160da1d4c38869f991b00c8765df14973b569ee555c70968c
10-1-1(2),1,attunet_cl_fixed,2026,retained_segment_count,annotation_mask_same_extractor,25,41,16.0,16.0,64.0,valid,ok,ok,,zero_length_angle_vector,6c74e98b918771eb646a7e1d44c8ef0b3c96078814c8b8db61045d1816697d12,b14b06a6bb2fd1c160da1d4c38869f991b00c8765df14973b569ee555c70968c
10-1-1(2),1,attunet_cl_fixed,2026,junction_region_count,annotation_mask_same_extractor,23,35,12.0,12.0,52.17391304347826,valid,ok,ok,,zero_length_angle_vector,6c74e98b918771eb646a7e1d44c8ef0b3c96078814c8b8db61045d1816697d12,b14b06a6bb2fd1c160da1d4c38869f991b00c8765df14973b569ee555c70968c
10-1-1(2),1,attunet_cl_fixed,2026,mean_local_acute_angle_deg,annotation_mask_same_extractor,46.29442229680335,43.52660220674282,-2.7678200900605248,2.7678200900605248,5.978733404027474,valid,ok,ok,,zero_length_angle_vector,6c74e98b918771eb646a7e1d44c8ef0b3c96078814c8b8db61045d1816697d12,b14b06a6bb2fd1c160da1d4c38869f991b00c8765df14973b569ee555c70968c
10-1-1(3),2,attunet_cl_fixed,2026,dominant_path_length,annotation_mask_same_extractor,2611.2834046956673,2298.1525958289794,-313.13080886668786,313.13080886668786,11.991452490511339,valid,ok,ok,,zero_length_angle_vector,49a1138291b2427ae244c26c8d481f7bf7c311eb24e2003613787dba24d6ff37,6f6a5205aa81526a858ba4030021a49536da86628e1b3623dc2fb54d52091904
10-1-1(3),2,attunet_cl_fixed,2026,retained_segment_count,annotation_mask_same_extractor,36,122,86.0,86.0,238.88888888888889,valid,ok,ok,,zero_length_angle_vector,49a1138291b2427ae244c26c8d481f7bf7c311eb24e2003613787dba24d6ff37,6f6a5205aa81526a858ba4030021a49536da86628e1b3623dc2fb54d52091904
10-1-1(3),2,attunet_cl_fixed,2026,junction_region_count,annotation_mask_same_extractor,23,155,132.0,132.0,573.9130434782609,valid,ok,ok,,zero_length_angle_vector,49a1138291b2427ae244c26c8d481f7bf7c311eb24e2003613787dba24d6ff37,6f6a5205aa81526a858ba4030021a49536da86628e1b3623dc2fb54d52091904
10-1-1(3),2,attunet_cl_fixed,2026,mean_local_acute_angle_deg,annotation_mask_same_extractor,44.403113779145116,55.85724281961157,11.454129040466455,11.454129040466455,25.795778866855358,valid,ok,ok,,zero_length_angle_vector,49a1138291b2427ae244c26c8d481f7bf7c311eb24e2003613787dba24d6ff37,6f6a5205aa81526a858ba4030021a49536da86628e1b3623dc2fb54d52091904
10-1-2,2,attunet_cl_fixed,2026,dominant_path_length,annotation_mask_same_extractor,3713.5222202381024,3440.657213186893,-272.86500705120943,272.86500705120943,7.347875975108989,valid,ok,ok,zero_length_angle_vector,,353a8fded79e4327f12b6866ba2014151a10168db01aad99108b5fae01f5e4ac,0a5d6db7a513fa1bb3997c7c550dccc0b5e3d6ddc2a194f2bf075af5458c0a24
10-1-2,2,attunet_cl_fixed,2026,retained_segment_count,annotation_mask_same_extractor,171,399,228.0,228.0,133.33333333333331,valid,ok,ok,zero_length_angle_vector,,353a8fded79e4327f12b6866ba2014151a10168db01aad99108b5fae01f5e4ac,0a5d6db7a513fa1bb3997c7c550dccc0b5e3d6ddc2a194f2bf075af5458c0a24
10-1-2,2,attunet_cl_fixed,2026,junction_region_count,annotation_mask_same_extractor,124,377,253.0,253.0,204.03225806451616,valid,ok,ok,zero_length_angle_vector,,353a8fded79e4327f12b6866ba2014151a10168db01aad99108b5fae01f5e4ac,0a5d6db7a513fa1bb3997c7c550dccc0b5e3d6ddc2a194f2bf075af5458c0a24
10-1-2,2,attunet_cl_fixed,2026,mean_local_acute_angle_deg,annotation_mask_same_extractor,58.66827912377103,56.28100956751605,-2.387269556254978,2.387269556254978,4.069097631479209,valid,ok,ok,zero_length_angle_vector,,353a8fded79e4327f12b6866ba2014151a10168db01aad99108b5fae01f5e4ac,0a5d6db7a513fa1bb3997c7c550dccc0b5e3d6ddc2a194f2bf075af5458c0a24
10-1-2(1),4,attunet_cl_fixed,2026,dominant_path_length,annotation_mask_same_extractor,3355.4095218658804,471.16147160748835,-2884.248050258392,2884.248050258392,85.95815299035439,valid,ok,ok,zero_length_angle_vector,zero_length_angle_vector,dca0abd7cde7ab357484642e540a2d1fa449818245a1cd800eb7c824264f02ad,4d74e1528834caac9909b677ffe6c031b4e9c39c4259bbb2b07621db864914f7
10-1-2(1),4,attunet_cl_fixed,2026,retained_segment_count,annotation_mask_same_extractor,118,113,-5.0,5.0,4.23728813559322,valid,ok,ok,zero_length_angle_vector,zero_length_angle_vector,dca0abd7cde7ab357484642e540a2d1fa449818245a1cd800eb7c824264f02ad,4d74e1528834caac9909b677ffe6c031b4e9c39c4259bbb2b07621db864914f7
10-1-2(1),4,attunet_cl_fixed,2026,junction_region_count,annotation_mask_same_extractor,111,92,-19.0,19.0,17.117117117117118,valid,ok,ok,zero_length_angle_vector,zero_length_angle_vector,dca0abd7cde7ab357484642e540a2d1fa449818245a1cd800eb7c824264f02ad,4d74e1528834caac9909b677ffe6c031b4e9c39c4259bbb2b07621db864914f7
10-1-2(1),4,attunet_cl_fixed,2026,mean_local_acute_angle_deg,annotation_mask_same_extractor,64.3632990483418,49.825247442251296,-14.538051606090505,14.538051606090505,22.587486690468285,valid,ok,ok,zero_length_angle_vector,zero_length_angle_vector,dca0abd7cde7ab357484642e540a2d1fa449818245a1cd800eb7c824264f02ad,4d74e1528834caac9909b677ffe6c031b4e9c39c4259bbb2b07621db864914f7
10-1-2(2),1,attunet_cl_fixed,2026,dominant_path_length,annotation_mask_same_extractor,3058.3027406794067,1930.6235918533691,-1127.6791488260376,1127.6791488260376,36.87271158039514,valid,ok,ok,,zero_length_angle_vector,4b38a74ce55736e7f197e42aeba61399727ea00792e40e895bf41a3d30fe7957,da9ae79fb91a000354226bb621b32a31ff2b12e0e857216fc2c9f1bf10b00b9c
10-1-2(2),1,attunet_cl_fixed,2026,retained_segment_count,annotation_mask_same_extractor,191,261,70.0,70.0,36.64921465968586,valid,ok,ok,,zero_length_angle_vector,4b38a74ce55736e7f197e42aeba61399727ea00792e40e895bf41a3d30fe7957,da9ae79fb91a000354226bb621b32a31ff2b12e0e857216fc2c9f1bf10b00b9c
10-1-2(2),1,attunet_cl_fixed,2026,junction_region_count,annotation_mask_same_extractor,175,206,31.0,31.0,17.71428571428571,valid,ok,ok,,zero_length_angle_vector,4b38a74ce55736e7f197e42aeba61399727ea00792e40e895bf41a3d30fe7957,da9ae79fb91a000354226bb621b32a31ff2b12e0e857216fc2c9f1bf10b00b9c
10-1-2(2),1,attunet_cl_fixed,2026,mean_local_acute_angle_deg,annotation_mask_same_extractor,65.94127676600104,46.67880301629181,-19.26247374970923,19.26247374970923,29.21155715268294,valid,ok,ok,,zero_length_angle_vector,4b38a74ce55736e7f197e42aeba61399727ea00792e40e895bf41a3d30fe7957,da9ae79fb91a000354226bb621b32a31ff2b12e0e857216fc2c9f1bf10b00b9c
10-1-2(3),0,attunet_cl_fixed,2026,dominant_path_length,annotation_mask_same_extractor,2345.481456229622,938.0092347159919,-1407.47222151363,1407.47222151363,60.00781706354446,valid,ok,ok,,zero_length_angle_vector,0508c3be24e6c021d5aacff3b5010997bb235211f0adc484cda889c0830022b8,fa871506e69b7145422087ae56e1329fd7e9928cce1ad61f4b82ce9b6368b501
10-1-2(3),0,attunet_cl_fixed,2026,retained_segment_count,annotation_mask_same_extractor,115,218,103.0,103.0,89.56521739130436,valid,ok,ok,,zero_length_angle_vector,0508c3be24e6c021d5aacff3b5010997bb235211f0adc484cda889c0830022b8,fa871506e69b7145422087ae56e1329fd7e9928cce1ad61f4b82ce9b6368b501
10-1-2(3),0,attunet_cl_fixed,2026,junction_region_count,annotation_mask_same_extractor,84,206,122.0,122.0,145.23809523809524,valid,ok,ok,,zero_length_angle_vector,0508c3be24e6c021d5aacff3b5010997bb235211f0adc484cda889c0830022b8,fa871506e69b7145422087ae56e1329fd7e9928cce1ad61f4b82ce9b6368b501
10-1-2(3),0,attunet_cl_fixed,2026,mean_local_acute_angle_deg,annotation_mask_same_extractor,50.491311152922826,50.54249373342312,0.05118258050029567,0.05118258050029567,0.101369085752753,valid,ok,ok,,zero_length_angle_vector,0508c3be24e6c021d5aacff3b5010997bb235211f0adc484cda889c0830022b8,fa871506e69b7145422087ae56e1329fd7e9928cce1ad61f4b82ce9b6368b501
10-1-3,0,attunet_cl_fixed,2026,dominant_path_length,annotation_mask_same_extractor,2813.8023074034836,1079.3250352560317,-1734.477272147452,1734.477272147452,61.641760246759844,valid,ok,ok,,,2cd8dd3611b047ab44310b595f5423ee107fb5f6bbd6f0ce078f5a1c70656dd8,5bef29cf922d0aa99e67b9672f39abe5b65107d1ef0b845529d67b704c79c5ca
10-1-3,0,attunet_cl_fixed,2026,retained_segment_count,annotation_mask_same_extractor,172,252,80.0,80.0,46.51162790697674,valid,ok,ok,,,2cd8dd3611b047ab44310b595f5423ee107fb5f6bbd6f0ce078f5a1c70656dd8,5bef29cf922d0aa99e67b9672f39abe5b65107d1ef0b845529d67b704c79c5ca
10-1-3,0,attunet_cl_fixed,2026,junction_region_count,annotation_mask_same_extractor,123,249,126.0,126.0,102.4390243902439,valid,ok,ok,,,2cd8dd3611b047ab44310b595f5423ee107fb5f6bbd6f0ce078f5a1c70656dd8,5bef29cf922d0aa99e67b9672f39abe5b65107d1ef0b845529d67b704c79c5ca
10-1-3,0,attunet_cl_fixed,2026,mean_local_acute_angle_deg,annotation_mask_same_extractor,50.036178890454096,44.64616136002479,-5.390017530429304,5.390017530429304,10.772240506673885,valid,ok,ok,,,2cd8dd3611b047ab44310b595f5423ee107fb5f6bbd6f0ce078f5a1c70656dd8,5bef29cf922d0aa99e67b9672f39abe5b65107d1ef0b845529d67b704c79c5ca
10-1-9(1),3,attunet_cl_fixed,2026,dominant_path_length,annotation_mask_same_extractor,3092.5058428472184,1508.7098115668823,-1583.7960312803361,1583.7960312803361,51.214002875485654,valid,ok,ok,zero_length_angle_vector,zero_length_angle_vector,6bdc1df0f3e1a66f56d545bec926abaf60b6bca31c0f8ea06ad939681c464d8a,ee9dfccc141f00fa765d271fef44523d36bf17498c16fe0deb288b4ad317c907
10-1-9(1),3,attunet_cl_fixed,2026,retained_segment_count,annotation_mask_same_extractor,106,292,186.0,186.0,175.47169811320757,valid,ok,ok,zero_length_angle_vector,zero_length_angle_vector,6bdc1df0f3e1a66f56d545bec926abaf60b6bca31c0f8ea06ad939681c464d8a,ee9dfccc141f00fa765d271fef44523d36bf17498c16fe0deb288b4ad317c907
10-1-9(1),3,attunet_cl_fixed,2026,junction_region_count,annotation_mask_same_extractor,91,346,255.0,255.0,280.2197802197802,valid,ok,ok,zero_length_angle_vector,zero_length_angle_vector,6bdc1df0f3e1a66f56d545bec926abaf60b6bca31c0f8ea06ad939681c464d8a,ee9dfccc141f00fa765d271fef44523d36bf17498c16fe0deb288b4ad317c907
10-1-9(1),3,attunet_cl_fixed,2026,mean_local_acute_angle_deg,annotation_mask_same_extractor,62.85401304883498,52.973000372662305,-9.881012676172674,9.881012676172674,15.720575659179525,valid,ok,ok,zero_length_angle_vector,zero_length_angle_vector,6bdc1df0f3e1a66f56d545bec926abaf60b6bca31c0f8ea06ad939681c464d8a,ee9dfccc141f00fa765d271fef44523d36bf17498c16fe0deb288b4ad317c907
10-1-9(2),3,attunet_cl_fixed,2026,dominant_path_length,annotation_mask_same_extractor,3383.6256838943486,2069.886435076018,-1313.7392488183305,1313.7392488183305,38.82637654252275,valid,ok,ok,zero_length_angle_vector,zero_length_angle_vector,e68f65f812ffdebb564961ebaea365b072d4546ab06227eea2987e2d586b741c,ad5d1bf38c0d9813db9df1864f6ae0d312deeaede6c0d905cb0dc4c2244b61a4
10-1-9(2),3,attunet_cl_fixed,2026,retained_segment_count,annotation_mask_same_extractor,71,162,91.0,91.0,128.16901408450704,valid,ok,ok,zero_length_angle_vector,zero_length_angle_vector,e68f65f812ffdebb564961ebaea365b072d4546ab06227eea2987e2d586b741c,ad5d1bf38c0d9813db9df1864f6ae0d312deeaede6c0d905cb0dc4c2244b61a4
10-1-9(2),3,attunet_cl_fixed,2026,junction_region_count,annotation_mask_same_extractor,68,169,101.0,101.0,148.52941176470588,valid,ok,ok,zero_length_angle_vector,zero_length_angle_vector,e68f65f812ffdebb564961ebaea365b072d4546ab06227eea2987e2d586b741c,ad5d1bf38c0d9813db9df1864f6ae0d312deeaede6c0d905cb0dc4c2244b61a4
10-1-9(2),3,attunet_cl_fixed,2026,mean_local_acute_angle_deg,annotation_mask_same_extractor,74.17544013119233,64.205946276557,-9.969493854635331,9.969493854635331,13.440424265771158,valid,ok,ok,zero_length_angle_vector,zero_length_angle_vector,e68f65f812ffdebb564961ebaea365b072d4546ab06227eea2987e2d586b741c,ad5d1bf38c0d9813db9df1864f6ae0d312deeaede6c0d905cb0dc4c2244b61a4
10-1-9(3),4,attunet_cl_fixed,2026,dominant_path_length,annotation_mask_same_extractor,3197.890619158038,349.308657865102,-2848.5819612929363,2848.5819612929363,89.07690413885794,valid,ok,ok,zero_length_angle_vector,zero_length_angle_vector,a679e2e7ed9fdcb61509a97389dcfc4f21915719e2fb5feb5bf89f66c0d48f13,285780bcfcb8a9fd68a2eebe9c1034e321544b22cbf1968139e82e30c4cfb6d0
10-1-9(3),4,attunet_cl_fixed,2026,retained_segment_count,annotation_mask_same_extractor,41,119,78.0,78.0,190.2439024390244,valid,ok,ok,zero_length_angle_vector,zero_length_angle_vector,a679e2e7ed9fdcb61509a97389dcfc4f21915719e2fb5feb5bf89f66c0d48f13,285780bcfcb8a9fd68a2eebe9c1034e321544b22cbf1968139e82e30c4cfb6d0
10-1-9(3),4,attunet_cl_fixed,2026,junction_region_count,annotation_mask_same_extractor,28,96,68.0,68.0,242.85714285714283,valid,ok,ok,zero_length_angle_vector,zero_length_angle_vector,a679e2e7ed9fdcb61509a97389dcfc4f21915719e2fb5feb5bf89f66c0d48f13,285780bcfcb8a9fd68a2eebe9c1034e321544b22cbf1968139e82e30c4cfb6d0
10-1-9(3),4,attunet_cl_fixed,2026,mean_local_acute_angle_deg,annotation_mask_same_extractor,72.9003576118845,52.0016827046703,-20.8986749072142,20.8986749072142,28.66745183676193,valid,ok,ok,zero_length_angle_vector,zero_length_angle_vector,a679e2e7ed9fdcb61509a97389dcfc4f21915719e2fb5feb5bf89f66c0d48f13,285780bcfcb8a9fd68a2eebe9c1034e321544b22cbf1968139e82e30c4cfb6d0
10-2-1,0,attunet_cl_fixed,2026,dominant_path_length,annotation_mask_same_extractor,3683.691701072309,1958.807358037443,-1724.884343034866,1724.884343034866,46.8248833780731,valid,ok,ok,,,fa084051c73ad9c7523229d0a267965c6c54c6c2f9b135b697a09f5f4d254434,561a6641c9dfa4cac38357c7adf20f2fd912c42d6fcc5ea8cd9f752fb9a213c5
10-2-1,0,attunet_cl_fixed,2026,retained_segment_count,annotation_mask_same_extractor,226,328,102.0,102.0,45.13274336283185,valid,ok,ok,,,fa084051c73ad9c7523229d0a267965c6c54c6c2f9b135b697a09f5f4d254434,561a6641c9dfa4cac38357c7adf20f2fd912c42d6fcc5ea8cd9f752fb9a213c5
10-2-1,0,attunet_cl_fixed,2026,junction_region_count,annotation_mask_same_extractor,188,305,117.0,117.0,62.23404255319149,valid,ok,ok,,,fa084051c73ad9c7523229d0a267965c6c54c6c2f9b135b697a09f5f4d254434,561a6641c9dfa4cac38357c7adf20f2fd912c42d6fcc5ea8cd9f752fb9a213c5
10-2-1,0,attunet_cl_fixed,2026,mean_local_acute_angle_deg,annotation_mask_same_extractor,56.550116513732696,44.82578912745004,-11.72432738628266,11.72432738628266,20.73263170631224,valid,ok,ok,,,fa084051c73ad9c7523229d0a267965c6c54c6c2f9b135b697a09f5f4d254434,561a6641c9dfa4cac38357c7adf20f2fd912c42d6fcc5ea8cd9f752fb9a213c5
10-2-2,3,attunet_cl_fixed,2026,dominant_path_length,annotation_mask_same_extractor,3768.2156544140043,4788.994441751782,1020.7787873377774,1020.7787873377774,27.089181749512125,valid,ok,ok,,,888178f6e1d682dbadbaecc08afac163678dd08a3e69f328f11b072009899c8c,43f5e5da404b66ab92628040104d94bd90df323d50534926ac51e9465a3ef7ee
10-2-2,3,attunet_cl_fixed,2026,retained_segment_count,annotation_mask_same_extractor,329,404,75.0,75.0,22.796352583586625,valid,ok,ok,,,888178f6e1d682dbadbaecc08afac163678dd08a3e69f328f11b072009899c8c,43f5e5da404b66ab92628040104d94bd90df323d50534926ac51e9465a3ef7ee
10-2-2,3,attunet_cl_fixed,2026,junction_region_count,annotation_mask_same_extractor,293,390,97.0,97.0,33.105802047781566,valid,ok,ok,,,888178f6e1d682dbadbaecc08afac163678dd08a3e69f328f11b072009899c8c,43f5e5da404b66ab92628040104d94bd90df323d50534926ac51e9465a3ef7ee
10-2-2,3,attunet_cl_fixed,2026,mean_local_acute_angle_deg,annotation_mask_same_extractor,59.493993970760265,56.02305003632932,-3.4709439344309416,3.4709439344309416,5.834108122135521,valid,ok,ok,,,888178f6e1d682dbadbaecc08afac163678dd08a3e69f328f11b072009899c8c,43f5e5da404b66ab92628040104d94bd90df323d50534926ac51e9465a3ef7ee
10-2-3,3,attunet_cl_fixed,2026,dominant_path_length,annotation_mask_same_extractor,782.7442994522875,619.239682094291,-163.5046173579965,163.5046173579965,20.888637256433064,valid,ok,ok,,zero_length_angle_vector,c128b6196f3a108faac4ed970bea2b3e2ee4f4c0090aafd759b5f39cfd31c0d6,7b0829a8f8aa50daa26f4ff634b6c36ed0ae00a39af67023d1ba5f53529052d0
10-2-3,3,attunet_cl_fixed,2026,retained_segment_count,annotation_mask_same_extractor,27,68,41.0,41.0,151.85185185185185,valid,ok,ok,,zero_length_angle_vector,c128b6196f3a108faac4ed970bea2b3e2ee4f4c0090aafd759b5f39cfd31c0d6,7b0829a8f8aa50daa26f4ff634b6c36ed0ae00a39af67023d1ba5f53529052d0
10-2-3,3,attunet_cl_fixed,2026,junction_region_count,annotation_mask_same_extractor,18,52,34.0,34.0,188.88888888888889,valid,ok,ok,,zero_length_angle_vector,c128b6196f3a108faac4ed970bea2b3e2ee4f4c0090aafd759b5f39cfd31c0d6,7b0829a8f8aa50daa26f4ff634b6c36ed0ae00a39af67023d1ba5f53529052d0
10-2-3,3,attunet_cl_fixed,2026,mean_local_acute_angle_deg,annotation_mask_same_extractor,44.17449818904469,47.0979956574631,2.923497468418411,2.923497468418411,6.61806605228951,valid,ok,ok,,zero_length_angle_vector,c128b6196f3a108faac4ed970bea2b3e2ee4f4c0090aafd759b5f39cfd31c0d6,7b0829a8f8aa50daa26f4ff634b6c36ed0ae00a39af67023d1ba5f53529052d0
10-2-4,0,attunet_cl_fixed,2026,dominant_path_length,annotation_mask_same_extractor,2714.1433611129814,899.7127701597099,-1814.4305909532716,1814.4305909532716,66.85094888315821,valid,ok,ok,,zero_length_angle_vector,3c60314b040a032dd526925859d6800fc466b21b8dedb28d643c17c54668bc8b,7879e90d8e8a8fb5850127a2c16f00847bdfc907937b27bb77257d1225285485
10-2-4,0,attunet_cl_fixed,2026,retained_segment_count,annotation_mask_same_extractor,104,197,93.0,93.0,89.42307692307693,valid,ok,ok,,zero_length_angle_vector,3c60314b040a032dd526925859d6800fc466b21b8dedb28d643c17c54668bc8b,7879e90d8e8a8fb5850127a2c16f00847bdfc907937b27bb77257d1225285485
10-2-4,0,attunet_cl_fixed,2026,junction_region_count,annotation_mask_same_extractor,93,197,104.0,104.0,111.8279569892473,valid,ok,ok,,zero_length_angle_vector,3c60314b040a032dd526925859d6800fc466b21b8dedb28d643c17c54668bc8b,7879e90d8e8a8fb5850127a2c16f00847bdfc907937b27bb77257d1225285485
10-2-4,0,attunet_cl_fixed,2026,mean_local_acute_angle_deg,annotation_mask_same_extractor,63.03310962332985,48.651097129149385,-14.382012494180465,14.382012494180465,22.81660000612977,valid,ok,ok,,zero_length_angle_vector,3c60314b040a032dd526925859d6800fc466b21b8dedb28d643c17c54668bc8b,7879e90d8e8a8fb5850127a2c16f00847bdfc907937b27bb77257d1225285485
10-9-1,2,attunet_cl_fixed,2026,dominant_path_length,annotation_mask_same_extractor,2670.711903607907,2738.586145375091,67.87424176718378,67.87424176718378,2.5414288106287835,valid,ok,ok,,,f909c402c7b2db20640a01e33f844ebeccd8ec430131c4fad30fd8305345ea91,9b5af5631285bcc6587d8fc091ad3c9b32b736e825cacdb02db9b8815b999fc0
10-9-1,2,attunet_cl_fixed,2026,retained_segment_count,annotation_mask_same_extractor,60,116,56.0,56.0,93.33333333333333,valid,ok,ok,,,f909c402c7b2db20640a01e33f844ebeccd8ec430131c4fad30fd8305345ea91,9b5af5631285bcc6587d8fc091ad3c9b32b736e825cacdb02db9b8815b999fc0
10-9-1,2,attunet_cl_fixed,2026,junction_region_count,annotation_mask_same_extractor,47,120,73.0,73.0,155.3191489361702,valid,ok,ok,,,f909c402c7b2db20640a01e33f844ebeccd8ec430131c4fad30fd8305345ea91,9b5af5631285bcc6587d8fc091ad3c9b32b736e825cacdb02db9b8815b999fc0
10-9-1,2,attunet_cl_fixed,2026,mean_local_acute_angle_deg,annotation_mask_same_extractor,45.79801641663758,51.62788899643086,5.829872579793282,5.829872579793282,12.729530743771242,valid,ok,ok,,,f909c402c7b2db20640a01e33f844ebeccd8ec430131c4fad30fd8305345ea91,9b5af5631285bcc6587d8fc091ad3c9b32b736e825cacdb02db9b8815b999fc0
10-9-2,4,attunet_cl_fixed,2026,dominant_path_length,annotation_mask_same_extractor,3136.0378054156913,2758.3515139147007,-377.6862915009906,377.6862915009906,12.043422781726546,valid,ok,ok,,zero_length_angle_vector,97a6fbf3a148ba0641a27177bb2768e92fcab2d7f8bf002f6c2735617daf5cf2,314cfcdfd362a82a410a640b1964ca2de3477631ff0e4317b5643975150c5ffd
10-9-2,4,attunet_cl_fixed,2026,retained_segment_count,annotation_mask_same_extractor,222,314,92.0,92.0,41.44144144144144,valid,ok,ok,,zero_length_angle_vector,97a6fbf3a148ba0641a27177bb2768e92fcab2d7f8bf002f6c2735617daf5cf2,314cfcdfd362a82a410a640b1964ca2de3477631ff0e4317b5643975150c5ffd
10-9-2,4,attunet_cl_fixed,2026,junction_region_count,annotation_mask_same_extractor,205,312,107.0,107.0,52.19512195121951,valid,ok,ok,,zero_length_angle_vector,97a6fbf3a148ba0641a27177bb2768e92fcab2d7f8bf002f6c2735617daf5cf2,314cfcdfd362a82a410a640b1964ca2de3477631ff0e4317b5643975150c5ffd
10-9-2,4,attunet_cl_fixed,2026,mean_local_acute_angle_deg,annotation_mask_same_extractor,60.533940641282705,53.946785823146946,-6.587154818135758,6.587154818135758,10.881754513836285,valid,ok,ok,,zero_length_angle_vector,97a6fbf3a148ba0641a27177bb2768e92fcab2d7f8bf002f6c2735617daf5cf2,314cfcdfd362a82a410a640b1964ca2de3477631ff0e4317b5643975150c5ffd
10-9-3,0,attunet_cl_fixed,2026,dominant_path_length,annotation_mask_same_extractor,3235.23794899067,2165.642927837114,-1069.595021153556,1069.595021153556,33.060783720321055,valid,ok,ok,zero_length_angle_vector,zero_length_angle_vector,a23e4c9ae8b5cd333c9ee04c6a4a84de25c4388307e8463b068e3f8f45f8c58d,2aa50278f62c267acbdc06fa6b85f46462a5ea6deb4ba7881e17cca0d7ffaf96
10-9-3,0,attunet_cl_fixed,2026,retained_segment_count,annotation_mask_same_extractor,102,257,155.0,155.0,151.96078431372547,valid,ok,ok,zero_length_angle_vector,zero_length_angle_vector,a23e4c9ae8b5cd333c9ee04c6a4a84de25c4388307e8463b068e3f8f45f8c58d,2aa50278f62c267acbdc06fa6b85f46462a5ea6deb4ba7881e17cca0d7ffaf96
10-9-3,0,attunet_cl_fixed,2026,junction_region_count,annotation_mask_same_extractor,94,251,157.0,157.0,167.0212765957447,valid,ok,ok,zero_length_angle_vector,zero_length_angle_vector,a23e4c9ae8b5cd333c9ee04c6a4a84de25c4388307e8463b068e3f8f45f8c58d,2aa50278f62c267acbdc06fa6b85f46462a5ea6deb4ba7881e17cca0d7ffaf96
10-9-3,0,attunet_cl_fixed,2026,mean_local_acute_angle_deg,annotation_mask_same_extractor,62.02962831732245,57.50990669335376,-4.519721623968685,4.519721623968685,7.286391594751026,valid,ok,ok,zero_length_angle_vector,zero_length_angle_vector,a23e4c9ae8b5cd333c9ee04c6a4a84de25c4388307e8463b068e3f8f45f8c58d,2aa50278f62c267acbdc06fa6b85f46462a5ea6deb4ba7881e17cca0d7ffaf96
10-9-4,2,attunet_cl_fixed,2026,dominant_path_length,annotation_mask_same_extractor,3795.486865800912,1803.3149339882666,-1992.1719318126452,1992.1719318126452,52.48791531234197,valid,ok,ok,,zero_length_angle_vector,775edf7906167ea9e9ba868605a76fc739ed5aa32d5a1c9e3ec9a9a84e402ead,e381bbc89d9db6a1d079487d0f5f9afb60de9fb7c5fc39ba84d78cfc138fc78e
10-9-4,2,attunet_cl_fixed,2026,retained_segment_count,annotation_mask_same_extractor,82,185,103.0,103.0,125.60975609756098,valid,ok,ok,,zero_length_angle_vector,775edf7906167ea9e9ba868605a76fc739ed5aa32d5a1c9e3ec9a9a84e402ead,e381bbc89d9db6a1d079487d0f5f9afb60de9fb7c5fc39ba84d78cfc138fc78e
10-9-4,2,attunet_cl_fixed,2026,junction_region_count,annotation_mask_same_extractor,63,158,95.0,95.0,150.79365079365078,valid,ok,ok,,zero_length_angle_vector,775edf7906167ea9e9ba868605a76fc739ed5aa32d5a1c9e3ec9a9a84e402ead,e381bbc89d9db6a1d079487d0f5f9afb60de9fb7c5fc39ba84d78cfc138fc78e
10-9-4,2,attunet_cl_fixed,2026,mean_local_acute_angle_deg,annotation_mask_same_extractor,43.610163723088185,51.243597934676636,7.633434211588451,7.633434211588451,17.50379627111361,valid,ok,ok,,zero_length_angle_vector,775edf7906167ea9e9ba868605a76fc739ed5aa32d5a1c9e3ec9a9a84e402ead,e381bbc89d9db6a1d079487d0f5f9afb60de9fb7c5fc39ba84d78cfc138fc78e
235-10-11(1),3,attunet_cl_fixed,2026,dominant_path_length,annotation_mask_same_extractor,2994.397328557098,2173.7577182503815,-820.6396103067163,820.6396103067163,27.405835641129016,valid,ok,ok,,zero_length_angle_vector,9d52d033268cd4a5d237049ac4f43033746bfe49685933fe46cc01355c7ffcc7,3def9e5d77623b9814c2a8ba324aeb8486d1e7de43e62b18670c0c2748353213
235-10-11(1),3,attunet_cl_fixed,2026,retained_segment_count,annotation_mask_same_extractor,39,260,221.0,221.0,566.6666666666667,valid,ok,ok,,zero_length_angle_vector,9d52d033268cd4a5d237049ac4f43033746bfe49685933fe46cc01355c7ffcc7,3def9e5d77623b9814c2a8ba324aeb8486d1e7de43e62b18670c0c2748353213
235-10-11(1),3,attunet_cl_fixed,2026,junction_region_count,annotation_mask_same_extractor,31,285,254.0,254.0,819.3548387096774,valid,ok,ok,,zero_length_angle_vector,9d52d033268cd4a5d237049ac4f43033746bfe49685933fe46cc01355c7ffcc7,3def9e5d77623b9814c2a8ba324aeb8486d1e7de43e62b18670c0c2748353213
235-10-11(1),3,attunet_cl_fixed,2026,mean_local_acute_angle_deg,annotation_mask_same_extractor,53.361302278251465,52.65553431850476,-0.7057679597467015,0.7057679597467015,1.3226213184724922,valid,ok,ok,,zero_length_angle_vector,9d52d033268cd4a5d237049ac4f43033746bfe49685933fe46cc01355c7ffcc7,3def9e5d77623b9814c2a8ba324aeb8486d1e7de43e62b18670c0c2748353213
235-10-11(2),1,attunet_cl_fixed,2026,dominant_path_length,annotation_mask_same_extractor,2805.9057710597435,1230.5088014401058,-1575.3969696196377,1575.3969696196377,56.145754638960554,valid,ok,ok,,zero_length_angle_vector,5b712c674961fc82b6cbf219207fe1d3e1b0be3e2a6b4ba1f8eea53b3cdecde8,43cefe1fad414930f9b7d19df7874ad0e080b8f9255d2ad98004c8f3caad2a35
235-10-11(2),1,attunet_cl_fixed,2026,retained_segment_count,annotation_mask_same_extractor,44,151,107.0,107.0,243.18181818181816,valid,ok,ok,,zero_length_angle_vector,5b712c674961fc82b6cbf219207fe1d3e1b0be3e2a6b4ba1f8eea53b3cdecde8,43cefe1fad414930f9b7d19df7874ad0e080b8f9255d2ad98004c8f3caad2a35
235-10-11(2),1,attunet_cl_fixed,2026,junction_region_count,annotation_mask_same_extractor,32,106,74.0,74.0,231.25,valid,ok,ok,,zero_length_angle_vector,5b712c674961fc82b6cbf219207fe1d3e1b0be3e2a6b4ba1f8eea53b3cdecde8,43cefe1fad414930f9b7d19df7874ad0e080b8f9255d2ad98004c8f3caad2a35
235-10-11(2),1,attunet_cl_fixed,2026,mean_local_acute_angle_deg,annotation_mask_same_extractor,43.25362958365755,53.00541937088119,9.751789787223643,9.751789787223643,22.545598788102968,valid,ok,ok,,zero_length_angle_vector,5b712c674961fc82b6cbf219207fe1d3e1b0be3e2a6b4ba1f8eea53b3cdecde8,43cefe1fad414930f9b7d19df7874ad0e080b8f9255d2ad98004c8f3caad2a35
235-10-11(3),1,attunet_cl_fixed,2026,dominant_path_length,annotation_mask_same_extractor,3903.799348810616,2069.324168704257,-1834.475180106359,1834.475180106359,46.99204585566814,valid,ok,ok,zero_length_angle_vector,zero_length_angle_vector,fa60085f010979fe70bd85f42f583537392b69473bae643033aaace4f1bfd685,fab0bd06c7a7b5273626e2d42a1158111929081905768f4842683dc180235958
235-10-11(3),1,attunet_cl_fixed,2026,retained_segment_count,annotation_mask_same_extractor,195,388,193.0,193.0,98.97435897435898,valid,ok,ok,zero_length_angle_vector,zero_length_angle_vector,fa60085f010979fe70bd85f42f583537392b69473bae643033aaace4f1bfd685,fab0bd06c7a7b5273626e2d42a1158111929081905768f4842683dc180235958
235-10-11(3),1,attunet_cl_fixed,2026,junction_region_count,annotation_mask_same_extractor,171,301,130.0,130.0,76.0233918128655,valid,ok,ok,zero_length_angle_vector,zero_length_angle_vector,fa60085f010979fe70bd85f42f583537392b69473bae643033aaace4f1bfd685,fab0bd06c7a7b5273626e2d42a1158111929081905768f4842683dc180235958
235-10-11(3),1,attunet_cl_fixed,2026,mean_local_acute_angle_deg,annotation_mask_same_extractor,59.57250840324565,46.76801811047189,-12.804490292773757,12.804490292773757,21.493958599326227,valid,ok,ok,zero_length_angle_vector,zero_length_angle_vector,fa60085f010979fe70bd85f42f583537392b69473bae643033aaace4f1bfd685,fab0bd06c7a7b5273626e2d42a1158111929081905768f4842683dc180235958
235-10-12(1),4,attunet_cl_fixed,2026,dominant_path_length,annotation_mask_same_extractor,2001.4427842621224,913.1513703397226,-1088.2914139224,1088.2914139224,54.375344750293394,valid,ok,ok,,zero_length_angle_vector,18b9363d37a62a519d147178d26a24d6b4b802b892db690b5190ad39f8a39884,aabc616837033913acd0fca0bc0fec686a0ccf3ee2eecf6dcd2873a5f1318bdd
235-10-12(1),4,attunet_cl_fixed,2026,retained_segment_count,annotation_mask_same_extractor,134,111,-23.0,23.0,17.16417910447761,valid,ok,ok,,zero_length_angle_vector,18b9363d37a62a519d147178d26a24d6b4b802b892db690b5190ad39f8a39884,aabc616837033913acd0fca0bc0fec686a0ccf3ee2eecf6dcd2873a5f1318bdd
235-10-12(1),4,attunet_cl_fixed,2026,junction_region_count,annotation_mask_same_extractor,112,115,3.0,3.0,2.6785714285714284,valid,ok,ok,,zero_length_angle_vector,18b9363d37a62a519d147178d26a24d6b4b802b892db690b5190ad39f8a39884,aabc616837033913acd0fca0bc0fec686a0ccf3ee2eecf6dcd2873a5f1318bdd
235-10-12(1),4,attunet_cl_fixed,2026,mean_local_acute_angle_deg,annotation_mask_same_extractor,53.181513697065846,51.998471860744026,-1.18304183632182,1.18304183632182,2.2245358472883994,valid,ok,ok,,zero_length_angle_vector,18b9363d37a62a519d147178d26a24d6b4b802b892db690b5190ad39f8a39884,aabc616837033913acd0fca0bc0fec686a0ccf3ee2eecf6dcd2873a5f1318bdd
235-10-12(2),0,attunet_cl_fixed,2026,dominant_path_length,annotation_mask_same_extractor,3327.9141392239435,1214.697618258062,-2113.2165209658815,2113.2165209658815,63.499730839169885,valid,ok,ok,,zero_length_angle_vector,3f320f9a413c704ff148c35538663d08b34fdafa0044a66241f691b28db5db7b,a22d9834b0dadbeb118eaf1a5a4023162109df6cf8bf7714cd9a594af0a9e382
235-10-12(2),0,attunet_cl_fixed,2026,retained_segment_count,annotation_mask_same_extractor,98,207,109.0,109.0,111.22448979591837,valid,ok,ok,,zero_length_angle_vector,3f320f9a413c704ff148c35538663d08b34fdafa0044a66241f691b28db5db7b,a22d9834b0dadbeb118eaf1a5a4023162109df6cf8bf7714cd9a594af0a9e382
235-10-12(2),0,attunet_cl_fixed,2026,junction_region_count,annotation_mask_same_extractor,79,241,162.0,162.0,205.06329113924048,valid,ok,ok,,zero_length_angle_vector,3f320f9a413c704ff148c35538663d08b34fdafa0044a66241f691b28db5db7b,a22d9834b0dadbeb118eaf1a5a4023162109df6cf8bf7714cd9a594af0a9e382
235-10-12(2),0,attunet_cl_fixed,2026,mean_local_acute_angle_deg,annotation_mask_same_extractor,62.31932305515474,49.320701950606946,-12.998621104547794,12.998621104547794,20.858090985750227,valid,ok,ok,,zero_length_angle_vector,3f320f9a413c704ff148c35538663d08b34fdafa0044a66241f691b28db5db7b,a22d9834b0dadbeb118eaf1a5a4023162109df6cf8bf7714cd9a594af0a9e382
235-10-12(3),1,attunet_cl_fixed,2026,dominant_path_length,annotation_mask_same_extractor,3338.9221484506097,2678.0743853421723,-660.8477631084374,660.8477631084374,19.792248328254573,valid,ok,ok,zero_length_angle_vector,zero_length_angle_vector,06cb03ea2bad65c89fe30627bf1d69fb7bd50a7bc6f48ee697c5830e39ef08b3,60340cee97918647f6cbf497852acdfc9f3bbfb4f167e96f9ee7dbb8266f1f43
235-10-12(3),1,attunet_cl_fixed,2026,retained_segment_count,annotation_mask_same_extractor,248,431,183.0,183.0,73.79032258064517,valid,ok,ok,zero_length_angle_vector,zero_length_angle_vector,06cb03ea2bad65c89fe30627bf1d69fb7bd50a7bc6f48ee697c5830e39ef08b3,60340cee97918647f6cbf497852acdfc9f3bbfb4f167e96f9ee7dbb8266f1f43
235-10-12(3),1,attunet_cl_fixed,2026,junction_region_count,annotation_mask_same_extractor,210,347,137.0,137.0,65.23809523809524,valid,ok,ok,zero_length_angle_vector,zero_length_angle_vector,06cb03ea2bad65c89fe30627bf1d69fb7bd50a7bc6f48ee697c5830e39ef08b3,60340cee97918647f6cbf497852acdfc9f3bbfb4f167e96f9ee7dbb8266f1f43
235-10-12(3),1,attunet_cl_fixed,2026,mean_local_acute_angle_deg,annotation_mask_same_extractor,56.12825058978015,49.24634710002989,-6.881903489750265,6.881903489750265,12.261033289719748,valid,ok,ok,zero_length_angle_vector,zero_length_angle_vector,06cb03ea2bad65c89fe30627bf1d69fb7bd50a7bc6f48ee697c5830e39ef08b3,60340cee97918647f6cbf497852acdfc9f3bbfb4f167e96f9ee7dbb8266f1f43
235-25-6(1),2,attunet_cl_fixed,2026,dominant_path_length,annotation_mask_same_extractor,2364.349421873661,1359.3199846221491,-1005.0294372515118,1005.0294372515118,42.50765254718833,valid,ok,ok,,zero_length_angle_vector,81d217e87b63701eb36c3a0b141a738b1f3dd596f793222514893c0a771fc94d,431c14ca5abb989745ad4de216e25952b0c2c55f0add265886f30316009fc1c9
235-25-6(1),2,attunet_cl_fixed,2026,retained_segment_count,annotation_mask_same_extractor,27,72,45.0,45.0,166.66666666666669,valid,ok,ok,,zero_length_angle_vector,81d217e87b63701eb36c3a0b141a738b1f3dd596f793222514893c0a771fc94d,431c14ca5abb989745ad4de216e25952b0c2c55f0add265886f30316009fc1c9
235-25-6(1),2,attunet_cl_fixed,2026,junction_region_count,annotation_mask_same_extractor,21,61,40.0,40.0,190.47619047619045,valid,ok,ok,,zero_length_angle_vector,81d217e87b63701eb36c3a0b141a738b1f3dd596f793222514893c0a771fc94d,431c14ca5abb989745ad4de216e25952b0c2c55f0add265886f30316009fc1c9
235-25-6(1),2,attunet_cl_fixed,2026,mean_local_acute_angle_deg,annotation_mask_same_extractor,63.4461979910307,54.1606757437289,-9.285522247301799,9.285522247301799,14.635269789711403,valid,ok,ok,,zero_length_angle_vector,81d217e87b63701eb36c3a0b141a738b1f3dd596f793222514893c0a771fc94d,431c14ca5abb989745ad4de216e25952b0c2c55f0add265886f30316009fc1c9
235-25-6(2),4,attunet_cl_fixed,2026,dominant_path_length,annotation_mask_same_extractor,1377.430590953303,913.1463197058408,-464.28427124746213,464.28427124746213,33.70654567255811,valid,ok,ok,,zero_length_angle_vector,07fd844e7f853a14fb82235228caf5997075e001697d881b5a753f8be11ad9ff,5bea97b94039ff47e5c25a620a152bcbc4a5a1d22d7854b8f2c90f2fe38839c0
235-25-6(2),4,attunet_cl_fixed,2026,retained_segment_count,annotation_mask_same_extractor,90,191,101.0,101.0,112.22222222222223,valid,ok,ok,,zero_length_angle_vector,07fd844e7f853a14fb82235228caf5997075e001697d881b5a753f8be11ad9ff,5bea97b94039ff47e5c25a620a152bcbc4a5a1d22d7854b8f2c90f2fe38839c0
235-25-6(2),4,attunet_cl_fixed,2026,junction_region_count,annotation_mask_same_extractor,63,488,425.0,425.0,674.6031746031746,valid,ok,ok,,zero_length_angle_vector,07fd844e7f853a14fb82235228caf5997075e001697d881b5a753f8be11ad9ff,5bea97b94039ff47e5c25a620a152bcbc4a5a1d22d7854b8f2c90f2fe38839c0
235-25-6(2),4,attunet_cl_fixed,2026,mean_local_acute_angle_deg,annotation_mask_same_extractor,48.93734100767138,49.842581391722355,0.9052403840509768,0.9052403840509768,1.8497947894412,valid,ok,ok,,zero_length_angle_vector,07fd844e7f853a14fb82235228caf5997075e001697d881b5a753f8be11ad9ff,5bea97b94039ff47e5c25a620a152bcbc4a5a1d22d7854b8f2c90f2fe38839c0
235-25-7(1),2,attunet_cl_fixed,2026,dominant_path_length,annotation_mask_same_extractor,2998.8439379638457,2067.138310479128,-931.7056274847178,931.7056274847178,31.068826746527094,valid,ok,ok,,,7497c2c9ff553aa7c2dd4141a59b027c8c75f67dc2bccba4cc857927d6dbf16d,0ac941a837afe3cfb57b9081a2ef21b5d72ba852021caf574c0e41ac8119e1c9
235-25-7(1),2,attunet_cl_fixed,2026,retained_segment_count,annotation_mask_same_extractor,230,237,7.0,7.0,3.0434782608695654,valid,ok,ok,,,7497c2c9ff553aa7c2dd4141a59b027c8c75f67dc2bccba4cc857927d6dbf16d,0ac941a837afe3cfb57b9081a2ef21b5d72ba852021caf574c0e41ac8119e1c9
235-25-7(1),2,attunet_cl_fixed,2026,junction_region_count,annotation_mask_same_extractor,208,223,15.0,15.0,7.211538461538461,valid,ok,ok,,,7497c2c9ff553aa7c2dd4141a59b027c8c75f67dc2bccba4cc857927d6dbf16d,0ac941a837afe3cfb57b9081a2ef21b5d72ba852021caf574c0e41ac8119e1c9
235-25-7(1),2,attunet_cl_fixed,2026,mean_local_acute_angle_deg,annotation_mask_same_extractor,56.8053052093956,49.85320215720261,-6.952103052192989,6.952103052192989,12.238474956812857,valid,ok,ok,,,7497c2c9ff553aa7c2dd4141a59b027c8c75f67dc2bccba4cc857927d6dbf16d,0ac941a837afe3cfb57b9081a2ef21b5d72ba852021caf574c0e41ac8119e1c9
235-25-7(2),2,attunet_cl_fixed,2026,dominant_path_length,annotation_mask_same_extractor,1249.092495836678,1211.40115370178,-37.69134213489792,37.69134213489792,3.0174980844513986,valid,ok,ok,,zero_length_angle_vector,2131528edadfa652c430e59c756f4b7a69ff50f6d858967b29f0984a2a5a1f3d,6813e45b28fc8094080c09a311b5b7bc5f6d830c4297f742dccb5280affa7ccf
235-25-7(2),2,attunet_cl_fixed,2026,retained_segment_count,annotation_mask_same_extractor,94,113,19.0,19.0,20.212765957446805,valid,ok,ok,,zero_length_angle_vector,2131528edadfa652c430e59c756f4b7a69ff50f6d858967b29f0984a2a5a1f3d,6813e45b28fc8094080c09a311b5b7bc5f6d830c4297f742dccb5280affa7ccf
235-25-7(2),2,attunet_cl_fixed,2026,junction_region_count,annotation_mask_same_extractor,74,106,32.0,32.0,43.24324324324324,valid,ok,ok,,zero_length_angle_vector,2131528edadfa652c430e59c756f4b7a69ff50f6d858967b29f0984a2a5a1f3d,6813e45b28fc8094080c09a311b5b7bc5f6d830c4297f742dccb5280affa7ccf
235-25-7(2),2,attunet_cl_fixed,2026,mean_local_acute_angle_deg,annotation_mask_same_extractor,51.18427192297171,47.686969327436096,-3.497302595535615,3.497302595535615,6.832768083130652,valid,ok,ok,,zero_length_angle_vector,2131528edadfa652c430e59c756f4b7a69ff50f6d858967b29f0984a2a5a1f3d,6813e45b28fc8094080c09a311b5b7bc5f6d830c4297f742dccb5280affa7ccf
235-25-7(3),2,attunet_cl_fixed,2026,dominant_path_length,annotation_mask_same_extractor,3042.988165628605,1149.8498551495582,-1893.138310479047,1893.138310479047,62.21313417720676,valid,ok,ok,zero_length_angle_vector,zero_length_angle_vector,2c8b120debe12fd303a7f06497770c03ad10375f80aac91a1feeabe828c5d6e3,05ff64380f0aca05ef3cd4abcbad06c6d200a9e66d7e7b17f47fc73cff7851e0
235-25-7(3),2,attunet_cl_fixed,2026,retained_segment_count,annotation_mask_same_extractor,86,185,99.0,99.0,115.11627906976744,valid,ok,ok,zero_length_angle_vector,zero_length_angle_vector,2c8b120debe12fd303a7f06497770c03ad10375f80aac91a1feeabe828c5d6e3,05ff64380f0aca05ef3cd4abcbad06c6d200a9e66d7e7b17f47fc73cff7851e0
235-25-7(3),2,attunet_cl_fixed,2026,junction_region_count,annotation_mask_same_extractor,69,154,85.0,85.0,123.18840579710144,valid,ok,ok,zero_length_angle_vector,zero_length_angle_vector,2c8b120debe12fd303a7f06497770c03ad10375f80aac91a1feeabe828c5d6e3,05ff64380f0aca05ef3cd4abcbad06c6d200a9e66d7e7b17f47fc73cff7851e0
235-25-7(3),2,attunet_cl_fixed,2026,mean_local_acute_angle_deg,annotation_mask_same_extractor,40.34148473985392,53.074700756002514,12.733216016148596,12.733216016148596,31.56357803452205,valid,ok,ok,zero_length_angle_vector,zero_length_angle_vector,2c8b120debe12fd303a7f06497770c03ad10375f80aac91a1feeabe828c5d6e3,05ff64380f0aca05ef3cd4abcbad06c6d200a9e66d7e7b17f47fc73cff7851e0
235-25-9(1),4,attunet_cl_fixed,2026,dominant_path_length,annotation_mask_same_extractor,3126.4490603852128,694.5533905932762,-2431.8956697919366,2431.8956697919366,77.7845927703137,valid,ok,ok,,zero_length_angle_vector,a44aabe48936de7e267908875859f9c440963c013122db96ca7e12819915e47a,fb7e5ffa8772dc4f1821034fb34466f6643f85c1306fe18fb509475df56d9f5d
235-25-9(1),4,attunet_cl_fixed,2026,retained_segment_count,annotation_mask_same_extractor,81,77,-4.0,4.0,4.938271604938271,valid,ok,ok,,zero_length_angle_vector,a44aabe48936de7e267908875859f9c440963c013122db96ca7e12819915e47a,fb7e5ffa8772dc4f1821034fb34466f6643f85c1306fe18fb509475df56d9f5d
235-25-9(1),4,attunet_cl_fixed,2026,junction_region_count,annotation_mask_same_extractor,71,79,8.0,8.0,11.267605633802818,valid,ok,ok,,zero_length_angle_vector,a44aabe48936de7e267908875859f9c440963c013122db96ca7e12819915e47a,fb7e5ffa8772dc4f1821034fb34466f6643f85c1306fe18fb509475df56d9f5d
235-25-9(1),4,attunet_cl_fixed,2026,mean_local_acute_angle_deg,annotation_mask_same_extractor,56.36650915301412,58.07246327379381,1.7059541207796869,1.7059541207796869,3.026538535761822,valid,ok,ok,,zero_length_angle_vector,a44aabe48936de7e267908875859f9c440963c013122db96ca7e12819915e47a,fb7e5ffa8772dc4f1821034fb34466f6643f85c1306fe18fb509475df56d9f5d
235-25-9(2),4,attunet_cl_fixed,2026,dominant_path_length,annotation_mask_same_extractor,1133.901586977666,587.1980515339484,-546.7035354437177,546.7035354437177,48.21437254540908,valid,ok,ok,,zero_length_angle_vector,078e2f40e0375f4163f04a89f798c84e04ad144ea99252428ef60b382a208150,c0537175179b83b5e32f4aeea31715e4b9dfb201e3fac95132eace493d3f30f3
235-25-9(2),4,attunet_cl_fixed,2026,retained_segment_count,annotation_mask_same_extractor,72,75,3.0,3.0,4.166666666666666,valid,ok,ok,,zero_length_angle_vector,078e2f40e0375f4163f04a89f798c84e04ad144ea99252428ef60b382a208150,c0537175179b83b5e32f4aeea31715e4b9dfb201e3fac95132eace493d3f30f3
235-25-9(2),4,attunet_cl_fixed,2026,junction_region_count,annotation_mask_same_extractor,58,73,15.0,15.0,25.862068965517242,valid,ok,ok,,zero_length_angle_vector,078e2f40e0375f4163f04a89f798c84e04ad144ea99252428ef60b382a208150,c0537175179b83b5e32f4aeea31715e4b9dfb201e3fac95132eace493d3f30f3
235-25-9(2),4,attunet_cl_fixed,2026,mean_local_acute_angle_deg,annotation_mask_same_extractor,48.80355339734289,49.2755723306258,0.4720189332829108,0.4720189332829108,0.9671814866427532,valid,ok,ok,,zero_length_angle_vector,078e2f40e0375f4163f04a89f798c84e04ad144ea99252428ef60b382a208150,c0537175179b83b5e32f4aeea31715e4b9dfb201e3fac95132eace493d3f30f3
235-25-9(3),1,attunet_cl_fixed,2026,dominant_path_length,annotation_mask_same_extractor,3014.9961748553196,1506.3300858899145,-1508.6660889654052,1508.6660889654052,50.03873973530999,valid,ok,ok,,zero_length_angle_vector,04c79fb7e355280d60cd560ee7fce5e6be4db79fc76c2cc62ba5beb9dc7281f5,2615749c4486d45ba44adc0f17d3373d135a000ec3b3e57dc583882e59db6dcd
235-25-9(3),1,attunet_cl_fixed,2026,retained_segment_count,annotation_mask_same_extractor,162,216,54.0,54.0,33.33333333333333,valid,ok,ok,,zero_length_angle_vector,04c79fb7e355280d60cd560ee7fce5e6be4db79fc76c2cc62ba5beb9dc7281f5,2615749c4486d45ba44adc0f17d3373d135a000ec3b3e57dc583882e59db6dcd
235-25-9(3),1,attunet_cl_fixed,2026,junction_region_count,annotation_mask_same_extractor,148,173,25.0,25.0,16.89189189189189,valid,ok,ok,,zero_length_angle_vector,04c79fb7e355280d60cd560ee7fce5e6be4db79fc76c2cc62ba5beb9dc7281f5,2615749c4486d45ba44adc0f17d3373d135a000ec3b3e57dc583882e59db6dcd
235-25-9(3),1,attunet_cl_fixed,2026,mean_local_acute_angle_deg,annotation_mask_same_extractor,63.95431651066043,61.710952089905106,-2.243364420755327,2.243364420755327,3.5077607629211154,valid,ok,ok,,zero_length_angle_vector,04c79fb7e355280d60cd560ee7fce5e6be4db79fc76c2cc62ba5beb9dc7281f5,2615749c4486d45ba44adc0f17d3373d135a000ec3b3e57dc583882e59db6dcd
447-1-1,1,attunet_cl_fixed,2026,dominant_path_length,annotation_mask_same_extractor,3911.385135248214,4056.752667616372,145.3675323681582,145.3675323681582,3.716523107329682,valid,ok,ok,,zero_length_angle_vector,67a3ba2f50251e390c617a86eba391a70dc650351761a8b7c955b3e97cd90123,16a38f7236ac6d59fab373a00899ebae464fe7369d4f33f1c25f9b39530bea69
447-1-1,1,attunet_cl_fixed,2026,retained_segment_count,annotation_mask_same_extractor,293,320,27.0,27.0,9.215017064846416,valid,ok,ok,,zero_length_angle_vector,67a3ba2f50251e390c617a86eba391a70dc650351761a8b7c955b3e97cd90123,16a38f7236ac6d59fab373a00899ebae464fe7369d4f33f1c25f9b39530bea69
447-1-1,1,attunet_cl_fixed,2026,junction_region_count,annotation_mask_same_extractor,271,287,16.0,16.0,5.904059040590406,valid,ok,ok,,zero_length_angle_vector,67a3ba2f50251e390c617a86eba391a70dc650351761a8b7c955b3e97cd90123,16a38f7236ac6d59fab373a00899ebae464fe7369d4f33f1c25f9b39530bea69
447-1-1,1,attunet_cl_fixed,2026,mean_local_acute_angle_deg,annotation_mask_same_extractor,61.706177398538195,56.7965250078331,-4.909652390705098,4.909652390705098,7.9565006255296025,valid,ok,ok,,zero_length_angle_vector,67a3ba2f50251e390c617a86eba391a70dc650351761a8b7c955b3e97cd90123,16a38f7236ac6d59fab373a00899ebae464fe7369d4f33f1c25f9b39530bea69
447-1-1(1),1,attunet_cl_fixed,2026,dominant_path_length,annotation_mask_same_extractor,3219.268252793949,1658.2560594852216,-1561.0121933087275,1561.0121933087275,48.48965885194411,valid,ok,ok,,,0d1ba7e5e04b19e049d833c898b8b5dfd329ae106055ed93825b5e45ffe6aa84,928ad63bfb0ee7ba71b13fd1b43f8b2db312638a12e598b8d0c7975b48b2c54d
447-1-1(1),1,attunet_cl_fixed,2026,retained_segment_count,annotation_mask_same_extractor,138,196,58.0,58.0,42.028985507246375,valid,ok,ok,,,0d1ba7e5e04b19e049d833c898b8b5dfd329ae106055ed93825b5e45ffe6aa84,928ad63bfb0ee7ba71b13fd1b43f8b2db312638a12e598b8d0c7975b48b2c54d
447-1-1(1),1,attunet_cl_fixed,2026,junction_region_count,annotation_mask_same_extractor,130,140,10.0,10.0,7.6923076923076925,valid,ok,ok,,,0d1ba7e5e04b19e049d833c898b8b5dfd329ae106055ed93825b5e45ffe6aa84,928ad63bfb0ee7ba71b13fd1b43f8b2db312638a12e598b8d0c7975b48b2c54d
447-1-1(1),1,attunet_cl_fixed,2026,mean_local_acute_angle_deg,annotation_mask_same_extractor,67.79905715669001,43.20541607020128,-24.59364108648873,24.59364108648873,36.274311351632086,valid,ok,ok,,,0d1ba7e5e04b19e049d833c898b8b5dfd329ae106055ed93825b5e45ffe6aa84,928ad63bfb0ee7ba71b13fd1b43f8b2db312638a12e598b8d0c7975b48b2c54d
7-1-3(1),4,attunet_cl_fixed,2026,dominant_path_length,annotation_mask_same_extractor,3591.411613906912,1340.4894654563484,-2250.9221484505633,2250.9221484505633,62.67513697773842,valid,ok,ok,,zero_length_angle_vector,bba8ccc94987683932ee1142fbfdf5f18f0e90a532fe1e011e5e0387316a0102,e6d721ceb5cbce233d233326c36b623d76e162be5f0ca0963598a8614ea00886
7-1-3(1),4,attunet_cl_fixed,2026,retained_segment_count,annotation_mask_same_extractor,415,487,72.0,72.0,17.349397590361445,valid,ok,ok,,zero_length_angle_vector,bba8ccc94987683932ee1142fbfdf5f18f0e90a532fe1e011e5e0387316a0102,e6d721ceb5cbce233d233326c36b623d76e162be5f0ca0963598a8614ea00886
7-1-3(1),4,attunet_cl_fixed,2026,junction_region_count,annotation_mask_same_extractor,370,409,39.0,39.0,10.54054054054054,valid,ok,ok,,zero_length_angle_vector,bba8ccc94987683932ee1142fbfdf5f18f0e90a532fe1e011e5e0387316a0102,e6d721ceb5cbce233d233326c36b623d76e162be5f0ca0963598a8614ea00886
7-1-3(1),4,attunet_cl_fixed,2026,mean_local_acute_angle_deg,annotation_mask_same_extractor,52.19068191429416,47.90494780276417,-4.28573411152999,4.28573411152999,8.211684450814195,valid,ok,ok,,zero_length_angle_vector,bba8ccc94987683932ee1142fbfdf5f18f0e90a532fe1e011e5e0387316a0102,e6d721ceb5cbce233d233326c36b623d76e162be5f0ca0963598a8614ea00886
7-1-3(2),4,attunet_cl_fixed,2026,dominant_path_length,annotation_mask_same_extractor,2479.356564548581,1063.9696961967043,-1415.3868683518767,1415.3868683518767,57.08686231702126,valid,ok,ok,,zero_length_angle_vector,28862657685f711ee260dae48d326375279a0325e0e0c82a6692a9516004f3bb,2f7415fa843d8250ccac6ec100fa6adcb1ca53b44471c5f995add6784f55a90f
7-1-3(2),4,attunet_cl_fixed,2026,retained_segment_count,annotation_mask_same_extractor,239,225,-14.0,14.0,5.857740585774058,valid,ok,ok,,zero_length_angle_vector,28862657685f711ee260dae48d326375279a0325e0e0c82a6692a9516004f3bb,2f7415fa843d8250ccac6ec100fa6adcb1ca53b44471c5f995add6784f55a90f
7-1-3(2),4,attunet_cl_fixed,2026,junction_region_count,annotation_mask_same_extractor,201,197,-4.0,4.0,1.9900497512437811,valid,ok,ok,,zero_length_angle_vector,28862657685f711ee260dae48d326375279a0325e0e0c82a6692a9516004f3bb,2f7415fa843d8250ccac6ec100fa6adcb1ca53b44471c5f995add6784f55a90f
7-1-3(2),4,attunet_cl_fixed,2026,mean_local_acute_angle_deg,annotation_mask_same_extractor,52.02063707468777,50.321208598823226,-1.6994284758645435,1.6994284758645435,3.266835185860214,valid,ok,ok,,zero_length_angle_vector,28862657685f711ee260dae48d326375279a0325e0e0c82a6692a9516004f3bb,2f7415fa843d8250ccac6ec100fa6adcb1ca53b44471c5f995add6784f55a90f
7-1-3(3),0,attunet_cl_fixed,2026,dominant_path_length,annotation_mask_same_extractor,3139.476405595674,1518.8225099390904,-1620.6538956565835,1620.6538956565835,51.62178931391224,valid,ok,ok,zero_length_angle_vector,zero_length_angle_vector,eb3582ff4719e2750a945bfec7af39008d621c1fbaba7f242e61cf5fb5af1392,b2b4d20578fc37b8b82a4c01521c23d9604eaba779141ac097df8e41bb0973c3
7-1-3(3),0,attunet_cl_fixed,2026,retained_segment_count,annotation_mask_same_extractor,234,381,147.0,147.0,62.82051282051282,valid,ok,ok,zero_length_angle_vector,zero_length_angle_vector,eb3582ff4719e2750a945bfec7af39008d621c1fbaba7f242e61cf5fb5af1392,b2b4d20578fc37b8b82a4c01521c23d9604eaba779141ac097df8e41bb0973c3
7-1-3(3),0,attunet_cl_fixed,2026,junction_region_count,annotation_mask_same_extractor,206,341,135.0,135.0,65.53398058252428,valid,ok,ok,zero_length_angle_vector,zero_length_angle_vector,eb3582ff4719e2750a945bfec7af39008d621c1fbaba7f242e61cf5fb5af1392,b2b4d20578fc37b8b82a4c01521c23d9604eaba779141ac097df8e41bb0973c3
7-1-3(3),0,attunet_cl_fixed,2026,mean_local_acute_angle_deg,annotation_mask_same_extractor,55.62685066639042,51.054111996013916,-4.572738670376502,4.572738670376502,8.220380294042672,valid,ok,ok,zero_length_angle_vector,zero_length_angle_vector,eb3582ff4719e2750a945bfec7af39008d621c1fbaba7f242e61cf5fb5af1392,b2b4d20578fc37b8b82a4c01521c23d9604eaba779141ac097df8e41bb0973c3
7-1-6(1),0,attunet_cl_fixed,2026,dominant_path_length,annotation_mask_same_extractor,3188.726188957766,2487.5840533340465,-701.1421356237197,701.1421356237197,21.988157467132282,valid,ok,ok,,,cba0254b9e9151f7e11554a8e70e85d3aae5e2a96042767c54979c286faeb9a4,32e8a0a1a4099cb70307a09236b9aa543bcc868195a9442ab70530e230a351d7
7-1-6(1),0,attunet_cl_fixed,2026,retained_segment_count,annotation_mask_same_extractor,300,386,86.0,86.0,28.666666666666668,valid,ok,ok,,,cba0254b9e9151f7e11554a8e70e85d3aae5e2a96042767c54979c286faeb9a4,32e8a0a1a4099cb70307a09236b9aa543bcc868195a9442ab70530e230a351d7
7-1-6(1),0,attunet_cl_fixed,2026,junction_region_count,annotation_mask_same_extractor,268,382,114.0,114.0,42.53731343283582,valid,ok,ok,,,cba0254b9e9151f7e11554a8e70e85d3aae5e2a96042767c54979c286faeb9a4,32e8a0a1a4099cb70307a09236b9aa543bcc868195a9442ab70530e230a351d7
7-1-6(1),0,attunet_cl_fixed,2026,mean_local_acute_angle_deg,annotation_mask_same_extractor,57.71657823171459,54.338412150305736,-3.3781660814088568,3.3781660814088568,5.853025568921537,valid,ok,ok,,,cba0254b9e9151f7e11554a8e70e85d3aae5e2a96042767c54979c286faeb9a4,32e8a0a1a4099cb70307a09236b9aa543bcc868195a9442ab70530e230a351d7
7-1-6(2),3,attunet_cl_fixed,2026,dominant_path_length,annotation_mask_same_extractor,4815.678641211786,4162.117241391703,-653.5613998200834,653.5613998200834,13.571532664721692,valid,ok,ok,zero_length_angle_vector,zero_length_angle_vector,e3aea5a1ab8ea31c284842492594be58ed37bba1e364b53dc239f9c47cd34693,689a265131bcac15bbbbfbd977d2fae3e1fb3dbce9a532a8bcfec6c36bdf4a14
7-1-6(2),3,attunet_cl_fixed,2026,retained_segment_count,annotation_mask_same_extractor,436,609,173.0,173.0,39.678899082568805,valid,ok,ok,zero_length_angle_vector,zero_length_angle_vector,e3aea5a1ab8ea31c284842492594be58ed37bba1e364b53dc239f9c47cd34693,689a265131bcac15bbbbfbd977d2fae3e1fb3dbce9a532a8bcfec6c36bdf4a14
7-1-6(2),3,attunet_cl_fixed,2026,junction_region_count,annotation_mask_same_extractor,321,552,231.0,231.0,71.96261682242991,valid,ok,ok,zero_length_angle_vector,zero_length_angle_vector,e3aea5a1ab8ea31c284842492594be58ed37bba1e364b53dc239f9c47cd34693,689a265131bcac15bbbbfbd977d2fae3e1fb3dbce9a532a8bcfec6c36bdf4a14
7-1-6(2),3,attunet_cl_fixed,2026,mean_local_acute_angle_deg,annotation_mask_same_extractor,45.76167325566849,48.781110517149486,3.019437261480995,3.019437261480995,6.598179320523377,valid,ok,ok,zero_length_angle_vector,zero_length_angle_vector,e3aea5a1ab8ea31c284842492594be58ed37bba1e364b53dc239f9c47cd34693,689a265131bcac15bbbbfbd977d2fae3e1fb3dbce9a532a8bcfec6c36bdf4a14
7-1-6(3),2,attunet_cl_fixed,2026,dominant_path_length,annotation_mask_same_extractor,3149.346463280794,1767.3839097590771,-1381.962553521717,1381.962553521717,43.88093115935152,valid,ok,ok,zero_length_angle_vector,zero_length_angle_vector,175aad97304bc1efcc5da1ef9c37712fdcee8d0161a6f80fd823a18cef9139a0,b4a5f1d9485fdcc2e7d53cd2573860260708389154f888525ee5bd7fde77b4af
7-1-6(3),2,attunet_cl_fixed,2026,retained_segment_count,annotation_mask_same_extractor,113,275,162.0,162.0,143.36283185840708,valid,ok,ok,zero_length_angle_vector,zero_length_angle_vector,175aad97304bc1efcc5da1ef9c37712fdcee8d0161a6f80fd823a18cef9139a0,b4a5f1d9485fdcc2e7d53cd2573860260708389154f888525ee5bd7fde77b4af
7-1-6(3),2,attunet_cl_fixed,2026,junction_region_count,annotation_mask_same_extractor,82,262,180.0,180.0,219.51219512195124,valid,ok,ok,zero_length_angle_vector,zero_length_angle_vector,175aad97304bc1efcc5da1ef9c37712fdcee8d0161a6f80fd823a18cef9139a0,b4a5f1d9485fdcc2e7d53cd2573860260708389154f888525ee5bd7fde77b4af
7-1-6(3),2,attunet_cl_fixed,2026,mean_local_acute_angle_deg,annotation_mask_same_extractor,52.34419986077857,49.43239183242502,-2.911808028353555,2.911808028353555,5.562809320035797,valid,ok,ok,zero_length_angle_vector,zero_length_angle_vector,175aad97304bc1efcc5da1ef9c37712fdcee8d0161a6f80fd823a18cef9139a0,b4a5f1d9485fdcc2e7d53cd2573860260708389154f888525ee5bd7fde77b4af
7-1-6(4),0,attunet_cl_fixed,2026,dominant_path_length,annotation_mask_same_extractor,2934.7922061357463,3257.66940649576,322.87720036001383,322.87720036001383,11.001705663691524,valid,ok,ok,,,c0fc24472241d6b39ede8026e685b39939da6b7eb296c7092ba9ef7c6acbe239,a4cf2776b49bec138c60262896ddc7f9b2b2c08e6d1379624dc8f36da19fe318
7-1-6(4),0,attunet_cl_fixed,2026,retained_segment_count,annotation_mask_same_extractor,402,643,241.0,241.0,59.950248756218905,valid,ok,ok,,,c0fc24472241d6b39ede8026e685b39939da6b7eb296c7092ba9ef7c6acbe239,a4cf2776b49bec138c60262896ddc7f9b2b2c08e6d1379624dc8f36da19fe318
7-1-6(4),0,attunet_cl_fixed,2026,junction_region_count,annotation_mask_same_extractor,320,669,349.0,349.0,109.0625,valid,ok,ok,,,c0fc24472241d6b39ede8026e685b39939da6b7eb296c7092ba9ef7c6acbe239,a4cf2776b49bec138c60262896ddc7f9b2b2c08e6d1379624dc8f36da19fe318
7-1-6(4),0,attunet_cl_fixed,2026,mean_local_acute_angle_deg,annotation_mask_same_extractor,45.58572184508618,46.45729658393269,0.8715747388465118,0.8715747388465118,1.9119467753705464,valid,ok,ok,,,c0fc24472241d6b39ede8026e685b39939da6b7eb296c7092ba9ef7c6acbe239,a4cf2776b49bec138c60262896ddc7f9b2b2c08e6d1379624dc8f36da19fe318
DN50-235-25-6(2),1,attunet_cl_fixed,2026,dominant_path_length,annotation_mask_same_extractor,1654.4398256692953,1511.841845922848,-142.5979797464472,142.5979797464472,8.619109473429166,valid,ok,ok,,zero_length_angle_vector,26158010911e4857cbb5605c765e186f4f05e7d62b2dcff5cd35f9038e6d54e6,bb604082fab85edea88538447911ed011e68a3822a66f082544c6a284e075e76
DN50-235-25-6(2),1,attunet_cl_fixed,2026,retained_segment_count,annotation_mask_same_extractor,104,134,30.0,30.0,28.846153846153843,valid,ok,ok,,zero_length_angle_vector,26158010911e4857cbb5605c765e186f4f05e7d62b2dcff5cd35f9038e6d54e6,bb604082fab85edea88538447911ed011e68a3822a66f082544c6a284e075e76
DN50-235-25-6(2),1,attunet_cl_fixed,2026,junction_region_count,annotation_mask_same_extractor,97,106,9.0,9.0,9.278350515463918,valid,ok,ok,,zero_length_angle_vector,26158010911e4857cbb5605c765e186f4f05e7d62b2dcff5cd35f9038e6d54e6,bb604082fab85edea88538447911ed011e68a3822a66f082544c6a284e075e76
DN50-235-25-6(2),1,attunet_cl_fixed,2026,mean_local_acute_angle_deg,annotation_mask_same_extractor,48.376302759478975,45.41931786382178,-2.956984895657193,2.956984895657193,6.11246566394079,valid,ok,ok,,zero_length_angle_vector,26158010911e4857cbb5605c765e186f4f05e7d62b2dcff5cd35f9038e6d54e6,bb604082fab85edea88538447911ed011e68a3822a66f082544c6a284e075e76
DN50-235-25-6(3),1,attunet_cl_fixed,2026,dominant_path_length,annotation_mask_same_extractor,956.9015869776664,933.0681092190378,-23.833477758628646,23.833477758628646,2.490692677593491,valid,ok,ok,,zero_length_angle_vector,1c99a68f93f5396eb9701167417e60c3f506eddaae41784653661a85b4318891,11ccf4d7eefbe4d73814282dabe13b294faae4d85e062e734d4234cca26e12ba
DN50-235-25-6(3),1,attunet_cl_fixed,2026,retained_segment_count,annotation_mask_same_extractor,110,127,17.0,17.0,15.454545454545453,valid,ok,ok,,zero_length_angle_vector,1c99a68f93f5396eb9701167417e60c3f506eddaae41784653661a85b4318891,11ccf4d7eefbe4d73814282dabe13b294faae4d85e062e734d4234cca26e12ba
DN50-235-25-6(3),1,attunet_cl_fixed,2026,junction_region_count,annotation_mask_same_extractor,90,98,8.0,8.0,8.88888888888889,valid,ok,ok,,zero_length_angle_vector,1c99a68f93f5396eb9701167417e60c3f506eddaae41784653661a85b4318891,11ccf4d7eefbe4d73814282dabe13b294faae4d85e062e734d4234cca26e12ba
DN50-235-25-6(3),1,attunet_cl_fixed,2026,mean_local_acute_angle_deg,annotation_mask_same_extractor,55.84661373210531,48.36942930702609,-7.477184425079223,7.477184425079223,13.388787475901534,valid,ok,ok,,zero_length_angle_vector,1c99a68f93f5396eb9701167417e60c3f506eddaae41784653661a85b4318891,11ccf4d7eefbe4d73814282dabe13b294faae4d85e062e734d4234cca26e12ba
DN50-235-25-7(1),0,attunet_cl_fixed,2026,dominant_path_length,annotation_mask_same_extractor,835.1076477383253,767.1391770309028,-67.96847070742251,67.96847070742251,8.138887350810121,valid,ok,ok,,zero_length_angle_vector,1d15d42a8683193e72d4801bf8661ed463c57674766c0904ac6147226c6fad64,bbcf8efbbf388e11f18a31cc83ea3ffa90f2cd139cebe812e1b8fbd012910452
DN50-235-25-7(1),0,attunet_cl_fixed,2026,retained_segment_count,annotation_mask_same_extractor,86,137,51.0,51.0,59.30232558139535,valid,ok,ok,,zero_length_angle_vector,1d15d42a8683193e72d4801bf8661ed463c57674766c0904ac6147226c6fad64,bbcf8efbbf388e11f18a31cc83ea3ffa90f2cd139cebe812e1b8fbd012910452
DN50-235-25-7(1),0,attunet_cl_fixed,2026,junction_region_count,annotation_mask_same_extractor,71,136,65.0,65.0,91.54929577464789,valid,ok,ok,,zero_length_angle_vector,1d15d42a8683193e72d4801bf8661ed463c57674766c0904ac6147226c6fad64,bbcf8efbbf388e11f18a31cc83ea3ffa90f2cd139cebe812e1b8fbd012910452
DN50-235-25-7(1),0,attunet_cl_fixed,2026,mean_local_acute_angle_deg,annotation_mask_same_extractor,53.845303485648856,51.58558888390889,-2.259714601739965,2.259714601739965,4.196679107477288,valid,ok,ok,,zero_length_angle_vector,1d15d42a8683193e72d4801bf8661ed463c57674766c0904ac6147226c6fad64,bbcf8efbbf388e11f18a31cc83ea3ffa90f2cd139cebe812e1b8fbd012910452
W82-447-1-13-3(1),3,attunet_cl_fixed,2026,dominant_path_length,annotation_mask_same_extractor,2963.730373039836,1484.2905473706264,-1479.4398256692098,1479.4398256692098,49.91816526655828,valid,ok,ok,,zero_length_angle_vector,e400970fc4f5749000b5101345fe28f7835a0cd40cd105ff701d3d5565a3fd20,ef64b52ea998b0dcd4de1a7ba4d7572a18a5bf8f52e234cbe322bcea7e38ea3b
W82-447-1-13-3(1),3,attunet_cl_fixed,2026,retained_segment_count,annotation_mask_same_extractor,76,291,215.0,215.0,282.89473684210526,valid,ok,ok,,zero_length_angle_vector,e400970fc4f5749000b5101345fe28f7835a0cd40cd105ff701d3d5565a3fd20,ef64b52ea998b0dcd4de1a7ba4d7572a18a5bf8f52e234cbe322bcea7e38ea3b
W82-447-1-13-3(1),3,attunet_cl_fixed,2026,junction_region_count,annotation_mask_same_extractor,50,250,200.0,200.0,400.0,valid,ok,ok,,zero_length_angle_vector,e400970fc4f5749000b5101345fe28f7835a0cd40cd105ff701d3d5565a3fd20,ef64b52ea998b0dcd4de1a7ba4d7572a18a5bf8f52e234cbe322bcea7e38ea3b
W82-447-1-13-3(1),3,attunet_cl_fixed,2026,mean_local_acute_angle_deg,annotation_mask_same_extractor,45.41755671898957,45.09311842365315,-0.3244382953364209,0.3244382953364209,0.7143455499902963,valid,ok,ok,,zero_length_angle_vector,e400970fc4f5749000b5101345fe28f7835a0cd40cd105ff701d3d5565a3fd20,ef64b52ea998b0dcd4de1a7ba4d7572a18a5bf8f52e234cbe322bcea7e38ea3b
W82-447-1-13-7(1),4,attunet_cl_fixed,2026,dominant_path_length,annotation_mask_same_extractor,2599.841845922817,1466.8519471906131,-1132.9898987322038,1132.9898987322038,43.57918542272127,valid,ok,ok,,zero_length_angle_vector,d7caafd48ba702bb9ca2578cb356a3cab186bfab19d8fbb7f0fc5a6ba0ddb53b,8967b95e5d7eba6cf9d052dbdfe6ddab0471b250669e5f71ca4d23f51f3f63cf
W82-447-1-13-7(1),4,attunet_cl_fixed,2026,retained_segment_count,annotation_mask_same_extractor,161,201,40.0,40.0,24.84472049689441,valid,ok,ok,,zero_length_angle_vector,d7caafd48ba702bb9ca2578cb356a3cab186bfab19d8fbb7f0fc5a6ba0ddb53b,8967b95e5d7eba6cf9d052dbdfe6ddab0471b250669e5f71ca4d23f51f3f63cf
W82-447-1-13-7(1),4,attunet_cl_fixed,2026,junction_region_count,annotation_mask_same_extractor,124,441,317.0,317.0,255.6451612903226,valid,ok,ok,,zero_length_angle_vector,d7caafd48ba702bb9ca2578cb356a3cab186bfab19d8fbb7f0fc5a6ba0ddb53b,8967b95e5d7eba6cf9d052dbdfe6ddab0471b250669e5f71ca4d23f51f3f63cf
W82-447-1-13-7(1),4,attunet_cl_fixed,2026,mean_local_acute_angle_deg,annotation_mask_same_extractor,45.765543776284055,56.121285420852395,10.35574164456834,10.35574164456834,22.627812957255276,valid,ok,ok,,zero_length_angle_vector,d7caafd48ba702bb9ca2578cb356a3cab186bfab19d8fbb7f0fc5a6ba0ddb53b,8967b95e5d7eba6cf9d052dbdfe6ddab0471b250669e5f71ca4d23f51f3f63cf
W82-447-1-13-7(2),3,attunet_cl_fixed,2026,dominant_path_length,annotation_mask_same_extractor,2569.818684794427,579.09754647056,-1990.721138323867,1990.721138323867,77.4654317093626,valid,ok,ok,zero_length_angle_vector,zero_length_angle_vector,8401bb2188e5c3832e902ef0e29c7a72c6580cd0868364d9f97716efdec87255,bfa052892d237dc1ab4a987486163d03f469eb0747b0fb03a204601b2a6dc202
W82-447-1-13-7(2),3,attunet_cl_fixed,2026,retained_segment_count,annotation_mask_same_extractor,37,79,42.0,42.0,113.51351351351352,valid,ok,ok,zero_length_angle_vector,zero_length_angle_vector,8401bb2188e5c3832e902ef0e29c7a72c6580cd0868364d9f97716efdec87255,bfa052892d237dc1ab4a987486163d03f469eb0747b0fb03a204601b2a6dc202
W82-447-1-13-7(2),3,attunet_cl_fixed,2026,junction_region_count,annotation_mask_same_extractor,28,88,60.0,60.0,214.28571428571428,valid,ok,ok,zero_length_angle_vector,zero_length_angle_vector,8401bb2188e5c3832e902ef0e29c7a72c6580cd0868364d9f97716efdec87255,bfa052892d237dc1ab4a987486163d03f469eb0747b0fb03a204601b2a6dc202
W82-447-1-13-7(2),3,attunet_cl_fixed,2026,mean_local_acute_angle_deg,annotation_mask_same_extractor,56.21991760625045,51.24582419418112,-4.97409341206933,4.97409341206933,8.847564393293093,valid,ok,ok,zero_length_angle_vector,zero_length_angle_vector,8401bb2188e5c3832e902ef0e29c7a72c6580cd0868364d9f97716efdec87255,bfa052892d237dc1ab4a987486163d03f469eb0747b0fb03a204601b2a6dc202
W82-447-1-13-7(3),2,attunet_cl_fixed,2026,dominant_path_length,annotation_mask_same_extractor,3607.1963184303277,2224.2854967367384,-1382.9108216935892,1382.9108216935892,38.33755359052272,valid,ok,ok,zero_length_angle_vector,,4b63fae36f1e264804fc841b3fbba41c7e9f5be06b268aa37989d57f23a39479,887197a7cdc8fdfc86b1613f22e6cf0c230bbbfa9e8c271750864bdc663d6ba3
W82-447-1-13-7(3),2,attunet_cl_fixed,2026,retained_segment_count,annotation_mask_same_extractor,125,591,466.0,466.0,372.8,valid,ok,ok,zero_length_angle_vector,,4b63fae36f1e264804fc841b3fbba41c7e9f5be06b268aa37989d57f23a39479,887197a7cdc8fdfc86b1613f22e6cf0c230bbbfa9e8c271750864bdc663d6ba3
W82-447-1-13-7(3),2,attunet_cl_fixed,2026,junction_region_count,annotation_mask_same_extractor,86,595,509.0,509.0,591.8604651162791,valid,ok,ok,zero_length_angle_vector,,4b63fae36f1e264804fc841b3fbba41c7e9f5be06b268aa37989d57f23a39479,887197a7cdc8fdfc86b1613f22e6cf0c230bbbfa9e8c271750864bdc663d6ba3
W82-447-1-13-7(3),2,attunet_cl_fixed,2026,mean_local_acute_angle_deg,annotation_mask_same_extractor,42.04523834094305,45.904953533930225,3.8597151929871742,3.8597151929871742,9.179910366279548,valid,ok,ok,zero_length_angle_vector,,4b63fae36f1e264804fc841b3fbba41c7e9f5be06b268aa37989d57f23a39479,887197a7cdc8fdfc86b1613f22e6cf0c230bbbfa9e8c271750864bdc663d6ba3
10-1-1,3,attunet_cl_schedule,42,dominant_path_length,annotation_mask_same_extractor,3519.0348468227903,2610.6896090312916,-908.3452377914987,908.3452377914987,25.812339954849005,valid,ok,ok,zero_length_angle_vector,zero_length_angle_vector,8664187dcbcab44c4dae8da26d028efb21268d9709753c186a39d03660a06fc7,ec3d76659931e56ca31248a165999008f9f99e84d110d5e7db48a5883a3548c7
10-1-1,3,attunet_cl_schedule,42,retained_segment_count,annotation_mask_same_extractor,134,175,41.0,41.0,30.597014925373134,valid,ok,ok,zero_length_angle_vector,zero_length_angle_vector,8664187dcbcab44c4dae8da26d028efb21268d9709753c186a39d03660a06fc7,ec3d76659931e56ca31248a165999008f9f99e84d110d5e7db48a5883a3548c7
10-1-1,3,attunet_cl_schedule,42,junction_region_count,annotation_mask_same_extractor,121,171,50.0,50.0,41.32231404958678,valid,ok,ok,zero_length_angle_vector,zero_length_angle_vector,8664187dcbcab44c4dae8da26d028efb21268d9709753c186a39d03660a06fc7,ec3d76659931e56ca31248a165999008f9f99e84d110d5e7db48a5883a3548c7
10-1-1,3,attunet_cl_schedule,42,mean_local_acute_angle_deg,annotation_mask_same_extractor,64.6739875375559,55.181700890593085,-9.492286646962818,9.492286646962818,14.677132195460638,valid,ok,ok,zero_length_angle_vector,zero_length_angle_vector,8664187dcbcab44c4dae8da26d028efb21268d9709753c186a39d03660a06fc7,ec3d76659931e56ca31248a165999008f9f99e84d110d5e7db48a5883a3548c7
10-1-1(1),3,attunet_cl_schedule,42,dominant_path_length,annotation_mask_same_extractor,2848.0794359760534,1085.151370339723,-1762.9280656363305,1762.9280656363305,61.89883762958194,valid,ok,ok,,zero_length_angle_vector,c95c0337715266ccd3aad838a4ef3ab80e74ba76f5d714ecb44e5a5615b3ce7c,a825607de754f2c0e7b7d3ecb04ec80b83b5270b7c848ab1674f52b3038b6545
10-1-1(1),3,attunet_cl_schedule,42,retained_segment_count,annotation_mask_same_extractor,35,82,47.0,47.0,134.28571428571428,valid,ok,ok,,zero_length_angle_vector,c95c0337715266ccd3aad838a4ef3ab80e74ba76f5d714ecb44e5a5615b3ce7c,a825607de754f2c0e7b7d3ecb04ec80b83b5270b7c848ab1674f52b3038b6545
10-1-1(1),3,attunet_cl_schedule,42,junction_region_count,annotation_mask_same_extractor,28,82,54.0,54.0,192.85714285714286,valid,ok,ok,,zero_length_angle_vector,c95c0337715266ccd3aad838a4ef3ab80e74ba76f5d714ecb44e5a5615b3ce7c,a825607de754f2c0e7b7d3ecb04ec80b83b5270b7c848ab1674f52b3038b6545
10-1-1(1),3,attunet_cl_schedule,42,mean_local_acute_angle_deg,annotation_mask_same_extractor,45.23478785039287,47.33033552444549,2.095547674052618,2.095547674052618,4.632601972144361,valid,ok,ok,,zero_length_angle_vector,c95c0337715266ccd3aad838a4ef3ab80e74ba76f5d714ecb44e5a5615b3ce7c,a825607de754f2c0e7b7d3ecb04ec80b83b5270b7c848ab1674f52b3038b6545
10-1-1(2),1,attunet_cl_schedule,42,dominant_path_length,annotation_mask_same_extractor,1262.4823227814104,474.31074990615645,-788.171572875254,788.171572875254,62.43030564885939,valid,ok,ok,,zero_length_angle_vector,6c74e98b918771eb646a7e1d44c8ef0b3c96078814c8b8db61045d1816697d12,b09ade08b2e24481bd06e0a501d0d050c023d6f9803226a4534f69a57e20f565
10-1-1(2),1,attunet_cl_schedule,42,retained_segment_count,annotation_mask_same_extractor,25,43,18.0,18.0,72.0,valid,ok,ok,,zero_length_angle_vector,6c74e98b918771eb646a7e1d44c8ef0b3c96078814c8b8db61045d1816697d12,b09ade08b2e24481bd06e0a501d0d050c023d6f9803226a4534f69a57e20f565
10-1-1(2),1,attunet_cl_schedule,42,junction_region_count,annotation_mask_same_extractor,23,41,18.0,18.0,78.26086956521739,valid,ok,ok,,zero_length_angle_vector,6c74e98b918771eb646a7e1d44c8ef0b3c96078814c8b8db61045d1816697d12,b09ade08b2e24481bd06e0a501d0d050c023d6f9803226a4534f69a57e20f565
10-1-1(2),1,attunet_cl_schedule,42,mean_local_acute_angle_deg,annotation_mask_same_extractor,46.29442229680335,52.90311915297771,6.608696856174362,6.608696856174362,14.27536305303608,valid,ok,ok,,zero_length_angle_vector,6c74e98b918771eb646a7e1d44c8ef0b3c96078814c8b8db61045d1816697d12,b09ade08b2e24481bd06e0a501d0d050c023d6f9803226a4534f69a57e20f565
10-1-1(3),2,attunet_cl_schedule,42,dominant_path_length,annotation_mask_same_extractor,2611.2834046956673,552.617315730204,-2058.666088965463,2058.666088965463,78.83732900318383,valid,ok,ok,,zero_length_angle_vector,49a1138291b2427ae244c26c8d481f7bf7c311eb24e2003613787dba24d6ff37,fd613c8abdbbc02703ee77eb4c19277dbaa091ec5340183d3f551c33b29c4995
10-1-1(3),2,attunet_cl_schedule,42,retained_segment_count,annotation_mask_same_extractor,36,207,171.0,171.0,475.0,valid,ok,ok,,zero_length_angle_vector,49a1138291b2427ae244c26c8d481f7bf7c311eb24e2003613787dba24d6ff37,fd613c8abdbbc02703ee77eb4c19277dbaa091ec5340183d3f551c33b29c4995
10-1-1(3),2,attunet_cl_schedule,42,junction_region_count,annotation_mask_same_extractor,23,358,335.0,335.0,1456.5217391304348,valid,ok,ok,,zero_length_angle_vector,49a1138291b2427ae244c26c8d481f7bf7c311eb24e2003613787dba24d6ff37,fd613c8abdbbc02703ee77eb4c19277dbaa091ec5340183d3f551c33b29c4995
10-1-1(3),2,attunet_cl_schedule,42,mean_local_acute_angle_deg,annotation_mask_same_extractor,44.403113779145116,51.51083540080598,7.107721621660865,7.107721621660865,16.007259439087264,valid,ok,ok,,zero_length_angle_vector,49a1138291b2427ae244c26c8d481f7bf7c311eb24e2003613787dba24d6ff37,fd613c8abdbbc02703ee77eb4c19277dbaa091ec5340183d3f551c33b29c4995
10-1-2,2,attunet_cl_schedule,42,dominant_path_length,annotation_mask_same_extractor,3713.5222202381024,3272.556708123509,-440.96551211459337,440.96551211459337,11.874589297228432,valid,ok,ok,zero_length_angle_vector,zero_length_angle_vector,353a8fded79e4327f12b6866ba2014151a10168db01aad99108b5fae01f5e4ac,e023772664a2759bb821c586aebc3c615c6ea798f6af29bb84e4322de148c482
10-1-2,2,attunet_cl_schedule,42,retained_segment_count,annotation_mask_same_extractor,171,529,358.0,358.0,209.35672514619884,valid,ok,ok,zero_length_angle_vector,zero_length_angle_vector,353a8fded79e4327f12b6866ba2014151a10168db01aad99108b5fae01f5e4ac,e023772664a2759bb821c586aebc3c615c6ea798f6af29bb84e4322de148c482
10-1-2,2,attunet_cl_schedule,42,junction_region_count,annotation_mask_same_extractor,124,556,432.0,432.0,348.38709677419354,valid,ok,ok,zero_length_angle_vector,zero_length_angle_vector,353a8fded79e4327f12b6866ba2014151a10168db01aad99108b5fae01f5e4ac,e023772664a2759bb821c586aebc3c615c6ea798f6af29bb84e4322de148c482
10-1-2,2,attunet_cl_schedule,42,mean_local_acute_angle_deg,annotation_mask_same_extractor,58.66827912377103,57.29420187784479,-1.3740772459262374,1.3740772459262374,2.3421127506184054,valid,ok,ok,zero_length_angle_vector,zero_length_angle_vector,353a8fded79e4327f12b6866ba2014151a10168db01aad99108b5fae01f5e4ac,e023772664a2759bb821c586aebc3c615c6ea798f6af29bb84e4322de148c482
10-1-2(1),4,attunet_cl_schedule,42,dominant_path_length,annotation_mask_same_extractor,3355.4095218658804,1119.8204178980359,-2235.5891039678445,2235.5891039678445,66.62641592328424,valid,ok,ok,zero_length_angle_vector,zero_length_angle_vector,dca0abd7cde7ab357484642e540a2d1fa449818245a1cd800eb7c824264f02ad,c1aa65c467cec64f43423372d9a089445e33d5bd37c7ef13e1c32b3ef2144a20
10-1-2(1),4,attunet_cl_schedule,42,retained_segment_count,annotation_mask_same_extractor,118,120,2.0,2.0,1.694915254237288,valid,ok,ok,zero_length_angle_vector,zero_length_angle_vector,dca0abd7cde7ab357484642e540a2d1fa449818245a1cd800eb7c824264f02ad,c1aa65c467cec64f43423372d9a089445e33d5bd37c7ef13e1c32b3ef2144a20
10-1-2(1),4,attunet_cl_schedule,42,junction_region_count,annotation_mask_same_extractor,111,119,8.0,8.0,7.207207207207207,valid,ok,ok,zero_length_angle_vector,zero_length_angle_vector,dca0abd7cde7ab357484642e540a2d1fa449818245a1cd800eb7c824264f02ad,c1aa65c467cec64f43423372d9a089445e33d5bd37c7ef13e1c32b3ef2144a20
10-1-2(1),4,attunet_cl_schedule,42,mean_local_acute_angle_deg,annotation_mask_same_extractor,64.3632990483418,52.635339107653174,-11.727959940688628,11.727959940688628,18.221502182291847,valid,ok,ok,zero_length_angle_vector,zero_length_angle_vector,dca0abd7cde7ab357484642e540a2d1fa449818245a1cd800eb7c824264f02ad,c1aa65c467cec64f43423372d9a089445e33d5bd37c7ef13e1c32b3ef2144a20
10-1-2(2),1,attunet_cl_schedule,42,dominant_path_length,annotation_mask_same_extractor,3058.3027406794067,846.4528855298878,-2211.849855149519,2211.849855149519,72.32278955673803,valid,ok,ok,,zero_length_angle_vector,4b38a74ce55736e7f197e42aeba61399727ea00792e40e895bf41a3d30fe7957,0c801222c37c0c136fd35c10a24830bdca4db90ca71f1ba03dbcbb093b5cb7e7
10-1-2(2),1,attunet_cl_schedule,42,retained_segment_count,annotation_mask_same_extractor,191,268,77.0,77.0,40.31413612565445,valid,ok,ok,,zero_length_angle_vector,4b38a74ce55736e7f197e42aeba61399727ea00792e40e895bf41a3d30fe7957,0c801222c37c0c136fd35c10a24830bdca4db90ca71f1ba03dbcbb093b5cb7e7
10-1-2(2),1,attunet_cl_schedule,42,junction_region_count,annotation_mask_same_extractor,175,226,51.0,51.0,29.142857142857142,valid,ok,ok,,zero_length_angle_vector,4b38a74ce55736e7f197e42aeba61399727ea00792e40e895bf41a3d30fe7957,0c801222c37c0c136fd35c10a24830bdca4db90ca71f1ba03dbcbb093b5cb7e7
10-1-2(2),1,attunet_cl_schedule,42,mean_local_acute_angle_deg,annotation_mask_same_extractor,65.94127676600104,48.4268024419429,-17.514474324058142,17.514474324058142,26.56071459794438,valid,ok,ok,,zero_length_angle_vector,4b38a74ce55736e7f197e42aeba61399727ea00792e40e895bf41a3d30fe7957,0c801222c37c0c136fd35c10a24830bdca4db90ca71f1ba03dbcbb093b5cb7e7
10-1-2(3),0,attunet_cl_schedule,42,dominant_path_length,annotation_mask_same_extractor,2345.481456229622,612.9381669041264,-1732.5432893254956,1732.5432893254956,73.86727721610605,valid,ok,ok,,zero_length_angle_vector,0508c3be24e6c021d5aacff3b5010997bb235211f0adc484cda889c0830022b8,61709f219f3018e58b2d08bea867b775e1354c870a71dad0bfdfee0333462023
10-1-2(3),0,attunet_cl_schedule,42,retained_segment_count,annotation_mask_same_extractor,115,98,-17.0,17.0,14.782608695652174,valid,ok,ok,,zero_length_angle_vector,0508c3be24e6c021d5aacff3b5010997bb235211f0adc484cda889c0830022b8,61709f219f3018e58b2d08bea867b775e1354c870a71dad0bfdfee0333462023
10-1-2(3),0,attunet_cl_schedule,42,junction_region_count,annotation_mask_same_extractor,84,74,-10.0,10.0,11.904761904761903,valid,ok,ok,,zero_length_angle_vector,0508c3be24e6c021d5aacff3b5010997bb235211f0adc484cda889c0830022b8,61709f219f3018e58b2d08bea867b775e1354c870a71dad0bfdfee0333462023
10-1-2(3),0,attunet_cl_schedule,42,mean_local_acute_angle_deg,annotation_mask_same_extractor,50.491311152922826,50.21833798362858,-0.27297316929424653,0.27297316929424653,0.5406339488144679,valid,ok,ok,,zero_length_angle_vector,0508c3be24e6c021d5aacff3b5010997bb235211f0adc484cda889c0830022b8,61709f219f3018e58b2d08bea867b775e1354c870a71dad0bfdfee0333462023
10-1-3,0,attunet_cl_schedule,42,dominant_path_length,annotation_mask_same_extractor,2813.8023074034836,329.2670273047591,-2484.5352800987243,2484.5352800987243,88.29814637515882,valid,ok,ok,,zero_length_angle_vector,2cd8dd3611b047ab44310b595f5423ee107fb5f6bbd6f0ce078f5a1c70656dd8,6323d663a9f4fe7d6c587fc45521f81013d315d2537aaa566b869db2a3ae7147
10-1-3,0,attunet_cl_schedule,42,retained_segment_count,annotation_mask_same_extractor,172,118,-54.0,54.0,31.3953488372093,valid,ok,ok,,zero_length_angle_vector,2cd8dd3611b047ab44310b595f5423ee107fb5f6bbd6f0ce078f5a1c70656dd8,6323d663a9f4fe7d6c587fc45521f81013d315d2537aaa566b869db2a3ae7147
10-1-3,0,attunet_cl_schedule,42,junction_region_count,annotation_mask_same_extractor,123,108,-15.0,15.0,12.195121951219512,valid,ok,ok,,zero_length_angle_vector,2cd8dd3611b047ab44310b595f5423ee107fb5f6bbd6f0ce078f5a1c70656dd8,6323d663a9f4fe7d6c587fc45521f81013d315d2537aaa566b869db2a3ae7147
10-1-3,0,attunet_cl_schedule,42,mean_local_acute_angle_deg,annotation_mask_same_extractor,50.036178890454096,40.95437227129139,-9.081806619162705,9.081806619162705,18.15047995380665,valid,ok,ok,,zero_length_angle_vector,2cd8dd3611b047ab44310b595f5423ee107fb5f6bbd6f0ce078f5a1c70656dd8,6323d663a9f4fe7d6c587fc45521f81013d315d2537aaa566b869db2a3ae7147
10-1-9(1),3,attunet_cl_schedule,42,dominant_path_length,annotation_mask_same_extractor,3092.5058428472184,1634.5748186180888,-1457.9310242291297,1457.9310242291297,47.14400225309961,valid,ok,ok,zero_length_angle_vector,zero_length_angle_vector,6bdc1df0f3e1a66f56d545bec926abaf60b6bca31c0f8ea06ad939681c464d8a,7dbec3aae30727b5fcbbe5ddb4efc5dd87f476af6aa702c4a8ea6ddef1e97817
10-1-9(1),3,attunet_cl_schedule,42,retained_segment_count,annotation_mask_same_extractor,106,243,137.0,137.0,129.24528301886792,valid,ok,ok,zero_length_angle_vector,zero_length_angle_vector,6bdc1df0f3e1a66f56d545bec926abaf60b6bca31c0f8ea06ad939681c464d8a,7dbec3aae30727b5fcbbe5ddb4efc5dd87f476af6aa702c4a8ea6ddef1e97817
10-1-9(1),3,attunet_cl_schedule,42,junction_region_count,annotation_mask_same_extractor,91,261,170.0,170.0,186.8131868131868,valid,ok,ok,zero_length_angle_vector,zero_length_angle_vector,6bdc1df0f3e1a66f56d545bec926abaf60b6bca31c0f8ea06ad939681c464d8a,7dbec3aae30727b5fcbbe5ddb4efc5dd87f476af6aa702c4a8ea6ddef1e97817
10-1-9(1),3,attunet_cl_schedule,42,mean_local_acute_angle_deg,annotation_mask_same_extractor,62.85401304883498,49.52490230885925,-13.329110739975732,13.329110739975732,21.206459370572826,valid,ok,ok,zero_length_angle_vector,zero_length_angle_vector,6bdc1df0f3e1a66f56d545bec926abaf60b6bca31c0f8ea06ad939681c464d8a,7dbec3aae30727b5fcbbe5ddb4efc5dd87f476af6aa702c4a8ea6ddef1e97817
10-1-9(2),3,attunet_cl_schedule,42,dominant_path_length,annotation_mask_same_extractor,3383.6256838943486,1333.6782822743048,-2049.947401620044,2049.947401620044,60.584343338494776,valid,ok,ok,zero_length_angle_vector,zero_length_angle_vector,e68f65f812ffdebb564961ebaea365b072d4546ab06227eea2987e2d586b741c,9efce22da71baf1538de788ee3cbea827d0bff2b91ea9a60de3bd1dfe84050bb
10-1-9(2),3,attunet_cl_schedule,42,retained_segment_count,annotation_mask_same_extractor,71,150,79.0,79.0,111.26760563380283,valid,ok,ok,zero_length_angle_vector,zero_length_angle_vector,e68f65f812ffdebb564961ebaea365b072d4546ab06227eea2987e2d586b741c,9efce22da71baf1538de788ee3cbea827d0bff2b91ea9a60de3bd1dfe84050bb
10-1-9(2),3,attunet_cl_schedule,42,junction_region_count,annotation_mask_same_extractor,68,144,76.0,76.0,111.76470588235294,valid,ok,ok,zero_length_angle_vector,zero_length_angle_vector,e68f65f812ffdebb564961ebaea365b072d4546ab06227eea2987e2d586b741c,9efce22da71baf1538de788ee3cbea827d0bff2b91ea9a60de3bd1dfe84050bb
10-1-9(2),3,attunet_cl_schedule,42,mean_local_acute_angle_deg,annotation_mask_same_extractor,74.17544013119233,60.65942285575904,-13.516017275433292,13.516017275433292,18.221688002831982,valid,ok,ok,zero_length_angle_vector,zero_length_angle_vector,e68f65f812ffdebb564961ebaea365b072d4546ab06227eea2987e2d586b741c,9efce22da71baf1538de788ee3cbea827d0bff2b91ea9a60de3bd1dfe84050bb
10-1-9(3),4,attunet_cl_schedule,42,dominant_path_length,annotation_mask_same_extractor,3197.890619158038,606.6833329081869,-2591.207286249851,2591.207286249851,81.02864027701115,valid,ok,ok,zero_length_angle_vector,zero_length_angle_vector,a679e2e7ed9fdcb61509a97389dcfc4f21915719e2fb5feb5bf89f66c0d48f13,f0bfb73dfe6b84803c059b8f90fd475e806c6fccc44073b6fafe0c0298196322
10-1-9(3),4,attunet_cl_schedule,42,retained_segment_count,annotation_mask_same_extractor,41,109,68.0,68.0,165.85365853658536,valid,ok,ok,zero_length_angle_vector,zero_length_angle_vector,a679e2e7ed9fdcb61509a97389dcfc4f21915719e2fb5feb5bf89f66c0d48f13,f0bfb73dfe6b84803c059b8f90fd475e806c6fccc44073b6fafe0c0298196322
10-1-9(3),4,attunet_cl_schedule,42,junction_region_count,annotation_mask_same_extractor,28,84,56.0,56.0,200.0,valid,ok,ok,zero_length_angle_vector,zero_length_angle_vector,a679e2e7ed9fdcb61509a97389dcfc4f21915719e2fb5feb5bf89f66c0d48f13,f0bfb73dfe6b84803c059b8f90fd475e806c6fccc44073b6fafe0c0298196322
10-1-9(3),4,attunet_cl_schedule,42,mean_local_acute_angle_deg,annotation_mask_same_extractor,72.9003576118845,55.65337074609274,-17.24698686579176,17.24698686579176,23.658302141140787,valid,ok,ok,zero_length_angle_vector,zero_length_angle_vector,a679e2e7ed9fdcb61509a97389dcfc4f21915719e2fb5feb5bf89f66c0d48f13,f0bfb73dfe6b84803c059b8f90fd475e806c6fccc44073b6fafe0c0298196322
10-2-1,0,attunet_cl_schedule,42,dominant_path_length,annotation_mask_same_extractor,3683.691701072309,1745.795164728623,-1937.8965363436862,1937.8965363436862,52.607457235891154,valid,ok,ok,,,fa084051c73ad9c7523229d0a267965c6c54c6c2f9b135b697a09f5f4d254434,f1f36b2090d66405af51fdba18655bb71aa331e7d265fc110c57b686277096b5
10-2-1,0,attunet_cl_schedule,42,retained_segment_count,annotation_mask_same_extractor,226,171,-55.0,55.0,24.336283185840706,valid,ok,ok,,,fa084051c73ad9c7523229d0a267965c6c54c6c2f9b135b697a09f5f4d254434,f1f36b2090d66405af51fdba18655bb71aa331e7d265fc110c57b686277096b5
10-2-1,0,attunet_cl_schedule,42,junction_region_count,annotation_mask_same_extractor,188,149,-39.0,39.0,20.74468085106383,valid,ok,ok,,,fa084051c73ad9c7523229d0a267965c6c54c6c2f9b135b697a09f5f4d254434,f1f36b2090d66405af51fdba18655bb71aa331e7d265fc110c57b686277096b5
10-2-1,0,attunet_cl_schedule,42,mean_local_acute_angle_deg,annotation_mask_same_extractor,56.550116513732696,47.82717029108135,-8.722946222651345,8.722946222651345,15.425160477844557,valid,ok,ok,,,fa084051c73ad9c7523229d0a267965c6c54c6c2f9b135b697a09f5f4d254434,f1f36b2090d66405af51fdba18655bb71aa331e7d265fc110c57b686277096b5
10-2-2,3,attunet_cl_schedule,42,dominant_path_length,annotation_mask_same_extractor,3768.2156544140043,4804.065509563653,1035.8498551496486,1035.8498551496486,27.489134119388233,valid,ok,ok,,,888178f6e1d682dbadbaecc08afac163678dd08a3e69f328f11b072009899c8c,7e60943a86bbb2f987829ea1f8c4be90ae3db060747d89d71772a5c6110abc2d
10-2-2,3,attunet_cl_schedule,42,retained_segment_count,annotation_mask_same_extractor,329,423,94.0,94.0,28.57142857142857,valid,ok,ok,,,888178f6e1d682dbadbaecc08afac163678dd08a3e69f328f11b072009899c8c,7e60943a86bbb2f987829ea1f8c4be90ae3db060747d89d71772a5c6110abc2d
10-2-2,3,attunet_cl_schedule,42,junction_region_count,annotation_mask_same_extractor,293,416,123.0,123.0,41.979522184300336,valid,ok,ok,,,888178f6e1d682dbadbaecc08afac163678dd08a3e69f328f11b072009899c8c,7e60943a86bbb2f987829ea1f8c4be90ae3db060747d89d71772a5c6110abc2d
10-2-2,3,attunet_cl_schedule,42,mean_local_acute_angle_deg,annotation_mask_same_extractor,59.493993970760265,55.72802184828886,-3.7659721224714033,3.7659721224714033,6.330003872865351,valid,ok,ok,,,888178f6e1d682dbadbaecc08afac163678dd08a3e69f328f11b072009899c8c,7e60943a86bbb2f987829ea1f8c4be90ae3db060747d89d71772a5c6110abc2d
10-2-3,3,attunet_cl_schedule,42,dominant_path_length,annotation_mask_same_extractor,782.7442994522875,620.5533905932757,-162.19090885901176,162.19090885901176,20.72080358458084,valid,ok,ok,,zero_length_angle_vector,c128b6196f3a108faac4ed970bea2b3e2ee4f4c0090aafd759b5f39cfd31c0d6,026938206f7274209577182066825ea4ab636026468dcf8b66f7004b3fd6fbbe
10-2-3,3,attunet_cl_schedule,42,retained_segment_count,annotation_mask_same_extractor,27,84,57.0,57.0,211.11111111111111,valid,ok,ok,,zero_length_angle_vector,c128b6196f3a108faac4ed970bea2b3e2ee4f4c0090aafd759b5f39cfd31c0d6,026938206f7274209577182066825ea4ab636026468dcf8b66f7004b3fd6fbbe
10-2-3,3,attunet_cl_schedule,42,junction_region_count,annotation_mask_same_extractor,18,70,52.0,52.0,288.88888888888886,valid,ok,ok,,zero_length_angle_vector,c128b6196f3a108faac4ed970bea2b3e2ee4f4c0090aafd759b5f39cfd31c0d6,026938206f7274209577182066825ea4ab636026468dcf8b66f7004b3fd6fbbe
10-2-3,3,attunet_cl_schedule,42,mean_local_acute_angle_deg,annotation_mask_same_extractor,44.17449818904469,47.27054898062051,3.09605079157582,3.09605079157582,7.008683558387638,valid,ok,ok,,zero_length_angle_vector,c128b6196f3a108faac4ed970bea2b3e2ee4f4c0090aafd759b5f39cfd31c0d6,026938206f7274209577182066825ea4ab636026468dcf8b66f7004b3fd6fbbe
10-2-4,0,attunet_cl_schedule,42,dominant_path_length,annotation_mask_same_extractor,2714.1433611129814,914.7077195258272,-1799.4356415871544,1799.4356415871544,66.2984744051716,valid,ok,ok,,zero_length_angle_vector,3c60314b040a032dd526925859d6800fc466b21b8dedb28d643c17c54668bc8b,12eba95b861baaf862fc10e6dab618589e6b12aa79f9dd8d99298d1bbc53a0f3
10-2-4,0,attunet_cl_schedule,42,retained_segment_count,annotation_mask_same_extractor,104,78,-26.0,26.0,25.0,valid,ok,ok,,zero_length_angle_vector,3c60314b040a032dd526925859d6800fc466b21b8dedb28d643c17c54668bc8b,12eba95b861baaf862fc10e6dab618589e6b12aa79f9dd8d99298d1bbc53a0f3
10-2-4,0,attunet_cl_schedule,42,junction_region_count,annotation_mask_same_extractor,93,73,-20.0,20.0,21.50537634408602,valid,ok,ok,,zero_length_angle_vector,3c60314b040a032dd526925859d6800fc466b21b8dedb28d643c17c54668bc8b,12eba95b861baaf862fc10e6dab618589e6b12aa79f9dd8d99298d1bbc53a0f3
10-2-4,0,attunet_cl_schedule,42,mean_local_acute_angle_deg,annotation_mask_same_extractor,63.03310962332985,53.91891897112145,-9.1141906522084,9.1141906522084,14.459370173346247,valid,ok,ok,,zero_length_angle_vector,3c60314b040a032dd526925859d6800fc466b21b8dedb28d643c17c54668bc8b,12eba95b861baaf862fc10e6dab618589e6b12aa79f9dd8d99298d1bbc53a0f3
10-9-1,2,attunet_cl_schedule,42,dominant_path_length,annotation_mask_same_extractor,2670.711903607907,1649.8641404994332,-1020.8477631084738,1020.8477631084738,38.22380698305176,valid,ok,ok,,zero_length_angle_vector,f909c402c7b2db20640a01e33f844ebeccd8ec430131c4fad30fd8305345ea91,fbb57c0b932c20be3ed14a80f9f124a5b0677f076654c7be3bb8f5450d20d2f3
10-9-1,2,attunet_cl_schedule,42,retained_segment_count,annotation_mask_same_extractor,60,181,121.0,121.0,201.66666666666666,valid,ok,ok,,zero_length_angle_vector,f909c402c7b2db20640a01e33f844ebeccd8ec430131c4fad30fd8305345ea91,fbb57c0b932c20be3ed14a80f9f124a5b0677f076654c7be3bb8f5450d20d2f3
10-9-1,2,attunet_cl_schedule,42,junction_region_count,annotation_mask_same_extractor,47,212,165.0,165.0,351.063829787234,valid,ok,ok,,zero_length_angle_vector,f909c402c7b2db20640a01e33f844ebeccd8ec430131c4fad30fd8305345ea91,fbb57c0b932c20be3ed14a80f9f124a5b0677f076654c7be3bb8f5450d20d2f3
10-9-1,2,attunet_cl_schedule,42,mean_local_acute_angle_deg,annotation_mask_same_extractor,45.79801641663758,52.05824182591987,6.260225409282292,6.260225409282292,13.669206439709617,valid,ok,ok,,zero_length_angle_vector,f909c402c7b2db20640a01e33f844ebeccd8ec430131c4fad30fd8305345ea91,fbb57c0b932c20be3ed14a80f9f124a5b0677f076654c7be3bb8f5450d20d2f3
10-9-2,4,attunet_cl_schedule,42,dominant_path_length,annotation_mask_same_extractor,3136.0378054156913,2431.294731452699,-704.7430739629922,704.7430739629922,22.472403640860332,valid,ok,ok,,,97a6fbf3a148ba0641a27177bb2768e92fcab2d7f8bf002f6c2735617daf5cf2,968a143c441a16193ef36e5f3e580419ac8936bf0c4140f357b389b8b1ae38e2
10-9-2,4,attunet_cl_schedule,42,retained_segment_count,annotation_mask_same_extractor,222,229,7.0,7.0,3.153153153153153,valid,ok,ok,,,97a6fbf3a148ba0641a27177bb2768e92fcab2d7f8bf002f6c2735617daf5cf2,968a143c441a16193ef36e5f3e580419ac8936bf0c4140f357b389b8b1ae38e2
10-9-2,4,attunet_cl_schedule,42,junction_region_count,annotation_mask_same_extractor,205,212,7.0,7.0,3.414634146341464,valid,ok,ok,,,97a6fbf3a148ba0641a27177bb2768e92fcab2d7f8bf002f6c2735617daf5cf2,968a143c441a16193ef36e5f3e580419ac8936bf0c4140f357b389b8b1ae38e2
10-9-2,4,attunet_cl_schedule,42,mean_local_acute_angle_deg,annotation_mask_same_extractor,60.533940641282705,48.576708837742096,-11.957231803540608,11.957231803540608,19.7529380656016,valid,ok,ok,,,97a6fbf3a148ba0641a27177bb2768e92fcab2d7f8bf002f6c2735617daf5cf2,968a143c441a16193ef36e5f3e580419ac8936bf0c4140f357b389b8b1ae38e2
10-9-3,0,attunet_cl_schedule,42,dominant_path_length,annotation_mask_same_extractor,3235.23794899067,1987.2632021601585,-1247.9747468305113,1247.9747468305113,38.57443460132058,valid,ok,ok,zero_length_angle_vector,zero_length_angle_vector,a23e4c9ae8b5cd333c9ee04c6a4a84de25c4388307e8463b068e3f8f45f8c58d,d8469dc18c4d08594819952d10d80979d61a764bb4f57bfbd380e199939de067
10-9-3,0,attunet_cl_schedule,42,retained_segment_count,annotation_mask_same_extractor,102,109,7.0,7.0,6.862745098039216,valid,ok,ok,zero_length_angle_vector,zero_length_angle_vector,a23e4c9ae8b5cd333c9ee04c6a4a84de25c4388307e8463b068e3f8f45f8c58d,d8469dc18c4d08594819952d10d80979d61a764bb4f57bfbd380e199939de067
10-9-3,0,attunet_cl_schedule,42,junction_region_count,annotation_mask_same_extractor,94,98,4.0,4.0,4.25531914893617,valid,ok,ok,zero_length_angle_vector,zero_length_angle_vector,a23e4c9ae8b5cd333c9ee04c6a4a84de25c4388307e8463b068e3f8f45f8c58d,d8469dc18c4d08594819952d10d80979d61a764bb4f57bfbd380e199939de067
10-9-3,0,attunet_cl_schedule,42,mean_local_acute_angle_deg,annotation_mask_same_extractor,62.02962831732245,56.09915716850915,-5.930471148813297,5.930471148813297,9.56070721313213,valid,ok,ok,zero_length_angle_vector,zero_length_angle_vector,a23e4c9ae8b5cd333c9ee04c6a4a84de25c4388307e8463b068e3f8f45f8c58d,d8469dc18c4d08594819952d10d80979d61a764bb4f57bfbd380e199939de067
10-9-4,2,attunet_cl_schedule,42,dominant_path_length,annotation_mask_same_extractor,3795.486865800912,1790.2854967367439,-2005.201369064168,2005.201369064168,52.8312029513778,valid,ok,ok,,zero_length_angle_vector,775edf7906167ea9e9ba868605a76fc739ed5aa32d5a1c9e3ec9a9a84e402ead,295c9961593fb054b93999c249de4caedc4e23d38b8e7b2a927d5f65ef478ab5
10-9-4,2,attunet_cl_schedule,42,retained_segment_count,annotation_mask_same_extractor,82,260,178.0,178.0,217.07317073170734,valid,ok,ok,,zero_length_angle_vector,775edf7906167ea9e9ba868605a76fc739ed5aa32d5a1c9e3ec9a9a84e402ead,295c9961593fb054b93999c249de4caedc4e23d38b8e7b2a927d5f65ef478ab5
10-9-4,2,attunet_cl_schedule,42,junction_region_count,annotation_mask_same_extractor,63,308,245.0,245.0,388.88888888888886,valid,ok,ok,,zero_length_angle_vector,775edf7906167ea9e9ba868605a76fc739ed5aa32d5a1c9e3ec9a9a84e402ead,295c9961593fb054b93999c249de4caedc4e23d38b8e7b2a927d5f65ef478ab5
10-9-4,2,attunet_cl_schedule,42,mean_local_acute_angle_deg,annotation_mask_same_extractor,43.610163723088185,49.60758670313809,5.997422980049905,5.997422980049905,13.752351442961302,valid,ok,ok,,zero_length_angle_vector,775edf7906167ea9e9ba868605a76fc739ed5aa32d5a1c9e3ec9a9a84e402ead,295c9961593fb054b93999c249de4caedc4e23d38b8e7b2a927d5f65ef478ab5
235-10-11(1),3,attunet_cl_schedule,42,dominant_path_length,annotation_mask_same_extractor,2994.397328557098,2190.787155501905,-803.6101730551927,803.6101730551927,26.837125634306723,valid,ok,ok,,zero_length_angle_vector,9d52d033268cd4a5d237049ac4f43033746bfe49685933fe46cc01355c7ffcc7,a185c6b846c22bb6648eaeb4b6bcae6a325d03162f8c6bde5f47ba22fc3c7845
235-10-11(1),3,attunet_cl_schedule,42,retained_segment_count,annotation_mask_same_extractor,39,210,171.0,171.0,438.4615384615385,valid,ok,ok,,zero_length_angle_vector,9d52d033268cd4a5d237049ac4f43033746bfe49685933fe46cc01355c7ffcc7,a185c6b846c22bb6648eaeb4b6bcae6a325d03162f8c6bde5f47ba22fc3c7845
235-10-11(1),3,attunet_cl_schedule,42,junction_region_count,annotation_mask_same_extractor,31,217,186.0,186.0,600.0,valid,ok,ok,,zero_length_angle_vector,9d52d033268cd4a5d237049ac4f43033746bfe49685933fe46cc01355c7ffcc7,a185c6b846c22bb6648eaeb4b6bcae6a325d03162f8c6bde5f47ba22fc3c7845
235-10-11(1),3,attunet_cl_schedule,42,mean_local_acute_angle_deg,annotation_mask_same_extractor,53.361302278251465,51.3147007596244,-2.046601518627064,2.046601518627064,3.8353665132741708,valid,ok,ok,,zero_length_angle_vector,9d52d033268cd4a5d237049ac4f43033746bfe49685933fe46cc01355c7ffcc7,a185c6b846c22bb6648eaeb4b6bcae6a325d03162f8c6bde5f47ba22fc3c7845
235-10-11(2),1,attunet_cl_schedule,42,dominant_path_length,annotation_mask_same_extractor,2805.9057710597435,1207.3300858899145,-1598.575685169829,1598.575685169829,56.971823560777445,valid,ok,ok,,zero_length_angle_vector,5b712c674961fc82b6cbf219207fe1d3e1b0be3e2a6b4ba1f8eea53b3cdecde8,6bd2c26ff79b3b941aab3b0ccbdb05d8baed08563bbf3e6b6f0400d01fcf0b53
235-10-11(2),1,attunet_cl_schedule,42,retained_segment_count,annotation_mask_same_extractor,44,186,142.0,142.0,322.7272727272727,valid,ok,ok,,zero_length_angle_vector,5b712c674961fc82b6cbf219207fe1d3e1b0be3e2a6b4ba1f8eea53b3cdecde8,6bd2c26ff79b3b941aab3b0ccbdb05d8baed08563bbf3e6b6f0400d01fcf0b53
235-10-11(2),1,attunet_cl_schedule,42,junction_region_count,annotation_mask_same_extractor,32,177,145.0,145.0,453.125,valid,ok,ok,,zero_length_angle_vector,5b712c674961fc82b6cbf219207fe1d3e1b0be3e2a6b4ba1f8eea53b3cdecde8,6bd2c26ff79b3b941aab3b0ccbdb05d8baed08563bbf3e6b6f0400d01fcf0b53
235-10-11(2),1,attunet_cl_schedule,42,mean_local_acute_angle_deg,annotation_mask_same_extractor,43.25362958365755,52.63693261606241,9.38330303240486,9.38330303240486,21.693677785482627,valid,ok,ok,,zero_length_angle_vector,5b712c674961fc82b6cbf219207fe1d3e1b0be3e2a6b4ba1f8eea53b3cdecde8,6bd2c26ff79b3b941aab3b0ccbdb05d8baed08563bbf3e6b6f0400d01fcf0b53
235-10-11(3),1,attunet_cl_schedule,42,dominant_path_length,annotation_mask_same_extractor,3903.799348810616,1384.597113194674,-2519.202235615942,2519.202235615942,64.53206249915165,valid,ok,ok,zero_length_angle_vector,zero_length_angle_vector,fa60085f010979fe70bd85f42f583537392b69473bae643033aaace4f1bfd685,37b7bbf58ad4f5fadb07dcfe54a7f686d26693a2d29c76da7445953f3f7cd721
235-10-11(3),1,attunet_cl_schedule,42,retained_segment_count,annotation_mask_same_extractor,195,437,242.0,242.0,124.1025641025641,valid,ok,ok,zero_length_angle_vector,zero_length_angle_vector,fa60085f010979fe70bd85f42f583537392b69473bae643033aaace4f1bfd685,37b7bbf58ad4f5fadb07dcfe54a7f686d26693a2d29c76da7445953f3f7cd721
235-10-11(3),1,attunet_cl_schedule,42,junction_region_count,annotation_mask_same_extractor,171,424,253.0,253.0,147.953216374269,valid,ok,ok,zero_length_angle_vector,zero_length_angle_vector,fa60085f010979fe70bd85f42f583537392b69473bae643033aaace4f1bfd685,37b7bbf58ad4f5fadb07dcfe54a7f686d26693a2d29c76da7445953f3f7cd721
235-10-11(3),1,attunet_cl_schedule,42,mean_local_acute_angle_deg,annotation_mask_same_extractor,59.57250840324565,48.85294158381668,-10.71956681942897,10.71956681942897,17.99415050121499,valid,ok,ok,zero_length_angle_vector,zero_length_angle_vector,fa60085f010979fe70bd85f42f583537392b69473bae643033aaace4f1bfd685,37b7bbf58ad4f5fadb07dcfe54a7f686d26693a2d29c76da7445953f3f7cd721
235-10-12(1),4,attunet_cl_schedule,42,dominant_path_length,annotation_mask_same_extractor,2001.4427842621224,1124.917964368596,-876.5248198935265,876.5248198935265,43.79464788031287,valid,ok,ok,,zero_length_angle_vector,18b9363d37a62a519d147178d26a24d6b4b802b892db690b5190ad39f8a39884,eed60bb1ca4c2a50788258ca99201ca5a42a11a838cbd72787b3998ffb3977d6
235-10-12(1),4,attunet_cl_schedule,42,retained_segment_count,annotation_mask_same_extractor,134,101,-33.0,33.0,24.62686567164179,valid,ok,ok,,zero_length_angle_vector,18b9363d37a62a519d147178d26a24d6b4b802b892db690b5190ad39f8a39884,eed60bb1ca4c2a50788258ca99201ca5a42a11a838cbd72787b3998ffb3977d6
235-10-12(1),4,attunet_cl_schedule,42,junction_region_count,annotation_mask_same_extractor,112,89,-23.0,23.0,20.535714285714285,valid,ok,ok,,zero_length_angle_vector,18b9363d37a62a519d147178d26a24d6b4b802b892db690b5190ad39f8a39884,eed60bb1ca4c2a50788258ca99201ca5a42a11a838cbd72787b3998ffb3977d6
235-10-12(1),4,attunet_cl_schedule,42,mean_local_acute_angle_deg,annotation_mask_same_extractor,53.181513697065846,51.543265506515304,-1.6382481905505415,1.6382481905505415,3.0804843199506893,valid,ok,ok,,zero_length_angle_vector,18b9363d37a62a519d147178d26a24d6b4b802b892db690b5190ad39f8a39884,eed60bb1ca4c2a50788258ca99201ca5a42a11a838cbd72787b3998ffb3977d6
235-10-12(2),0,attunet_cl_schedule,42,dominant_path_length,annotation_mask_same_extractor,3327.9141392239435,1199.7564927611077,-2128.157646462836,2128.157646462836,63.94869451046337,valid,ok,ok,,zero_length_angle_vector,3f320f9a413c704ff148c35538663d08b34fdafa0044a66241f691b28db5db7b,649e01203db06d30cc2b331e3f80610165a9fe717a2554220849478e5e6e3e7e
235-10-12(2),0,attunet_cl_schedule,42,retained_segment_count,annotation_mask_same_extractor,98,83,-15.0,15.0,15.306122448979592,valid,ok,ok,,zero_length_angle_vector,3f320f9a413c704ff148c35538663d08b34fdafa0044a66241f691b28db5db7b,649e01203db06d30cc2b331e3f80610165a9fe717a2554220849478e5e6e3e7e
235-10-12(2),0,attunet_cl_schedule,42,junction_region_count,annotation_mask_same_extractor,79,104,25.0,25.0,31.645569620253166,valid,ok,ok,,zero_length_angle_vector,3f320f9a413c704ff148c35538663d08b34fdafa0044a66241f691b28db5db7b,649e01203db06d30cc2b331e3f80610165a9fe717a2554220849478e5e6e3e7e
235-10-12(2),0,attunet_cl_schedule,42,mean_local_acute_angle_deg,annotation_mask_same_extractor,62.31932305515474,49.698874903870184,-12.620448151284556,12.620448151284556,20.251260014674784,valid,ok,ok,,zero_length_angle_vector,3f320f9a413c704ff148c35538663d08b34fdafa0044a66241f691b28db5db7b,649e01203db06d30cc2b331e3f80610165a9fe717a2554220849478e5e6e3e7e
235-10-12(3),1,attunet_cl_schedule,42,dominant_path_length,annotation_mask_same_extractor,3338.9221484506097,1469.3321779309692,-1869.5899705196405,1869.5899705196405,55.99381738766216,valid,ok,ok,zero_length_angle_vector,zero_length_angle_vector,06cb03ea2bad65c89fe30627bf1d69fb7bd50a7bc6f48ee697c5830e39ef08b3,d9075879d9127179a5924393a062f932b14674a5ef7371727df0941db009e6b3
235-10-12(3),1,attunet_cl_schedule,42,retained_segment_count,annotation_mask_same_extractor,248,522,274.0,274.0,110.48387096774192,valid,ok,ok,zero_length_angle_vector,zero_length_angle_vector,06cb03ea2bad65c89fe30627bf1d69fb7bd50a7bc6f48ee697c5830e39ef08b3,d9075879d9127179a5924393a062f932b14674a5ef7371727df0941db009e6b3
235-10-12(3),1,attunet_cl_schedule,42,junction_region_count,annotation_mask_same_extractor,210,491,281.0,281.0,133.8095238095238,valid,ok,ok,zero_length_angle_vector,zero_length_angle_vector,06cb03ea2bad65c89fe30627bf1d69fb7bd50a7bc6f48ee697c5830e39ef08b3,d9075879d9127179a5924393a062f932b14674a5ef7371727df0941db009e6b3
235-10-12(3),1,attunet_cl_schedule,42,mean_local_acute_angle_deg,annotation_mask_same_extractor,56.12825058978015,41.34799614008312,-14.780254449697033,14.780254449697033,26.333003958595185,valid,ok,ok,zero_length_angle_vector,zero_length_angle_vector,06cb03ea2bad65c89fe30627bf1d69fb7bd50a7bc6f48ee697c5830e39ef08b3,d9075879d9127179a5924393a062f932b14674a5ef7371727df0941db009e6b3
235-25-6(1),2,attunet_cl_schedule,42,dominant_path_length,annotation_mask_same_extractor,2364.349421873661,2122.59119600901,-241.75822586465074,241.75822586465074,10.225147925600021,valid,ok,ok,,zero_length_angle_vector,81d217e87b63701eb36c3a0b141a738b1f3dd596f793222514893c0a771fc94d,b804239628732c1f920783d10e7fdc0d8f7244b31c94ab60805b08e798e29839
235-25-6(1),2,attunet_cl_schedule,42,retained_segment_count,annotation_mask_same_extractor,27,124,97.0,97.0,359.25925925925924,valid,ok,ok,,zero_length_angle_vector,81d217e87b63701eb36c3a0b141a738b1f3dd596f793222514893c0a771fc94d,b804239628732c1f920783d10e7fdc0d8f7244b31c94ab60805b08e798e29839
235-25-6(1),2,attunet_cl_schedule,42,junction_region_count,annotation_mask_same_extractor,21,159,138.0,138.0,657.1428571428571,valid,ok,ok,,zero_length_angle_vector,81d217e87b63701eb36c3a0b141a738b1f3dd596f793222514893c0a771fc94d,b804239628732c1f920783d10e7fdc0d8f7244b31c94ab60805b08e798e29839
235-25-6(1),2,attunet_cl_schedule,42,mean_local_acute_angle_deg,annotation_mask_same_extractor,63.4461979910307,48.248370484039974,-15.197827506990727,15.197827506990727,23.953882168225782,valid,ok,ok,,zero_length_angle_vector,81d217e87b63701eb36c3a0b141a738b1f3dd596f793222514893c0a771fc94d,b804239628732c1f920783d10e7fdc0d8f7244b31c94ab60805b08e798e29839
235-25-6(2),4,attunet_cl_schedule,42,dominant_path_length,annotation_mask_same_extractor,1377.430590953303,945.5361466505738,-431.8944443027292,431.8944443027292,31.3550785890286,valid,ok,ok,,zero_length_angle_vector,07fd844e7f853a14fb82235228caf5997075e001697d881b5a753f8be11ad9ff,412e2a3d0db43cc1c9012c412261db9f688d93b6d3801bbebdf2a6f3fe6bc111
235-25-6(2),4,attunet_cl_schedule,42,retained_segment_count,annotation_mask_same_extractor,90,84,-6.0,6.0,6.666666666666667,valid,ok,ok,,zero_length_angle_vector,07fd844e7f853a14fb82235228caf5997075e001697d881b5a753f8be11ad9ff,412e2a3d0db43cc1c9012c412261db9f688d93b6d3801bbebdf2a6f3fe6bc111
235-25-6(2),4,attunet_cl_schedule,42,junction_region_count,annotation_mask_same_extractor,63,70,7.0,7.0,11.11111111111111,valid,ok,ok,,zero_length_angle_vector,07fd844e7f853a14fb82235228caf5997075e001697d881b5a753f8be11ad9ff,412e2a3d0db43cc1c9012c412261db9f688d93b6d3801bbebdf2a6f3fe6bc111
235-25-6(2),4,attunet_cl_schedule,42,mean_local_acute_angle_deg,annotation_mask_same_extractor,48.93734100767138,51.449385463226186,2.5120444555548076,2.5120444555548076,5.133185424114116,valid,ok,ok,,zero_length_angle_vector,07fd844e7f853a14fb82235228caf5997075e001697d881b5a753f8be11ad9ff,412e2a3d0db43cc1c9012c412261db9f688d93b6d3801bbebdf2a6f3fe6bc111
235-25-7(1),2,attunet_cl_schedule,42,dominant_path_length,annotation_mask_same_extractor,2998.8439379638457,1083.2468247692286,-1915.5971131946171,1915.5971131946171,63.87785269330383,valid,ok,ok,,,7497c2c9ff553aa7c2dd4141a59b027c8c75f67dc2bccba4cc857927d6dbf16d,a58ec0f05982bdb22a3cab5429a5d2818865a9980e2059e2479f0c2e353f30e0
235-25-7(1),2,attunet_cl_schedule,42,retained_segment_count,annotation_mask_same_extractor,230,350,120.0,120.0,52.17391304347826,valid,ok,ok,,,7497c2c9ff553aa7c2dd4141a59b027c8c75f67dc2bccba4cc857927d6dbf16d,a58ec0f05982bdb22a3cab5429a5d2818865a9980e2059e2479f0c2e353f30e0
235-25-7(1),2,attunet_cl_schedule,42,junction_region_count,annotation_mask_same_extractor,208,441,233.0,233.0,112.01923076923077,valid,ok,ok,,,7497c2c9ff553aa7c2dd4141a59b027c8c75f67dc2bccba4cc857927d6dbf16d,a58ec0f05982bdb22a3cab5429a5d2818865a9980e2059e2479f0c2e353f30e0
235-25-7(1),2,attunet_cl_schedule,42,mean_local_acute_angle_deg,annotation_mask_same_extractor,56.8053052093956,48.464702444718256,-8.340602764677342,8.340602764677342,14.682788401421714,valid,ok,ok,,,7497c2c9ff553aa7c2dd4141a59b027c8c75f67dc2bccba4cc857927d6dbf16d,a58ec0f05982bdb22a3cab5429a5d2818865a9980e2059e2479f0c2e353f30e0
235-25-7(2),2,attunet_cl_schedule,42,dominant_path_length,annotation_mask_same_extractor,1249.092495836678,839.8843430349639,-409.20815280171405,409.20815280171405,32.760436410084644,valid,ok,ok,,zero_length_angle_vector,2131528edadfa652c430e59c756f4b7a69ff50f6d858967b29f0984a2a5a1f3d,44988301e6accb4306f2e0a3357fac4487d2b0f7cb8f0128da6169eb7c760ef6
235-25-7(2),2,attunet_cl_schedule,42,retained_segment_count,annotation_mask_same_extractor,94,160,66.0,66.0,70.2127659574468,valid,ok,ok,,zero_length_angle_vector,2131528edadfa652c430e59c756f4b7a69ff50f6d858967b29f0984a2a5a1f3d,44988301e6accb4306f2e0a3357fac4487d2b0f7cb8f0128da6169eb7c760ef6
235-25-7(2),2,attunet_cl_schedule,42,junction_region_count,annotation_mask_same_extractor,74,224,150.0,150.0,202.7027027027027,valid,ok,ok,,zero_length_angle_vector,2131528edadfa652c430e59c756f4b7a69ff50f6d858967b29f0984a2a5a1f3d,44988301e6accb4306f2e0a3357fac4487d2b0f7cb8f0128da6169eb7c760ef6
235-25-7(2),2,attunet_cl_schedule,42,mean_local_acute_angle_deg,annotation_mask_same_extractor,51.18427192297171,44.566091188630075,-6.618180734341635,6.618180734341635,12.930106233222336,valid,ok,ok,,zero_length_angle_vector,2131528edadfa652c430e59c756f4b7a69ff50f6d858967b29f0984a2a5a1f3d,44988301e6accb4306f2e0a3357fac4487d2b0f7cb8f0128da6169eb7c760ef6
235-25-7(3),2,attunet_cl_schedule,42,dominant_path_length,annotation_mask_same_extractor,3042.988165628605,1642.567675943151,-1400.4204896854542,1400.4204896854542,46.02122694736679,valid,ok,ok,zero_length_angle_vector,zero_length_angle_vector,2c8b120debe12fd303a7f06497770c03ad10375f80aac91a1feeabe828c5d6e3,d7db8d6425e669c2ae0fe18f19c4ccf47f45110555141002e808662caf4a6c6e
235-25-7(3),2,attunet_cl_schedule,42,retained_segment_count,annotation_mask_same_extractor,86,261,175.0,175.0,203.48837209302326,valid,ok,ok,zero_length_angle_vector,zero_length_angle_vector,2c8b120debe12fd303a7f06497770c03ad10375f80aac91a1feeabe828c5d6e3,d7db8d6425e669c2ae0fe18f19c4ccf47f45110555141002e808662caf4a6c6e
235-25-7(3),2,attunet_cl_schedule,42,junction_region_count,annotation_mask_same_extractor,69,350,281.0,281.0,407.24637681159425,valid,ok,ok,zero_length_angle_vector,zero_length_angle_vector,2c8b120debe12fd303a7f06497770c03ad10375f80aac91a1feeabe828c5d6e3,d7db8d6425e669c2ae0fe18f19c4ccf47f45110555141002e808662caf4a6c6e
235-25-7(3),2,attunet_cl_schedule,42,mean_local_acute_angle_deg,annotation_mask_same_extractor,40.34148473985392,53.89859140134367,13.557106661489755,13.557106661489755,33.60586936478443,valid,ok,ok,zero_length_angle_vector,zero_length_angle_vector,2c8b120debe12fd303a7f06497770c03ad10375f80aac91a1feeabe828c5d6e3,d7db8d6425e669c2ae0fe18f19c4ccf47f45110555141002e808662caf4a6c6e
235-25-9(1),4,attunet_cl_schedule,42,dominant_path_length,annotation_mask_same_extractor,3126.4490603852128,1201.3544725075544,-1925.0945878776583,1925.0945878776583,61.57447476980372,valid,ok,ok,,zero_length_angle_vector,a44aabe48936de7e267908875859f9c440963c013122db96ca7e12819915e47a,9dac857017485f492918bb6e251c6f7ee9d33d6dce1de455e0f01024b5d94051
235-25-9(1),4,attunet_cl_schedule,42,retained_segment_count,annotation_mask_same_extractor,81,68,-13.0,13.0,16.049382716049383,valid,ok,ok,,zero_length_angle_vector,a44aabe48936de7e267908875859f9c440963c013122db96ca7e12819915e47a,9dac857017485f492918bb6e251c6f7ee9d33d6dce1de455e0f01024b5d94051
235-25-9(1),4,attunet_cl_schedule,42,junction_region_count,annotation_mask_same_extractor,71,85,14.0,14.0,19.718309859154928,valid,ok,ok,,zero_length_angle_vector,a44aabe48936de7e267908875859f9c440963c013122db96ca7e12819915e47a,9dac857017485f492918bb6e251c6f7ee9d33d6dce1de455e0f01024b5d94051
235-25-9(1),4,attunet_cl_schedule,42,mean_local_acute_angle_deg,annotation_mask_same_extractor,56.36650915301412,61.08022183215082,4.713712679136698,4.713712679136698,8.36261239159005,valid,ok,ok,,zero_length_angle_vector,a44aabe48936de7e267908875859f9c440963c013122db96ca7e12819915e47a,9dac857017485f492918bb6e251c6f7ee9d33d6dce1de455e0f01024b5d94051
235-25-9(2),4,attunet_cl_schedule,42,dominant_path_length,annotation_mask_same_extractor,1133.901586977666,771.5950211536189,-362.3065658240472,362.3065658240472,31.952205551607836,valid,ok,ok,,zero_length_angle_vector,078e2f40e0375f4163f04a89f798c84e04ad144ea99252428ef60b382a208150,c49ac3f91433c30186d30126cb9c35b23a59696a94ee40d6887c4ba66560b79a
235-25-9(2),4,attunet_cl_schedule,42,retained_segment_count,annotation_mask_same_extractor,72,59,-13.0,13.0,18.055555555555554,valid,ok,ok,,zero_length_angle_vector,078e2f40e0375f4163f04a89f798c84e04ad144ea99252428ef60b382a208150,c49ac3f91433c30186d30126cb9c35b23a59696a94ee40d6887c4ba66560b79a
235-25-9(2),4,attunet_cl_schedule,42,junction_region_count,annotation_mask_same_extractor,58,47,-11.0,11.0,18.96551724137931,valid,ok,ok,,zero_length_angle_vector,078e2f40e0375f4163f04a89f798c84e04ad144ea99252428ef60b382a208150,c49ac3f91433c30186d30126cb9c35b23a59696a94ee40d6887c4ba66560b79a
235-25-9(2),4,attunet_cl_schedule,42,mean_local_acute_angle_deg,annotation_mask_same_extractor,48.80355339734289,48.74029275001667,-0.06326064732621717,0.06326064732621717,0.12962303546049048,valid,ok,ok,,zero_length_angle_vector,078e2f40e0375f4163f04a89f798c84e04ad144ea99252428ef60b382a208150,c49ac3f91433c30186d30126cb9c35b23a59696a94ee40d6887c4ba66560b79a
235-25-9(3),1,attunet_cl_schedule,42,dominant_path_length,annotation_mask_same_extractor,3014.9961748553196,910.5117600329336,-2104.484414822386,2104.484414822386,69.80056665986893,valid,ok,ok,,zero_length_angle_vector,04c79fb7e355280d60cd560ee7fce5e6be4db79fc76c2cc62ba5beb9dc7281f5,4bf2e85db5bc66d8343b34f260f73082fac30237f12c365b37a016c1fa59443d
235-25-9(3),1,attunet_cl_schedule,42,retained_segment_count,annotation_mask_same_extractor,162,239,77.0,77.0,47.53086419753087,valid,ok,ok,,zero_length_angle_vector,04c79fb7e355280d60cd560ee7fce5e6be4db79fc76c2cc62ba5beb9dc7281f5,4bf2e85db5bc66d8343b34f260f73082fac30237f12c365b37a016c1fa59443d
235-25-9(3),1,attunet_cl_schedule,42,junction_region_count,annotation_mask_same_extractor,148,208,60.0,60.0,40.54054054054054,valid,ok,ok,,zero_length_angle_vector,04c79fb7e355280d60cd560ee7fce5e6be4db79fc76c2cc62ba5beb9dc7281f5,4bf2e85db5bc66d8343b34f260f73082fac30237f12c365b37a016c1fa59443d
235-25-9(3),1,attunet_cl_schedule,42,mean_local_acute_angle_deg,annotation_mask_same_extractor,63.95431651066043,44.80377616945419,-19.150540341206245,19.150540341206245,29.944093512459126,valid,ok,ok,,zero_length_angle_vector,04c79fb7e355280d60cd560ee7fce5e6be4db79fc76c2cc62ba5beb9dc7281f5,4bf2e85db5bc66d8343b34f260f73082fac30237f12c365b37a016c1fa59443d
447-1-1,1,attunet_cl_schedule,42,dominant_path_length,annotation_mask_same_extractor,3911.385135248214,4084.705986422141,173.32085117392717,173.32085117392717,4.431188573378068,valid,ok,ok,,,67a3ba2f50251e390c617a86eba391a70dc650351761a8b7c955b3e97cd90123,072a13dd9e7f761195b7092a42454fb63380380aea5dbfb67bafbb2ec676297b
447-1-1,1,attunet_cl_schedule,42,retained_segment_count,annotation_mask_same_extractor,293,351,58.0,58.0,19.795221843003414,valid,ok,ok,,,67a3ba2f50251e390c617a86eba391a70dc650351761a8b7c955b3e97cd90123,072a13dd9e7f761195b7092a42454fb63380380aea5dbfb67bafbb2ec676297b
447-1-1,1,attunet_cl_schedule,42,junction_region_count,annotation_mask_same_extractor,271,346,75.0,75.0,27.67527675276753,valid,ok,ok,,,67a3ba2f50251e390c617a86eba391a70dc650351761a8b7c955b3e97cd90123,072a13dd9e7f761195b7092a42454fb63380380aea5dbfb67bafbb2ec676297b
447-1-1,1,attunet_cl_schedule,42,mean_local_acute_angle_deg,annotation_mask_same_extractor,61.706177398538195,57.43707573573707,-4.269101662801127,4.269101662801127,6.9184348193026475,valid,ok,ok,,,67a3ba2f50251e390c617a86eba391a70dc650351761a8b7c955b3e97cd90123,072a13dd9e7f761195b7092a42454fb63380380aea5dbfb67bafbb2ec676297b
447-1-1(1),1,attunet_cl_schedule,42,dominant_path_length,annotation_mask_same_extractor,3219.268252793949,959.3746750430851,-2259.893577750864,2259.893577750864,70.19898313194436,valid,ok,ok,,zero_length_angle_vector,0d1ba7e5e04b19e049d833c898b8b5dfd329ae106055ed93825b5e45ffe6aa84,a2b3b8101a8875624dc484ad0cb4255fd36ab1ac5add47b2c07dda5c8b66614f
447-1-1(1),1,attunet_cl_schedule,42,retained_segment_count,annotation_mask_same_extractor,138,200,62.0,62.0,44.927536231884055,valid,ok,ok,,zero_length_angle_vector,0d1ba7e5e04b19e049d833c898b8b5dfd329ae106055ed93825b5e45ffe6aa84,a2b3b8101a8875624dc484ad0cb4255fd36ab1ac5add47b2c07dda5c8b66614f
447-1-1(1),1,attunet_cl_schedule,42,junction_region_count,annotation_mask_same_extractor,130,165,35.0,35.0,26.923076923076923,valid,ok,ok,,zero_length_angle_vector,0d1ba7e5e04b19e049d833c898b8b5dfd329ae106055ed93825b5e45ffe6aa84,a2b3b8101a8875624dc484ad0cb4255fd36ab1ac5add47b2c07dda5c8b66614f
447-1-1(1),1,attunet_cl_schedule,42,mean_local_acute_angle_deg,annotation_mask_same_extractor,67.79905715669001,51.28666052867387,-16.51239662801614,16.51239662801614,24.35490598321218,valid,ok,ok,,zero_length_angle_vector,0d1ba7e5e04b19e049d833c898b8b5dfd329ae106055ed93825b5e45ffe6aa84,a2b3b8101a8875624dc484ad0cb4255fd36ab1ac5add47b2c07dda5c8b66614f
7-1-3(1),4,attunet_cl_schedule,42,dominant_path_length,annotation_mask_same_extractor,3591.411613906912,1356.1585130146607,-2235.2531008922515,2235.2531008922515,62.23884481067974,valid,ok,ok,,zero_length_angle_vector,bba8ccc94987683932ee1142fbfdf5f18f0e90a532fe1e011e5e0387316a0102,e9253711a62dc3b5327940dfd47514121935abaa89786f59c11226da0efc0ac6
7-1-3(1),4,attunet_cl_schedule,42,retained_segment_count,annotation_mask_same_extractor,415,304,-111.0,111.0,26.746987951807228,valid,ok,ok,,zero_length_angle_vector,bba8ccc94987683932ee1142fbfdf5f18f0e90a532fe1e011e5e0387316a0102,e9253711a62dc3b5327940dfd47514121935abaa89786f59c11226da0efc0ac6
7-1-3(1),4,attunet_cl_schedule,42,junction_region_count,annotation_mask_same_extractor,370,257,-113.0,113.0,30.54054054054054,valid,ok,ok,,zero_length_angle_vector,bba8ccc94987683932ee1142fbfdf5f18f0e90a532fe1e011e5e0387316a0102,e9253711a62dc3b5327940dfd47514121935abaa89786f59c11226da0efc0ac6
7-1-3(1),4,attunet_cl_schedule,42,mean_local_acute_angle_deg,annotation_mask_same_extractor,52.19068191429416,48.87339682238152,-3.3172850919126375,3.3172850919126375,6.356086891832866,valid,ok,ok,,zero_length_angle_vector,bba8ccc94987683932ee1142fbfdf5f18f0e90a532fe1e011e5e0387316a0102,e9253711a62dc3b5327940dfd47514121935abaa89786f59c11226da0efc0ac6
7-1-3(2),4,attunet_cl_schedule,42,dominant_path_length,annotation_mask_same_extractor,2479.356564548581,1240.7026688919445,-1238.6538956566365,1238.6538956566365,49.958683368406895,valid,ok,ok,,zero_length_angle_vector,28862657685f711ee260dae48d326375279a0325e0e0c82a6692a9516004f3bb,b5f7c18cc0664e8ddaa20359ed5966ef8359da568547c7f4def2a6273fc87a11
7-1-3(2),4,attunet_cl_schedule,42,retained_segment_count,annotation_mask_same_extractor,239,147,-92.0,92.0,38.49372384937239,valid,ok,ok,,zero_length_angle_vector,28862657685f711ee260dae48d326375279a0325e0e0c82a6692a9516004f3bb,b5f7c18cc0664e8ddaa20359ed5966ef8359da568547c7f4def2a6273fc87a11
7-1-3(2),4,attunet_cl_schedule,42,junction_region_count,annotation_mask_same_extractor,201,117,-84.0,84.0,41.7910447761194,valid,ok,ok,,zero_length_angle_vector,28862657685f711ee260dae48d326375279a0325e0e0c82a6692a9516004f3bb,b5f7c18cc0664e8ddaa20359ed5966ef8359da568547c7f4def2a6273fc87a11
7-1-3(2),4,attunet_cl_schedule,42,mean_local_acute_angle_deg,annotation_mask_same_extractor,52.02063707468777,48.94322305980886,-3.0774140148789115,3.0774140148789115,5.915756107447445,valid,ok,ok,,zero_length_angle_vector,28862657685f711ee260dae48d326375279a0325e0e0c82a6692a9516004f3bb,b5f7c18cc0664e8ddaa20359ed5966ef8359da568547c7f4def2a6273fc87a11
7-1-3(3),0,attunet_cl_schedule,42,dominant_path_length,annotation_mask_same_extractor,3139.476405595674,1604.0702012600927,-1535.4062043355812,1535.4062043355812,48.906441902189044,valid,ok,ok,zero_length_angle_vector,zero_length_angle_vector,eb3582ff4719e2750a945bfec7af39008d621c1fbaba7f242e61cf5fb5af1392,fdd21f404a0d22f0a1bd3dbe10069639efd545a3940ae69995f9d365b42e7b57
7-1-3(3),0,attunet_cl_schedule,42,retained_segment_count,annotation_mask_same_extractor,234,197,-37.0,37.0,15.81196581196581,valid,ok,ok,zero_length_angle_vector,zero_length_angle_vector,eb3582ff4719e2750a945bfec7af39008d621c1fbaba7f242e61cf5fb5af1392,fdd21f404a0d22f0a1bd3dbe10069639efd545a3940ae69995f9d365b42e7b57
7-1-3(3),0,attunet_cl_schedule,42,junction_region_count,annotation_mask_same_extractor,206,165,-41.0,41.0,19.902912621359224,valid,ok,ok,zero_length_angle_vector,zero_length_angle_vector,eb3582ff4719e2750a945bfec7af39008d621c1fbaba7f242e61cf5fb5af1392,fdd21f404a0d22f0a1bd3dbe10069639efd545a3940ae69995f9d365b42e7b57
7-1-3(3),0,attunet_cl_schedule,42,mean_local_acute_angle_deg,annotation_mask_same_extractor,55.62685066639042,50.43446563189079,-5.19238503449963,5.19238503449963,9.334314224689432,valid,ok,ok,zero_length_angle_vector,zero_length_angle_vector,eb3582ff4719e2750a945bfec7af39008d621c1fbaba7f242e61cf5fb5af1392,fdd21f404a0d22f0a1bd3dbe10069639efd545a3940ae69995f9d365b42e7b57
7-1-6(1),0,attunet_cl_schedule,42,dominant_path_length,annotation_mask_same_extractor,3188.726188957766,2521.5373721398155,-667.1888168179507,667.1888168179507,20.923364920084943,valid,ok,ok,,zero_length_angle_vector,cba0254b9e9151f7e11554a8e70e85d3aae5e2a96042767c54979c286faeb9a4,502aca81f76ed780a6493c613237560477a8397a2f99847099c1b8514f155e9c
7-1-6(1),0,attunet_cl_schedule,42,retained_segment_count,annotation_mask_same_extractor,300,194,-106.0,106.0,35.333333333333336,valid,ok,ok,,zero_length_angle_vector,cba0254b9e9151f7e11554a8e70e85d3aae5e2a96042767c54979c286faeb9a4,502aca81f76ed780a6493c613237560477a8397a2f99847099c1b8514f155e9c
7-1-6(1),0,attunet_cl_schedule,42,junction_region_count,annotation_mask_same_extractor,268,182,-86.0,86.0,32.08955223880597,valid,ok,ok,,zero_length_angle_vector,cba0254b9e9151f7e11554a8e70e85d3aae5e2a96042767c54979c286faeb9a4,502aca81f76ed780a6493c613237560477a8397a2f99847099c1b8514f155e9c
7-1-6(1),0,attunet_cl_schedule,42,mean_local_acute_angle_deg,annotation_mask_same_extractor,57.71657823171459,52.47896616835171,-5.2376120633628815,5.2376120633628815,9.074709942670985,valid,ok,ok,,zero_length_angle_vector,cba0254b9e9151f7e11554a8e70e85d3aae5e2a96042767c54979c286faeb9a4,502aca81f76ed780a6493c613237560477a8397a2f99847099c1b8514f155e9c
7-1-6(2),3,attunet_cl_schedule,42,dominant_path_length,annotation_mask_same_extractor,4815.678641211786,3897.227847722862,-918.4507934889243,918.4507934889243,19.072094753768937,valid,ok,ok,zero_length_angle_vector,zero_length_angle_vector,e3aea5a1ab8ea31c284842492594be58ed37bba1e364b53dc239f9c47cd34693,76fd035288fc9925719050349750fa6076dd96dfbfaac6cb649da1ccc93a7a50
7-1-6(2),3,attunet_cl_schedule,42,retained_segment_count,annotation_mask_same_extractor,436,619,183.0,183.0,41.97247706422018,valid,ok,ok,zero_length_angle_vector,zero_length_angle_vector,e3aea5a1ab8ea31c284842492594be58ed37bba1e364b53dc239f9c47cd34693,76fd035288fc9925719050349750fa6076dd96dfbfaac6cb649da1ccc93a7a50
7-1-6(2),3,attunet_cl_schedule,42,junction_region_count,annotation_mask_same_extractor,321,570,249.0,249.0,77.57009345794393,valid,ok,ok,zero_length_angle_vector,zero_length_angle_vector,e3aea5a1ab8ea31c284842492594be58ed37bba1e364b53dc239f9c47cd34693,76fd035288fc9925719050349750fa6076dd96dfbfaac6cb649da1ccc93a7a50
7-1-6(2),3,attunet_cl_schedule,42,mean_local_acute_angle_deg,annotation_mask_same_extractor,45.76167325566849,50.61849826676996,4.856825011101471,4.856825011101471,10.613302935770287,valid,ok,ok,zero_length_angle_vector,zero_length_angle_vector,e3aea5a1ab8ea31c284842492594be58ed37bba1e364b53dc239f9c47cd34693,76fd035288fc9925719050349750fa6076dd96dfbfaac6cb649da1ccc93a7a50
7-1-6(3),2,attunet_cl_schedule,42,dominant_path_length,annotation_mask_same_extractor,3149.346463280794,1218.6610383316017,-1930.6854249491923,1930.6854249491923,61.30431972028647,valid,ok,ok,zero_length_angle_vector,zero_length_angle_vector,175aad97304bc1efcc5da1ef9c37712fdcee8d0161a6f80fd823a18cef9139a0,e7132c2b29f29a82328cf167061da473607023c3e849d2540a7237c41dac5d57
7-1-6(3),2,attunet_cl_schedule,42,retained_segment_count,annotation_mask_same_extractor,113,451,338.0,338.0,299.11504424778764,valid,ok,ok,zero_length_angle_vector,zero_length_angle_vector,175aad97304bc1efcc5da1ef9c37712fdcee8d0161a6f80fd823a18cef9139a0,e7132c2b29f29a82328cf167061da473607023c3e849d2540a7237c41dac5d57
7-1-6(3),2,attunet_cl_schedule,42,junction_region_count,annotation_mask_same_extractor,82,566,484.0,484.0,590.2439024390244,valid,ok,ok,zero_length_angle_vector,zero_length_angle_vector,175aad97304bc1efcc5da1ef9c37712fdcee8d0161a6f80fd823a18cef9139a0,e7132c2b29f29a82328cf167061da473607023c3e849d2540a7237c41dac5d57
7-1-6(3),2,attunet_cl_schedule,42,mean_local_acute_angle_deg,annotation_mask_same_extractor,52.34419986077857,48.389607046260636,-3.9545928145179374,3.9545928145179374,7.554978058765031,valid,ok,ok,zero_length_angle_vector,zero_length_angle_vector,175aad97304bc1efcc5da1ef9c37712fdcee8d0161a6f80fd823a18cef9139a0,e7132c2b29f29a82328cf167061da473607023c3e849d2540a7237c41dac5d57
7-1-6(4),0,attunet_cl_schedule,42,dominant_path_length,annotation_mask_same_extractor,2934.7922061357463,3171.69884374725,236.9066376115038,236.9066376115038,8.07234792010845,valid,ok,ok,,zero_length_angle_vector,c0fc24472241d6b39ede8026e685b39939da6b7eb296c7092ba9ef7c6acbe239,b8a2deccbce3315993e8f6c8337c4fe007e18be6edc5bb667147758f0eedea49
7-1-6(4),0,attunet_cl_schedule,42,retained_segment_count,annotation_mask_same_extractor,402,322,-80.0,80.0,19.900497512437813,valid,ok,ok,,zero_length_angle_vector,c0fc24472241d6b39ede8026e685b39939da6b7eb296c7092ba9ef7c6acbe239,b8a2deccbce3315993e8f6c8337c4fe007e18be6edc5bb667147758f0eedea49
7-1-6(4),0,attunet_cl_schedule,42,junction_region_count,annotation_mask_same_extractor,320,279,-41.0,41.0,12.812499999999998,valid,ok,ok,,zero_length_angle_vector,c0fc24472241d6b39ede8026e685b39939da6b7eb296c7092ba9ef7c6acbe239,b8a2deccbce3315993e8f6c8337c4fe007e18be6edc5bb667147758f0eedea49
7-1-6(4),0,attunet_cl_schedule,42,mean_local_acute_angle_deg,annotation_mask_same_extractor,45.58572184508618,43.975358871007394,-1.6103629740787824,1.6103629740787824,3.532603870025957,valid,ok,ok,,zero_length_angle_vector,c0fc24472241d6b39ede8026e685b39939da6b7eb296c7092ba9ef7c6acbe239,b8a2deccbce3315993e8f6c8337c4fe007e18be6edc5bb667147758f0eedea49
DN50-235-25-6(2),1,attunet_cl_schedule,42,dominant_path_length,annotation_mask_same_extractor,1654.4398256692953,950.283404695689,-704.1564209736063,704.1564209736063,42.56162176758186,valid,ok,ok,,zero_length_angle_vector,26158010911e4857cbb5605c765e186f4f05e7d62b2dcff5cd35f9038e6d54e6,e0f797221fa5d9cec4eb0cd0e8ca5d7c87f3b7bea42cae38d23b91d04413b23a
DN50-235-25-6(2),1,attunet_cl_schedule,42,retained_segment_count,annotation_mask_same_extractor,104,159,55.0,55.0,52.88461538461539,valid,ok,ok,,zero_length_angle_vector,26158010911e4857cbb5605c765e186f4f05e7d62b2dcff5cd35f9038e6d54e6,e0f797221fa5d9cec4eb0cd0e8ca5d7c87f3b7bea42cae38d23b91d04413b23a
DN50-235-25-6(2),1,attunet_cl_schedule,42,junction_region_count,annotation_mask_same_extractor,97,164,67.0,67.0,69.0721649484536,valid,ok,ok,,zero_length_angle_vector,26158010911e4857cbb5605c765e186f4f05e7d62b2dcff5cd35f9038e6d54e6,e0f797221fa5d9cec4eb0cd0e8ca5d7c87f3b7bea42cae38d23b91d04413b23a
DN50-235-25-6(2),1,attunet_cl_schedule,42,mean_local_acute_angle_deg,annotation_mask_same_extractor,48.376302759478975,58.35944667769335,9.983143918214374,9.983143918214374,20.6364342637951,valid,ok,ok,,zero_length_angle_vector,26158010911e4857cbb5605c765e186f4f05e7d62b2dcff5cd35f9038e6d54e6,e0f797221fa5d9cec4eb0cd0e8ca5d7c87f3b7bea42cae38d23b91d04413b23a
DN50-235-25-6(3),1,attunet_cl_schedule,42,dominant_path_length,annotation_mask_same_extractor,956.9015869776664,903.1635636485435,-53.73802332912294,53.73802332912294,5.615835950157867,valid,ok,ok,,zero_length_angle_vector,1c99a68f93f5396eb9701167417e60c3f506eddaae41784653661a85b4318891,8b1ad70023303c483eaf931e21b559164cb33ecec4f519d2166f77794672119d
DN50-235-25-6(3),1,attunet_cl_schedule,42,retained_segment_count,annotation_mask_same_extractor,110,130,20.0,20.0,18.181818181818183,valid,ok,ok,,zero_length_angle_vector,1c99a68f93f5396eb9701167417e60c3f506eddaae41784653661a85b4318891,8b1ad70023303c483eaf931e21b559164cb33ecec4f519d2166f77794672119d
DN50-235-25-6(3),1,attunet_cl_schedule,42,junction_region_count,annotation_mask_same_extractor,90,119,29.0,29.0,32.22222222222222,valid,ok,ok,,zero_length_angle_vector,1c99a68f93f5396eb9701167417e60c3f506eddaae41784653661a85b4318891,8b1ad70023303c483eaf931e21b559164cb33ecec4f519d2166f77794672119d
DN50-235-25-6(3),1,attunet_cl_schedule,42,mean_local_acute_angle_deg,annotation_mask_same_extractor,55.84661373210531,47.156727562271826,-8.689886169833485,8.689886169833485,15.560274095612373,valid,ok,ok,,zero_length_angle_vector,1c99a68f93f5396eb9701167417e60c3f506eddaae41784653661a85b4318891,8b1ad70023303c483eaf931e21b559164cb33ecec4f519d2166f77794672119d
DN50-235-25-7(1),0,attunet_cl_schedule,42,dominant_path_length,annotation_mask_same_extractor,835.1076477383253,763.1219330882002,-71.98571465012515,71.98571465012515,8.61993239375546,valid,ok,ok,,zero_length_angle_vector,1d15d42a8683193e72d4801bf8661ed463c57674766c0904ac6147226c6fad64,0ef93f482e8625934e72b45342cca77dd6fe2283bd77fa0d31430bafb527a8ea
DN50-235-25-7(1),0,attunet_cl_schedule,42,retained_segment_count,annotation_mask_same_extractor,86,59,-27.0,27.0,31.3953488372093,valid,ok,ok,,zero_length_angle_vector,1d15d42a8683193e72d4801bf8661ed463c57674766c0904ac6147226c6fad64,0ef93f482e8625934e72b45342cca77dd6fe2283bd77fa0d31430bafb527a8ea
DN50-235-25-7(1),0,attunet_cl_schedule,42,junction_region_count,annotation_mask_same_extractor,71,40,-31.0,31.0,43.66197183098591,valid,ok,ok,,zero_length_angle_vector,1d15d42a8683193e72d4801bf8661ed463c57674766c0904ac6147226c6fad64,0ef93f482e8625934e72b45342cca77dd6fe2283bd77fa0d31430bafb527a8ea
DN50-235-25-7(1),0,attunet_cl_schedule,42,mean_local_acute_angle_deg,annotation_mask_same_extractor,53.845303485648856,53.244699363673845,-0.6006041219750102,0.6006041219750102,1.115425270348948,valid,ok,ok,,zero_length_angle_vector,1d15d42a8683193e72d4801bf8661ed463c57674766c0904ac6147226c6fad64,0ef93f482e8625934e72b45342cca77dd6fe2283bd77fa0d31430bafb527a8ea
W82-447-1-13-3(1),3,attunet_cl_schedule,42,dominant_path_length,annotation_mask_same_extractor,2963.730373039836,1497.775828744865,-1465.9545442949711,1465.9545442949711,49.463154868280824,valid,ok,ok,,zero_length_angle_vector,e400970fc4f5749000b5101345fe28f7835a0cd40cd105ff701d3d5565a3fd20,85bbf80b74e21b75033e3a8523f984a1d0f38ca2b16d5c69bf4da19dd34d44b1
W82-447-1-13-3(1),3,attunet_cl_schedule,42,retained_segment_count,annotation_mask_same_extractor,76,271,195.0,195.0,256.57894736842104,valid,ok,ok,,zero_length_angle_vector,e400970fc4f5749000b5101345fe28f7835a0cd40cd105ff701d3d5565a3fd20,85bbf80b74e21b75033e3a8523f984a1d0f38ca2b16d5c69bf4da19dd34d44b1
W82-447-1-13-3(1),3,attunet_cl_schedule,42,junction_region_count,annotation_mask_same_extractor,50,232,182.0,182.0,364.0,valid,ok,ok,,zero_length_angle_vector,e400970fc4f5749000b5101345fe28f7835a0cd40cd105ff701d3d5565a3fd20,85bbf80b74e21b75033e3a8523f984a1d0f38ca2b16d5c69bf4da19dd34d44b1
W82-447-1-13-3(1),3,attunet_cl_schedule,42,mean_local_acute_angle_deg,annotation_mask_same_extractor,45.41755671898957,47.25512343347013,1.837566714480559,1.837566714480559,4.045939163680842,valid,ok,ok,,zero_length_angle_vector,e400970fc4f5749000b5101345fe28f7835a0cd40cd105ff701d3d5565a3fd20,85bbf80b74e21b75033e3a8523f984a1d0f38ca2b16d5c69bf4da19dd34d44b1
W82-447-1-13-7(1),4,attunet_cl_schedule,42,dominant_path_length,annotation_mask_same_extractor,2599.841845922817,1438.6925676241794,-1161.1492782986375,1161.1492782986375,44.662304367459946,valid,ok,ok,,zero_length_angle_vector,d7caafd48ba702bb9ca2578cb356a3cab186bfab19d8fbb7f0fc5a6ba0ddb53b,236969003bdd1adef397053774ee2b6a9ce791ced0c838cccfc0363c4991dcf0
W82-447-1-13-7(1),4,attunet_cl_schedule,42,retained_segment_count,annotation_mask_same_extractor,161,138,-23.0,23.0,14.285714285714285,valid,ok,ok,,zero_length_angle_vector,d7caafd48ba702bb9ca2578cb356a3cab186bfab19d8fbb7f0fc5a6ba0ddb53b,236969003bdd1adef397053774ee2b6a9ce791ced0c838cccfc0363c4991dcf0
W82-447-1-13-7(1),4,attunet_cl_schedule,42,junction_region_count,annotation_mask_same_extractor,124,105,-19.0,19.0,15.32258064516129,valid,ok,ok,,zero_length_angle_vector,d7caafd48ba702bb9ca2578cb356a3cab186bfab19d8fbb7f0fc5a6ba0ddb53b,236969003bdd1adef397053774ee2b6a9ce791ced0c838cccfc0363c4991dcf0
W82-447-1-13-7(1),4,attunet_cl_schedule,42,mean_local_acute_angle_deg,annotation_mask_same_extractor,45.765543776284055,51.958146300543845,6.19260252425979,6.19260252425979,13.531145952359097,valid,ok,ok,,zero_length_angle_vector,d7caafd48ba702bb9ca2578cb356a3cab186bfab19d8fbb7f0fc5a6ba0ddb53b,236969003bdd1adef397053774ee2b6a9ce791ced0c838cccfc0363c4991dcf0
W82-447-1-13-7(2),3,attunet_cl_schedule,42,dominant_path_length,annotation_mask_same_extractor,2569.818684794427,577.9259735953062,-1991.8927111991209,1991.8927111991209,77.51102141894741,valid,ok,ok,zero_length_angle_vector,zero_length_angle_vector,8401bb2188e5c3832e902ef0e29c7a72c6580cd0868364d9f97716efdec87255,876a01cc41f7aeac982850655c6753a204ed8cb321ef69daf891732d8f72030b
W82-447-1-13-7(2),3,attunet_cl_schedule,42,retained_segment_count,annotation_mask_same_extractor,37,62,25.0,25.0,67.56756756756756,valid,ok,ok,zero_length_angle_vector,zero_length_angle_vector,8401bb2188e5c3832e902ef0e29c7a72c6580cd0868364d9f97716efdec87255,876a01cc41f7aeac982850655c6753a204ed8cb321ef69daf891732d8f72030b
W82-447-1-13-7(2),3,attunet_cl_schedule,42,junction_region_count,annotation_mask_same_extractor,28,60,32.0,32.0,114.28571428571428,valid,ok,ok,zero_length_angle_vector,zero_length_angle_vector,8401bb2188e5c3832e902ef0e29c7a72c6580cd0868364d9f97716efdec87255,876a01cc41f7aeac982850655c6753a204ed8cb321ef69daf891732d8f72030b
W82-447-1-13-7(2),3,attunet_cl_schedule,42,mean_local_acute_angle_deg,annotation_mask_same_extractor,56.21991760625045,45.524025405385665,-10.695892200864783,10.695892200864783,19.02509405256693,valid,ok,ok,zero_length_angle_vector,zero_length_angle_vector,8401bb2188e5c3832e902ef0e29c7a72c6580cd0868364d9f97716efdec87255,876a01cc41f7aeac982850655c6753a204ed8cb321ef69daf891732d8f72030b
W82-447-1-13-7(3),2,attunet_cl_schedule,42,dominant_path_length,annotation_mask_same_extractor,3607.1963184303277,2468.993216262535,-1138.2031021677926,1138.2031021677926,31.553677751120624,valid,ok,ok,zero_length_angle_vector,zero_length_angle_vector,4b63fae36f1e264804fc841b3fbba41c7e9f5be06b268aa37989d57f23a39479,b8ae0c3b0dddd2b1d188d5613db33d9a6ad83d353984905a75a51eeb225823c9
W82-447-1-13-7(3),2,attunet_cl_schedule,42,retained_segment_count,annotation_mask_same_extractor,125,878,753.0,753.0,602.4,valid,ok,ok,zero_length_angle_vector,zero_length_angle_vector,4b63fae36f1e264804fc841b3fbba41c7e9f5be06b268aa37989d57f23a39479,b8ae0c3b0dddd2b1d188d5613db33d9a6ad83d353984905a75a51eeb225823c9
W82-447-1-13-7(3),2,attunet_cl_schedule,42,junction_region_count,annotation_mask_same_extractor,86,1106,1020.0,1020.0,1186.046511627907,valid,ok,ok,zero_length_angle_vector,zero_length_angle_vector,4b63fae36f1e264804fc841b3fbba41c7e9f5be06b268aa37989d57f23a39479,b8ae0c3b0dddd2b1d188d5613db33d9a6ad83d353984905a75a51eeb225823c9
W82-447-1-13-7(3),2,attunet_cl_schedule,42,mean_local_acute_angle_deg,annotation_mask_same_extractor,42.04523834094305,44.285540276167964,2.240301935224913,2.240301935224913,5.328313082823791,valid,ok,ok,zero_length_angle_vector,zero_length_angle_vector,4b63fae36f1e264804fc841b3fbba41c7e9f5be06b268aa37989d57f23a39479,b8ae0c3b0dddd2b1d188d5613db33d9a6ad83d353984905a75a51eeb225823c9
10-1-1,3,attunet_cl_schedule,3407,dominant_path_length,annotation_mask_same_extractor,3519.0348468227903,2623.6896090312903,-895.3452377915,895.3452377915,25.44292048144607,valid,ok,ok,zero_length_angle_vector,zero_length_angle_vector,8664187dcbcab44c4dae8da26d028efb21268d9709753c186a39d03660a06fc7,7bf95908054a14c470a0d750191bda1d5f2e097787ff3af60bcfe42da23081a7
10-1-1,3,attunet_cl_schedule,3407,retained_segment_count,annotation_mask_same_extractor,134,153,19.0,19.0,14.17910447761194,valid,ok,ok,zero_length_angle_vector,zero_length_angle_vector,8664187dcbcab44c4dae8da26d028efb21268d9709753c186a39d03660a06fc7,7bf95908054a14c470a0d750191bda1d5f2e097787ff3af60bcfe42da23081a7
10-1-1,3,attunet_cl_schedule,3407,junction_region_count,annotation_mask_same_extractor,121,170,49.0,49.0,40.49586776859504,valid,ok,ok,zero_length_angle_vector,zero_length_angle_vector,8664187dcbcab44c4dae8da26d028efb21268d9709753c186a39d03660a06fc7,7bf95908054a14c470a0d750191bda1d5f2e097787ff3af60bcfe42da23081a7
10-1-1,3,attunet_cl_schedule,3407,mean_local_acute_angle_deg,annotation_mask_same_extractor,64.6739875375559,61.61872940829359,-3.055258129262313,3.055258129262313,4.724091161826287,valid,ok,ok,zero_length_angle_vector,zero_length_angle_vector,8664187dcbcab44c4dae8da26d028efb21268d9709753c186a39d03660a06fc7,7bf95908054a14c470a0d750191bda1d5f2e097787ff3af60bcfe42da23081a7
10-1-1(1),3,attunet_cl_schedule,3407,dominant_path_length,annotation_mask_same_extractor,2848.0794359760534,1559.999133448227,-1288.0803025278265,1288.0803025278265,45.22627726801425,valid,ok,ok,,zero_length_angle_vector,c95c0337715266ccd3aad838a4ef3ab80e74ba76f5d714ecb44e5a5615b3ce7c,3821cf552bf1f4a0e350cf5235b9d8f4b5c5291437b8baf411573492fa30f0a5
10-1-1(1),3,attunet_cl_schedule,3407,retained_segment_count,annotation_mask_same_extractor,35,90,55.0,55.0,157.14285714285714,valid,ok,ok,,zero_length_angle_vector,c95c0337715266ccd3aad838a4ef3ab80e74ba76f5d714ecb44e5a5615b3ce7c,3821cf552bf1f4a0e350cf5235b9d8f4b5c5291437b8baf411573492fa30f0a5
10-1-1(1),3,attunet_cl_schedule,3407,junction_region_count,annotation_mask_same_extractor,28,99,71.0,71.0,253.57142857142856,valid,ok,ok,,zero_length_angle_vector,c95c0337715266ccd3aad838a4ef3ab80e74ba76f5d714ecb44e5a5615b3ce7c,3821cf552bf1f4a0e350cf5235b9d8f4b5c5291437b8baf411573492fa30f0a5
10-1-1(1),3,attunet_cl_schedule,3407,mean_local_acute_angle_deg,annotation_mask_same_extractor,45.23478785039287,47.18166666955935,1.9468788191664785,1.9468788191664785,4.303941527493136,valid,ok,ok,,zero_length_angle_vector,c95c0337715266ccd3aad838a4ef3ab80e74ba76f5d714ecb44e5a5615b3ce7c,3821cf552bf1f4a0e350cf5235b9d8f4b5c5291437b8baf411573492fa30f0a5
10-1-1(2),1,attunet_cl_schedule,3407,dominant_path_length,annotation_mask_same_extractor,1262.4823227814104,608.8670990922607,-653.6152236891497,653.6152236891497,51.77222776863534,valid,ok,ok,,,6c74e98b918771eb646a7e1d44c8ef0b3c96078814c8b8db61045d1816697d12,8dbf174a46db11cbf417b58192e5fc97a67c82ffb13b0462fe76d5e85f7aae83
10-1-1(2),1,attunet_cl_schedule,3407,retained_segment_count,annotation_mask_same_extractor,25,33,8.0,8.0,32.0,valid,ok,ok,,,6c74e98b918771eb646a7e1d44c8ef0b3c96078814c8b8db61045d1816697d12,8dbf174a46db11cbf417b58192e5fc97a67c82ffb13b0462fe76d5e85f7aae83
10-1-1(2),1,attunet_cl_schedule,3407,junction_region_count,annotation_mask_same_extractor,23,22,-1.0,1.0,4.3478260869565215,valid,ok,ok,,,6c74e98b918771eb646a7e1d44c8ef0b3c96078814c8b8db61045d1816697d12,8dbf174a46db11cbf417b58192e5fc97a67c82ffb13b0462fe76d5e85f7aae83
10-1-1(2),1,attunet_cl_schedule,3407,mean_local_acute_angle_deg,annotation_mask_same_extractor,46.29442229680335,42.35942053907334,-3.9350017577300065,3.9350017577300065,8.499947860893213,valid,ok,ok,,,6c74e98b918771eb646a7e1d44c8ef0b3c96078814c8b8db61045d1816697d12,8dbf174a46db11cbf417b58192e5fc97a67c82ffb13b0462fe76d5e85f7aae83
10-1-1(3),2,attunet_cl_schedule,3407,dominant_path_length,annotation_mask_same_extractor,2611.2834046956673,1409.4326829943575,-1201.8507217013098,1201.8507217013098,46.025288543561196,valid,ok,ok,,zero_length_angle_vector,49a1138291b2427ae244c26c8d481f7bf7c311eb24e2003613787dba24d6ff37,7f3d5fbde47f1cf7a78ebd4d576c4669747377684ea9049b96d183387bf52be0
10-1-1(3),2,attunet_cl_schedule,3407,retained_segment_count,annotation_mask_same_extractor,36,65,29.0,29.0,80.55555555555556,valid,ok,ok,,zero_length_angle_vector,49a1138291b2427ae244c26c8d481f7bf7c311eb24e2003613787dba24d6ff37,7f3d5fbde47f1cf7a78ebd4d576c4669747377684ea9049b96d183387bf52be0
10-1-1(3),2,attunet_cl_schedule,3407,junction_region_count,annotation_mask_same_extractor,23,101,78.0,78.0,339.1304347826087,valid,ok,ok,,zero_length_angle_vector,49a1138291b2427ae244c26c8d481f7bf7c311eb24e2003613787dba24d6ff37,7f3d5fbde47f1cf7a78ebd4d576c4669747377684ea9049b96d183387bf52be0
10-1-1(3),2,attunet_cl_schedule,3407,mean_local_acute_angle_deg,annotation_mask_same_extractor,44.403113779145116,55.707078742763564,11.303964963618448,11.303964963618448,25.45759520344179,valid,ok,ok,,zero_length_angle_vector,49a1138291b2427ae244c26c8d481f7bf7c311eb24e2003613787dba24d6ff37,7f3d5fbde47f1cf7a78ebd4d576c4669747377684ea9049b96d183387bf52be0
10-1-2,2,attunet_cl_schedule,3407,dominant_path_length,annotation_mask_same_extractor,3713.5222202381024,2295.1576464628642,-1418.3645737752381,1418.3645737752381,38.19458965521677,valid,ok,ok,zero_length_angle_vector,zero_length_angle_vector,353a8fded79e4327f12b6866ba2014151a10168db01aad99108b5fae01f5e4ac,1a1b2dea8047de60dc9c23a73c7e50c89c35bc0f7676628166d24dff965156b2
10-1-2,2,attunet_cl_schedule,3407,retained_segment_count,annotation_mask_same_extractor,171,357,186.0,186.0,108.77192982456141,valid,ok,ok,zero_length_angle_vector,zero_length_angle_vector,353a8fded79e4327f12b6866ba2014151a10168db01aad99108b5fae01f5e4ac,1a1b2dea8047de60dc9c23a73c7e50c89c35bc0f7676628166d24dff965156b2
10-1-2,2,attunet_cl_schedule,3407,junction_region_count,annotation_mask_same_extractor,124,359,235.0,235.0,189.51612903225808,valid,ok,ok,zero_length_angle_vector,zero_length_angle_vector,353a8fded79e4327f12b6866ba2014151a10168db01aad99108b5fae01f5e4ac,1a1b2dea8047de60dc9c23a73c7e50c89c35bc0f7676628166d24dff965156b2
10-1-2,2,attunet_cl_schedule,3407,mean_local_acute_angle_deg,annotation_mask_same_extractor,58.66827912377103,46.93840680825549,-11.729872315515536,11.729872315515536,19.993551013775797,valid,ok,ok,zero_length_angle_vector,zero_length_angle_vector,353a8fded79e4327f12b6866ba2014151a10168db01aad99108b5fae01f5e4ac,1a1b2dea8047de60dc9c23a73c7e50c89c35bc0f7676628166d24dff965156b2
10-1-2(1),4,attunet_cl_schedule,3407,dominant_path_length,annotation_mask_same_extractor,3355.4095218658804,996.37676708414,-2359.0327547817406,2359.0327547817406,70.30536032662644,valid,ok,ok,zero_length_angle_vector,zero_length_angle_vector,dca0abd7cde7ab357484642e540a2d1fa449818245a1cd800eb7c824264f02ad,8a03972dcdb8c7e16791c027640374a0a20bd756525e972492d5b2b284f314d9
10-1-2(1),4,attunet_cl_schedule,3407,retained_segment_count,annotation_mask_same_extractor,118,192,74.0,74.0,62.71186440677966,valid,ok,ok,zero_length_angle_vector,zero_length_angle_vector,dca0abd7cde7ab357484642e540a2d1fa449818245a1cd800eb7c824264f02ad,8a03972dcdb8c7e16791c027640374a0a20bd756525e972492d5b2b284f314d9
10-1-2(1),4,attunet_cl_schedule,3407,junction_region_count,annotation_mask_same_extractor,111,170,59.0,59.0,53.153153153153156,valid,ok,ok,zero_length_angle_vector,zero_length_angle_vector,dca0abd7cde7ab357484642e540a2d1fa449818245a1cd800eb7c824264f02ad,8a03972dcdb8c7e16791c027640374a0a20bd756525e972492d5b2b284f314d9
10-1-2(1),4,attunet_cl_schedule,3407,mean_local_acute_angle_deg,annotation_mask_same_extractor,64.3632990483418,47.21814896499622,-17.145150083345584,17.145150083345584,26.63808464893674,valid,ok,ok,zero_length_angle_vector,zero_length_angle_vector,dca0abd7cde7ab357484642e540a2d1fa449818245a1cd800eb7c824264f02ad,8a03972dcdb8c7e16791c027640374a0a20bd756525e972492d5b2b284f314d9
10-1-2(2),1,attunet_cl_schedule,3407,dominant_path_length,annotation_mask_same_extractor,3058.3027406794067,852.4823227814106,-2205.820417897996,2205.820417897996,72.12563977260046,valid,ok,ok,,zero_length_angle_vector,4b38a74ce55736e7f197e42aeba61399727ea00792e40e895bf41a3d30fe7957,4fcbd8bccd71e13cec1a24d77090bf45f6962604a066c1fefe4380876fe935d5
10-1-2(2),1,attunet_cl_schedule,3407,retained_segment_count,annotation_mask_same_extractor,191,248,57.0,57.0,29.84293193717277,valid,ok,ok,,zero_length_angle_vector,4b38a74ce55736e7f197e42aeba61399727ea00792e40e895bf41a3d30fe7957,4fcbd8bccd71e13cec1a24d77090bf45f6962604a066c1fefe4380876fe935d5
10-1-2(2),1,attunet_cl_schedule,3407,junction_region_count,annotation_mask_same_extractor,175,193,18.0,18.0,10.285714285714285,valid,ok,ok,,zero_length_angle_vector,4b38a74ce55736e7f197e42aeba61399727ea00792e40e895bf41a3d30fe7957,4fcbd8bccd71e13cec1a24d77090bf45f6962604a066c1fefe4380876fe935d5
10-1-2(2),1,attunet_cl_schedule,3407,mean_local_acute_angle_deg,annotation_mask_same_extractor,65.94127676600104,46.75621316914874,-19.185063596852302,19.185063596852302,29.094164592736572,valid,ok,ok,,zero_length_angle_vector,4b38a74ce55736e7f197e42aeba61399727ea00792e40e895bf41a3d30fe7957,4fcbd8bccd71e13cec1a24d77090bf45f6962604a066c1fefe4380876fe935d5
10-1-2(3),0,attunet_cl_schedule,3407,dominant_path_length,annotation_mask_same_extractor,2345.481456229622,1297.619407771259,-1047.862048458363,1047.862048458363,44.67577629638602,valid,ok,ok,,zero_length_angle_vector,0508c3be24e6c021d5aacff3b5010997bb235211f0adc484cda889c0830022b8,48a4a8d7f4ec20c7173e97239d73636e7f689295cf0df298c98b55de4cdb9e32
10-1-2(3),0,attunet_cl_schedule,3407,retained_segment_count,annotation_mask_same_extractor,115,174,59.0,59.0,51.30434782608696,valid,ok,ok,,zero_length_angle_vector,0508c3be24e6c021d5aacff3b5010997bb235211f0adc484cda889c0830022b8,48a4a8d7f4ec20c7173e97239d73636e7f689295cf0df298c98b55de4cdb9e32
10-1-2(3),0,attunet_cl_schedule,3407,junction_region_count,annotation_mask_same_extractor,84,155,71.0,71.0,84.52380952380952,valid,ok,ok,,zero_length_angle_vector,0508c3be24e6c021d5aacff3b5010997bb235211f0adc484cda889c0830022b8,48a4a8d7f4ec20c7173e97239d73636e7f689295cf0df298c98b55de4cdb9e32
10-1-2(3),0,attunet_cl_schedule,3407,mean_local_acute_angle_deg,annotation_mask_same_extractor,50.491311152922826,48.2772306475091,-2.214080505413726,2.214080505413726,4.3850723121607,valid,ok,ok,,zero_length_angle_vector,0508c3be24e6c021d5aacff3b5010997bb235211f0adc484cda889c0830022b8,48a4a8d7f4ec20c7173e97239d73636e7f689295cf0df298c98b55de4cdb9e32
10-1-3,0,attunet_cl_schedule,3407,dominant_path_length,annotation_mask_same_extractor,2813.8023074034836,2167.645886429939,-646.1564209735448,646.1564209735448,22.96381729709377,valid,ok,ok,,zero_length_angle_vector,2cd8dd3611b047ab44310b595f5423ee107fb5f6bbd6f0ce078f5a1c70656dd8,1758f455176049f87079c0c2e65c55aadf57bffe465d3eb28d8464c15b0e4d8b
10-1-3,0,attunet_cl_schedule,3407,retained_segment_count,annotation_mask_same_extractor,172,247,75.0,75.0,43.604651162790695,valid,ok,ok,,zero_length_angle_vector,2cd8dd3611b047ab44310b595f5423ee107fb5f6bbd6f0ce078f5a1c70656dd8,1758f455176049f87079c0c2e65c55aadf57bffe465d3eb28d8464c15b0e4d8b
10-1-3,0,attunet_cl_schedule,3407,junction_region_count,annotation_mask_same_extractor,123,227,104.0,104.0,84.5528455284553,valid,ok,ok,,zero_length_angle_vector,2cd8dd3611b047ab44310b595f5423ee107fb5f6bbd6f0ce078f5a1c70656dd8,1758f455176049f87079c0c2e65c55aadf57bffe465d3eb28d8464c15b0e4d8b
10-1-3,0,attunet_cl_schedule,3407,mean_local_acute_angle_deg,annotation_mask_same_extractor,50.036178890454096,49.87539983409004,-0.16077905636405632,0.16077905636405632,0.32132560864820503,valid,ok,ok,,zero_length_angle_vector,2cd8dd3611b047ab44310b595f5423ee107fb5f6bbd6f0ce078f5a1c70656dd8,1758f455176049f87079c0c2e65c55aadf57bffe465d3eb28d8464c15b0e4d8b
10-1-9(1),3,attunet_cl_schedule,3407,dominant_path_length,annotation_mask_same_extractor,3092.5058428472184,1360.4722215136458,-1732.0336213335727,1732.0336213335727,56.0074486306845,valid,ok,ok,zero_length_angle_vector,zero_length_angle_vector,6bdc1df0f3e1a66f56d545bec926abaf60b6bca31c0f8ea06ad939681c464d8a,26379b35450c3ca8c2767dbb51c78130729928c43ba9c7cb14c4d4d27cbf7fff
10-1-9(1),3,attunet_cl_schedule,3407,retained_segment_count,annotation_mask_same_extractor,106,324,218.0,218.0,205.6603773584906,valid,ok,ok,zero_length_angle_vector,zero_length_angle_vector,6bdc1df0f3e1a66f56d545bec926abaf60b6bca31c0f8ea06ad939681c464d8a,26379b35450c3ca8c2767dbb51c78130729928c43ba9c7cb14c4d4d27cbf7fff
10-1-9(1),3,attunet_cl_schedule,3407,junction_region_count,annotation_mask_same_extractor,91,347,256.0,256.0,281.31868131868134,valid,ok,ok,zero_length_angle_vector,zero_length_angle_vector,6bdc1df0f3e1a66f56d545bec926abaf60b6bca31c0f8ea06ad939681c464d8a,26379b35450c3ca8c2767dbb51c78130729928c43ba9c7cb14c4d4d27cbf7fff
10-1-9(1),3,attunet_cl_schedule,3407,mean_local_acute_angle_deg,annotation_mask_same_extractor,62.85401304883498,52.16831940308042,-10.685693645754561,10.685693645754561,17.000813675098545,valid,ok,ok,zero_length_angle_vector,zero_length_angle_vector,6bdc1df0f3e1a66f56d545bec926abaf60b6bca31c0f8ea06ad939681c464d8a,26379b35450c3ca8c2767dbb51c78130729928c43ba9c7cb14c4d4d27cbf7fff
10-1-9(2),3,attunet_cl_schedule,3407,dominant_path_length,annotation_mask_same_extractor,3383.6256838943486,2395.4448763031655,-988.1808075911831,988.1808075911831,29.20479095234455,valid,ok,ok,zero_length_angle_vector,zero_length_angle_vector,e68f65f812ffdebb564961ebaea365b072d4546ab06227eea2987e2d586b741c,d74a9d7130ecf07ab38f5549b9cedbb22d6ab3bd4ed92d7b379ed733a74579d3
10-1-9(2),3,attunet_cl_schedule,3407,retained_segment_count,annotation_mask_same_extractor,71,153,82.0,82.0,115.49295774647888,valid,ok,ok,zero_length_angle_vector,zero_length_angle_vector,e68f65f812ffdebb564961ebaea365b072d4546ab06227eea2987e2d586b741c,d74a9d7130ecf07ab38f5549b9cedbb22d6ab3bd4ed92d7b379ed733a74579d3
10-1-9(2),3,attunet_cl_schedule,3407,junction_region_count,annotation_mask_same_extractor,68,169,101.0,101.0,148.52941176470588,valid,ok,ok,zero_length_angle_vector,zero_length_angle_vector,e68f65f812ffdebb564961ebaea365b072d4546ab06227eea2987e2d586b741c,d74a9d7130ecf07ab38f5549b9cedbb22d6ab3bd4ed92d7b379ed733a74579d3
10-1-9(2),3,attunet_cl_schedule,3407,mean_local_acute_angle_deg,annotation_mask_same_extractor,74.17544013119233,70.24001666992157,-3.9354234612707586,3.9354234612707586,5.305561320984775,valid,ok,ok,zero_length_angle_vector,zero_length_angle_vector,e68f65f812ffdebb564961ebaea365b072d4546ab06227eea2987e2d586b741c,d74a9d7130ecf07ab38f5549b9cedbb22d6ab3bd4ed92d7b379ed733a74579d3
10-1-9(3),4,attunet_cl_schedule,3407,dominant_path_length,annotation_mask_same_extractor,3197.890619158038,762.8721497261439,-2435.018469431894,2435.018469431894,76.14452022980704,valid,ok,ok,zero_length_angle_vector,zero_length_angle_vector,a679e2e7ed9fdcb61509a97389dcfc4f21915719e2fb5feb5bf89f66c0d48f13,4c0989b791be8bdb48eb2924a8d1c764e6bdba586d60b4c4a799090abd47c89a
10-1-9(3),4,attunet_cl_schedule,3407,retained_segment_count,annotation_mask_same_extractor,41,166,125.0,125.0,304.8780487804878,valid,ok,ok,zero_length_angle_vector,zero_length_angle_vector,a679e2e7ed9fdcb61509a97389dcfc4f21915719e2fb5feb5bf89f66c0d48f13,4c0989b791be8bdb48eb2924a8d1c764e6bdba586d60b4c4a799090abd47c89a
10-1-9(3),4,attunet_cl_schedule,3407,junction_region_count,annotation_mask_same_extractor,28,143,115.0,115.0,410.71428571428567,valid,ok,ok,zero_length_angle_vector,zero_length_angle_vector,a679e2e7ed9fdcb61509a97389dcfc4f21915719e2fb5feb5bf89f66c0d48f13,4c0989b791be8bdb48eb2924a8d1c764e6bdba586d60b4c4a799090abd47c89a
10-1-9(3),4,attunet_cl_schedule,3407,mean_local_acute_angle_deg,annotation_mask_same_extractor,72.9003576118845,51.72743405211876,-21.172923559765742,21.172923559765742,29.04364841732141,valid,ok,ok,zero_length_angle_vector,zero_length_angle_vector,a679e2e7ed9fdcb61509a97389dcfc4f21915719e2fb5feb5bf89f66c0d48f13,4c0989b791be8bdb48eb2924a8d1c764e6bdba586d60b4c4a799090abd47c89a
10-2-1,0,attunet_cl_schedule,3407,dominant_path_length,annotation_mask_same_extractor,3683.691701072309,2556.339320605873,-1127.352380466436,1127.352380466436,30.603874372501583,valid,ok,ok,,,fa084051c73ad9c7523229d0a267965c6c54c6c2f9b135b697a09f5f4d254434,7208a0fdd7499b2bf2f9712621de92e0e245d6becee0e0a9f33ad78fff31bdaf
10-2-1,0,attunet_cl_schedule,3407,retained_segment_count,annotation_mask_same_extractor,226,292,66.0,66.0,29.20353982300885,valid,ok,ok,,,fa084051c73ad9c7523229d0a267965c6c54c6c2f9b135b697a09f5f4d254434,7208a0fdd7499b2bf2f9712621de92e0e245d6becee0e0a9f33ad78fff31bdaf
10-2-1,0,attunet_cl_schedule,3407,junction_region_count,annotation_mask_same_extractor,188,254,66.0,66.0,35.1063829787234,valid,ok,ok,,,fa084051c73ad9c7523229d0a267965c6c54c6c2f9b135b697a09f5f4d254434,7208a0fdd7499b2bf2f9712621de92e0e245d6becee0e0a9f33ad78fff31bdaf
10-2-1,0,attunet_cl_schedule,3407,mean_local_acute_angle_deg,annotation_mask_same_extractor,56.550116513732696,53.97838801132181,-2.5717285024108847,2.5717285024108847,4.547697972976525,valid,ok,ok,,,fa084051c73ad9c7523229d0a267965c6c54c6c2f9b135b697a09f5f4d254434,7208a0fdd7499b2bf2f9712621de92e0e245d6becee0e0a9f33ad78fff31bdaf
10-2-2,3,attunet_cl_schedule,3407,dominant_path_length,annotation_mask_same_extractor,3768.2156544140043,4796.33758750229,1028.121933088286,1028.121933088286,27.28405238389068,valid,ok,ok,,,888178f6e1d682dbadbaecc08afac163678dd08a3e69f328f11b072009899c8c,a299ad7dc3cba378c5548955cb72ef7d884664f04020d5d9523d210bc5404e0b
10-2-2,3,attunet_cl_schedule,3407,retained_segment_count,annotation_mask_same_extractor,329,437,108.0,108.0,32.82674772036474,valid,ok,ok,,,888178f6e1d682dbadbaecc08afac163678dd08a3e69f328f11b072009899c8c,a299ad7dc3cba378c5548955cb72ef7d884664f04020d5d9523d210bc5404e0b
10-2-2,3,attunet_cl_schedule,3407,junction_region_count,annotation_mask_same_extractor,293,430,137.0,137.0,46.75767918088737,valid,ok,ok,,,888178f6e1d682dbadbaecc08afac163678dd08a3e69f328f11b072009899c8c,a299ad7dc3cba378c5548955cb72ef7d884664f04020d5d9523d210bc5404e0b
10-2-2,3,attunet_cl_schedule,3407,mean_local_acute_angle_deg,annotation_mask_same_extractor,59.493993970760265,55.265592276003716,-4.228401694756549,4.228401694756549,7.107274890360693,valid,ok,ok,,,888178f6e1d682dbadbaecc08afac163678dd08a3e69f328f11b072009899c8c,a299ad7dc3cba378c5548955cb72ef7d884664f04020d5d9523d210bc5404e0b
10-2-3,3,attunet_cl_schedule,3407,dominant_path_length,annotation_mask_same_extractor,782.7442994522875,657.1391770309027,-125.60512242138475,125.60512242138475,16.046762973460797,valid,ok,ok,,zero_length_angle_vector,c128b6196f3a108faac4ed970bea2b3e2ee4f4c0090aafd759b5f39cfd31c0d6,127456b31604906112cf67742298e56d44a5dfe3b6888039640356c5d8e7bab7
10-2-3,3,attunet_cl_schedule,3407,retained_segment_count,annotation_mask_same_extractor,27,88,61.0,61.0,225.9259259259259,valid,ok,ok,,zero_length_angle_vector,c128b6196f3a108faac4ed970bea2b3e2ee4f4c0090aafd759b5f39cfd31c0d6,127456b31604906112cf67742298e56d44a5dfe3b6888039640356c5d8e7bab7
10-2-3,3,attunet_cl_schedule,3407,junction_region_count,annotation_mask_same_extractor,18,79,61.0,61.0,338.88888888888886,valid,ok,ok,,zero_length_angle_vector,c128b6196f3a108faac4ed970bea2b3e2ee4f4c0090aafd759b5f39cfd31c0d6,127456b31604906112cf67742298e56d44a5dfe3b6888039640356c5d8e7bab7
10-2-3,3,attunet_cl_schedule,3407,mean_local_acute_angle_deg,annotation_mask_same_extractor,44.17449818904469,48.28207495315906,4.10757676411437,4.10757676411437,9.298525014446122,valid,ok,ok,,zero_length_angle_vector,c128b6196f3a108faac4ed970bea2b3e2ee4f4c0090aafd759b5f39cfd31c0d6,127456b31604906112cf67742298e56d44a5dfe3b6888039640356c5d8e7bab7
10-2-4,0,attunet_cl_schedule,3407,dominant_path_length,annotation_mask_same_extractor,2714.1433611129814,1002.1635636485432,-1711.9797974644382,1711.9797974644382,63.076247997541714,valid,ok,ok,,zero_length_angle_vector,3c60314b040a032dd526925859d6800fc466b21b8dedb28d643c17c54668bc8b,a2e0a4e98339284242757b71396a187324d86f43d13c6eaada3b90c8087f3368
10-2-4,0,attunet_cl_schedule,3407,retained_segment_count,annotation_mask_same_extractor,104,198,94.0,94.0,90.38461538461539,valid,ok,ok,,zero_length_angle_vector,3c60314b040a032dd526925859d6800fc466b21b8dedb28d643c17c54668bc8b,a2e0a4e98339284242757b71396a187324d86f43d13c6eaada3b90c8087f3368
10-2-4,0,attunet_cl_schedule,3407,junction_region_count,annotation_mask_same_extractor,93,188,95.0,95.0,102.15053763440861,valid,ok,ok,,zero_length_angle_vector,3c60314b040a032dd526925859d6800fc466b21b8dedb28d643c17c54668bc8b,a2e0a4e98339284242757b71396a187324d86f43d13c6eaada3b90c8087f3368
10-2-4,0,attunet_cl_schedule,3407,mean_local_acute_angle_deg,annotation_mask_same_extractor,63.03310962332985,48.943688930976364,-14.089420692353485,14.089420692353485,22.3524125281909,valid,ok,ok,,zero_length_angle_vector,3c60314b040a032dd526925859d6800fc466b21b8dedb28d643c17c54668bc8b,a2e0a4e98339284242757b71396a187324d86f43d13c6eaada3b90c8087f3368
10-9-1,2,attunet_cl_schedule,3407,dominant_path_length,annotation_mask_same_extractor,2670.711903607907,1785.1900423072384,-885.5218613006687,885.5218613006687,33.156772173906255,valid,ok,ok,,zero_length_angle_vector,f909c402c7b2db20640a01e33f844ebeccd8ec430131c4fad30fd8305345ea91,7adc53b9e1f0b4eb4a2f6efd6ff57fbfc8855c32745324eba8e6b3bca68a033d
10-9-1,2,attunet_cl_schedule,3407,retained_segment_count,annotation_mask_same_extractor,60,142,82.0,82.0,136.66666666666666,valid,ok,ok,,zero_length_angle_vector,f909c402c7b2db20640a01e33f844ebeccd8ec430131c4fad30fd8305345ea91,7adc53b9e1f0b4eb4a2f6efd6ff57fbfc8855c32745324eba8e6b3bca68a033d
10-9-1,2,attunet_cl_schedule,3407,junction_region_count,annotation_mask_same_extractor,47,153,106.0,106.0,225.531914893617,valid,ok,ok,,zero_length_angle_vector,f909c402c7b2db20640a01e33f844ebeccd8ec430131c4fad30fd8305345ea91,7adc53b9e1f0b4eb4a2f6efd6ff57fbfc8855c32745324eba8e6b3bca68a033d
10-9-1,2,attunet_cl_schedule,3407,mean_local_acute_angle_deg,annotation_mask_same_extractor,45.79801641663758,54.43775398149913,8.639737564861548,8.639737564861548,18.86487285008896,valid,ok,ok,,zero_length_angle_vector,f909c402c7b2db20640a01e33f844ebeccd8ec430131c4fad30fd8305345ea91,7adc53b9e1f0b4eb4a2f6efd6ff57fbfc8855c32745324eba8e6b3bca68a033d
10-9-2,4,attunet_cl_schedule,3407,dominant_path_length,annotation_mask_same_extractor,3136.0378054156913,3107.1109652686055,-28.92684014708584,28.92684014708584,0.9224008746683939,valid,ok,ok,,zero_length_angle_vector,97a6fbf3a148ba0641a27177bb2768e92fcab2d7f8bf002f6c2735617daf5cf2,b498926ac26cb28b787aa02334bc0f14b2a94e41f4c5191b23902dcb78fb7f78
10-9-2,4,attunet_cl_schedule,3407,retained_segment_count,annotation_mask_same_extractor,222,451,229.0,229.0,103.15315315315314,valid,ok,ok,,zero_length_angle_vector,97a6fbf3a148ba0641a27177bb2768e92fcab2d7f8bf002f6c2735617daf5cf2,b498926ac26cb28b787aa02334bc0f14b2a94e41f4c5191b23902dcb78fb7f78
10-9-2,4,attunet_cl_schedule,3407,junction_region_count,annotation_mask_same_extractor,205,390,185.0,185.0,90.2439024390244,valid,ok,ok,,zero_length_angle_vector,97a6fbf3a148ba0641a27177bb2768e92fcab2d7f8bf002f6c2735617daf5cf2,b498926ac26cb28b787aa02334bc0f14b2a94e41f4c5191b23902dcb78fb7f78
10-9-2,4,attunet_cl_schedule,3407,mean_local_acute_angle_deg,annotation_mask_same_extractor,60.533940641282705,49.736498552284004,-10.7974420889987,10.7974420889987,17.837005115829356,valid,ok,ok,,zero_length_angle_vector,97a6fbf3a148ba0641a27177bb2768e92fcab2d7f8bf002f6c2735617daf5cf2,b498926ac26cb28b787aa02334bc0f14b2a94e41f4c5191b23902dcb78fb7f78
10-9-3,0,attunet_cl_schedule,3407,dominant_path_length,annotation_mask_same_extractor,3235.23794899067,2789.064284074392,-446.17366491627763,446.17366491627763,13.791061799812127,valid,ok,ok,zero_length_angle_vector,zero_length_angle_vector,a23e4c9ae8b5cd333c9ee04c6a4a84de25c4388307e8463b068e3f8f45f8c58d,b97299506afeafa49df54f2584d983da53fecef6d765d3d7f9613019bca4d0e2
10-9-3,0,attunet_cl_schedule,3407,retained_segment_count,annotation_mask_same_extractor,102,212,110.0,110.0,107.84313725490196,valid,ok,ok,zero_length_angle_vector,zero_length_angle_vector,a23e4c9ae8b5cd333c9ee04c6a4a84de25c4388307e8463b068e3f8f45f8c58d,b97299506afeafa49df54f2584d983da53fecef6d765d3d7f9613019bca4d0e2
10-9-3,0,attunet_cl_schedule,3407,junction_region_count,annotation_mask_same_extractor,94,202,108.0,108.0,114.89361702127661,valid,ok,ok,zero_length_angle_vector,zero_length_angle_vector,a23e4c9ae8b5cd333c9ee04c6a4a84de25c4388307e8463b068e3f8f45f8c58d,b97299506afeafa49df54f2584d983da53fecef6d765d3d7f9613019bca4d0e2
10-9-3,0,attunet_cl_schedule,3407,mean_local_acute_angle_deg,annotation_mask_same_extractor,62.02962831732245,58.0494826922645,-3.9801456250579506,3.9801456250579506,6.41652341474123,valid,ok,ok,zero_length_angle_vector,zero_length_angle_vector,a23e4c9ae8b5cd333c9ee04c6a4a84de25c4388307e8463b068e3f8f45f8c58d,b97299506afeafa49df54f2584d983da53fecef6d765d3d7f9613019bca4d0e2
10-9-4,2,attunet_cl_schedule,3407,dominant_path_length,annotation_mask_same_extractor,3795.486865800912,1787.841845922848,-2007.6450198780637,2007.6450198780637,52.895586017379536,valid,ok,ok,,zero_length_angle_vector,775edf7906167ea9e9ba868605a76fc739ed5aa32d5a1c9e3ec9a9a84e402ead,e90b247d08630fa62097e01b6daa20bf0c3f05b3a166784c5b2a21a47ab0f105
10-9-4,2,attunet_cl_schedule,3407,retained_segment_count,annotation_mask_same_extractor,82,142,60.0,60.0,73.17073170731707,valid,ok,ok,,zero_length_angle_vector,775edf7906167ea9e9ba868605a76fc739ed5aa32d5a1c9e3ec9a9a84e402ead,e90b247d08630fa62097e01b6daa20bf0c3f05b3a166784c5b2a21a47ab0f105
10-9-4,2,attunet_cl_schedule,3407,junction_region_count,annotation_mask_same_extractor,63,133,70.0,70.0,111.11111111111111,valid,ok,ok,,zero_length_angle_vector,775edf7906167ea9e9ba868605a76fc739ed5aa32d5a1c9e3ec9a9a84e402ead,e90b247d08630fa62097e01b6daa20bf0c3f05b3a166784c5b2a21a47ab0f105
10-9-4,2,attunet_cl_schedule,3407,mean_local_acute_angle_deg,annotation_mask_same_extractor,43.610163723088185,50.80014796728425,7.189984244196069,7.189984244196069,16.4869462308153,valid,ok,ok,,zero_length_angle_vector,775edf7906167ea9e9ba868605a76fc739ed5aa32d5a1c9e3ec9a9a84e402ead,e90b247d08630fa62097e01b6daa20bf0c3f05b3a166784c5b2a21a47ab0f105
235-10-11(1),3,attunet_cl_schedule,3407,dominant_path_length,annotation_mask_same_extractor,2994.397328557098,2209.627775935469,-784.7695526216289,784.7695526216289,26.20792989418621,valid,ok,ok,,zero_length_angle_vector,9d52d033268cd4a5d237049ac4f43033746bfe49685933fe46cc01355c7ffcc7,dde6bfee30b8c3420b870c398f7d4ce2f58073daa31718441f910a62fc9a169d
235-10-11(1),3,attunet_cl_schedule,3407,retained_segment_count,annotation_mask_same_extractor,39,247,208.0,208.0,533.3333333333333,valid,ok,ok,,zero_length_angle_vector,9d52d033268cd4a5d237049ac4f43033746bfe49685933fe46cc01355c7ffcc7,dde6bfee30b8c3420b870c398f7d4ce2f58073daa31718441f910a62fc9a169d
235-10-11(1),3,attunet_cl_schedule,3407,junction_region_count,annotation_mask_same_extractor,31,276,245.0,245.0,790.3225806451613,valid,ok,ok,,zero_length_angle_vector,9d52d033268cd4a5d237049ac4f43033746bfe49685933fe46cc01355c7ffcc7,dde6bfee30b8c3420b870c398f7d4ce2f58073daa31718441f910a62fc9a169d
235-10-11(1),3,attunet_cl_schedule,3407,mean_local_acute_angle_deg,annotation_mask_same_extractor,53.361302278251465,46.71784461849517,-6.643457659756294,6.643457659756294,12.449954135515872,valid,ok,ok,,zero_length_angle_vector,9d52d033268cd4a5d237049ac4f43033746bfe49685933fe46cc01355c7ffcc7,dde6bfee30b8c3420b870c398f7d4ce2f58073daa31718441f910a62fc9a169d
235-10-11(2),1,attunet_cl_schedule,3407,dominant_path_length,annotation_mask_same_extractor,2805.9057710597435,747.6122650963216,-2058.293505963422,2058.293505963422,73.3557600968916,valid,ok,ok,,zero_length_angle_vector,5b712c674961fc82b6cbf219207fe1d3e1b0be3e2a6b4ba1f8eea53b3cdecde8,89af4eeca29085a3b19fcda2604b950272da089219626c8867eca6a88905419f
235-10-11(2),1,attunet_cl_schedule,3407,retained_segment_count,annotation_mask_same_extractor,44,149,105.0,105.0,238.63636363636363,valid,ok,ok,,zero_length_angle_vector,5b712c674961fc82b6cbf219207fe1d3e1b0be3e2a6b4ba1f8eea53b3cdecde8,89af4eeca29085a3b19fcda2604b950272da089219626c8867eca6a88905419f
235-10-11(2),1,attunet_cl_schedule,3407,junction_region_count,annotation_mask_same_extractor,32,117,85.0,85.0,265.625,valid,ok,ok,,zero_length_angle_vector,5b712c674961fc82b6cbf219207fe1d3e1b0be3e2a6b4ba1f8eea53b3cdecde8,89af4eeca29085a3b19fcda2604b950272da089219626c8867eca6a88905419f
235-10-11(2),1,attunet_cl_schedule,3407,mean_local_acute_angle_deg,annotation_mask_same_extractor,43.25362958365755,49.38102553935629,6.127395955698738,6.127395955698738,14.16620065108673,valid,ok,ok,,zero_length_angle_vector,5b712c674961fc82b6cbf219207fe1d3e1b0be3e2a6b4ba1f8eea53b3cdecde8,89af4eeca29085a3b19fcda2604b950272da089219626c8867eca6a88905419f
235-10-11(3),1,attunet_cl_schedule,3407,dominant_path_length,annotation_mask_same_extractor,3903.799348810616,1493.0378054157418,-2410.761543394874,2410.761543394874,61.75423806373064,valid,ok,ok,zero_length_angle_vector,zero_length_angle_vector,fa60085f010979fe70bd85f42f583537392b69473bae643033aaace4f1bfd685,17f6c66d66114256015432d075609b7a762c0569c2b15f1140567d64729523da
235-10-11(3),1,attunet_cl_schedule,3407,retained_segment_count,annotation_mask_same_extractor,195,388,193.0,193.0,98.97435897435898,valid,ok,ok,zero_length_angle_vector,zero_length_angle_vector,fa60085f010979fe70bd85f42f583537392b69473bae643033aaace4f1bfd685,17f6c66d66114256015432d075609b7a762c0569c2b15f1140567d64729523da
235-10-11(3),1,attunet_cl_schedule,3407,junction_region_count,annotation_mask_same_extractor,171,317,146.0,146.0,85.38011695906432,valid,ok,ok,zero_length_angle_vector,zero_length_angle_vector,fa60085f010979fe70bd85f42f583537392b69473bae643033aaace4f1bfd685,17f6c66d66114256015432d075609b7a762c0569c2b15f1140567d64729523da
235-10-11(3),1,attunet_cl_schedule,3407,mean_local_acute_angle_deg,annotation_mask_same_extractor,59.57250840324565,46.92815871017055,-12.6443496930751,12.6443496930751,21.225142321497756,valid,ok,ok,zero_length_angle_vector,zero_length_angle_vector,fa60085f010979fe70bd85f42f583537392b69473bae643033aaace4f1bfd685,17f6c66d66114256015432d075609b7a762c0569c2b15f1140567d64729523da
235-10-12(1),4,attunet_cl_schedule,3407,dominant_path_length,annotation_mask_same_extractor,2001.4427842621224,2102.680374315358,101.23759005323586,101.23759005323586,5.058230534956782,valid,ok,ok,,zero_length_angle_vector,18b9363d37a62a519d147178d26a24d6b4b802b892db690b5190ad39f8a39884,1dfd96c1376df5bd2913970d5f9d03445e69992aeadecc95627bab33fd093d89
235-10-12(1),4,attunet_cl_schedule,3407,retained_segment_count,annotation_mask_same_extractor,134,148,14.0,14.0,10.44776119402985,valid,ok,ok,,zero_length_angle_vector,18b9363d37a62a519d147178d26a24d6b4b802b892db690b5190ad39f8a39884,1dfd96c1376df5bd2913970d5f9d03445e69992aeadecc95627bab33fd093d89
235-10-12(1),4,attunet_cl_schedule,3407,junction_region_count,annotation_mask_same_extractor,112,129,17.0,17.0,15.178571428571427,valid,ok,ok,,zero_length_angle_vector,18b9363d37a62a519d147178d26a24d6b4b802b892db690b5190ad39f8a39884,1dfd96c1376df5bd2913970d5f9d03445e69992aeadecc95627bab33fd093d89
235-10-12(1),4,attunet_cl_schedule,3407,mean_local_acute_angle_deg,annotation_mask_same_extractor,53.181513697065846,50.91949160870886,-2.2620220883569857,2.2620220883569857,4.253399219213625,valid,ok,ok,,zero_length_angle_vector,18b9363d37a62a519d147178d26a24d6b4b802b892db690b5190ad39f8a39884,1dfd96c1376df5bd2913970d5f9d03445e69992aeadecc95627bab33fd093d89
235-10-12(2),0,attunet_cl_schedule,3407,dominant_path_length,annotation_mask_same_extractor,3327.9141392239435,2263.0794359760766,-1064.8347032478669,1064.8347032478669,31.997060582103305,valid,ok,ok,,zero_length_angle_vector,3f320f9a413c704ff148c35538663d08b34fdafa0044a66241f691b28db5db7b,a2dbcf0ae042144d8dd170354f561a5a7bd692f799bded0f47fea3f52c49c994
235-10-12(2),0,attunet_cl_schedule,3407,retained_segment_count,annotation_mask_same_extractor,98,163,65.0,65.0,66.3265306122449,valid,ok,ok,,zero_length_angle_vector,3f320f9a413c704ff148c35538663d08b34fdafa0044a66241f691b28db5db7b,a2dbcf0ae042144d8dd170354f561a5a7bd692f799bded0f47fea3f52c49c994
235-10-12(2),0,attunet_cl_schedule,3407,junction_region_count,annotation_mask_same_extractor,79,185,106.0,106.0,134.17721518987344,valid,ok,ok,,zero_length_angle_vector,3f320f9a413c704ff148c35538663d08b34fdafa0044a66241f691b28db5db7b,a2dbcf0ae042144d8dd170354f561a5a7bd692f799bded0f47fea3f52c49c994
235-10-12(2),0,attunet_cl_schedule,3407,mean_local_acute_angle_deg,annotation_mask_same_extractor,62.31932305515474,50.67420967008501,-11.645113385069727,11.645113385069727,18.68620006472696,valid,ok,ok,,zero_length_angle_vector,3f320f9a413c704ff148c35538663d08b34fdafa0044a66241f691b28db5db7b,a2dbcf0ae042144d8dd170354f561a5a7bd692f799bded0f47fea3f52c49c994
235-10-12(3),1,attunet_cl_schedule,3407,dominant_path_length,annotation_mask_same_extractor,3338.9221484506097,1291.2712113868686,-2047.6509370637411,2047.6509370637411,61.32670502706783,valid,ok,ok,zero_length_angle_vector,zero_length_angle_vector,06cb03ea2bad65c89fe30627bf1d69fb7bd50a7bc6f48ee697c5830e39ef08b3,0ed8fee65e316055116fa5b022272824d10020fba3931ddd537abac3905ffdc1
235-10-12(3),1,attunet_cl_schedule,3407,retained_segment_count,annotation_mask_same_extractor,248,431,183.0,183.0,73.79032258064517,valid,ok,ok,zero_length_angle_vector,zero_length_angle_vector,06cb03ea2bad65c89fe30627bf1d69fb7bd50a7bc6f48ee697c5830e39ef08b3,0ed8fee65e316055116fa5b022272824d10020fba3931ddd537abac3905ffdc1
235-10-12(3),1,attunet_cl_schedule,3407,junction_region_count,annotation_mask_same_extractor,210,369,159.0,159.0,75.71428571428571,valid,ok,ok,zero_length_angle_vector,zero_length_angle_vector,06cb03ea2bad65c89fe30627bf1d69fb7bd50a7bc6f48ee697c5830e39ef08b3,0ed8fee65e316055116fa5b022272824d10020fba3931ddd537abac3905ffdc1
235-10-12(3),1,attunet_cl_schedule,3407,mean_local_acute_angle_deg,annotation_mask_same_extractor,56.12825058978015,47.780022234150714,-8.348228355629438,8.348228355629438,14.873487535970852,valid,ok,ok,zero_length_angle_vector,zero_length_angle_vector,06cb03ea2bad65c89fe30627bf1d69fb7bd50a7bc6f48ee697c5830e39ef08b3,0ed8fee65e316055116fa5b022272824d10020fba3931ddd537abac3905ffdc1
235-25-6(1),2,attunet_cl_schedule,3407,dominant_path_length,annotation_mask_same_extractor,2364.349421873661,1048.3006486383915,-1316.0487732352694,1316.0487732352694,55.6621944734526,valid,ok,ok,,zero_length_angle_vector,81d217e87b63701eb36c3a0b141a738b1f3dd596f793222514893c0a771fc94d,2ee78218a8e35bad311747cf5fab6e5893eeb7b111f98fde9e83cbf3a1e8c79c
235-25-6(1),2,attunet_cl_schedule,3407,retained_segment_count,annotation_mask_same_extractor,27,99,72.0,72.0,266.66666666666663,valid,ok,ok,,zero_length_angle_vector,81d217e87b63701eb36c3a0b141a738b1f3dd596f793222514893c0a771fc94d,2ee78218a8e35bad311747cf5fab6e5893eeb7b111f98fde9e83cbf3a1e8c79c
235-25-6(1),2,attunet_cl_schedule,3407,junction_region_count,annotation_mask_same_extractor,21,106,85.0,85.0,404.76190476190476,valid,ok,ok,,zero_length_angle_vector,81d217e87b63701eb36c3a0b141a738b1f3dd596f793222514893c0a771fc94d,2ee78218a8e35bad311747cf5fab6e5893eeb7b111f98fde9e83cbf3a1e8c79c
235-25-6(1),2,attunet_cl_schedule,3407,mean_local_acute_angle_deg,annotation_mask_same_extractor,63.4461979910307,50.781929944762744,-12.664268046267956,12.664268046267956,19.96064137374833,valid,ok,ok,,zero_length_angle_vector,81d217e87b63701eb36c3a0b141a738b1f3dd596f793222514893c0a771fc94d,2ee78218a8e35bad311747cf5fab6e5893eeb7b111f98fde9e83cbf3a1e8c79c
235-25-6(2),4,attunet_cl_schedule,3407,dominant_path_length,annotation_mask_same_extractor,1377.430590953303,872.2935059634544,-505.1370849898485,505.1370849898485,36.672416621751466,valid,ok,ok,,zero_length_angle_vector,07fd844e7f853a14fb82235228caf5997075e001697d881b5a753f8be11ad9ff,a1ad8753971cb1c673cedac296da3ce40d1f724f2af5e5be3683c5fe4149565e
235-25-6(2),4,attunet_cl_schedule,3407,retained_segment_count,annotation_mask_same_extractor,90,125,35.0,35.0,38.88888888888889,valid,ok,ok,,zero_length_angle_vector,07fd844e7f853a14fb82235228caf5997075e001697d881b5a753f8be11ad9ff,a1ad8753971cb1c673cedac296da3ce40d1f724f2af5e5be3683c5fe4149565e
235-25-6(2),4,attunet_cl_schedule,3407,junction_region_count,annotation_mask_same_extractor,63,111,48.0,48.0,76.19047619047619,valid,ok,ok,,zero_length_angle_vector,07fd844e7f853a14fb82235228caf5997075e001697d881b5a753f8be11ad9ff,a1ad8753971cb1c673cedac296da3ce40d1f724f2af5e5be3683c5fe4149565e
235-25-6(2),4,attunet_cl_schedule,3407,mean_local_acute_angle_deg,annotation_mask_same_extractor,48.93734100767138,49.79782857944291,0.8604875717715288,0.8604875717715288,1.7583455783522024,valid,ok,ok,,zero_length_angle_vector,07fd844e7f853a14fb82235228caf5997075e001697d881b5a753f8be11ad9ff,a1ad8753971cb1c673cedac296da3ce40d1f724f2af5e5be3683c5fe4149565e
235-25-7(1),2,attunet_cl_schedule,3407,dominant_path_length,annotation_mask_same_extractor,2998.8439379638457,1073.3178925810942,-1925.5260453827516,1925.5260453827516,64.20894468720319,valid,ok,ok,,zero_length_angle_vector,7497c2c9ff553aa7c2dd4141a59b027c8c75f67dc2bccba4cc857927d6dbf16d,088267e410dc297ebf5cf012504ea8b6337c8909f85d400bbfb102c13d1fd857
235-25-7(1),2,attunet_cl_schedule,3407,retained_segment_count,annotation_mask_same_extractor,230,216,-14.0,14.0,6.086956521739131,valid,ok,ok,,zero_length_angle_vector,7497c2c9ff553aa7c2dd4141a59b027c8c75f67dc2bccba4cc857927d6dbf16d,088267e410dc297ebf5cf012504ea8b6337c8909f85d400bbfb102c13d1fd857
235-25-7(1),2,attunet_cl_schedule,3407,junction_region_count,annotation_mask_same_extractor,208,230,22.0,22.0,10.576923076923077,valid,ok,ok,,zero_length_angle_vector,7497c2c9ff553aa7c2dd4141a59b027c8c75f67dc2bccba4cc857927d6dbf16d,088267e410dc297ebf5cf012504ea8b6337c8909f85d400bbfb102c13d1fd857
235-25-7(1),2,attunet_cl_schedule,3407,mean_local_acute_angle_deg,annotation_mask_same_extractor,56.8053052093956,47.57221709044907,-9.233088118946526,9.233088118946526,16.253918687544296,valid,ok,ok,,zero_length_angle_vector,7497c2c9ff553aa7c2dd4141a59b027c8c75f67dc2bccba4cc857927d6dbf16d,088267e410dc297ebf5cf012504ea8b6337c8909f85d400bbfb102c13d1fd857
235-25-7(2),2,attunet_cl_schedule,3407,dominant_path_length,annotation_mask_same_extractor,1249.092495836678,624.4041122946077,-624.6883835420703,624.6883835420703,50.01137911117112,valid,ok,ok,,zero_length_angle_vector,2131528edadfa652c430e59c756f4b7a69ff50f6d858967b29f0984a2a5a1f3d,cfdb78b6bff3c17bf5ec8cc7ce25504276d152194e46d13899de5e28336b4f92
235-25-7(2),2,attunet_cl_schedule,3407,retained_segment_count,annotation_mask_same_extractor,94,134,40.0,40.0,42.5531914893617,valid,ok,ok,,zero_length_angle_vector,2131528edadfa652c430e59c756f4b7a69ff50f6d858967b29f0984a2a5a1f3d,cfdb78b6bff3c17bf5ec8cc7ce25504276d152194e46d13899de5e28336b4f92
235-25-7(2),2,attunet_cl_schedule,3407,junction_region_count,annotation_mask_same_extractor,74,127,53.0,53.0,71.62162162162163,valid,ok,ok,,zero_length_angle_vector,2131528edadfa652c430e59c756f4b7a69ff50f6d858967b29f0984a2a5a1f3d,cfdb78b6bff3c17bf5ec8cc7ce25504276d152194e46d13899de5e28336b4f92
235-25-7(2),2,attunet_cl_schedule,3407,mean_local_acute_angle_deg,annotation_mask_same_extractor,51.18427192297171,50.19829389140223,-0.9859780315694806,0.9859780315694806,1.9263300903318497,valid,ok,ok,,zero_length_angle_vector,2131528edadfa652c430e59c756f4b7a69ff50f6d858967b29f0984a2a5a1f3d,cfdb78b6bff3c17bf5ec8cc7ce25504276d152194e46d13899de5e28336b4f92
235-25-7(3),2,attunet_cl_schedule,3407,dominant_path_length,annotation_mask_same_extractor,3042.988165628605,496.1614716074883,-2546.826694021117,2546.826694021117,83.6949260200296,valid,ok,ok,zero_length_angle_vector,zero_length_angle_vector,2c8b120debe12fd303a7f06497770c03ad10375f80aac91a1feeabe828c5d6e3,76b7d5c01dead482f10dc65a81a6a626d36b8199a7626b752e06fe43c8ae9000
235-25-7(3),2,attunet_cl_schedule,3407,retained_segment_count,annotation_mask_same_extractor,86,150,64.0,64.0,74.4186046511628,valid,ok,ok,zero_length_angle_vector,zero_length_angle_vector,2c8b120debe12fd303a7f06497770c03ad10375f80aac91a1feeabe828c5d6e3,76b7d5c01dead482f10dc65a81a6a626d36b8199a7626b752e06fe43c8ae9000
235-25-7(3),2,attunet_cl_schedule,3407,junction_region_count,annotation_mask_same_extractor,69,137,68.0,68.0,98.55072463768117,valid,ok,ok,zero_length_angle_vector,zero_length_angle_vector,2c8b120debe12fd303a7f06497770c03ad10375f80aac91a1feeabe828c5d6e3,76b7d5c01dead482f10dc65a81a6a626d36b8199a7626b752e06fe43c8ae9000
235-25-7(3),2,attunet_cl_schedule,3407,mean_local_acute_angle_deg,annotation_mask_same_extractor,40.34148473985392,52.24734051674143,11.905855776887513,11.905855776887513,29.512686143466482,valid,ok,ok,zero_length_angle_vector,zero_length_angle_vector,2c8b120debe12fd303a7f06497770c03ad10375f80aac91a1feeabe828c5d6e3,76b7d5c01dead482f10dc65a81a6a626d36b8199a7626b752e06fe43c8ae9000
235-25-9(1),4,attunet_cl_schedule,3407,dominant_path_length,annotation_mask_same_extractor,3126.4490603852128,730.931024229189,-2395.5180361560238,2395.5180361560238,76.62104802887369,valid,ok,ok,,zero_length_angle_vector,a44aabe48936de7e267908875859f9c440963c013122db96ca7e12819915e47a,929b7dadff02a106a39e51d508a444bc9c334671bd92ac16b4d5a67e091d91dd
235-25-9(1),4,attunet_cl_schedule,3407,retained_segment_count,annotation_mask_same_extractor,81,140,59.0,59.0,72.8395061728395,valid,ok,ok,,zero_length_angle_vector,a44aabe48936de7e267908875859f9c440963c013122db96ca7e12819915e47a,929b7dadff02a106a39e51d508a444bc9c334671bd92ac16b4d5a67e091d91dd
235-25-9(1),4,attunet_cl_schedule,3407,junction_region_count,annotation_mask_same_extractor,71,118,47.0,47.0,66.19718309859155,valid,ok,ok,,zero_length_angle_vector,a44aabe48936de7e267908875859f9c440963c013122db96ca7e12819915e47a,929b7dadff02a106a39e51d508a444bc9c334671bd92ac16b4d5a67e091d91dd
235-25-9(1),4,attunet_cl_schedule,3407,mean_local_acute_angle_deg,annotation_mask_same_extractor,56.36650915301412,36.03124323354164,-20.335265919472484,20.335265919472484,36.07685880328299,valid,ok,ok,,zero_length_angle_vector,a44aabe48936de7e267908875859f9c440963c013122db96ca7e12819915e47a,929b7dadff02a106a39e51d508a444bc9c334671bd92ac16b4d5a67e091d91dd
235-25-9(2),4,attunet_cl_schedule,3407,dominant_path_length,annotation_mask_same_extractor,1133.901586977666,792.6660889654844,-341.23549801218167,341.23549801218167,30.0939254280189,valid,ok,ok,,zero_length_angle_vector,078e2f40e0375f4163f04a89f798c84e04ad144ea99252428ef60b382a208150,60547b49412ffe32980f43ade2e5a395551b4534542ced4fd134fdd728de74ca
235-25-9(2),4,attunet_cl_schedule,3407,retained_segment_count,annotation_mask_same_extractor,72,76,4.0,4.0,5.555555555555555,valid,ok,ok,,zero_length_angle_vector,078e2f40e0375f4163f04a89f798c84e04ad144ea99252428ef60b382a208150,60547b49412ffe32980f43ade2e5a395551b4534542ced4fd134fdd728de74ca
235-25-9(2),4,attunet_cl_schedule,3407,junction_region_count,annotation_mask_same_extractor,58,65,7.0,7.0,12.068965517241379,valid,ok,ok,,zero_length_angle_vector,078e2f40e0375f4163f04a89f798c84e04ad144ea99252428ef60b382a208150,60547b49412ffe32980f43ade2e5a395551b4534542ced4fd134fdd728de74ca
235-25-9(2),4,attunet_cl_schedule,3407,mean_local_acute_angle_deg,annotation_mask_same_extractor,48.80355339734289,51.8448978333068,3.0413444359639143,3.0413444359639143,6.231809416011705,valid,ok,ok,,zero_length_angle_vector,078e2f40e0375f4163f04a89f798c84e04ad144ea99252428ef60b382a208150,60547b49412ffe32980f43ade2e5a395551b4534542ced4fd134fdd728de74ca
235-25-9(3),1,attunet_cl_schedule,3407,dominant_path_length,annotation_mask_same_extractor,3014.9961748553196,1473.7930726875682,-1541.2031021677515,1541.2031021677515,51.11791235495379,valid,ok,ok,,,04c79fb7e355280d60cd560ee7fce5e6be4db79fc76c2cc62ba5beb9dc7281f5,359b3dbf18c4da7d2ca1fad79316b94cea6bf72731d3765ccb5b1c1b36dac318
235-25-9(3),1,attunet_cl_schedule,3407,retained_segment_count,annotation_mask_same_extractor,162,213,51.0,51.0,31.48148148148148,valid,ok,ok,,,04c79fb7e355280d60cd560ee7fce5e6be4db79fc76c2cc62ba5beb9dc7281f5,359b3dbf18c4da7d2ca1fad79316b94cea6bf72731d3765ccb5b1c1b36dac318
235-25-9(3),1,attunet_cl_schedule,3407,junction_region_count,annotation_mask_same_extractor,148,172,24.0,24.0,16.216216216216218,valid,ok,ok,,,04c79fb7e355280d60cd560ee7fce5e6be4db79fc76c2cc62ba5beb9dc7281f5,359b3dbf18c4da7d2ca1fad79316b94cea6bf72731d3765ccb5b1c1b36dac318
235-25-9(3),1,attunet_cl_schedule,3407,mean_local_acute_angle_deg,annotation_mask_same_extractor,63.95431651066043,45.95319241405088,-18.00112409660955,18.00112409660955,28.146847748124987,valid,ok,ok,,,04c79fb7e355280d60cd560ee7fce5e6be4db79fc76c2cc62ba5beb9dc7281f5,359b3dbf18c4da7d2ca1fad79316b94cea6bf72731d3765ccb5b1c1b36dac318
447-1-1,1,attunet_cl_schedule,3407,dominant_path_length,annotation_mask_same_extractor,3911.385135248214,4084.8481220458716,173.46298679765778,173.46298679765778,4.434822468246915,valid,ok,ok,,,67a3ba2f50251e390c617a86eba391a70dc650351761a8b7c955b3e97cd90123,d681c3e29264092ffe0d2441caa623b9187c7b20986a4350a014859c08976681
447-1-1,1,attunet_cl_schedule,3407,retained_segment_count,annotation_mask_same_extractor,293,315,22.0,22.0,7.508532423208192,valid,ok,ok,,,67a3ba2f50251e390c617a86eba391a70dc650351761a8b7c955b3e97cd90123,d681c3e29264092ffe0d2441caa623b9187c7b20986a4350a014859c08976681
447-1-1,1,attunet_cl_schedule,3407,junction_region_count,annotation_mask_same_extractor,271,286,15.0,15.0,5.535055350553505,valid,ok,ok,,,67a3ba2f50251e390c617a86eba391a70dc650351761a8b7c955b3e97cd90123,d681c3e29264092ffe0d2441caa623b9187c7b20986a4350a014859c08976681
447-1-1,1,attunet_cl_schedule,3407,mean_local_acute_angle_deg,annotation_mask_same_extractor,61.706177398538195,56.70747608118172,-4.998701317356478,4.998701317356478,8.100811828079461,valid,ok,ok,,,67a3ba2f50251e390c617a86eba391a70dc650351761a8b7c955b3e97cd90123,d681c3e29264092ffe0d2441caa623b9187c7b20986a4350a014859c08976681
447-1-1(1),1,attunet_cl_schedule,3407,dominant_path_length,annotation_mask_same_extractor,3219.268252793949,950.9898987322347,-2268.2783540617147,2268.2783540617147,70.45943910058175,valid,ok,ok,,zero_length_angle_vector,0d1ba7e5e04b19e049d833c898b8b5dfd329ae106055ed93825b5e45ffe6aa84,357d7dd6ac613017d8270b4a3237656ad47fcce0171b7544097badd07f84129f
447-1-1(1),1,attunet_cl_schedule,3407,retained_segment_count,annotation_mask_same_extractor,138,186,48.0,48.0,34.78260869565217,valid,ok,ok,,zero_length_angle_vector,0d1ba7e5e04b19e049d833c898b8b5dfd329ae106055ed93825b5e45ffe6aa84,357d7dd6ac613017d8270b4a3237656ad47fcce0171b7544097badd07f84129f
447-1-1(1),1,attunet_cl_schedule,3407,junction_region_count,annotation_mask_same_extractor,130,148,18.0,18.0,13.846153846153847,valid,ok,ok,,zero_length_angle_vector,0d1ba7e5e04b19e049d833c898b8b5dfd329ae106055ed93825b5e45ffe6aa84,357d7dd6ac613017d8270b4a3237656ad47fcce0171b7544097badd07f84129f
447-1-1(1),1,attunet_cl_schedule,3407,mean_local_acute_angle_deg,annotation_mask_same_extractor,67.79905715669001,50.46496144884324,-17.33409570784677,17.33409570784677,25.566868382529336,valid,ok,ok,,zero_length_angle_vector,0d1ba7e5e04b19e049d833c898b8b5dfd329ae106055ed93825b5e45ffe6aa84,357d7dd6ac613017d8270b4a3237656ad47fcce0171b7544097badd07f84129f
7-1-3(1),4,attunet_cl_schedule,3407,dominant_path_length,annotation_mask_same_extractor,3591.411613906912,3595.588237416103,4.176623509190904,4.176623509190904,0.11629475978241798,valid,ok,ok,,zero_length_angle_vector,bba8ccc94987683932ee1142fbfdf5f18f0e90a532fe1e011e5e0387316a0102,f85ef48e3799c988fca2c1d2a8865ee7327ea83ac9644fce89b1dd5fb607db38
7-1-3(1),4,attunet_cl_schedule,3407,retained_segment_count,annotation_mask_same_extractor,415,555,140.0,140.0,33.734939759036145,valid,ok,ok,,zero_length_angle_vector,bba8ccc94987683932ee1142fbfdf5f18f0e90a532fe1e011e5e0387316a0102,f85ef48e3799c988fca2c1d2a8865ee7327ea83ac9644fce89b1dd5fb607db38
7-1-3(1),4,attunet_cl_schedule,3407,junction_region_count,annotation_mask_same_extractor,370,496,126.0,126.0,34.054054054054056,valid,ok,ok,,zero_length_angle_vector,bba8ccc94987683932ee1142fbfdf5f18f0e90a532fe1e011e5e0387316a0102,f85ef48e3799c988fca2c1d2a8865ee7327ea83ac9644fce89b1dd5fb607db38
7-1-3(1),4,attunet_cl_schedule,3407,mean_local_acute_angle_deg,annotation_mask_same_extractor,52.19068191429416,48.018769816011925,-4.171912098282235,4.171912098282235,7.993595686550356,valid,ok,ok,,zero_length_angle_vector,bba8ccc94987683932ee1142fbfdf5f18f0e90a532fe1e011e5e0387316a0102,f85ef48e3799c988fca2c1d2a8865ee7327ea83ac9644fce89b1dd5fb607db38
7-1-3(2),4,attunet_cl_schedule,3407,dominant_path_length,annotation_mask_same_extractor,2479.356564548581,2253.5159441150254,-225.8406204335556,225.8406204335556,9.108839916886849,valid,ok,ok,,zero_length_angle_vector,28862657685f711ee260dae48d326375279a0325e0e0c82a6692a9516004f3bb,1920c5ac5d7613d9ad044df0d973239eb40111146504c9fd51e0270b51b5b8f6
7-1-3(2),4,attunet_cl_schedule,3407,retained_segment_count,annotation_mask_same_extractor,239,251,12.0,12.0,5.02092050209205,valid,ok,ok,,zero_length_angle_vector,28862657685f711ee260dae48d326375279a0325e0e0c82a6692a9516004f3bb,1920c5ac5d7613d9ad044df0d973239eb40111146504c9fd51e0270b51b5b8f6
7-1-3(2),4,attunet_cl_schedule,3407,junction_region_count,annotation_mask_same_extractor,201,196,-5.0,5.0,2.4875621890547266,valid,ok,ok,,zero_length_angle_vector,28862657685f711ee260dae48d326375279a0325e0e0c82a6692a9516004f3bb,1920c5ac5d7613d9ad044df0d973239eb40111146504c9fd51e0270b51b5b8f6
7-1-3(2),4,attunet_cl_schedule,3407,mean_local_acute_angle_deg,annotation_mask_same_extractor,52.02063707468777,46.95158375316102,-5.069053321526752,5.069053321526752,9.744312270241794,valid,ok,ok,,zero_length_angle_vector,28862657685f711ee260dae48d326375279a0325e0e0c82a6692a9516004f3bb,1920c5ac5d7613d9ad044df0d973239eb40111146504c9fd51e0270b51b5b8f6
7-1-3(3),0,attunet_cl_schedule,3407,dominant_path_length,annotation_mask_same_extractor,3139.476405595674,1707.3077913133293,-1432.1686142823446,1432.1686142823446,45.61807222789463,valid,ok,ok,zero_length_angle_vector,zero_length_angle_vector,eb3582ff4719e2750a945bfec7af39008d621c1fbaba7f242e61cf5fb5af1392,ff0ffe19930f0e3d210910e51edc5c3f8fed7cfbff864def564581af44e8e4d1
7-1-3(3),0,attunet_cl_schedule,3407,retained_segment_count,annotation_mask_same_extractor,234,386,152.0,152.0,64.95726495726495,valid,ok,ok,zero_length_angle_vector,zero_length_angle_vector,eb3582ff4719e2750a945bfec7af39008d621c1fbaba7f242e61cf5fb5af1392,ff0ffe19930f0e3d210910e51edc5c3f8fed7cfbff864def564581af44e8e4d1
7-1-3(3),0,attunet_cl_schedule,3407,junction_region_count,annotation_mask_same_extractor,206,389,183.0,183.0,88.83495145631069,valid,ok,ok,zero_length_angle_vector,zero_length_angle_vector,eb3582ff4719e2750a945bfec7af39008d621c1fbaba7f242e61cf5fb5af1392,ff0ffe19930f0e3d210910e51edc5c3f8fed7cfbff864def564581af44e8e4d1
7-1-3(3),0,attunet_cl_schedule,3407,mean_local_acute_angle_deg,annotation_mask_same_extractor,55.62685066639042,51.08834426094244,-4.538506405447976,4.538506405447976,8.15884119104037,valid,ok,ok,zero_length_angle_vector,zero_length_angle_vector,eb3582ff4719e2750a945bfec7af39008d621c1fbaba7f242e61cf5fb5af1392,ff0ffe19930f0e3d210910e51edc5c3f8fed7cfbff864def564581af44e8e4d1
7-1-6(1),0,attunet_cl_schedule,3407,dominant_path_length,annotation_mask_same_extractor,3188.726188957766,3334.946535068286,146.22034611051959,146.22034611051959,4.585540979243239,valid,ok,ok,,,cba0254b9e9151f7e11554a8e70e85d3aae5e2a96042767c54979c286faeb9a4,6e208af886f786af6366e572c7cd0db27e7a453383be5c053c9ab7df33177950
7-1-6(1),0,attunet_cl_schedule,3407,retained_segment_count,annotation_mask_same_extractor,300,384,84.0,84.0,28.000000000000004,valid,ok,ok,,,cba0254b9e9151f7e11554a8e70e85d3aae5e2a96042767c54979c286faeb9a4,6e208af886f786af6366e572c7cd0db27e7a453383be5c053c9ab7df33177950
7-1-6(1),0,attunet_cl_schedule,3407,junction_region_count,annotation_mask_same_extractor,268,360,92.0,92.0,34.32835820895522,valid,ok,ok,,,cba0254b9e9151f7e11554a8e70e85d3aae5e2a96042767c54979c286faeb9a4,6e208af886f786af6366e572c7cd0db27e7a453383be5c053c9ab7df33177950
7-1-6(1),0,attunet_cl_schedule,3407,mean_local_acute_angle_deg,annotation_mask_same_extractor,57.71657823171459,53.63013023612391,-4.086447995590682,4.086447995590682,7.080197961814074,valid,ok,ok,,,cba0254b9e9151f7e11554a8e70e85d3aae5e2a96042767c54979c286faeb9a4,6e208af886f786af6366e572c7cd0db27e7a453383be5c053c9ab7df33177950
7-1-6(2),3,attunet_cl_schedule,3407,dominant_path_length,annotation_mask_same_extractor,4815.678641211786,3220.3729419394836,-1595.3056992723027,1595.3056992723027,33.127328838347694,valid,ok,ok,zero_length_angle_vector,zero_length_angle_vector,e3aea5a1ab8ea31c284842492594be58ed37bba1e364b53dc239f9c47cd34693,bb739da0b9743759f813ceabb53bf69dd5113a5844dd342ae436d5e866373095
7-1-6(2),3,attunet_cl_schedule,3407,retained_segment_count,annotation_mask_same_extractor,436,676,240.0,240.0,55.04587155963303,valid,ok,ok,zero_length_angle_vector,zero_length_angle_vector,e3aea5a1ab8ea31c284842492594be58ed37bba1e364b53dc239f9c47cd34693,bb739da0b9743759f813ceabb53bf69dd5113a5844dd342ae436d5e866373095
7-1-6(2),3,attunet_cl_schedule,3407,junction_region_count,annotation_mask_same_extractor,321,640,319.0,319.0,99.37694704049844,valid,ok,ok,zero_length_angle_vector,zero_length_angle_vector,e3aea5a1ab8ea31c284842492594be58ed37bba1e364b53dc239f9c47cd34693,bb739da0b9743759f813ceabb53bf69dd5113a5844dd342ae436d5e866373095
7-1-6(2),3,attunet_cl_schedule,3407,mean_local_acute_angle_deg,annotation_mask_same_extractor,45.76167325566849,46.69749254362761,0.9358192879591201,0.9358192879591201,2.044984856062273,valid,ok,ok,zero_length_angle_vector,zero_length_angle_vector,e3aea5a1ab8ea31c284842492594be58ed37bba1e364b53dc239f9c47cd34693,bb739da0b9743759f813ceabb53bf69dd5113a5844dd342ae436d5e866373095
7-1-6(3),2,attunet_cl_schedule,3407,dominant_path_length,annotation_mask_same_extractor,3149.346463280794,1031.1930009000657,-2118.1534623807283,2118.1534623807283,67.25692098589138,valid,ok,ok,zero_length_angle_vector,zero_length_angle_vector,175aad97304bc1efcc5da1ef9c37712fdcee8d0161a6f80fd823a18cef9139a0,32b9f0c030e8ce72a5714bdd04321efd65095f690c9df3217072e43534c9fef4
7-1-6(3),2,attunet_cl_schedule,3407,retained_segment_count,annotation_mask_same_extractor,113,267,154.0,154.0,136.28318584070794,valid,ok,ok,zero_length_angle_vector,zero_length_angle_vector,175aad97304bc1efcc5da1ef9c37712fdcee8d0161a6f80fd823a18cef9139a0,32b9f0c030e8ce72a5714bdd04321efd65095f690c9df3217072e43534c9fef4
7-1-6(3),2,attunet_cl_schedule,3407,junction_region_count,annotation_mask_same_extractor,82,294,212.0,212.0,258.5365853658537,valid,ok,ok,zero_length_angle_vector,zero_length_angle_vector,175aad97304bc1efcc5da1ef9c37712fdcee8d0161a6f80fd823a18cef9139a0,32b9f0c030e8ce72a5714bdd04321efd65095f690c9df3217072e43534c9fef4
7-1-6(3),2,attunet_cl_schedule,3407,mean_local_acute_angle_deg,annotation_mask_same_extractor,52.34419986077857,46.87657258196362,-5.467627278814952,5.467627278814952,10.445526521290539,valid,ok,ok,zero_length_angle_vector,zero_length_angle_vector,175aad97304bc1efcc5da1ef9c37712fdcee8d0161a6f80fd823a18cef9139a0,32b9f0c030e8ce72a5714bdd04321efd65095f690c9df3217072e43534c9fef4
7-1-6(4),0,attunet_cl_schedule,3407,dominant_path_length,annotation_mask_same_extractor,2934.7922061357463,2953.253100892345,18.46089475659892,18.46089475659892,0.6290358383126027,valid,ok,ok,,,c0fc24472241d6b39ede8026e685b39939da6b7eb296c7092ba9ef7c6acbe239,1fe65b3d58f692ec509111793872271015e0bbb6a402665b94317d0ebaa9da53
7-1-6(4),0,attunet_cl_schedule,3407,retained_segment_count,annotation_mask_same_extractor,402,621,219.0,219.0,54.47761194029851,valid,ok,ok,,,c0fc24472241d6b39ede8026e685b39939da6b7eb296c7092ba9ef7c6acbe239,1fe65b3d58f692ec509111793872271015e0bbb6a402665b94317d0ebaa9da53
7-1-6(4),0,attunet_cl_schedule,3407,junction_region_count,annotation_mask_same_extractor,320,586,266.0,266.0,83.125,valid,ok,ok,,,c0fc24472241d6b39ede8026e685b39939da6b7eb296c7092ba9ef7c6acbe239,1fe65b3d58f692ec509111793872271015e0bbb6a402665b94317d0ebaa9da53
7-1-6(4),0,attunet_cl_schedule,3407,mean_local_acute_angle_deg,annotation_mask_same_extractor,45.58572184508618,46.372448555778035,0.786726710691859,0.786726710691859,1.7258182581058823,valid,ok,ok,,,c0fc24472241d6b39ede8026e685b39939da6b7eb296c7092ba9ef7c6acbe239,1fe65b3d58f692ec509111793872271015e0bbb6a402665b94317d0ebaa9da53
DN50-235-25-6(2),1,attunet_cl_schedule,3407,dominant_path_length,annotation_mask_same_extractor,1654.4398256692953,1254.1585130146607,-400.2813126546346,400.2813126546346,24.19437119707287,valid,ok,ok,,zero_length_angle_vector,26158010911e4857cbb5605c765e186f4f05e7d62b2dcff5cd35f9038e6d54e6,dd8a7ab59b5eae7c4e09e3cd9d86c2d70fb1c1e801f42b929131758452038873
DN50-235-25-6(2),1,attunet_cl_schedule,3407,retained_segment_count,annotation_mask_same_extractor,104,143,39.0,39.0,37.5,valid,ok,ok,,zero_length_angle_vector,26158010911e4857cbb5605c765e186f4f05e7d62b2dcff5cd35f9038e6d54e6,dd8a7ab59b5eae7c4e09e3cd9d86c2d70fb1c1e801f42b929131758452038873
DN50-235-25-6(2),1,attunet_cl_schedule,3407,junction_region_count,annotation_mask_same_extractor,97,129,32.0,32.0,32.98969072164948,valid,ok,ok,,zero_length_angle_vector,26158010911e4857cbb5605c765e186f4f05e7d62b2dcff5cd35f9038e6d54e6,dd8a7ab59b5eae7c4e09e3cd9d86c2d70fb1c1e801f42b929131758452038873
DN50-235-25-6(2),1,attunet_cl_schedule,3407,mean_local_acute_angle_deg,annotation_mask_same_extractor,48.376302759478975,58.6257286289499,10.249425869470926,10.249425869470926,21.18687308625012,valid,ok,ok,,zero_length_angle_vector,26158010911e4857cbb5605c765e186f4f05e7d62b2dcff5cd35f9038e6d54e6,dd8a7ab59b5eae7c4e09e3cd9d86c2d70fb1c1e801f42b929131758452038873
DN50-235-25-6(3),1,attunet_cl_schedule,3407,dominant_path_length,annotation_mask_same_extractor,956.9015869776664,904.5533905932764,-52.34819638439001,52.34819638439001,5.470593538226809,valid,ok,ok,,zero_length_angle_vector,1c99a68f93f5396eb9701167417e60c3f506eddaae41784653661a85b4318891,f671defece1587580ad31b2966549f9fc53bc16cc2e850dc7effe00e2386d146
DN50-235-25-6(3),1,attunet_cl_schedule,3407,retained_segment_count,annotation_mask_same_extractor,110,109,-1.0,1.0,0.9090909090909091,valid,ok,ok,,zero_length_angle_vector,1c99a68f93f5396eb9701167417e60c3f506eddaae41784653661a85b4318891,f671defece1587580ad31b2966549f9fc53bc16cc2e850dc7effe00e2386d146
DN50-235-25-6(3),1,attunet_cl_schedule,3407,junction_region_count,annotation_mask_same_extractor,90,89,-1.0,1.0,1.1111111111111112,valid,ok,ok,,zero_length_angle_vector,1c99a68f93f5396eb9701167417e60c3f506eddaae41784653661a85b4318891,f671defece1587580ad31b2966549f9fc53bc16cc2e850dc7effe00e2386d146
DN50-235-25-6(3),1,attunet_cl_schedule,3407,mean_local_acute_angle_deg,annotation_mask_same_extractor,55.84661373210531,47.224630629729,-8.621983102376312,8.621983102376312,15.438685582147793,valid,ok,ok,,zero_length_angle_vector,1c99a68f93f5396eb9701167417e60c3f506eddaae41784653661a85b4318891,f671defece1587580ad31b2966549f9fc53bc16cc2e850dc7effe00e2386d146
DN50-235-25-7(1),0,attunet_cl_schedule,3407,dominant_path_length,annotation_mask_same_extractor,835.1076477383253,736.2102448427682,-98.8974028955571,98.8974028955571,11.842473621621753,valid,ok,ok,,zero_length_angle_vector,1d15d42a8683193e72d4801bf8661ed463c57674766c0904ac6147226c6fad64,ed75294aa33cd4ab8cf088c7025cdaa86d6cbd96bcaa1c877d7debe95645ca2b
DN50-235-25-7(1),0,attunet_cl_schedule,3407,retained_segment_count,annotation_mask_same_extractor,86,115,29.0,29.0,33.72093023255814,valid,ok,ok,,zero_length_angle_vector,1d15d42a8683193e72d4801bf8661ed463c57674766c0904ac6147226c6fad64,ed75294aa33cd4ab8cf088c7025cdaa86d6cbd96bcaa1c877d7debe95645ca2b
DN50-235-25-7(1),0,attunet_cl_schedule,3407,junction_region_count,annotation_mask_same_extractor,71,112,41.0,41.0,57.74647887323944,valid,ok,ok,,zero_length_angle_vector,1d15d42a8683193e72d4801bf8661ed463c57674766c0904ac6147226c6fad64,ed75294aa33cd4ab8cf088c7025cdaa86d6cbd96bcaa1c877d7debe95645ca2b
DN50-235-25-7(1),0,attunet_cl_schedule,3407,mean_local_acute_angle_deg,annotation_mask_same_extractor,53.845303485648856,47.580981233592105,-6.2643222520567505,6.2643222520567505,11.633925052955364,valid,ok,ok,,zero_length_angle_vector,1d15d42a8683193e72d4801bf8661ed463c57674766c0904ac6147226c6fad64,ed75294aa33cd4ab8cf088c7025cdaa86d6cbd96bcaa1c877d7debe95645ca2b
W82-447-1-13-3(1),3,attunet_cl_schedule,3407,dominant_path_length,annotation_mask_same_extractor,2963.730373039836,2132.2733034279213,-831.4570696119149,831.4570696119149,28.05440998194133,valid,ok,ok,,zero_length_angle_vector,e400970fc4f5749000b5101345fe28f7835a0cd40cd105ff701d3d5565a3fd20,5ea9fa18e9a435d2ecb6fe596b7587c6d94de3574fbd45e58765a1f458fe1018
W82-447-1-13-3(1),3,attunet_cl_schedule,3407,retained_segment_count,annotation_mask_same_extractor,76,334,258.0,258.0,339.4736842105263,valid,ok,ok,,zero_length_angle_vector,e400970fc4f5749000b5101345fe28f7835a0cd40cd105ff701d3d5565a3fd20,5ea9fa18e9a435d2ecb6fe596b7587c6d94de3574fbd45e58765a1f458fe1018
W82-447-1-13-3(1),3,attunet_cl_schedule,3407,junction_region_count,annotation_mask_same_extractor,50,300,250.0,250.0,500.0,valid,ok,ok,,zero_length_angle_vector,e400970fc4f5749000b5101345fe28f7835a0cd40cd105ff701d3d5565a3fd20,5ea9fa18e9a435d2ecb6fe596b7587c6d94de3574fbd45e58765a1f458fe1018
W82-447-1-13-3(1),3,attunet_cl_schedule,3407,mean_local_acute_angle_deg,annotation_mask_same_extractor,45.41755671898957,44.789486819814115,-0.6280698991754576,0.6280698991754576,1.382879099070635,valid,ok,ok,,zero_length_angle_vector,e400970fc4f5749000b5101345fe28f7835a0cd40cd105ff701d3d5565a3fd20,5ea9fa18e9a435d2ecb6fe596b7587c6d94de3574fbd45e58765a1f458fe1018
W82-447-1-13-7(1),4,attunet_cl_schedule,3407,dominant_path_length,annotation_mask_same_extractor,2599.841845922817,1477.7220048757022,-1122.1198410471147,1122.1198410471147,43.161080848316644,valid,ok,ok,,zero_length_angle_vector,d7caafd48ba702bb9ca2578cb356a3cab186bfab19d8fbb7f0fc5a6ba0ddb53b,2b707e4c3ffe2858f5e8c92734ecbd05efd11177b5ede571465bb89669aea73d
W82-447-1-13-7(1),4,attunet_cl_schedule,3407,retained_segment_count,annotation_mask_same_extractor,161,186,25.0,25.0,15.527950310559005,valid,ok,ok,,zero_length_angle_vector,d7caafd48ba702bb9ca2578cb356a3cab186bfab19d8fbb7f0fc5a6ba0ddb53b,2b707e4c3ffe2858f5e8c92734ecbd05efd11177b5ede571465bb89669aea73d
W82-447-1-13-7(1),4,attunet_cl_schedule,3407,junction_region_count,annotation_mask_same_extractor,124,165,41.0,41.0,33.064516129032256,valid,ok,ok,,zero_length_angle_vector,d7caafd48ba702bb9ca2578cb356a3cab186bfab19d8fbb7f0fc5a6ba0ddb53b,2b707e4c3ffe2858f5e8c92734ecbd05efd11177b5ede571465bb89669aea73d
W82-447-1-13-7(1),4,attunet_cl_schedule,3407,mean_local_acute_angle_deg,annotation_mask_same_extractor,45.765543776284055,44.66491281262723,-1.1006309636568261,1.1006309636568261,2.4049336527870095,valid,ok,ok,,zero_length_angle_vector,d7caafd48ba702bb9ca2578cb356a3cab186bfab19d8fbb7f0fc5a6ba0ddb53b,2b707e4c3ffe2858f5e8c92734ecbd05efd11177b5ede571465bb89669aea73d
W82-447-1-13-7(2),3,attunet_cl_schedule,3407,dominant_path_length,annotation_mask_same_extractor,2569.818684794427,729.2813126546339,-1840.5373721397932,1840.5373721397932,71.62129309084027,valid,ok,ok,zero_length_angle_vector,zero_length_angle_vector,8401bb2188e5c3832e902ef0e29c7a72c6580cd0868364d9f97716efdec87255,dacad6b23baac886aee1e17321e2ab610bfefb38944337a14e4720100365eec7
W82-447-1-13-7(2),3,attunet_cl_schedule,3407,retained_segment_count,annotation_mask_same_extractor,37,82,45.0,45.0,121.62162162162163,valid,ok,ok,zero_length_angle_vector,zero_length_angle_vector,8401bb2188e5c3832e902ef0e29c7a72c6580cd0868364d9f97716efdec87255,dacad6b23baac886aee1e17321e2ab610bfefb38944337a14e4720100365eec7
W82-447-1-13-7(2),3,attunet_cl_schedule,3407,junction_region_count,annotation_mask_same_extractor,28,98,70.0,70.0,250.0,valid,ok,ok,zero_length_angle_vector,zero_length_angle_vector,8401bb2188e5c3832e902ef0e29c7a72c6580cd0868364d9f97716efdec87255,dacad6b23baac886aee1e17321e2ab610bfefb38944337a14e4720100365eec7
W82-447-1-13-7(2),3,attunet_cl_schedule,3407,mean_local_acute_angle_deg,annotation_mask_same_extractor,56.21991760625045,48.80791898892212,-7.411998617328329,7.411998617328329,13.183937175504282,valid,ok,ok,zero_length_angle_vector,zero_length_angle_vector,8401bb2188e5c3832e902ef0e29c7a72c6580cd0868364d9f97716efdec87255,dacad6b23baac886aee1e17321e2ab610bfefb38944337a14e4720100365eec7
W82-447-1-13-7(3),2,attunet_cl_schedule,3407,dominant_path_length,annotation_mask_same_extractor,3607.1963184303277,889.2590180780488,-2717.9373003522787,2717.9373003522787,75.34764011776852,valid,ok,ok,zero_length_angle_vector,zero_length_angle_vector,4b63fae36f1e264804fc841b3fbba41c7e9f5be06b268aa37989d57f23a39479,ca5382b85f0a45e37fb1b29c7e00d5028d9922de1e734c14917c127b9946a8f7
W82-447-1-13-7(3),2,attunet_cl_schedule,3407,retained_segment_count,annotation_mask_same_extractor,125,602,477.0,477.0,381.59999999999997,valid,ok,ok,zero_length_angle_vector,zero_length_angle_vector,4b63fae36f1e264804fc841b3fbba41c7e9f5be06b268aa37989d57f23a39479,ca5382b85f0a45e37fb1b29c7e00d5028d9922de1e734c14917c127b9946a8f7
W82-447-1-13-7(3),2,attunet_cl_schedule,3407,junction_region_count,annotation_mask_same_extractor,86,655,569.0,569.0,661.6279069767442,valid,ok,ok,zero_length_angle_vector,zero_length_angle_vector,4b63fae36f1e264804fc841b3fbba41c7e9f5be06b268aa37989d57f23a39479,ca5382b85f0a45e37fb1b29c7e00d5028d9922de1e734c14917c127b9946a8f7
W82-447-1-13-7(3),2,attunet_cl_schedule,3407,mean_local_acute_angle_deg,annotation_mask_same_extractor,42.04523834094305,39.938015270235454,-2.1072230707075974,2.1072230707075974,5.011799561273063,valid,ok,ok,zero_length_angle_vector,zero_length_angle_vector,4b63fae36f1e264804fc841b3fbba41c7e9f5be06b268aa37989d57f23a39479,ca5382b85f0a45e37fb1b29c7e00d5028d9922de1e734c14917c127b9946a8f7
10-1-1,3,attunet_cl_schedule,2026,dominant_path_length,annotation_mask_same_extractor,3519.0348468227903,2617.4053377838286,-901.6295090389617,901.6295090389617,25.62149987951982,valid,ok,ok,zero_length_angle_vector,zero_length_angle_vector,8664187dcbcab44c4dae8da26d028efb21268d9709753c186a39d03660a06fc7,37a043646c6850ef2ecb13041bd0fd667652b3abf3880c79f54a89fd33766d7a
10-1-1,3,attunet_cl_schedule,2026,retained_segment_count,annotation_mask_same_extractor,134,158,24.0,24.0,17.91044776119403,valid,ok,ok,zero_length_angle_vector,zero_length_angle_vector,8664187dcbcab44c4dae8da26d028efb21268d9709753c186a39d03660a06fc7,37a043646c6850ef2ecb13041bd0fd667652b3abf3880c79f54a89fd33766d7a
10-1-1,3,attunet_cl_schedule,2026,junction_region_count,annotation_mask_same_extractor,121,159,38.0,38.0,31.40495867768595,valid,ok,ok,zero_length_angle_vector,zero_length_angle_vector,8664187dcbcab44c4dae8da26d028efb21268d9709753c186a39d03660a06fc7,37a043646c6850ef2ecb13041bd0fd667652b3abf3880c79f54a89fd33766d7a
10-1-1,3,attunet_cl_schedule,2026,mean_local_acute_angle_deg,annotation_mask_same_extractor,64.6739875375559,55.005946246333025,-9.668041291222877,9.668041291222877,14.94888696264273,valid,ok,ok,zero_length_angle_vector,zero_length_angle_vector,8664187dcbcab44c4dae8da26d028efb21268d9709753c186a39d03660a06fc7,37a043646c6850ef2ecb13041bd0fd667652b3abf3880c79f54a89fd33766d7a
10-1-1(1),3,attunet_cl_schedule,2026,dominant_path_length,annotation_mask_same_extractor,2848.0794359760534,1087.6660889654843,-1760.4133470105692,1760.4133470105692,61.81054238774296,valid,ok,ok,,zero_length_angle_vector,c95c0337715266ccd3aad838a4ef3ab80e74ba76f5d714ecb44e5a5615b3ce7c,b16e5cdda5f5c615722856bee60a255534c501c5cdad592356d84f5d8416683d
10-1-1(1),3,attunet_cl_schedule,2026,retained_segment_count,annotation_mask_same_extractor,35,73,38.0,38.0,108.57142857142857,valid,ok,ok,,zero_length_angle_vector,c95c0337715266ccd3aad838a4ef3ab80e74ba76f5d714ecb44e5a5615b3ce7c,b16e5cdda5f5c615722856bee60a255534c501c5cdad592356d84f5d8416683d
10-1-1(1),3,attunet_cl_schedule,2026,junction_region_count,annotation_mask_same_extractor,28,80,52.0,52.0,185.71428571428572,valid,ok,ok,,zero_length_angle_vector,c95c0337715266ccd3aad838a4ef3ab80e74ba76f5d714ecb44e5a5615b3ce7c,b16e5cdda5f5c615722856bee60a255534c501c5cdad592356d84f5d8416683d
10-1-1(1),3,attunet_cl_schedule,2026,mean_local_acute_angle_deg,annotation_mask_same_extractor,45.23478785039287,47.90763431683859,2.672846466445719,2.672846466445719,5.908829450655874,valid,ok,ok,,zero_length_angle_vector,c95c0337715266ccd3aad838a4ef3ab80e74ba76f5d714ecb44e5a5615b3ce7c,b16e5cdda5f5c615722856bee60a255534c501c5cdad592356d84f5d8416683d
10-1-1(2),1,attunet_cl_schedule,2026,dominant_path_length,annotation_mask_same_extractor,1262.4823227814104,657.3523804664995,-605.1299423149109,605.1299423149109,47.931755668604694,valid,ok,ok,,zero_length_angle_vector,6c74e98b918771eb646a7e1d44c8ef0b3c96078814c8b8db61045d1816697d12,056841b2eee22798bc61813c23950b4e344a32167f00b3028b91541742004f85
10-1-1(2),1,attunet_cl_schedule,2026,retained_segment_count,annotation_mask_same_extractor,25,53,28.0,28.0,112.00000000000001,valid,ok,ok,,zero_length_angle_vector,6c74e98b918771eb646a7e1d44c8ef0b3c96078814c8b8db61045d1816697d12,056841b2eee22798bc61813c23950b4e344a32167f00b3028b91541742004f85
10-1-1(2),1,attunet_cl_schedule,2026,junction_region_count,annotation_mask_same_extractor,23,68,45.0,45.0,195.65217391304347,valid,ok,ok,,zero_length_angle_vector,6c74e98b918771eb646a7e1d44c8ef0b3c96078814c8b8db61045d1816697d12,056841b2eee22798bc61813c23950b4e344a32167f00b3028b91541742004f85
10-1-1(2),1,attunet_cl_schedule,2026,mean_local_acute_angle_deg,annotation_mask_same_extractor,46.29442229680335,52.047429887704865,5.753007590901518,5.753007590901518,12.426999421264549,valid,ok,ok,,zero_length_angle_vector,6c74e98b918771eb646a7e1d44c8ef0b3c96078814c8b8db61045d1816697d12,056841b2eee22798bc61813c23950b4e344a32167f00b3028b91541742004f85
10-1-1(3),2,attunet_cl_schedule,2026,dominant_path_length,annotation_mask_same_extractor,2611.2834046956673,2315.6673144547385,-295.61609024092877,295.61609024092877,11.320720290618222,valid,ok,ok,,zero_length_angle_vector,49a1138291b2427ae244c26c8d481f7bf7c311eb24e2003613787dba24d6ff37,4d910f59c7da20a3c7e3f7a1f5dc656bd9ee3d90f4b90ae42cf2d90ab7b77ade
10-1-1(3),2,attunet_cl_schedule,2026,retained_segment_count,annotation_mask_same_extractor,36,139,103.0,103.0,286.11111111111114,valid,ok,ok,,zero_length_angle_vector,49a1138291b2427ae244c26c8d481f7bf7c311eb24e2003613787dba24d6ff37,4d910f59c7da20a3c7e3f7a1f5dc656bd9ee3d90f4b90ae42cf2d90ab7b77ade
10-1-1(3),2,attunet_cl_schedule,2026,junction_region_count,annotation_mask_same_extractor,23,206,183.0,183.0,795.6521739130435,valid,ok,ok,,zero_length_angle_vector,49a1138291b2427ae244c26c8d481f7bf7c311eb24e2003613787dba24d6ff37,4d910f59c7da20a3c7e3f7a1f5dc656bd9ee3d90f4b90ae42cf2d90ab7b77ade
10-1-1(3),2,attunet_cl_schedule,2026,mean_local_acute_angle_deg,annotation_mask_same_extractor,44.403113779145116,58.18781196374069,13.784698184595577,13.784698184595577,31.044440381273127,valid,ok,ok,,zero_length_angle_vector,49a1138291b2427ae244c26c8d481f7bf7c311eb24e2003613787dba24d6ff37,4d910f59c7da20a3c7e3f7a1f5dc656bd9ee3d90f4b90ae42cf2d90ab7b77ade
10-1-2,2,attunet_cl_schedule,2026,dominant_path_length,annotation_mask_same_extractor,3713.5222202381024,3279.8754672563823,-433.64675298172006,433.64675298172006,11.677505270290684,valid,ok,ok,zero_length_angle_vector,zero_length_angle_vector,353a8fded79e4327f12b6866ba2014151a10168db01aad99108b5fae01f5e4ac,b08357d27965f0f0cbf7e2fedfdff4d547aea138e0b62997d57fa171781e87b6
10-1-2,2,attunet_cl_schedule,2026,retained_segment_count,annotation_mask_same_extractor,171,431,260.0,260.0,152.046783625731,valid,ok,ok,zero_length_angle_vector,zero_length_angle_vector,353a8fded79e4327f12b6866ba2014151a10168db01aad99108b5fae01f5e4ac,b08357d27965f0f0cbf7e2fedfdff4d547aea138e0b62997d57fa171781e87b6
10-1-2,2,attunet_cl_schedule,2026,junction_region_count,annotation_mask_same_extractor,124,417,293.0,293.0,236.29032258064515,valid,ok,ok,zero_length_angle_vector,zero_length_angle_vector,353a8fded79e4327f12b6866ba2014151a10168db01aad99108b5fae01f5e4ac,b08357d27965f0f0cbf7e2fedfdff4d547aea138e0b62997d57fa171781e87b6
10-1-2,2,attunet_cl_schedule,2026,mean_local_acute_angle_deg,annotation_mask_same_extractor,58.66827912377103,55.79225106324628,-2.876028060524746,2.876028060524746,4.902185820820243,valid,ok,ok,zero_length_angle_vector,zero_length_angle_vector,353a8fded79e4327f12b6866ba2014151a10168db01aad99108b5fae01f5e4ac,b08357d27965f0f0cbf7e2fedfdff4d547aea138e0b62997d57fa171781e87b6
10-1-2(1),4,attunet_cl_schedule,2026,dominant_path_length,annotation_mask_same_extractor,3355.4095218658804,2008.9474016201193,-1346.462120245761,1346.462120245761,40.12810095076021,valid,ok,ok,zero_length_angle_vector,zero_length_angle_vector,dca0abd7cde7ab357484642e540a2d1fa449818245a1cd800eb7c824264f02ad,ea1c0c5dd8762b54d7fe679fa0ae389a8d58a51ed71e0f7214fc7a6af4ad863f
10-1-2(1),4,attunet_cl_schedule,2026,retained_segment_count,annotation_mask_same_extractor,118,294,176.0,176.0,149.15254237288136,valid,ok,ok,zero_length_angle_vector,zero_length_angle_vector,dca0abd7cde7ab357484642e540a2d1fa449818245a1cd800eb7c824264f02ad,ea1c0c5dd8762b54d7fe679fa0ae389a8d58a51ed71e0f7214fc7a6af4ad863f
10-1-2(1),4,attunet_cl_schedule,2026,junction_region_count,annotation_mask_same_extractor,111,355,244.0,244.0,219.81981981981983,valid,ok,ok,zero_length_angle_vector,zero_length_angle_vector,dca0abd7cde7ab357484642e540a2d1fa449818245a1cd800eb7c824264f02ad,ea1c0c5dd8762b54d7fe679fa0ae389a8d58a51ed71e0f7214fc7a6af4ad863f
10-1-2(1),4,attunet_cl_schedule,2026,mean_local_acute_angle_deg,annotation_mask_same_extractor,64.3632990483418,48.771414618739925,-15.591884429601876,15.591884429601876,24.224806155276735,valid,ok,ok,zero_length_angle_vector,zero_length_angle_vector,dca0abd7cde7ab357484642e540a2d1fa449818245a1cd800eb7c824264f02ad,ea1c0c5dd8762b54d7fe679fa0ae389a8d58a51ed71e0f7214fc7a6af4ad863f
10-1-2(2),1,attunet_cl_schedule,2026,dominant_path_length,annotation_mask_same_extractor,3058.3027406794067,1858.9007204258935,-1199.4020202535132,1199.4020202535132,39.21789704792483,valid,ok,ok,,zero_length_angle_vector,4b38a74ce55736e7f197e42aeba61399727ea00792e40e895bf41a3d30fe7957,94d6c48ca1f75b9cd37849d1a548979dcf0c1455d22da968072a7f47c1fb0263
10-1-2(2),1,attunet_cl_schedule,2026,retained_segment_count,annotation_mask_same_extractor,191,341,150.0,150.0,78.53403141361257,valid,ok,ok,,zero_length_angle_vector,4b38a74ce55736e7f197e42aeba61399727ea00792e40e895bf41a3d30fe7957,94d6c48ca1f75b9cd37849d1a548979dcf0c1455d22da968072a7f47c1fb0263
10-1-2(2),1,attunet_cl_schedule,2026,junction_region_count,annotation_mask_same_extractor,175,353,178.0,178.0,101.71428571428571,valid,ok,ok,,zero_length_angle_vector,4b38a74ce55736e7f197e42aeba61399727ea00792e40e895bf41a3d30fe7957,94d6c48ca1f75b9cd37849d1a548979dcf0c1455d22da968072a7f47c1fb0263
10-1-2(2),1,attunet_cl_schedule,2026,mean_local_acute_angle_deg,annotation_mask_same_extractor,65.94127676600104,58.63182454373756,-7.309452222263481,7.309452222263481,11.084790256946002,valid,ok,ok,,zero_length_angle_vector,4b38a74ce55736e7f197e42aeba61399727ea00792e40e895bf41a3d30fe7957,94d6c48ca1f75b9cd37849d1a548979dcf0c1455d22da968072a7f47c1fb0263
10-1-2(3),0,attunet_cl_schedule,2026,dominant_path_length,annotation_mask_same_extractor,2345.481456229622,709.151370339723,-1636.3300858898988,1636.3300858898988,69.76521095674364,valid,ok,ok,,zero_length_angle_vector,0508c3be24e6c021d5aacff3b5010997bb235211f0adc484cda889c0830022b8,54048758b0224f36d19a54c327eed41fa804ac879077f7adc4bb2b59648adde8
10-1-2(3),0,attunet_cl_schedule,2026,retained_segment_count,annotation_mask_same_extractor,115,182,67.0,67.0,58.26086956521739,valid,ok,ok,,zero_length_angle_vector,0508c3be24e6c021d5aacff3b5010997bb235211f0adc484cda889c0830022b8,54048758b0224f36d19a54c327eed41fa804ac879077f7adc4bb2b59648adde8
10-1-2(3),0,attunet_cl_schedule,2026,junction_region_count,annotation_mask_same_extractor,84,155,71.0,71.0,84.52380952380952,valid,ok,ok,,zero_length_angle_vector,0508c3be24e6c021d5aacff3b5010997bb235211f0adc484cda889c0830022b8,54048758b0224f36d19a54c327eed41fa804ac879077f7adc4bb2b59648adde8
10-1-2(3),0,attunet_cl_schedule,2026,mean_local_acute_angle_deg,annotation_mask_same_extractor,50.491311152922826,48.73123808811203,-1.760073064810797,1.760073064810797,3.485892967762455,valid,ok,ok,,zero_length_angle_vector,0508c3be24e6c021d5aacff3b5010997bb235211f0adc484cda889c0830022b8,54048758b0224f36d19a54c327eed41fa804ac879077f7adc4bb2b59648adde8
10-1-3,0,attunet_cl_schedule,2026,dominant_path_length,annotation_mask_same_extractor,2813.8023074034836,908.0996385116151,-1905.7026688918686,1905.7026688918686,67.72695664786806,valid,ok,ok,,zero_length_angle_vector,2cd8dd3611b047ab44310b595f5423ee107fb5f6bbd6f0ce078f5a1c70656dd8,2859d474a837dc0832ff5a7d65fcf7fd846d75a49027172a0ffe16026f698b67
10-1-3,0,attunet_cl_schedule,2026,retained_segment_count,annotation_mask_same_extractor,172,227,55.0,55.0,31.976744186046513,valid,ok,ok,,zero_length_angle_vector,2cd8dd3611b047ab44310b595f5423ee107fb5f6bbd6f0ce078f5a1c70656dd8,2859d474a837dc0832ff5a7d65fcf7fd846d75a49027172a0ffe16026f698b67
10-1-3,0,attunet_cl_schedule,2026,junction_region_count,annotation_mask_same_extractor,123,201,78.0,78.0,63.41463414634146,valid,ok,ok,,zero_length_angle_vector,2cd8dd3611b047ab44310b595f5423ee107fb5f6bbd6f0ce078f5a1c70656dd8,2859d474a837dc0832ff5a7d65fcf7fd846d75a49027172a0ffe16026f698b67
10-1-3,0,attunet_cl_schedule,2026,mean_local_acute_angle_deg,annotation_mask_same_extractor,50.036178890454096,43.35196772534173,-6.684211165112366,6.684211165112366,13.35875623065929,valid,ok,ok,,zero_length_angle_vector,2cd8dd3611b047ab44310b595f5423ee107fb5f6bbd6f0ce078f5a1c70656dd8,2859d474a837dc0832ff5a7d65fcf7fd846d75a49027172a0ffe16026f698b67
10-1-9(1),3,attunet_cl_schedule,2026,dominant_path_length,annotation_mask_same_extractor,3092.5058428472184,1321.727055509585,-1770.7787873376335,1770.7787873376335,57.26032147791537,valid,ok,ok,zero_length_angle_vector,zero_length_angle_vector,6bdc1df0f3e1a66f56d545bec926abaf60b6bca31c0f8ea06ad939681c464d8a,76628f59586c933a3241f1673f7c7dde1b404a4b8cbcb65b4500e4de38764640
10-1-9(1),3,attunet_cl_schedule,2026,retained_segment_count,annotation_mask_same_extractor,106,239,133.0,133.0,125.47169811320755,valid,ok,ok,zero_length_angle_vector,zero_length_angle_vector,6bdc1df0f3e1a66f56d545bec926abaf60b6bca31c0f8ea06ad939681c464d8a,76628f59586c933a3241f1673f7c7dde1b404a4b8cbcb65b4500e4de38764640
10-1-9(1),3,attunet_cl_schedule,2026,junction_region_count,annotation_mask_same_extractor,91,264,173.0,173.0,190.1098901098901,valid,ok,ok,zero_length_angle_vector,zero_length_angle_vector,6bdc1df0f3e1a66f56d545bec926abaf60b6bca31c0f8ea06ad939681c464d8a,76628f59586c933a3241f1673f7c7dde1b404a4b8cbcb65b4500e4de38764640
10-1-9(1),3,attunet_cl_schedule,2026,mean_local_acute_angle_deg,annotation_mask_same_extractor,62.85401304883498,55.14621601139444,-7.707797037440535,7.707797037440535,12.2630149827536,valid,ok,ok,zero_length_angle_vector,zero_length_angle_vector,6bdc1df0f3e1a66f56d545bec926abaf60b6bca31c0f8ea06ad939681c464d8a,76628f59586c933a3241f1673f7c7dde1b404a4b8cbcb65b4500e4de38764640
10-1-9(2),3,attunet_cl_schedule,2026,dominant_path_length,annotation_mask_same_extractor,3383.6256838943486,1773.7615433949904,-1609.8641404993582,1609.8641404993582,47.57808016891815,valid,ok,ok,zero_length_angle_vector,zero_length_angle_vector,e68f65f812ffdebb564961ebaea365b072d4546ab06227eea2987e2d586b741c,0836caccdce007fd0d704c1eef36f2136f9e9a227c5df1ed7fcb16e28963e760
10-1-9(2),3,attunet_cl_schedule,2026,retained_segment_count,annotation_mask_same_extractor,71,141,70.0,70.0,98.59154929577466,valid,ok,ok,zero_length_angle_vector,zero_length_angle_vector,e68f65f812ffdebb564961ebaea365b072d4546ab06227eea2987e2d586b741c,0836caccdce007fd0d704c1eef36f2136f9e9a227c5df1ed7fcb16e28963e760
10-1-9(2),3,attunet_cl_schedule,2026,junction_region_count,annotation_mask_same_extractor,68,141,73.0,73.0,107.35294117647058,valid,ok,ok,zero_length_angle_vector,zero_length_angle_vector,e68f65f812ffdebb564961ebaea365b072d4546ab06227eea2987e2d586b741c,0836caccdce007fd0d704c1eef36f2136f9e9a227c5df1ed7fcb16e28963e760
10-1-9(2),3,attunet_cl_schedule,2026,mean_local_acute_angle_deg,annotation_mask_same_extractor,74.17544013119233,61.46630875119354,-12.709131379998794,12.709131379998794,17.133880645022742,valid,ok,ok,zero_length_angle_vector,zero_length_angle_vector,e68f65f812ffdebb564961ebaea365b072d4546ab06227eea2987e2d586b741c,0836caccdce007fd0d704c1eef36f2136f9e9a227c5df1ed7fcb16e28963e760
10-1-9(3),4,attunet_cl_schedule,2026,dominant_path_length,annotation_mask_same_extractor,3197.890619158038,1088.2367235014635,-2109.6538956565746,2109.6538956565746,65.97017055611546,valid,ok,ok,zero_length_angle_vector,zero_length_angle_vector,a679e2e7ed9fdcb61509a97389dcfc4f21915719e2fb5feb5bf89f66c0d48f13,d796073d8c1a103ec645ddb48d1596433142348f8618eb7ee24eed77d0e39679
10-1-9(3),4,attunet_cl_schedule,2026,retained_segment_count,annotation_mask_same_extractor,41,227,186.0,186.0,453.6585365853658,valid,ok,ok,zero_length_angle_vector,zero_length_angle_vector,a679e2e7ed9fdcb61509a97389dcfc4f21915719e2fb5feb5bf89f66c0d48f13,d796073d8c1a103ec645ddb48d1596433142348f8618eb7ee24eed77d0e39679
10-1-9(3),4,attunet_cl_schedule,2026,junction_region_count,annotation_mask_same_extractor,28,224,196.0,196.0,700.0,valid,ok,ok,zero_length_angle_vector,zero_length_angle_vector,a679e2e7ed9fdcb61509a97389dcfc4f21915719e2fb5feb5bf89f66c0d48f13,d796073d8c1a103ec645ddb48d1596433142348f8618eb7ee24eed77d0e39679
10-1-9(3),4,attunet_cl_schedule,2026,mean_local_acute_angle_deg,annotation_mask_same_extractor,72.9003576118845,50.6111015531878,-22.2892560586967,22.2892560586967,30.574961205763714,valid,ok,ok,zero_length_angle_vector,zero_length_angle_vector,a679e2e7ed9fdcb61509a97389dcfc4f21915719e2fb5feb5bf89f66c0d48f13,d796073d8c1a103ec645ddb48d1596433142348f8618eb7ee24eed77d0e39679
10-2-1,0,attunet_cl_schedule,2026,dominant_path_length,annotation_mask_same_extractor,3683.691701072309,1944.079435976085,-1739.612265096224,1739.612265096224,47.22469756602675,valid,ok,ok,,,fa084051c73ad9c7523229d0a267965c6c54c6c2f9b135b697a09f5f4d254434,e85cec8a7e76ca6b3c17c2b9e86b877146fb4844feaf3014cd689e7da482822e
10-2-1,0,attunet_cl_schedule,2026,retained_segment_count,annotation_mask_same_extractor,226,320,94.0,94.0,41.5929203539823,valid,ok,ok,,,fa084051c73ad9c7523229d0a267965c6c54c6c2f9b135b697a09f5f4d254434,e85cec8a7e76ca6b3c17c2b9e86b877146fb4844feaf3014cd689e7da482822e
10-2-1,0,attunet_cl_schedule,2026,junction_region_count,annotation_mask_same_extractor,188,268,80.0,80.0,42.5531914893617,valid,ok,ok,,,fa084051c73ad9c7523229d0a267965c6c54c6c2f9b135b697a09f5f4d254434,e85cec8a7e76ca6b3c17c2b9e86b877146fb4844feaf3014cd689e7da482822e
10-2-1,0,attunet_cl_schedule,2026,mean_local_acute_angle_deg,annotation_mask_same_extractor,56.550116513732696,44.90307522237069,-11.647041291362008,11.647041291362008,20.595963385033215,valid,ok,ok,,,fa084051c73ad9c7523229d0a267965c6c54c6c2f9b135b697a09f5f4d254434,e85cec8a7e76ca6b3c17c2b9e86b877146fb4844feaf3014cd689e7da482822e
10-2-2,3,attunet_cl_schedule,2026,dominant_path_length,annotation_mask_same_extractor,3768.2156544140043,4792.379218062638,1024.1635636486335,1024.1635636486335,27.17900612850942,valid,ok,ok,,,888178f6e1d682dbadbaecc08afac163678dd08a3e69f328f11b072009899c8c,6908d0635475562f972787def94e0eece19e191acaabab4323bd5a3c9a5d553f
10-2-2,3,attunet_cl_schedule,2026,retained_segment_count,annotation_mask_same_extractor,329,395,66.0,66.0,20.060790273556233,valid,ok,ok,,,888178f6e1d682dbadbaecc08afac163678dd08a3e69f328f11b072009899c8c,6908d0635475562f972787def94e0eece19e191acaabab4323bd5a3c9a5d553f
10-2-2,3,attunet_cl_schedule,2026,junction_region_count,annotation_mask_same_extractor,293,385,92.0,92.0,31.399317406143346,valid,ok,ok,,,888178f6e1d682dbadbaecc08afac163678dd08a3e69f328f11b072009899c8c,6908d0635475562f972787def94e0eece19e191acaabab4323bd5a3c9a5d553f
10-2-2,3,attunet_cl_schedule,2026,mean_local_acute_angle_deg,annotation_mask_same_extractor,59.493993970760265,56.18997339086213,-3.304020579898136,3.304020579898136,5.553536347756339,valid,ok,ok,,,888178f6e1d682dbadbaecc08afac163678dd08a3e69f328f11b072009899c8c,6908d0635475562f972787def94e0eece19e191acaabab4323bd5a3c9a5d553f
10-2-3,3,attunet_cl_schedule,2026,dominant_path_length,annotation_mask_same_extractor,782.7442994522875,654.2102448427682,-128.53405460951922,128.53405460951922,16.42095058366555,valid,ok,ok,,zero_length_angle_vector,c128b6196f3a108faac4ed970bea2b3e2ee4f4c0090aafd759b5f39cfd31c0d6,d1e9c621ead2b0c4a83f5a708f5241561c666233367f7bd5d8adebd80da6c6e0
10-2-3,3,attunet_cl_schedule,2026,retained_segment_count,annotation_mask_same_extractor,27,68,41.0,41.0,151.85185185185185,valid,ok,ok,,zero_length_angle_vector,c128b6196f3a108faac4ed970bea2b3e2ee4f4c0090aafd759b5f39cfd31c0d6,d1e9c621ead2b0c4a83f5a708f5241561c666233367f7bd5d8adebd80da6c6e0
10-2-3,3,attunet_cl_schedule,2026,junction_region_count,annotation_mask_same_extractor,18,51,33.0,33.0,183.33333333333331,valid,ok,ok,,zero_length_angle_vector,c128b6196f3a108faac4ed970bea2b3e2ee4f4c0090aafd759b5f39cfd31c0d6,d1e9c621ead2b0c4a83f5a708f5241561c666233367f7bd5d8adebd80da6c6e0
10-2-3,3,attunet_cl_schedule,2026,mean_local_acute_angle_deg,annotation_mask_same_extractor,44.17449818904469,48.52455574834353,4.35005755929884,4.35005755929884,9.84744080324982,valid,ok,ok,,zero_length_angle_vector,c128b6196f3a108faac4ed970bea2b3e2ee4f4c0090aafd759b5f39cfd31c0d6,d1e9c621ead2b0c4a83f5a708f5241561c666233367f7bd5d8adebd80da6c6e0
10-2-4,0,attunet_cl_schedule,2026,dominant_path_length,annotation_mask_same_extractor,2714.1433611129814,1090.0508652763347,-1624.0924958366468,1624.0924958366468,59.83812495337975,valid,ok,ok,,zero_length_angle_vector,3c60314b040a032dd526925859d6800fc466b21b8dedb28d643c17c54668bc8b,e1be809dfe3907381652f3817ef8d879dedfe9f32af3ec7ee867f7e399bc9608
10-2-4,0,attunet_cl_schedule,2026,retained_segment_count,annotation_mask_same_extractor,104,173,69.0,69.0,66.34615384615384,valid,ok,ok,,zero_length_angle_vector,3c60314b040a032dd526925859d6800fc466b21b8dedb28d643c17c54668bc8b,e1be809dfe3907381652f3817ef8d879dedfe9f32af3ec7ee867f7e399bc9608
10-2-4,0,attunet_cl_schedule,2026,junction_region_count,annotation_mask_same_extractor,93,170,77.0,77.0,82.79569892473118,valid,ok,ok,,zero_length_angle_vector,3c60314b040a032dd526925859d6800fc466b21b8dedb28d643c17c54668bc8b,e1be809dfe3907381652f3817ef8d879dedfe9f32af3ec7ee867f7e399bc9608
10-2-4,0,attunet_cl_schedule,2026,mean_local_acute_angle_deg,annotation_mask_same_extractor,63.03310962332985,49.26218189931306,-13.770927724016786,13.770927724016786,21.847133683088803,valid,ok,ok,,zero_length_angle_vector,3c60314b040a032dd526925859d6800fc466b21b8dedb28d643c17c54668bc8b,e1be809dfe3907381652f3817ef8d879dedfe9f32af3ec7ee867f7e399bc9608
10-9-1,2,attunet_cl_schedule,2026,dominant_path_length,annotation_mask_same_extractor,2670.711903607907,2753.0297961889846,82.31789258107756,82.31789258107756,3.0822453170584594,valid,ok,ok,,,f909c402c7b2db20640a01e33f844ebeccd8ec430131c4fad30fd8305345ea91,e5353ce0617a51e73474f2dee1291a5a46ad54eb1857f84c60b0a5250d4f4f7c
10-9-1,2,attunet_cl_schedule,2026,retained_segment_count,annotation_mask_same_extractor,60,176,116.0,116.0,193.33333333333334,valid,ok,ok,,,f909c402c7b2db20640a01e33f844ebeccd8ec430131c4fad30fd8305345ea91,e5353ce0617a51e73474f2dee1291a5a46ad54eb1857f84c60b0a5250d4f4f7c
10-9-1,2,attunet_cl_schedule,2026,junction_region_count,annotation_mask_same_extractor,47,208,161.0,161.0,342.5531914893617,valid,ok,ok,,,f909c402c7b2db20640a01e33f844ebeccd8ec430131c4fad30fd8305345ea91,e5353ce0617a51e73474f2dee1291a5a46ad54eb1857f84c60b0a5250d4f4f7c
10-9-1,2,attunet_cl_schedule,2026,mean_local_acute_angle_deg,annotation_mask_same_extractor,45.79801641663758,47.76574936744694,1.9677329508093635,1.9677329508093635,4.29654623664994,valid,ok,ok,,,f909c402c7b2db20640a01e33f844ebeccd8ec430131c4fad30fd8305345ea91,e5353ce0617a51e73474f2dee1291a5a46ad54eb1857f84c60b0a5250d4f4f7c
10-9-2,4,attunet_cl_schedule,2026,dominant_path_length,annotation_mask_same_extractor,3136.0378054156913,3226.762768884209,90.72496346851767,90.72496346851767,2.892980540982088,valid,ok,ok,,,97a6fbf3a148ba0641a27177bb2768e92fcab2d7f8bf002f6c2735617daf5cf2,2e8f9577c91c84bfc84259c7d82c78959724f1d6bc3ef4cc2205bb8dc10f1749
10-9-2,4,attunet_cl_schedule,2026,retained_segment_count,annotation_mask_same_extractor,222,479,257.0,257.0,115.76576576576576,valid,ok,ok,,,97a6fbf3a148ba0641a27177bb2768e92fcab2d7f8bf002f6c2735617daf5cf2,2e8f9577c91c84bfc84259c7d82c78959724f1d6bc3ef4cc2205bb8dc10f1749
10-9-2,4,attunet_cl_schedule,2026,junction_region_count,annotation_mask_same_extractor,205,434,229.0,229.0,111.70731707317074,valid,ok,ok,,,97a6fbf3a148ba0641a27177bb2768e92fcab2d7f8bf002f6c2735617daf5cf2,2e8f9577c91c84bfc84259c7d82c78959724f1d6bc3ef4cc2205bb8dc10f1749
10-9-2,4,attunet_cl_schedule,2026,mean_local_acute_angle_deg,annotation_mask_same_extractor,60.533940641282705,50.77011184979663,-9.763828791486077,9.763828791486077,16.129511292425885,valid,ok,ok,,,97a6fbf3a148ba0641a27177bb2768e92fcab2d7f8bf002f6c2735617daf5cf2,2e8f9577c91c84bfc84259c7d82c78959724f1d6bc3ef4cc2205bb8dc10f1749
10-9-3,0,attunet_cl_schedule,2026,dominant_path_length,annotation_mask_same_extractor,3235.23794899067,2157.199277023218,-1078.0386719674516,1078.0386719674516,33.32177382203922,valid,ok,ok,zero_length_angle_vector,zero_length_angle_vector,a23e4c9ae8b5cd333c9ee04c6a4a84de25c4388307e8463b068e3f8f45f8c58d,bcbfcca5da7e6969882c6d37d2dd2c6328058f07c27d3d4fd84a82305b81b5ee
10-9-3,0,attunet_cl_schedule,2026,retained_segment_count,annotation_mask_same_extractor,102,216,114.0,114.0,111.76470588235294,valid,ok,ok,zero_length_angle_vector,zero_length_angle_vector,a23e4c9ae8b5cd333c9ee04c6a4a84de25c4388307e8463b068e3f8f45f8c58d,bcbfcca5da7e6969882c6d37d2dd2c6328058f07c27d3d4fd84a82305b81b5ee
10-9-3,0,attunet_cl_schedule,2026,junction_region_count,annotation_mask_same_extractor,94,205,111.0,111.0,118.08510638297874,valid,ok,ok,zero_length_angle_vector,zero_length_angle_vector,a23e4c9ae8b5cd333c9ee04c6a4a84de25c4388307e8463b068e3f8f45f8c58d,bcbfcca5da7e6969882c6d37d2dd2c6328058f07c27d3d4fd84a82305b81b5ee
10-9-3,0,attunet_cl_schedule,2026,mean_local_acute_angle_deg,annotation_mask_same_extractor,62.02962831732245,59.083868827258144,-2.9457594900643045,2.9457594900643045,4.748955571674237,valid,ok,ok,zero_length_angle_vector,zero_length_angle_vector,a23e4c9ae8b5cd333c9ee04c6a4a84de25c4388307e8463b068e3f8f45f8c58d,bcbfcca5da7e6969882c6d37d2dd2c6328058f07c27d3d4fd84a82305b81b5ee
10-9-4,2,attunet_cl_schedule,2026,dominant_path_length,annotation_mask_same_extractor,3795.486865800912,2026.9839815465791,-1768.5028842543327,1768.5028842543327,46.59488879251196,valid,ok,ok,,zero_length_angle_vector,775edf7906167ea9e9ba868605a76fc739ed5aa32d5a1c9e3ec9a9a84e402ead,6054213d3680bcef5f40b608466f5bf998dfd2433dfbd695dbe4d18c5628ff5d
10-9-4,2,attunet_cl_schedule,2026,retained_segment_count,annotation_mask_same_extractor,82,201,119.0,119.0,145.1219512195122,valid,ok,ok,,zero_length_angle_vector,775edf7906167ea9e9ba868605a76fc739ed5aa32d5a1c9e3ec9a9a84e402ead,6054213d3680bcef5f40b608466f5bf998dfd2433dfbd695dbe4d18c5628ff5d
10-9-4,2,attunet_cl_schedule,2026,junction_region_count,annotation_mask_same_extractor,63,188,125.0,125.0,198.41269841269843,valid,ok,ok,,zero_length_angle_vector,775edf7906167ea9e9ba868605a76fc739ed5aa32d5a1c9e3ec9a9a84e402ead,6054213d3680bcef5f40b608466f5bf998dfd2433dfbd695dbe4d18c5628ff5d
10-9-4,2,attunet_cl_schedule,2026,mean_local_acute_angle_deg,annotation_mask_same_extractor,43.610163723088185,47.02280852120611,3.412644798117924,3.412644798117924,7.825342779695172,valid,ok,ok,,zero_length_angle_vector,775edf7906167ea9e9ba868605a76fc739ed5aa32d5a1c9e3ec9a9a84e402ead,6054213d3680bcef5f40b608466f5bf998dfd2433dfbd695dbe4d18c5628ff5d
235-10-11(1),3,attunet_cl_schedule,2026,dominant_path_length,annotation_mask_same_extractor,2994.397328557098,1459.8124086713249,-1534.584919885773,1534.584919885773,51.24854024049104,valid,ok,ok,,zero_length_angle_vector,9d52d033268cd4a5d237049ac4f43033746bfe49685933fe46cc01355c7ffcc7,92db9b71865bc4ee7a040f1a8b4030639cd8e2b41214a26777777741fe1db90f
235-10-11(1),3,attunet_cl_schedule,2026,retained_segment_count,annotation_mask_same_extractor,39,217,178.0,178.0,456.4102564102564,valid,ok,ok,,zero_length_angle_vector,9d52d033268cd4a5d237049ac4f43033746bfe49685933fe46cc01355c7ffcc7,92db9b71865bc4ee7a040f1a8b4030639cd8e2b41214a26777777741fe1db90f
235-10-11(1),3,attunet_cl_schedule,2026,junction_region_count,annotation_mask_same_extractor,31,225,194.0,194.0,625.8064516129032,valid,ok,ok,,zero_length_angle_vector,9d52d033268cd4a5d237049ac4f43033746bfe49685933fe46cc01355c7ffcc7,92db9b71865bc4ee7a040f1a8b4030639cd8e2b41214a26777777741fe1db90f
235-10-11(1),3,attunet_cl_schedule,2026,mean_local_acute_angle_deg,annotation_mask_same_extractor,53.361302278251465,49.62972528835899,-3.731576989892474,3.731576989892474,6.9930395821943,valid,ok,ok,,zero_length_angle_vector,9d52d033268cd4a5d237049ac4f43033746bfe49685933fe46cc01355c7ffcc7,92db9b71865bc4ee7a040f1a8b4030639cd8e2b41214a26777777741fe1db90f
235-10-11(2),1,attunet_cl_schedule,2026,dominant_path_length,annotation_mask_same_extractor,2805.9057710597435,1276.1067811865526,-1529.798989873191,1529.798989873191,54.52068296988504,valid,ok,ok,,zero_length_angle_vector,5b712c674961fc82b6cbf219207fe1d3e1b0be3e2a6b4ba1f8eea53b3cdecde8,5793ea196179d0100e1d12b0471b129244a2f701eb19ecb235936fc8d2983e13
235-10-11(2),1,attunet_cl_schedule,2026,retained_segment_count,annotation_mask_same_extractor,44,236,192.0,192.0,436.3636363636363,valid,ok,ok,,zero_length_angle_vector,5b712c674961fc82b6cbf219207fe1d3e1b0be3e2a6b4ba1f8eea53b3cdecde8,5793ea196179d0100e1d12b0471b129244a2f701eb19ecb235936fc8d2983e13
235-10-11(2),1,attunet_cl_schedule,2026,junction_region_count,annotation_mask_same_extractor,32,276,244.0,244.0,762.5,valid,ok,ok,,zero_length_angle_vector,5b712c674961fc82b6cbf219207fe1d3e1b0be3e2a6b4ba1f8eea53b3cdecde8,5793ea196179d0100e1d12b0471b129244a2f701eb19ecb235936fc8d2983e13
235-10-11(2),1,attunet_cl_schedule,2026,mean_local_acute_angle_deg,annotation_mask_same_extractor,43.25362958365755,50.344535095014564,7.090905511357015,7.090905511357015,16.39378146900338,valid,ok,ok,,zero_length_angle_vector,5b712c674961fc82b6cbf219207fe1d3e1b0be3e2a6b4ba1f8eea53b3cdecde8,5793ea196179d0100e1d12b0471b129244a2f701eb19ecb235936fc8d2983e13
235-10-11(3),1,attunet_cl_schedule,2026,dominant_path_length,annotation_mask_same_extractor,3903.799348810616,1948.5108934811608,-1955.288455329455,1955.288455329455,50.08680725163755,valid,ok,ok,zero_length_angle_vector,zero_length_angle_vector,fa60085f010979fe70bd85f42f583537392b69473bae643033aaace4f1bfd685,77747cac96de3c0d936da9b9eebe2e8f4c120876cd04bd94210e4d57662acdcc
235-10-11(3),1,attunet_cl_schedule,2026,retained_segment_count,annotation_mask_same_extractor,195,490,295.0,295.0,151.28205128205127,valid,ok,ok,zero_length_angle_vector,zero_length_angle_vector,fa60085f010979fe70bd85f42f583537392b69473bae643033aaace4f1bfd685,77747cac96de3c0d936da9b9eebe2e8f4c120876cd04bd94210e4d57662acdcc
235-10-11(3),1,attunet_cl_schedule,2026,junction_region_count,annotation_mask_same_extractor,171,505,334.0,334.0,195.3216374269006,valid,ok,ok,zero_length_angle_vector,zero_length_angle_vector,fa60085f010979fe70bd85f42f583537392b69473bae643033aaace4f1bfd685,77747cac96de3c0d936da9b9eebe2e8f4c120876cd04bd94210e4d57662acdcc
235-10-11(3),1,attunet_cl_schedule,2026,mean_local_acute_angle_deg,annotation_mask_same_extractor,59.57250840324565,47.953025447132006,-11.619482956113643,11.619482956113643,19.504773707800737,valid,ok,ok,zero_length_angle_vector,zero_length_angle_vector,fa60085f010979fe70bd85f42f583537392b69473bae643033aaace4f1bfd685,77747cac96de3c0d936da9b9eebe2e8f4c120876cd04bd94210e4d57662acdcc
235-10-12(1),4,attunet_cl_schedule,2026,dominant_path_length,annotation_mask_same_extractor,2001.4427842621224,1387.6143571373764,-613.828427124746,613.828427124746,30.66929676688449,valid,ok,ok,,zero_length_angle_vector,18b9363d37a62a519d147178d26a24d6b4b802b892db690b5190ad39f8a39884,c0dbfb4da412f2a71f4e3e0fdb3ade47f62fb7786b4d1c5bb7c4ce9ff6329c4c
235-10-12(1),4,attunet_cl_schedule,2026,retained_segment_count,annotation_mask_same_extractor,134,189,55.0,55.0,41.04477611940299,valid,ok,ok,,zero_length_angle_vector,18b9363d37a62a519d147178d26a24d6b4b802b892db690b5190ad39f8a39884,c0dbfb4da412f2a71f4e3e0fdb3ade47f62fb7786b4d1c5bb7c4ce9ff6329c4c
235-10-12(1),4,attunet_cl_schedule,2026,junction_region_count,annotation_mask_same_extractor,112,176,64.0,64.0,57.14285714285714,valid,ok,ok,,zero_length_angle_vector,18b9363d37a62a519d147178d26a24d6b4b802b892db690b5190ad39f8a39884,c0dbfb4da412f2a71f4e3e0fdb3ade47f62fb7786b4d1c5bb7c4ce9ff6329c4c
235-10-12(1),4,attunet_cl_schedule,2026,mean_local_acute_angle_deg,annotation_mask_same_extractor,53.181513697065846,51.77175974781142,-1.4097539492544229,1.4097539492544229,2.6508345687275963,valid,ok,ok,,zero_length_angle_vector,18b9363d37a62a519d147178d26a24d6b4b802b892db690b5190ad39f8a39884,c0dbfb4da412f2a71f4e3e0fdb3ade47f62fb7786b4d1c5bb7c4ce9ff6329c4c
235-10-12(2),0,attunet_cl_schedule,2026,dominant_path_length,annotation_mask_same_extractor,3327.9141392239435,1687.7413408594598,-1640.1727983644837,1640.1727983644837,49.28530994934159,valid,ok,ok,,zero_length_angle_vector,3f320f9a413c704ff148c35538663d08b34fdafa0044a66241f691b28db5db7b,5bc5ee534774b21857ef3bfc0289bf80f69432dc1c2c190dc12ec70358fe8389
235-10-12(2),0,attunet_cl_schedule,2026,retained_segment_count,annotation_mask_same_extractor,98,168,70.0,70.0,71.42857142857143,valid,ok,ok,,zero_length_angle_vector,3f320f9a413c704ff148c35538663d08b34fdafa0044a66241f691b28db5db7b,5bc5ee534774b21857ef3bfc0289bf80f69432dc1c2c190dc12ec70358fe8389
235-10-12(2),0,attunet_cl_schedule,2026,junction_region_count,annotation_mask_same_extractor,79,194,115.0,115.0,145.56962025316454,valid,ok,ok,,zero_length_angle_vector,3f320f9a413c704ff148c35538663d08b34fdafa0044a66241f691b28db5db7b,5bc5ee534774b21857ef3bfc0289bf80f69432dc1c2c190dc12ec70358fe8389
235-10-12(2),0,attunet_cl_schedule,2026,mean_local_acute_angle_deg,annotation_mask_same_extractor,62.31932305515474,53.422054237076885,-8.897268818077855,8.897268818077855,14.27690222213015,valid,ok,ok,,zero_length_angle_vector,3f320f9a413c704ff148c35538663d08b34fdafa0044a66241f691b28db5db7b,5bc5ee534774b21857ef3bfc0289bf80f69432dc1c2c190dc12ec70358fe8389
235-10-12(3),1,attunet_cl_schedule,2026,dominant_path_length,annotation_mask_same_extractor,3338.9221484506097,1939.3321779309695,-1399.5899705196402,1399.5899705196402,41.91741850492395,valid,ok,ok,zero_length_angle_vector,zero_length_angle_vector,06cb03ea2bad65c89fe30627bf1d69fb7bd50a7bc6f48ee697c5830e39ef08b3,a1c36a5df535c20dd62f0420c15fb3b02988e891acea28e52029e54b8158385d
235-10-12(3),1,attunet_cl_schedule,2026,retained_segment_count,annotation_mask_same_extractor,248,652,404.0,404.0,162.90322580645162,valid,ok,ok,zero_length_angle_vector,zero_length_angle_vector,06cb03ea2bad65c89fe30627bf1d69fb7bd50a7bc6f48ee697c5830e39ef08b3,a1c36a5df535c20dd62f0420c15fb3b02988e891acea28e52029e54b8158385d
235-10-12(3),1,attunet_cl_schedule,2026,junction_region_count,annotation_mask_same_extractor,210,655,445.0,445.0,211.9047619047619,valid,ok,ok,zero_length_angle_vector,zero_length_angle_vector,06cb03ea2bad65c89fe30627bf1d69fb7bd50a7bc6f48ee697c5830e39ef08b3,a1c36a5df535c20dd62f0420c15fb3b02988e891acea28e52029e54b8158385d
235-10-12(3),1,attunet_cl_schedule,2026,mean_local_acute_angle_deg,annotation_mask_same_extractor,56.12825058978015,52.46026742137176,-3.667983168408391,3.667983168408391,6.53500354966748,valid,ok,ok,zero_length_angle_vector,zero_length_angle_vector,06cb03ea2bad65c89fe30627bf1d69fb7bd50a7bc6f48ee697c5830e39ef08b3,a1c36a5df535c20dd62f0420c15fb3b02988e891acea28e52029e54b8158385d
235-25-6(1),2,attunet_cl_schedule,2026,dominant_path_length,annotation_mask_same_extractor,2364.349421873661,1817.5769106591436,-546.7725112145174,546.7725112145174,23.125706638624507,valid,ok,ok,,zero_length_angle_vector,81d217e87b63701eb36c3a0b141a738b1f3dd596f793222514893c0a771fc94d,51c3a4149f2dc132d21a6b5a4a56da4a09bddea46a2a90dc5eb3e5151e9adf34
235-25-6(1),2,attunet_cl_schedule,2026,retained_segment_count,annotation_mask_same_extractor,27,100,73.0,73.0,270.3703703703704,valid,ok,ok,,zero_length_angle_vector,81d217e87b63701eb36c3a0b141a738b1f3dd596f793222514893c0a771fc94d,51c3a4149f2dc132d21a6b5a4a56da4a09bddea46a2a90dc5eb3e5151e9adf34
235-25-6(1),2,attunet_cl_schedule,2026,junction_region_count,annotation_mask_same_extractor,21,118,97.0,97.0,461.90476190476187,valid,ok,ok,,zero_length_angle_vector,81d217e87b63701eb36c3a0b141a738b1f3dd596f793222514893c0a771fc94d,51c3a4149f2dc132d21a6b5a4a56da4a09bddea46a2a90dc5eb3e5151e9adf34
235-25-6(1),2,attunet_cl_schedule,2026,mean_local_acute_angle_deg,annotation_mask_same_extractor,63.4461979910307,51.23622809684668,-12.20996989418402,12.20996989418402,19.244604532347434,valid,ok,ok,,zero_length_angle_vector,81d217e87b63701eb36c3a0b141a738b1f3dd596f793222514893c0a771fc94d,51c3a4149f2dc132d21a6b5a4a56da4a09bddea46a2a90dc5eb3e5151e9adf34
235-25-6(2),4,attunet_cl_schedule,2026,dominant_path_length,annotation_mask_same_extractor,1377.430590953303,910.4062043356627,-467.0243866176403,467.0243866176403,33.905475142266035,valid,ok,ok,,zero_length_angle_vector,07fd844e7f853a14fb82235228caf5997075e001697d881b5a753f8be11ad9ff,df603195f0bb0cef802a4f5598a4b907458467f351b9d7b0c412a5833f7a2a20
235-25-6(2),4,attunet_cl_schedule,2026,retained_segment_count,annotation_mask_same_extractor,90,123,33.0,33.0,36.666666666666664,valid,ok,ok,,zero_length_angle_vector,07fd844e7f853a14fb82235228caf5997075e001697d881b5a753f8be11ad9ff,df603195f0bb0cef802a4f5598a4b907458467f351b9d7b0c412a5833f7a2a20
235-25-6(2),4,attunet_cl_schedule,2026,junction_region_count,annotation_mask_same_extractor,63,129,66.0,66.0,104.76190476190477,valid,ok,ok,,zero_length_angle_vector,07fd844e7f853a14fb82235228caf5997075e001697d881b5a753f8be11ad9ff,df603195f0bb0cef802a4f5598a4b907458467f351b9d7b0c412a5833f7a2a20
235-25-6(2),4,attunet_cl_schedule,2026,mean_local_acute_angle_deg,annotation_mask_same_extractor,48.93734100767138,50.20697822101698,1.2696372133456038,1.2696372133456038,2.5944139734657354,valid,ok,ok,,zero_length_angle_vector,07fd844e7f853a14fb82235228caf5997075e001697d881b5a753f8be11ad9ff,df603195f0bb0cef802a4f5598a4b907458467f351b9d7b0c412a5833f7a2a20
235-25-7(1),2,attunet_cl_schedule,2026,dominant_path_length,annotation_mask_same_extractor,2998.8439379638457,2070.126117170307,-928.7178207935385,928.7178207935385,30.969194796582816,valid,ok,ok,,,7497c2c9ff553aa7c2dd4141a59b027c8c75f67dc2bccba4cc857927d6dbf16d,5ed1c5d82bd4882ac3ec0ec1cec8a161f626450d7abde6f3591b5a03b0e8e4bc
235-25-7(1),2,attunet_cl_schedule,2026,retained_segment_count,annotation_mask_same_extractor,230,267,37.0,37.0,16.08695652173913,valid,ok,ok,,,7497c2c9ff553aa7c2dd4141a59b027c8c75f67dc2bccba4cc857927d6dbf16d,5ed1c5d82bd4882ac3ec0ec1cec8a161f626450d7abde6f3591b5a03b0e8e4bc
235-25-7(1),2,attunet_cl_schedule,2026,junction_region_count,annotation_mask_same_extractor,208,274,66.0,66.0,31.73076923076923,valid,ok,ok,,,7497c2c9ff553aa7c2dd4141a59b027c8c75f67dc2bccba4cc857927d6dbf16d,5ed1c5d82bd4882ac3ec0ec1cec8a161f626450d7abde6f3591b5a03b0e8e4bc
235-25-7(1),2,attunet_cl_schedule,2026,mean_local_acute_angle_deg,annotation_mask_same_extractor,56.8053052093956,50.85185491106945,-5.953450298326146,5.953450298326146,10.480447691250932,valid,ok,ok,,,7497c2c9ff553aa7c2dd4141a59b027c8c75f67dc2bccba4cc857927d6dbf16d,5ed1c5d82bd4882ac3ec0ec1cec8a161f626450d7abde6f3591b5a03b0e8e4bc
235-25-7(2),2,attunet_cl_schedule,2026,dominant_path_length,annotation_mask_same_extractor,1249.092495836678,1180.6265504461967,-68.46594539048124,68.46594539048124,5.481255040654198,valid,ok,ok,,zero_length_angle_vector,2131528edadfa652c430e59c756f4b7a69ff50f6d858967b29f0984a2a5a1f3d,6800021ab2a9ee99f0bb4b1a2518636a26d55b7d3ac72459d3bce8beb94ad68d
235-25-7(2),2,attunet_cl_schedule,2026,retained_segment_count,annotation_mask_same_extractor,94,154,60.0,60.0,63.829787234042556,valid,ok,ok,,zero_length_angle_vector,2131528edadfa652c430e59c756f4b7a69ff50f6d858967b29f0984a2a5a1f3d,6800021ab2a9ee99f0bb4b1a2518636a26d55b7d3ac72459d3bce8beb94ad68d
235-25-7(2),2,attunet_cl_schedule,2026,junction_region_count,annotation_mask_same_extractor,74,162,88.0,88.0,118.91891891891892,valid,ok,ok,,zero_length_angle_vector,2131528edadfa652c430e59c756f4b7a69ff50f6d858967b29f0984a2a5a1f3d,6800021ab2a9ee99f0bb4b1a2518636a26d55b7d3ac72459d3bce8beb94ad68d
235-25-7(2),2,attunet_cl_schedule,2026,mean_local_acute_angle_deg,annotation_mask_same_extractor,51.18427192297171,44.53837252959939,-6.645899393372318,6.645899393372318,12.984260874852088,valid,ok,ok,,zero_length_angle_vector,2131528edadfa652c430e59c756f4b7a69ff50f6d858967b29f0984a2a5a1f3d,6800021ab2a9ee99f0bb4b1a2518636a26d55b7d3ac72459d3bce8beb94ad68d
235-25-7(3),2,attunet_cl_schedule,2026,dominant_path_length,annotation_mask_same_extractor,3042.988165628605,2092.3860018001283,-950.6021638284769,950.6021638284769,31.2391015701537,valid,ok,ok,zero_length_angle_vector,zero_length_angle_vector,2c8b120debe12fd303a7f06497770c03ad10375f80aac91a1feeabe828c5d6e3,622f63ca29cf3f6824aa34feb261cbcb186ea22c34d4ff7ef5e404fbdd74e9d7
235-25-7(3),2,attunet_cl_schedule,2026,retained_segment_count,annotation_mask_same_extractor,86,192,106.0,106.0,123.25581395348837,valid,ok,ok,zero_length_angle_vector,zero_length_angle_vector,2c8b120debe12fd303a7f06497770c03ad10375f80aac91a1feeabe828c5d6e3,622f63ca29cf3f6824aa34feb261cbcb186ea22c34d4ff7ef5e404fbdd74e9d7
235-25-7(3),2,attunet_cl_schedule,2026,junction_region_count,annotation_mask_same_extractor,69,205,136.0,136.0,197.10144927536234,valid,ok,ok,zero_length_angle_vector,zero_length_angle_vector,2c8b120debe12fd303a7f06497770c03ad10375f80aac91a1feeabe828c5d6e3,622f63ca29cf3f6824aa34feb261cbcb186ea22c34d4ff7ef5e404fbdd74e9d7
235-25-7(3),2,attunet_cl_schedule,2026,mean_local_acute_angle_deg,annotation_mask_same_extractor,40.34148473985392,55.617411386833275,15.275926646979357,15.275926646979357,37.86654543204766,valid,ok,ok,zero_length_angle_vector,zero_length_angle_vector,2c8b120debe12fd303a7f06497770c03ad10375f80aac91a1feeabe828c5d6e3,622f63ca29cf3f6824aa34feb261cbcb186ea22c34d4ff7ef5e404fbdd74e9d7
235-25-9(1),4,attunet_cl_schedule,2026,dominant_path_length,annotation_mask_same_extractor,3126.4490603852128,763.7594513539352,-2362.6896090312775,2362.6896090312775,75.57102525573113,valid,ok,ok,,zero_length_angle_vector,a44aabe48936de7e267908875859f9c440963c013122db96ca7e12819915e47a,53325e7761c5249844668fdcbc3aaa8fd258a7d14226029c3e32b84559e8a0da
235-25-9(1),4,attunet_cl_schedule,2026,retained_segment_count,annotation_mask_same_extractor,81,177,96.0,96.0,118.5185185185185,valid,ok,ok,,zero_length_angle_vector,a44aabe48936de7e267908875859f9c440963c013122db96ca7e12819915e47a,53325e7761c5249844668fdcbc3aaa8fd258a7d14226029c3e32b84559e8a0da
235-25-9(1),4,attunet_cl_schedule,2026,junction_region_count,annotation_mask_same_extractor,71,238,167.0,167.0,235.2112676056338,valid,ok,ok,,zero_length_angle_vector,a44aabe48936de7e267908875859f9c440963c013122db96ca7e12819915e47a,53325e7761c5249844668fdcbc3aaa8fd258a7d14226029c3e32b84559e8a0da
235-25-9(1),4,attunet_cl_schedule,2026,mean_local_acute_angle_deg,annotation_mask_same_extractor,56.36650915301412,59.104072981449285,2.7375638284351638,2.7375638284351638,4.856720541276905,valid,ok,ok,,zero_length_angle_vector,a44aabe48936de7e267908875859f9c440963c013122db96ca7e12819915e47a,53325e7761c5249844668fdcbc3aaa8fd258a7d14226029c3e32b84559e8a0da
235-25-9(2),4,attunet_cl_schedule,2026,dominant_path_length,annotation_mask_same_extractor,1133.901586977666,804.3940110268423,-329.5075759508237,329.5075759508237,29.059627372874807,valid,ok,ok,,zero_length_angle_vector,078e2f40e0375f4163f04a89f798c84e04ad144ea99252428ef60b382a208150,19ab7a5e5ddfe0ba90504e121e1fdaea62ae06280d50702918abf52c50d27489
235-25-9(2),4,attunet_cl_schedule,2026,retained_segment_count,annotation_mask_same_extractor,72,93,21.0,21.0,29.166666666666668,valid,ok,ok,,zero_length_angle_vector,078e2f40e0375f4163f04a89f798c84e04ad144ea99252428ef60b382a208150,19ab7a5e5ddfe0ba90504e121e1fdaea62ae06280d50702918abf52c50d27489
235-25-9(2),4,attunet_cl_schedule,2026,junction_region_count,annotation_mask_same_extractor,58,115,57.0,57.0,98.27586206896551,valid,ok,ok,,zero_length_angle_vector,078e2f40e0375f4163f04a89f798c84e04ad144ea99252428ef60b382a208150,19ab7a5e5ddfe0ba90504e121e1fdaea62ae06280d50702918abf52c50d27489
235-25-9(2),4,attunet_cl_schedule,2026,mean_local_acute_angle_deg,annotation_mask_same_extractor,48.80355339734289,52.31225052616287,3.508697128819982,3.508697128819982,7.189429630775641,valid,ok,ok,,zero_length_angle_vector,078e2f40e0375f4163f04a89f798c84e04ad144ea99252428ef60b382a208150,19ab7a5e5ddfe0ba90504e121e1fdaea62ae06280d50702918abf52c50d27489
235-25-9(3),1,attunet_cl_schedule,2026,dominant_path_length,annotation_mask_same_extractor,3014.9961748553196,1078.5655839020965,-1936.4305909532231,1936.4305909532231,64.22663508175583,valid,ok,ok,,zero_length_angle_vector,04c79fb7e355280d60cd560ee7fce5e6be4db79fc76c2cc62ba5beb9dc7281f5,87dcb47f43028b00108546bf3cc10223dfb349f238ef6ae09035e03d8e04ef0d
235-25-9(3),1,attunet_cl_schedule,2026,retained_segment_count,annotation_mask_same_extractor,162,276,114.0,114.0,70.37037037037037,valid,ok,ok,,zero_length_angle_vector,04c79fb7e355280d60cd560ee7fce5e6be4db79fc76c2cc62ba5beb9dc7281f5,87dcb47f43028b00108546bf3cc10223dfb349f238ef6ae09035e03d8e04ef0d
235-25-9(3),1,attunet_cl_schedule,2026,junction_region_count,annotation_mask_same_extractor,148,262,114.0,114.0,77.02702702702703,valid,ok,ok,,zero_length_angle_vector,04c79fb7e355280d60cd560ee7fce5e6be4db79fc76c2cc62ba5beb9dc7281f5,87dcb47f43028b00108546bf3cc10223dfb349f238ef6ae09035e03d8e04ef0d
235-25-9(3),1,attunet_cl_schedule,2026,mean_local_acute_angle_deg,annotation_mask_same_extractor,63.95431651066043,44.30267699537121,-19.651639515289226,19.651639515289226,30.72762025689623,valid,ok,ok,,zero_length_angle_vector,04c79fb7e355280d60cd560ee7fce5e6be4db79fc76c2cc62ba5beb9dc7281f5,87dcb47f43028b00108546bf3cc10223dfb349f238ef6ae09035e03d8e04ef0d
447-1-1,1,attunet_cl_schedule,2026,dominant_path_length,annotation_mask_same_extractor,3911.385135248214,4086.7354236736624,175.35028842544853,175.35028842544853,4.483073958768341,valid,ok,ok,,zero_length_angle_vector,67a3ba2f50251e390c617a86eba391a70dc650351761a8b7c955b3e97cd90123,4daf43a697615812361ff1e17b19c6c1bd198432333a5f5c8d8438838b88a4db
447-1-1,1,attunet_cl_schedule,2026,retained_segment_count,annotation_mask_same_extractor,293,392,99.0,99.0,33.78839590443686,valid,ok,ok,,zero_length_angle_vector,67a3ba2f50251e390c617a86eba391a70dc650351761a8b7c955b3e97cd90123,4daf43a697615812361ff1e17b19c6c1bd198432333a5f5c8d8438838b88a4db
447-1-1,1,attunet_cl_schedule,2026,junction_region_count,annotation_mask_same_extractor,271,417,146.0,146.0,53.874538745387454,valid,ok,ok,,zero_length_angle_vector,67a3ba2f50251e390c617a86eba391a70dc650351761a8b7c955b3e97cd90123,4daf43a697615812361ff1e17b19c6c1bd198432333a5f5c8d8438838b88a4db
447-1-1,1,attunet_cl_schedule,2026,mean_local_acute_angle_deg,annotation_mask_same_extractor,61.706177398538195,56.05700815341002,-5.649169245128178,5.649169245128178,9.154949282698567,valid,ok,ok,,zero_length_angle_vector,67a3ba2f50251e390c617a86eba391a70dc650351761a8b7c955b3e97cd90123,4daf43a697615812361ff1e17b19c6c1bd198432333a5f5c8d8438838b88a4db
447-1-1(1),1,attunet_cl_schedule,2026,dominant_path_length,annotation_mask_same_extractor,3219.268252793949,1771.246824769229,-1448.02142802472,1448.02142802472,44.9798312634558,valid,ok,ok,,zero_length_angle_vector,0d1ba7e5e04b19e049d833c898b8b5dfd329ae106055ed93825b5e45ffe6aa84,41b2a3f3db17c194cc9244b5686a559c9fda59aee977df498df5c6f204bf0ac3
447-1-1(1),1,attunet_cl_schedule,2026,retained_segment_count,annotation_mask_same_extractor,138,239,101.0,101.0,73.18840579710145,valid,ok,ok,,zero_length_angle_vector,0d1ba7e5e04b19e049d833c898b8b5dfd329ae106055ed93825b5e45ffe6aa84,41b2a3f3db17c194cc9244b5686a559c9fda59aee977df498df5c6f204bf0ac3
447-1-1(1),1,attunet_cl_schedule,2026,junction_region_count,annotation_mask_same_extractor,130,232,102.0,102.0,78.46153846153847,valid,ok,ok,,zero_length_angle_vector,0d1ba7e5e04b19e049d833c898b8b5dfd329ae106055ed93825b5e45ffe6aa84,41b2a3f3db17c194cc9244b5686a559c9fda59aee977df498df5c6f204bf0ac3
447-1-1(1),1,attunet_cl_schedule,2026,mean_local_acute_angle_deg,annotation_mask_same_extractor,67.79905715669001,55.43676394535445,-12.362293211335562,12.362293211335562,18.233724375790562,valid,ok,ok,,zero_length_angle_vector,0d1ba7e5e04b19e049d833c898b8b5dfd329ae106055ed93825b5e45ffe6aa84,41b2a3f3db17c194cc9244b5686a559c9fda59aee977df498df5c6f204bf0ac3
7-1-3(1),4,attunet_cl_schedule,2026,dominant_path_length,annotation_mask_same_extractor,3591.411613906912,2087.7758287448637,-1503.6357851620483,1503.6357851620483,41.867542537857986,valid,ok,ok,,zero_length_angle_vector,bba8ccc94987683932ee1142fbfdf5f18f0e90a532fe1e011e5e0387316a0102,b48762c77ad04204b4d0dfb0b0fc85e6a50359228152ec12f0fe53e7e6a02241
7-1-3(1),4,attunet_cl_schedule,2026,retained_segment_count,annotation_mask_same_extractor,415,577,162.0,162.0,39.036144578313255,valid,ok,ok,,zero_length_angle_vector,bba8ccc94987683932ee1142fbfdf5f18f0e90a532fe1e011e5e0387316a0102,b48762c77ad04204b4d0dfb0b0fc85e6a50359228152ec12f0fe53e7e6a02241
7-1-3(1),4,attunet_cl_schedule,2026,junction_region_count,annotation_mask_same_extractor,370,572,202.0,202.0,54.59459459459459,valid,ok,ok,,zero_length_angle_vector,bba8ccc94987683932ee1142fbfdf5f18f0e90a532fe1e011e5e0387316a0102,b48762c77ad04204b4d0dfb0b0fc85e6a50359228152ec12f0fe53e7e6a02241
7-1-3(1),4,attunet_cl_schedule,2026,mean_local_acute_angle_deg,annotation_mask_same_extractor,52.19068191429416,46.13459428874907,-6.056087625545089,6.056087625545089,11.603771791083702,valid,ok,ok,,zero_length_angle_vector,bba8ccc94987683932ee1142fbfdf5f18f0e90a532fe1e011e5e0387316a0102,b48762c77ad04204b4d0dfb0b0fc85e6a50359228152ec12f0fe53e7e6a02241
7-1-3(2),4,attunet_cl_schedule,2026,dominant_path_length,annotation_mask_same_extractor,2479.356564548581,2263.788022053668,-215.5685424949129,215.5685424949129,8.694535734684118,valid,ok,ok,,zero_length_angle_vector,28862657685f711ee260dae48d326375279a0325e0e0c82a6692a9516004f3bb,236a25446be5220eb36e5079e6a57d885e3204570717e78e478b131b0470a9a9
7-1-3(2),4,attunet_cl_schedule,2026,retained_segment_count,annotation_mask_same_extractor,239,289,50.0,50.0,20.920502092050206,valid,ok,ok,,zero_length_angle_vector,28862657685f711ee260dae48d326375279a0325e0e0c82a6692a9516004f3bb,236a25446be5220eb36e5079e6a57d885e3204570717e78e478b131b0470a9a9
7-1-3(2),4,attunet_cl_schedule,2026,junction_region_count,annotation_mask_same_extractor,201,264,63.0,63.0,31.343283582089555,valid,ok,ok,,zero_length_angle_vector,28862657685f711ee260dae48d326375279a0325e0e0c82a6692a9516004f3bb,236a25446be5220eb36e5079e6a57d885e3204570717e78e478b131b0470a9a9
7-1-3(2),4,attunet_cl_schedule,2026,mean_local_acute_angle_deg,annotation_mask_same_extractor,52.02063707468777,44.78059109915788,-7.240045975529888,7.240045975529888,13.917641887266994,valid,ok,ok,,zero_length_angle_vector,28862657685f711ee260dae48d326375279a0325e0e0c82a6692a9516004f3bb,236a25446be5220eb36e5079e6a57d885e3204570717e78e478b131b0470a9a9
7-1-3(3),0,attunet_cl_schedule,2026,dominant_path_length,annotation_mask_same_extractor,3139.476405595674,1682.2123368838236,-1457.2640687118503,1457.2640687118503,46.4174238135532,valid,ok,ok,zero_length_angle_vector,zero_length_angle_vector,eb3582ff4719e2750a945bfec7af39008d621c1fbaba7f242e61cf5fb5af1392,3a05a1ce4bf9db72d99b650952f2efba2051d509968c716ee55aaa3b840a5e0b
7-1-3(3),0,attunet_cl_schedule,2026,retained_segment_count,annotation_mask_same_extractor,234,338,104.0,104.0,44.44444444444444,valid,ok,ok,zero_length_angle_vector,zero_length_angle_vector,eb3582ff4719e2750a945bfec7af39008d621c1fbaba7f242e61cf5fb5af1392,3a05a1ce4bf9db72d99b650952f2efba2051d509968c716ee55aaa3b840a5e0b
7-1-3(3),0,attunet_cl_schedule,2026,junction_region_count,annotation_mask_same_extractor,206,292,86.0,86.0,41.74757281553398,valid,ok,ok,zero_length_angle_vector,zero_length_angle_vector,eb3582ff4719e2750a945bfec7af39008d621c1fbaba7f242e61cf5fb5af1392,3a05a1ce4bf9db72d99b650952f2efba2051d509968c716ee55aaa3b840a5e0b
7-1-3(3),0,attunet_cl_schedule,2026,mean_local_acute_angle_deg,annotation_mask_same_extractor,55.62685066639042,51.43071577028165,-4.1961348961087666,4.1961348961087666,7.543362325640447,valid,ok,ok,zero_length_angle_vector,zero_length_angle_vector,eb3582ff4719e2750a945bfec7af39008d621c1fbaba7f242e61cf5fb5af1392,3a05a1ce4bf9db72d99b650952f2efba2051d509968c716ee55aaa3b840a5e0b
7-1-6(1),0,attunet_cl_schedule,2026,dominant_path_length,annotation_mask_same_extractor,3188.726188957766,2233.4175310926944,-955.3086578650718,955.3086578650718,29.9589428898978,valid,ok,ok,,zero_length_angle_vector,cba0254b9e9151f7e11554a8e70e85d3aae5e2a96042767c54979c286faeb9a4,2f993dfed4b55d6d7d0e3faec837b45631480575fe954ce6a3f33a03f9cafcc2
7-1-6(1),0,attunet_cl_schedule,2026,retained_segment_count,annotation_mask_same_extractor,300,374,74.0,74.0,24.666666666666668,valid,ok,ok,,zero_length_angle_vector,cba0254b9e9151f7e11554a8e70e85d3aae5e2a96042767c54979c286faeb9a4,2f993dfed4b55d6d7d0e3faec837b45631480575fe954ce6a3f33a03f9cafcc2
7-1-6(1),0,attunet_cl_schedule,2026,junction_region_count,annotation_mask_same_extractor,268,366,98.0,98.0,36.56716417910448,valid,ok,ok,,zero_length_angle_vector,cba0254b9e9151f7e11554a8e70e85d3aae5e2a96042767c54979c286faeb9a4,2f993dfed4b55d6d7d0e3faec837b45631480575fe954ce6a3f33a03f9cafcc2
7-1-6(1),0,attunet_cl_schedule,2026,mean_local_acute_angle_deg,annotation_mask_same_extractor,57.71657823171459,53.32212998561391,-4.39444824610068,4.39444824610068,7.6138405649383785,valid,ok,ok,,zero_length_angle_vector,cba0254b9e9151f7e11554a8e70e85d3aae5e2a96042767c54979c286faeb9a4,2f993dfed4b55d6d7d0e3faec837b45631480575fe954ce6a3f33a03f9cafcc2
7-1-6(2),3,attunet_cl_schedule,2026,dominant_path_length,annotation_mask_same_extractor,4815.678641211786,3305.9170978167595,-1509.7615433950268,1509.7615433950268,31.350961222261297,valid,ok,ok,zero_length_angle_vector,,e3aea5a1ab8ea31c284842492594be58ed37bba1e364b53dc239f9c47cd34693,a558a94cf3eb8f877a61bd6ad54cba1730e87ff5a452ddf1d63d2ee133283caa
7-1-6(2),3,attunet_cl_schedule,2026,retained_segment_count,annotation_mask_same_extractor,436,591,155.0,155.0,35.55045871559633,valid,ok,ok,zero_length_angle_vector,,e3aea5a1ab8ea31c284842492594be58ed37bba1e364b53dc239f9c47cd34693,a558a94cf3eb8f877a61bd6ad54cba1730e87ff5a452ddf1d63d2ee133283caa
7-1-6(2),3,attunet_cl_schedule,2026,junction_region_count,annotation_mask_same_extractor,321,526,205.0,205.0,63.862928348909655,valid,ok,ok,zero_length_angle_vector,,e3aea5a1ab8ea31c284842492594be58ed37bba1e364b53dc239f9c47cd34693,a558a94cf3eb8f877a61bd6ad54cba1730e87ff5a452ddf1d63d2ee133283caa
7-1-6(2),3,attunet_cl_schedule,2026,mean_local_acute_angle_deg,annotation_mask_same_extractor,45.76167325566849,45.690390209216794,-0.07128304645169692,0.07128304645169692,0.15577019234729816,valid,ok,ok,zero_length_angle_vector,,e3aea5a1ab8ea31c284842492594be58ed37bba1e364b53dc239f9c47cd34693,a558a94cf3eb8f877a61bd6ad54cba1730e87ff5a452ddf1d63d2ee133283caa
7-1-6(3),2,attunet_cl_schedule,2026,dominant_path_length,annotation_mask_same_extractor,3149.346463280794,2192.4570696119836,-956.8893936688105,956.8893936688105,30.38374484438217,valid,ok,ok,zero_length_angle_vector,zero_length_angle_vector,175aad97304bc1efcc5da1ef9c37712fdcee8d0161a6f80fd823a18cef9139a0,65920c07d43eef1e33d1e54f8cb804e77c043e5a65b02307c15d392084d25dfd
7-1-6(3),2,attunet_cl_schedule,2026,retained_segment_count,annotation_mask_same_extractor,113,301,188.0,188.0,166.3716814159292,valid,ok,ok,zero_length_angle_vector,zero_length_angle_vector,175aad97304bc1efcc5da1ef9c37712fdcee8d0161a6f80fd823a18cef9139a0,65920c07d43eef1e33d1e54f8cb804e77c043e5a65b02307c15d392084d25dfd
7-1-6(3),2,attunet_cl_schedule,2026,junction_region_count,annotation_mask_same_extractor,82,330,248.0,248.0,302.4390243902439,valid,ok,ok,zero_length_angle_vector,zero_length_angle_vector,175aad97304bc1efcc5da1ef9c37712fdcee8d0161a6f80fd823a18cef9139a0,65920c07d43eef1e33d1e54f8cb804e77c043e5a65b02307c15d392084d25dfd
7-1-6(3),2,attunet_cl_schedule,2026,mean_local_acute_angle_deg,annotation_mask_same_extractor,52.34419986077857,46.5685079099489,-5.775691950829675,5.775691950829675,11.034062926153144,valid,ok,ok,zero_length_angle_vector,zero_length_angle_vector,175aad97304bc1efcc5da1ef9c37712fdcee8d0161a6f80fd823a18cef9139a0,65920c07d43eef1e33d1e54f8cb804e77c043e5a65b02307c15d392084d25dfd
7-1-6(4),0,attunet_cl_schedule,2026,dominant_path_length,annotation_mask_same_extractor,2934.7922061357463,3700.33340342015,765.5411972844036,765.5411972844036,26.085022158771338,valid,ok,ok,,,c0fc24472241d6b39ede8026e685b39939da6b7eb296c7092ba9ef7c6acbe239,c5d4956c73a0b01fa428132a67cbe6cfd52c5bba09e045e462769aea2dae35d5
7-1-6(4),0,attunet_cl_schedule,2026,retained_segment_count,annotation_mask_same_extractor,402,619,217.0,217.0,53.98009950248757,valid,ok,ok,,,c0fc24472241d6b39ede8026e685b39939da6b7eb296c7092ba9ef7c6acbe239,c5d4956c73a0b01fa428132a67cbe6cfd52c5bba09e045e462769aea2dae35d5
7-1-6(4),0,attunet_cl_schedule,2026,junction_region_count,annotation_mask_same_extractor,320,590,270.0,270.0,84.375,valid,ok,ok,,,c0fc24472241d6b39ede8026e685b39939da6b7eb296c7092ba9ef7c6acbe239,c5d4956c73a0b01fa428132a67cbe6cfd52c5bba09e045e462769aea2dae35d5
7-1-6(4),0,attunet_cl_schedule,2026,mean_local_acute_angle_deg,annotation_mask_same_extractor,45.58572184508618,45.720653100724405,0.13493125563822872,0.13493125563822872,0.29599455745543574,valid,ok,ok,,,c0fc24472241d6b39ede8026e685b39939da6b7eb296c7092ba9ef7c6acbe239,c5d4956c73a0b01fa428132a67cbe6cfd52c5bba09e045e462769aea2dae35d5
DN50-235-25-6(2),1,attunet_cl_schedule,2026,dominant_path_length,annotation_mask_same_extractor,1654.4398256692953,1373.7981233214505,-280.6417023478448,280.6417023478448,16.96294407288658,valid,ok,ok,,,26158010911e4857cbb5605c765e186f4f05e7d62b2dcff5cd35f9038e6d54e6,9efccf91b922e077abd20dff1d68c126851df1c99dfbf5e0d7fc3bb232766622
DN50-235-25-6(2),1,attunet_cl_schedule,2026,retained_segment_count,annotation_mask_same_extractor,104,171,67.0,67.0,64.42307692307693,valid,ok,ok,,,26158010911e4857cbb5605c765e186f4f05e7d62b2dcff5cd35f9038e6d54e6,9efccf91b922e077abd20dff1d68c126851df1c99dfbf5e0d7fc3bb232766622
DN50-235-25-6(2),1,attunet_cl_schedule,2026,junction_region_count,annotation_mask_same_extractor,97,167,70.0,70.0,72.16494845360825,valid,ok,ok,,,26158010911e4857cbb5605c765e186f4f05e7d62b2dcff5cd35f9038e6d54e6,9efccf91b922e077abd20dff1d68c126851df1c99dfbf5e0d7fc3bb232766622
DN50-235-25-6(2),1,attunet_cl_schedule,2026,mean_local_acute_angle_deg,annotation_mask_same_extractor,48.376302759478975,56.56258594233952,8.186283182860542,8.186283182860542,16.922093495986527,valid,ok,ok,,,26158010911e4857cbb5605c765e186f4f05e7d62b2dcff5cd35f9038e6d54e6,9efccf91b922e077abd20dff1d68c126851df1c99dfbf5e0d7fc3bb232766622
DN50-235-25-6(3),1,attunet_cl_schedule,2026,dominant_path_length,annotation_mask_same_extractor,956.9015869776664,914.6955262170073,-42.20606076065906,42.20606076065906,4.410700257480514,valid,ok,ok,,zero_length_angle_vector,1c99a68f93f5396eb9701167417e60c3f506eddaae41784653661a85b4318891,cdcea9794055cfaa4d49fcccd6ef1ea19804a6deabee4e58144b7f94f0c49a96
DN50-235-25-6(3),1,attunet_cl_schedule,2026,retained_segment_count,annotation_mask_same_extractor,110,162,52.0,52.0,47.27272727272727,valid,ok,ok,,zero_length_angle_vector,1c99a68f93f5396eb9701167417e60c3f506eddaae41784653661a85b4318891,cdcea9794055cfaa4d49fcccd6ef1ea19804a6deabee4e58144b7f94f0c49a96
DN50-235-25-6(3),1,attunet_cl_schedule,2026,junction_region_count,annotation_mask_same_extractor,90,180,90.0,90.0,100.0,valid,ok,ok,,zero_length_angle_vector,1c99a68f93f5396eb9701167417e60c3f506eddaae41784653661a85b4318891,cdcea9794055cfaa4d49fcccd6ef1ea19804a6deabee4e58144b7f94f0c49a96
DN50-235-25-6(3),1,attunet_cl_schedule,2026,mean_local_acute_angle_deg,annotation_mask_same_extractor,55.84661373210531,47.08120225373644,-8.765411478368868,8.765411478368868,15.695511137732199,valid,ok,ok,,zero_length_angle_vector,1c99a68f93f5396eb9701167417e60c3f506eddaae41784653661a85b4318891,cdcea9794055cfaa4d49fcccd6ef1ea19804a6deabee4e58144b7f94f0c49a96
DN50-235-25-7(1),0,attunet_cl_schedule,2026,dominant_path_length,annotation_mask_same_extractor,835.1076477383253,773.7077195258271,-61.39992821249825,61.39992821249825,7.352336956652737,valid,ok,ok,,zero_length_angle_vector,1d15d42a8683193e72d4801bf8661ed463c57674766c0904ac6147226c6fad64,9dd63f564fe3bc05a0fe9cde868a3f46e7c4165c0b0b239a147a9a9e1f120199
DN50-235-25-7(1),0,attunet_cl_schedule,2026,retained_segment_count,annotation_mask_same_extractor,86,103,17.0,17.0,19.767441860465116,valid,ok,ok,,zero_length_angle_vector,1d15d42a8683193e72d4801bf8661ed463c57674766c0904ac6147226c6fad64,9dd63f564fe3bc05a0fe9cde868a3f46e7c4165c0b0b239a147a9a9e1f120199
DN50-235-25-7(1),0,attunet_cl_schedule,2026,junction_region_count,annotation_mask_same_extractor,71,96,25.0,25.0,35.2112676056338,valid,ok,ok,,zero_length_angle_vector,1d15d42a8683193e72d4801bf8661ed463c57674766c0904ac6147226c6fad64,9dd63f564fe3bc05a0fe9cde868a3f46e7c4165c0b0b239a147a9a9e1f120199
DN50-235-25-7(1),0,attunet_cl_schedule,2026,mean_local_acute_angle_deg,annotation_mask_same_extractor,53.845303485648856,49.759177272120425,-4.086126213528431,4.086126213528431,7.58863995374729,valid,ok,ok,,zero_length_angle_vector,1d15d42a8683193e72d4801bf8661ed463c57674766c0904ac6147226c6fad64,9dd63f564fe3bc05a0fe9cde868a3f46e7c4165c0b0b239a147a9a9e1f120199
W82-447-1-13-3(1),3,attunet_cl_schedule,2026,dominant_path_length,annotation_mask_same_extractor,2963.730373039836,1486.1189744953726,-1477.6113985444636,1477.6113985444636,49.856471829753815,valid,ok,ok,,zero_length_angle_vector,e400970fc4f5749000b5101345fe28f7835a0cd40cd105ff701d3d5565a3fd20,6366b4b586e5953d7c1fc295f0847006a6f0dcc35b9c66b009c8554ad2d26632
W82-447-1-13-3(1),3,attunet_cl_schedule,2026,retained_segment_count,annotation_mask_same_extractor,76,278,202.0,202.0,265.7894736842105,valid,ok,ok,,zero_length_angle_vector,e400970fc4f5749000b5101345fe28f7835a0cd40cd105ff701d3d5565a3fd20,6366b4b586e5953d7c1fc295f0847006a6f0dcc35b9c66b009c8554ad2d26632
W82-447-1-13-3(1),3,attunet_cl_schedule,2026,junction_region_count,annotation_mask_same_extractor,50,252,202.0,202.0,404.0,valid,ok,ok,,zero_length_angle_vector,e400970fc4f5749000b5101345fe28f7835a0cd40cd105ff701d3d5565a3fd20,6366b4b586e5953d7c1fc295f0847006a6f0dcc35b9c66b009c8554ad2d26632
W82-447-1-13-3(1),3,attunet_cl_schedule,2026,mean_local_acute_angle_deg,annotation_mask_same_extractor,45.41755671898957,46.52443064579234,1.1068739268027699,1.1068739268027699,2.4371058391610347,valid,ok,ok,,zero_length_angle_vector,e400970fc4f5749000b5101345fe28f7835a0cd40cd105ff701d3d5565a3fd20,6366b4b586e5953d7c1fc295f0847006a6f0dcc35b9c66b009c8554ad2d26632
W82-447-1-13-7(1),4,attunet_cl_schedule,2026,dominant_path_length,annotation_mask_same_extractor,2599.841845922817,1262.5088014401056,-1337.3330444827113,1337.3330444827113,51.43901528394791,valid,ok,ok,,zero_length_angle_vector,d7caafd48ba702bb9ca2578cb356a3cab186bfab19d8fbb7f0fc5a6ba0ddb53b,9c6ec3e334036f800cdc4d0e0721cfad64490b57fd3741263d3d5e4df12bd66f
W82-447-1-13-7(1),4,attunet_cl_schedule,2026,retained_segment_count,annotation_mask_same_extractor,161,272,111.0,111.0,68.94409937888199,valid,ok,ok,,zero_length_angle_vector,d7caafd48ba702bb9ca2578cb356a3cab186bfab19d8fbb7f0fc5a6ba0ddb53b,9c6ec3e334036f800cdc4d0e0721cfad64490b57fd3741263d3d5e4df12bd66f
W82-447-1-13-7(1),4,attunet_cl_schedule,2026,junction_region_count,annotation_mask_same_extractor,124,259,135.0,135.0,108.87096774193547,valid,ok,ok,,zero_length_angle_vector,d7caafd48ba702bb9ca2578cb356a3cab186bfab19d8fbb7f0fc5a6ba0ddb53b,9c6ec3e334036f800cdc4d0e0721cfad64490b57fd3741263d3d5e4df12bd66f
W82-447-1-13-7(1),4,attunet_cl_schedule,2026,mean_local_acute_angle_deg,annotation_mask_same_extractor,45.765543776284055,49.90836538795953,4.142821611675473,4.142821611675473,9.052272233291598,valid,ok,ok,,zero_length_angle_vector,d7caafd48ba702bb9ca2578cb356a3cab186bfab19d8fbb7f0fc5a6ba0ddb53b,9c6ec3e334036f800cdc4d0e0721cfad64490b57fd3741263d3d5e4df12bd66f
W82-447-1-13-7(2),3,attunet_cl_schedule,2026,dominant_path_length,annotation_mask_same_extractor,2569.818684794427,830.4183976444822,-1739.400287149945,1739.400287149945,67.68572029777611,valid,ok,ok,zero_length_angle_vector,zero_length_angle_vector,8401bb2188e5c3832e902ef0e29c7a72c6580cd0868364d9f97716efdec87255,a1ff2269f65896c2d1576d587ff2ac08862cd1a11a4c56aaed724cc29290760c
W82-447-1-13-7(2),3,attunet_cl_schedule,2026,retained_segment_count,annotation_mask_same_extractor,37,66,29.0,29.0,78.37837837837837,valid,ok,ok,zero_length_angle_vector,zero_length_angle_vector,8401bb2188e5c3832e902ef0e29c7a72c6580cd0868364d9f97716efdec87255,a1ff2269f65896c2d1576d587ff2ac08862cd1a11a4c56aaed724cc29290760c
W82-447-1-13-7(2),3,attunet_cl_schedule,2026,junction_region_count,annotation_mask_same_extractor,28,75,47.0,47.0,167.85714285714286,valid,ok,ok,zero_length_angle_vector,zero_length_angle_vector,8401bb2188e5c3832e902ef0e29c7a72c6580cd0868364d9f97716efdec87255,a1ff2269f65896c2d1576d587ff2ac08862cd1a11a4c56aaed724cc29290760c
W82-447-1-13-7(2),3,attunet_cl_schedule,2026,mean_local_acute_angle_deg,annotation_mask_same_extractor,56.21991760625045,51.24170466943531,-4.97821293681514,4.97821293681514,8.854891911584142,valid,ok,ok,zero_length_angle_vector,zero_length_angle_vector,8401bb2188e5c3832e902ef0e29c7a72c6580cd0868364d9f97716efdec87255,a1ff2269f65896c2d1576d587ff2ac08862cd1a11a4c56aaed724cc29290760c
W82-447-1-13-7(3),2,attunet_cl_schedule,2026,dominant_path_length,annotation_mask_same_extractor,3607.1963184303277,2831.6551211458836,-775.541197284444,775.541197284444,21.499833355948894,valid,ok,ok,zero_length_angle_vector,,4b63fae36f1e264804fc841b3fbba41c7e9f5be06b268aa37989d57f23a39479,a7ca0c2f76322887f5340e85c1a6bd77c6ba0d588cdfb14eebeb6e8175e93276
W82-447-1-13-7(3),2,attunet_cl_schedule,2026,retained_segment_count,annotation_mask_same_extractor,125,632,507.0,507.0,405.6,valid,ok,ok,zero_length_angle_vector,,4b63fae36f1e264804fc841b3fbba41c7e9f5be06b268aa37989d57f23a39479,a7ca0c2f76322887f5340e85c1a6bd77c6ba0d588cdfb14eebeb6e8175e93276
W82-447-1-13-7(3),2,attunet_cl_schedule,2026,junction_region_count,annotation_mask_same_extractor,86,630,544.0,544.0,632.5581395348837,valid,ok,ok,zero_length_angle_vector,,4b63fae36f1e264804fc841b3fbba41c7e9f5be06b268aa37989d57f23a39479,a7ca0c2f76322887f5340e85c1a6bd77c6ba0d588cdfb14eebeb6e8175e93276
W82-447-1-13-7(3),2,attunet_cl_schedule,2026,mean_local_acute_angle_deg,annotation_mask_same_extractor,42.04523834094305,48.154866606986324,6.1096282660432735,6.1096282660432735,14.531082489057518,valid,ok,ok,zero_length_angle_vector,,4b63fae36f1e264804fc841b3fbba41c7e9f5be06b268aa37989d57f23a39479,a7ca0c2f76322887f5340e85c1a6bd77c6ba0d588cdfb14eebeb6e8175e93276
10-1-1,3,attunet_pixel,42,dominant_path_length,annotation_mask_same_extractor,3519.0348468227903,2565.0327547817983,-954.002092040992,954.002092040992,27.1097654205478,valid,ok,ok,zero_length_angle_vector,zero_length_angle_vector,8664187dcbcab44c4dae8da26d028efb21268d9709753c186a39d03660a06fc7,cb027f5560e63965ce8a14ba1e9e057c0d61001826509b31bfb59f9763422b95
10-1-1,3,attunet_pixel,42,retained_segment_count,annotation_mask_same_extractor,134,115,-19.0,19.0,14.17910447761194,valid,ok,ok,zero_length_angle_vector,zero_length_angle_vector,8664187dcbcab44c4dae8da26d028efb21268d9709753c186a39d03660a06fc7,cb027f5560e63965ce8a14ba1e9e057c0d61001826509b31bfb59f9763422b95
10-1-1,3,attunet_pixel,42,junction_region_count,annotation_mask_same_extractor,121,103,-18.0,18.0,14.87603305785124,valid,ok,ok,zero_length_angle_vector,zero_length_angle_vector,8664187dcbcab44c4dae8da26d028efb21268d9709753c186a39d03660a06fc7,cb027f5560e63965ce8a14ba1e9e057c0d61001826509b31bfb59f9763422b95
10-1-1,3,attunet_pixel,42,mean_local_acute_angle_deg,annotation_mask_same_extractor,64.6739875375559,58.86600775065504,-5.807979786900866,5.807979786900866,8.980395376932956,valid,ok,ok,zero_length_angle_vector,zero_length_angle_vector,8664187dcbcab44c4dae8da26d028efb21268d9709753c186a39d03660a06fc7,cb027f5560e63965ce8a14ba1e9e057c0d61001826509b31bfb59f9763422b95
10-1-1(1),3,attunet_pixel,42,dominant_path_length,annotation_mask_same_extractor,2848.0794359760534,1050.7249634685297,-1797.3544725075237,1797.3544725075237,63.10759629116735,valid,ok,ok,,zero_length_angle_vector,c95c0337715266ccd3aad838a4ef3ab80e74ba76f5d714ecb44e5a5615b3ce7c,e2808495b3d5dbff74918e1ea9e3ae81497af111c752b019478784dd1d6fd487
10-1-1(1),3,attunet_pixel,42,retained_segment_count,annotation_mask_same_extractor,35,47,12.0,12.0,34.285714285714285,valid,ok,ok,,zero_length_angle_vector,c95c0337715266ccd3aad838a4ef3ab80e74ba76f5d714ecb44e5a5615b3ce7c,e2808495b3d5dbff74918e1ea9e3ae81497af111c752b019478784dd1d6fd487
10-1-1(1),3,attunet_pixel,42,junction_region_count,annotation_mask_same_extractor,28,35,7.0,7.0,25.0,valid,ok,ok,,zero_length_angle_vector,c95c0337715266ccd3aad838a4ef3ab80e74ba76f5d714ecb44e5a5615b3ce7c,e2808495b3d5dbff74918e1ea9e3ae81497af111c752b019478784dd1d6fd487
10-1-1(1),3,attunet_pixel,42,mean_local_acute_angle_deg,annotation_mask_same_extractor,45.23478785039287,43.10836039844949,-2.1264274519433783,2.1264274519433783,4.700867524738286,valid,ok,ok,,zero_length_angle_vector,c95c0337715266ccd3aad838a4ef3ab80e74ba76f5d714ecb44e5a5615b3ce7c,e2808495b3d5dbff74918e1ea9e3ae81497af111c752b019478784dd1d6fd487
10-1-1(2),1,attunet_pixel,42,dominant_path_length,annotation_mask_same_extractor,1262.4823227814104,995.3380951166249,-267.1442276647855,267.1442276647855,21.160235105409832,valid,ok,ok,,,6c74e98b918771eb646a7e1d44c8ef0b3c96078814c8b8db61045d1816697d12,6ef335e76091af2af215e4fab86458f8206e2be7c47552277982342a8f21ad31
10-1-1(2),1,attunet_pixel,42,retained_segment_count,annotation_mask_same_extractor,25,34,9.0,9.0,36.0,valid,ok,ok,,,6c74e98b918771eb646a7e1d44c8ef0b3c96078814c8b8db61045d1816697d12,6ef335e76091af2af215e4fab86458f8206e2be7c47552277982342a8f21ad31
10-1-1(2),1,attunet_pixel,42,junction_region_count,annotation_mask_same_extractor,23,17,-6.0,6.0,26.08695652173913,valid,ok,ok,,,6c74e98b918771eb646a7e1d44c8ef0b3c96078814c8b8db61045d1816697d12,6ef335e76091af2af215e4fab86458f8206e2be7c47552277982342a8f21ad31
10-1-1(2),1,attunet_pixel,42,mean_local_acute_angle_deg,annotation_mask_same_extractor,46.29442229680335,44.12035354629417,-2.1740687505091785,2.1740687505091785,4.6961785948440244,valid,ok,ok,,,6c74e98b918771eb646a7e1d44c8ef0b3c96078814c8b8db61045d1816697d12,6ef335e76091af2af215e4fab86458f8206e2be7c47552277982342a8f21ad31
10-1-1(3),2,attunet_pixel,42,dominant_path_length,annotation_mask_same_extractor,2611.2834046956673,1678.4865068635206,-932.7968978321467,932.7968978321467,35.72177941906921,valid,ok,ok,,zero_length_angle_vector,49a1138291b2427ae244c26c8d481f7bf7c311eb24e2003613787dba24d6ff37,e2f79e57a0d723e0acfc7e4ab04d7524030fcd1b42b9fe0c5ee8bf1f8523c04b
10-1-1(3),2,attunet_pixel,42,retained_segment_count,annotation_mask_same_extractor,36,73,37.0,37.0,102.77777777777777,valid,ok,ok,,zero_length_angle_vector,49a1138291b2427ae244c26c8d481f7bf7c311eb24e2003613787dba24d6ff37,e2f79e57a0d723e0acfc7e4ab04d7524030fcd1b42b9fe0c5ee8bf1f8523c04b
10-1-1(3),2,attunet_pixel,42,junction_region_count,annotation_mask_same_extractor,23,51,28.0,28.0,121.73913043478262,valid,ok,ok,,zero_length_angle_vector,49a1138291b2427ae244c26c8d481f7bf7c311eb24e2003613787dba24d6ff37,e2f79e57a0d723e0acfc7e4ab04d7524030fcd1b42b9fe0c5ee8bf1f8523c04b
10-1-1(3),2,attunet_pixel,42,mean_local_acute_angle_deg,annotation_mask_same_extractor,44.403113779145116,64.64103622003555,20.23792244089043,20.23792244089043,45.577710026263084,valid,ok,ok,,zero_length_angle_vector,49a1138291b2427ae244c26c8d481f7bf7c311eb24e2003613787dba24d6ff37,e2f79e57a0d723e0acfc7e4ab04d7524030fcd1b42b9fe0c5ee8bf1f8523c04b
10-1-2,2,attunet_pixel,42,dominant_path_length,annotation_mask_same_extractor,3713.5222202381024,3299.3313113790987,-414.1909088590037,414.1909088590037,11.153586387654542,valid,ok,ok,zero_length_angle_vector,zero_length_angle_vector,353a8fded79e4327f12b6866ba2014151a10168db01aad99108b5fae01f5e4ac,4da292392969566bb547a55d19d78ec7ded366c36ea997fdfa992caee345030b
10-1-2,2,attunet_pixel,42,retained_segment_count,annotation_mask_same_extractor,171,304,133.0,133.0,77.77777777777779,valid,ok,ok,zero_length_angle_vector,zero_length_angle_vector,353a8fded79e4327f12b6866ba2014151a10168db01aad99108b5fae01f5e4ac,4da292392969566bb547a55d19d78ec7ded366c36ea997fdfa992caee345030b
10-1-2,2,attunet_pixel,42,junction_region_count,annotation_mask_same_extractor,124,275,151.0,151.0,121.7741935483871,valid,ok,ok,zero_length_angle_vector,zero_length_angle_vector,353a8fded79e4327f12b6866ba2014151a10168db01aad99108b5fae01f5e4ac,4da292392969566bb547a55d19d78ec7ded366c36ea997fdfa992caee345030b
10-1-2,2,attunet_pixel,42,mean_local_acute_angle_deg,annotation_mask_same_extractor,58.66827912377103,54.154658772309126,-4.513620351461903,4.513620351461903,7.693459598396654,valid,ok,ok,zero_length_angle_vector,zero_length_angle_vector,353a8fded79e4327f12b6866ba2014151a10168db01aad99108b5fae01f5e4ac,4da292392969566bb547a55d19d78ec7ded366c36ea997fdfa992caee345030b
10-1-2(1),4,attunet_pixel,42,dominant_path_length,annotation_mask_same_extractor,3355.4095218658804,1177.6021638285565,-2177.807358037324,2177.807358037324,64.90436841897873,valid,ok,ok,zero_length_angle_vector,zero_length_angle_vector,dca0abd7cde7ab357484642e540a2d1fa449818245a1cd800eb7c824264f02ad,d4de41ab6e936d41ecfcec5c871291af16971de6f5d37c45ea0427dda5a42890
10-1-2(1),4,attunet_pixel,42,retained_segment_count,annotation_mask_same_extractor,118,137,19.0,19.0,16.101694915254235,valid,ok,ok,zero_length_angle_vector,zero_length_angle_vector,dca0abd7cde7ab357484642e540a2d1fa449818245a1cd800eb7c824264f02ad,d4de41ab6e936d41ecfcec5c871291af16971de6f5d37c45ea0427dda5a42890
10-1-2(1),4,attunet_pixel,42,junction_region_count,annotation_mask_same_extractor,111,110,-1.0,1.0,0.9009009009009009,valid,ok,ok,zero_length_angle_vector,zero_length_angle_vector,dca0abd7cde7ab357484642e540a2d1fa449818245a1cd800eb7c824264f02ad,d4de41ab6e936d41ecfcec5c871291af16971de6f5d37c45ea0427dda5a42890
10-1-2(1),4,attunet_pixel,42,mean_local_acute_angle_deg,annotation_mask_same_extractor,64.3632990483418,60.50386310911602,-3.859435939225783,3.859435939225783,5.996330201046794,valid,ok,ok,zero_length_angle_vector,zero_length_angle_vector,dca0abd7cde7ab357484642e540a2d1fa449818245a1cd800eb7c824264f02ad,d4de41ab6e936d41ecfcec5c871291af16971de6f5d37c45ea0427dda5a42890
10-1-2(2),1,attunet_pixel,42,dominant_path_length,annotation_mask_same_extractor,3058.3027406794067,1242.4335495461305,-1815.8691911332762,1815.8691911332762,59.375063396434,valid,ok,ok,,,4b38a74ce55736e7f197e42aeba61399727ea00792e40e895bf41a3d30fe7957,9991ef36c72f5380ab501c3d6ff28354cd41726c45c294eb86d5da2237af1d37
10-1-2(2),1,attunet_pixel,42,retained_segment_count,annotation_mask_same_extractor,191,212,21.0,21.0,10.99476439790576,valid,ok,ok,,,4b38a74ce55736e7f197e42aeba61399727ea00792e40e895bf41a3d30fe7957,9991ef36c72f5380ab501c3d6ff28354cd41726c45c294eb86d5da2237af1d37
10-1-2(2),1,attunet_pixel,42,junction_region_count,annotation_mask_same_extractor,175,143,-32.0,32.0,18.285714285714285,valid,ok,ok,,,4b38a74ce55736e7f197e42aeba61399727ea00792e40e895bf41a3d30fe7957,9991ef36c72f5380ab501c3d6ff28354cd41726c45c294eb86d5da2237af1d37
10-1-2(2),1,attunet_pixel,42,mean_local_acute_angle_deg,annotation_mask_same_extractor,65.94127676600104,42.01621246423441,-23.925064301766632,23.925064301766632,36.28237952787451,valid,ok,ok,,,4b38a74ce55736e7f197e42aeba61399727ea00792e40e895bf41a3d30fe7957,9991ef36c72f5380ab501c3d6ff28354cd41726c45c294eb86d5da2237af1d37
10-1-2(3),0,attunet_pixel,42,dominant_path_length,annotation_mask_same_extractor,2345.481456229622,697.595021153619,-1647.886435076003,1647.886435076003,70.25791786582667,valid,ok,ok,,zero_length_angle_vector,0508c3be24e6c021d5aacff3b5010997bb235211f0adc484cda889c0830022b8,0bce24a28b341fc5906329976b0831fc259d21ee1224527bfcefb6c035d45c7f
10-1-2(3),0,attunet_pixel,42,retained_segment_count,annotation_mask_same_extractor,115,124,9.0,9.0,7.82608695652174,valid,ok,ok,,zero_length_angle_vector,0508c3be24e6c021d5aacff3b5010997bb235211f0adc484cda889c0830022b8,0bce24a28b341fc5906329976b0831fc259d21ee1224527bfcefb6c035d45c7f
10-1-2(3),0,attunet_pixel,42,junction_region_count,annotation_mask_same_extractor,84,81,-3.0,3.0,3.571428571428571,valid,ok,ok,,zero_length_angle_vector,0508c3be24e6c021d5aacff3b5010997bb235211f0adc484cda889c0830022b8,0bce24a28b341fc5906329976b0831fc259d21ee1224527bfcefb6c035d45c7f
10-1-2(3),0,attunet_pixel,42,mean_local_acute_angle_deg,annotation_mask_same_extractor,50.491311152922826,47.8618113907766,-2.6294997621462244,2.6294997621462244,5.20782626179437,valid,ok,ok,,zero_length_angle_vector,0508c3be24e6c021d5aacff3b5010997bb235211f0adc484cda889c0830022b8,0bce24a28b341fc5906329976b0831fc259d21ee1224527bfcefb6c035d45c7f
10-1-3,0,attunet_pixel,42,dominant_path_length,annotation_mask_same_extractor,2813.8023074034836,368.3380951166247,-2445.464212286859,2445.464212286859,86.9095958110675,valid,ok,ok,,zero_length_angle_vector,2cd8dd3611b047ab44310b595f5423ee107fb5f6bbd6f0ce078f5a1c70656dd8,dc0e6d971073689749714846b1f2e90d37dda10130c2e6928f76d3f4afc85c60
10-1-3,0,attunet_pixel,42,retained_segment_count,annotation_mask_same_extractor,172,165,-7.0,7.0,4.069767441860465,valid,ok,ok,,zero_length_angle_vector,2cd8dd3611b047ab44310b595f5423ee107fb5f6bbd6f0ce078f5a1c70656dd8,dc0e6d971073689749714846b1f2e90d37dda10130c2e6928f76d3f4afc85c60
10-1-3,0,attunet_pixel,42,junction_region_count,annotation_mask_same_extractor,123,120,-3.0,3.0,2.4390243902439024,valid,ok,ok,,zero_length_angle_vector,2cd8dd3611b047ab44310b595f5423ee107fb5f6bbd6f0ce078f5a1c70656dd8,dc0e6d971073689749714846b1f2e90d37dda10130c2e6928f76d3f4afc85c60
10-1-3,0,attunet_pixel,42,mean_local_acute_angle_deg,annotation_mask_same_extractor,50.036178890454096,39.13283410863579,-10.903344781818305,10.903344781818305,21.79092213593961,valid,ok,ok,,zero_length_angle_vector,2cd8dd3611b047ab44310b595f5423ee107fb5f6bbd6f0ce078f5a1c70656dd8,dc0e6d971073689749714846b1f2e90d37dda10130c2e6928f76d3f4afc85c60
10-1-9(1),3,attunet_pixel,42,dominant_path_length,annotation_mask_same_extractor,3092.5058428472184,959.9503602129466,-2132.555482634272,2132.555482634272,68.95881822072367,valid,ok,ok,zero_length_angle_vector,zero_length_angle_vector,6bdc1df0f3e1a66f56d545bec926abaf60b6bca31c0f8ea06ad939681c464d8a,f07389ae0fda0d4652f7616c37d01c66c061238421bb6a94fc4a4a4fbf36ddd5
10-1-9(1),3,attunet_pixel,42,retained_segment_count,annotation_mask_same_extractor,106,167,61.0,61.0,57.54716981132076,valid,ok,ok,zero_length_angle_vector,zero_length_angle_vector,6bdc1df0f3e1a66f56d545bec926abaf60b6bca31c0f8ea06ad939681c464d8a,f07389ae0fda0d4652f7616c37d01c66c061238421bb6a94fc4a4a4fbf36ddd5
10-1-9(1),3,attunet_pixel,42,junction_region_count,annotation_mask_same_extractor,91,150,59.0,59.0,64.83516483516483,valid,ok,ok,zero_length_angle_vector,zero_length_angle_vector,6bdc1df0f3e1a66f56d545bec926abaf60b6bca31c0f8ea06ad939681c464d8a,f07389ae0fda0d4652f7616c37d01c66c061238421bb6a94fc4a4a4fbf36ddd5
10-1-9(1),3,attunet_pixel,42,mean_local_acute_angle_deg,annotation_mask_same_extractor,62.85401304883498,50.323774134065694,-12.530238914769285,12.530238914769285,19.935463635446485,valid,ok,ok,zero_length_angle_vector,zero_length_angle_vector,6bdc1df0f3e1a66f56d545bec926abaf60b6bca31c0f8ea06ad939681c464d8a,f07389ae0fda0d4652f7616c37d01c66c061238421bb6a94fc4a4a4fbf36ddd5
10-1-9(2),3,attunet_pixel,42,dominant_path_length,annotation_mask_same_extractor,3383.6256838943486,1703.9158723275416,-1679.709811566807,1679.709811566807,49.64230587213071,valid,ok,ok,zero_length_angle_vector,zero_length_angle_vector,e68f65f812ffdebb564961ebaea365b072d4546ab06227eea2987e2d586b741c,e79fb24f06cc706649e35da21aa51bcf77ab6000a9849e73e6e0ae42f0f8419b
10-1-9(2),3,attunet_pixel,42,retained_segment_count,annotation_mask_same_extractor,71,90,19.0,19.0,26.76056338028169,valid,ok,ok,zero_length_angle_vector,zero_length_angle_vector,e68f65f812ffdebb564961ebaea365b072d4546ab06227eea2987e2d586b741c,e79fb24f06cc706649e35da21aa51bcf77ab6000a9849e73e6e0ae42f0f8419b
10-1-9(2),3,attunet_pixel,42,junction_region_count,annotation_mask_same_extractor,68,77,9.0,9.0,13.23529411764706,valid,ok,ok,zero_length_angle_vector,zero_length_angle_vector,e68f65f812ffdebb564961ebaea365b072d4546ab06227eea2987e2d586b741c,e79fb24f06cc706649e35da21aa51bcf77ab6000a9849e73e6e0ae42f0f8419b
10-1-9(2),3,attunet_pixel,42,mean_local_acute_angle_deg,annotation_mask_same_extractor,74.17544013119233,62.977858299571984,-11.197581831620347,11.197581831620347,15.096077369834882,valid,ok,ok,zero_length_angle_vector,zero_length_angle_vector,e68f65f812ffdebb564961ebaea365b072d4546ab06227eea2987e2d586b741c,e79fb24f06cc706649e35da21aa51bcf77ab6000a9849e73e6e0ae42f0f8419b
10-1-9(3),4,attunet_pixel,42,dominant_path_length,annotation_mask_same_extractor,3197.890619158038,624.2691193458138,-2573.621499812224,2573.621499812224,80.4787219548436,valid,ok,ok,zero_length_angle_vector,zero_length_angle_vector,a679e2e7ed9fdcb61509a97389dcfc4f21915719e2fb5feb5bf89f66c0d48f13,c91f207f32f5715e6877b255b375871a6b019e8eebf64bf0e97dd6adec972536
10-1-9(3),4,attunet_pixel,42,retained_segment_count,annotation_mask_same_extractor,41,134,93.0,93.0,226.8292682926829,valid,ok,ok,zero_length_angle_vector,zero_length_angle_vector,a679e2e7ed9fdcb61509a97389dcfc4f21915719e2fb5feb5bf89f66c0d48f13,c91f207f32f5715e6877b255b375871a6b019e8eebf64bf0e97dd6adec972536
10-1-9(3),4,attunet_pixel,42,junction_region_count,annotation_mask_same_extractor,28,93,65.0,65.0,232.14285714285717,valid,ok,ok,zero_length_angle_vector,zero_length_angle_vector,a679e2e7ed9fdcb61509a97389dcfc4f21915719e2fb5feb5bf89f66c0d48f13,c91f207f32f5715e6877b255b375871a6b019e8eebf64bf0e97dd6adec972536
10-1-9(3),4,attunet_pixel,42,mean_local_acute_angle_deg,annotation_mask_same_extractor,72.9003576118845,57.11876965023055,-15.781587961653955,15.781587961653955,21.648162613513954,valid,ok,ok,zero_length_angle_vector,zero_length_angle_vector,a679e2e7ed9fdcb61509a97389dcfc4f21915719e2fb5feb5bf89f66c0d48f13,c91f207f32f5715e6877b255b375871a6b019e8eebf64bf0e97dd6adec972536
10-2-1,0,attunet_pixel,42,dominant_path_length,annotation_mask_same_extractor,3683.691701072309,1917.3220766632044,-1766.3696244091047,1766.3696244091047,47.95107103819033,valid,ok,ok,,,fa084051c73ad9c7523229d0a267965c6c54c6c2f9b135b697a09f5f4d254434,059db2233784811265b9e65c64f49b7761af726a3cf1435a331d17edd62038b5
10-2-1,0,attunet_pixel,42,retained_segment_count,annotation_mask_same_extractor,226,248,22.0,22.0,9.734513274336283,valid,ok,ok,,,fa084051c73ad9c7523229d0a267965c6c54c6c2f9b135b697a09f5f4d254434,059db2233784811265b9e65c64f49b7761af726a3cf1435a331d17edd62038b5
10-2-1,0,attunet_pixel,42,junction_region_count,annotation_mask_same_extractor,188,198,10.0,10.0,5.319148936170213,valid,ok,ok,,,fa084051c73ad9c7523229d0a267965c6c54c6c2f9b135b697a09f5f4d254434,059db2233784811265b9e65c64f49b7761af726a3cf1435a331d17edd62038b5
10-2-1,0,attunet_pixel,42,mean_local_acute_angle_deg,annotation_mask_same_extractor,56.550116513732696,46.392444501094765,-10.157672012637931,10.157672012637931,17.962247717334463,valid,ok,ok,,,fa084051c73ad9c7523229d0a267965c6c54c6c2f9b135b697a09f5f4d254434,059db2233784811265b9e65c64f49b7761af726a3cf1435a331d17edd62038b5
10-2-2,3,attunet_pixel,42,dominant_path_length,annotation_mask_same_extractor,3768.2156544140043,3305.7282809987564,-462.48737341524793,462.48737341524793,12.273378591628651,valid,ok,ok,,zero_length_angle_vector,888178f6e1d682dbadbaecc08afac163678dd08a3e69f328f11b072009899c8c,2398c99bfa63a5809147f2b6d3cea90b0759db9ce7f0571b487f8b5c5a5d249b
10-2-2,3,attunet_pixel,42,retained_segment_count,annotation_mask_same_extractor,329,296,-33.0,33.0,10.030395136778116,valid,ok,ok,,zero_length_angle_vector,888178f6e1d682dbadbaecc08afac163678dd08a3e69f328f11b072009899c8c,2398c99bfa63a5809147f2b6d3cea90b0759db9ce7f0571b487f8b5c5a5d249b
10-2-2,3,attunet_pixel,42,junction_region_count,annotation_mask_same_extractor,293,269,-24.0,24.0,8.19112627986348,valid,ok,ok,,zero_length_angle_vector,888178f6e1d682dbadbaecc08afac163678dd08a3e69f328f11b072009899c8c,2398c99bfa63a5809147f2b6d3cea90b0759db9ce7f0571b487f8b5c5a5d249b
10-2-2,3,attunet_pixel,42,mean_local_acute_angle_deg,annotation_mask_same_extractor,59.493993970760265,56.698088342355064,-2.795905628405201,2.795905628405201,4.6994754290312315,valid,ok,ok,,zero_length_angle_vector,888178f6e1d682dbadbaecc08afac163678dd08a3e69f328f11b072009899c8c,2398c99bfa63a5809147f2b6d3cea90b0759db9ce7f0571b487f8b5c5a5d249b
10-2-3,3,attunet_pixel,42,dominant_path_length,annotation_mask_same_extractor,782.7442994522875,646.3107499061565,-136.43354954613096,136.43354954613096,17.430155625738585,valid,ok,ok,,,c128b6196f3a108faac4ed970bea2b3e2ee4f4c0090aafd759b5f39cfd31c0d6,4fb354b1466158958a3406a9da44418874f212fdc7f5f66315b8c02040f0a745
10-2-3,3,attunet_pixel,42,retained_segment_count,annotation_mask_same_extractor,27,49,22.0,22.0,81.48148148148148,valid,ok,ok,,,c128b6196f3a108faac4ed970bea2b3e2ee4f4c0090aafd759b5f39cfd31c0d6,4fb354b1466158958a3406a9da44418874f212fdc7f5f66315b8c02040f0a745
10-2-3,3,attunet_pixel,42,junction_region_count,annotation_mask_same_extractor,18,32,14.0,14.0,77.77777777777779,valid,ok,ok,,,c128b6196f3a108faac4ed970bea2b3e2ee4f4c0090aafd759b5f39cfd31c0d6,4fb354b1466158958a3406a9da44418874f212fdc7f5f66315b8c02040f0a745
10-2-3,3,attunet_pixel,42,mean_local_acute_angle_deg,annotation_mask_same_extractor,44.17449818904469,49.44474904257305,5.27025085352836,5.27025085352836,11.930527950706606,valid,ok,ok,,,c128b6196f3a108faac4ed970bea2b3e2ee4f4c0090aafd759b5f39cfd31c0d6,4fb354b1466158958a3406a9da44418874f212fdc7f5f66315b8c02040f0a745
10-2-4,0,attunet_pixel,42,dominant_path_length,annotation_mask_same_extractor,2714.1433611129814,982.695526217007,-1731.4478348959744,1731.4478348959744,63.793529100318565,valid,ok,ok,,zero_length_angle_vector,3c60314b040a032dd526925859d6800fc466b21b8dedb28d643c17c54668bc8b,e50dd28d59edc5aa57e9320819811c5c5e37cb536355abd7a1f5ae1761e8ef56
10-2-4,0,attunet_pixel,42,retained_segment_count,annotation_mask_same_extractor,104,129,25.0,25.0,24.03846153846154,valid,ok,ok,,zero_length_angle_vector,3c60314b040a032dd526925859d6800fc466b21b8dedb28d643c17c54668bc8b,e50dd28d59edc5aa57e9320819811c5c5e37cb536355abd7a1f5ae1761e8ef56
10-2-4,0,attunet_pixel,42,junction_region_count,annotation_mask_same_extractor,93,109,16.0,16.0,17.20430107526882,valid,ok,ok,,zero_length_angle_vector,3c60314b040a032dd526925859d6800fc466b21b8dedb28d643c17c54668bc8b,e50dd28d59edc5aa57e9320819811c5c5e37cb536355abd7a1f5ae1761e8ef56
10-2-4,0,attunet_pixel,42,mean_local_acute_angle_deg,annotation_mask_same_extractor,63.03310962332985,46.45410208571613,-16.57900753761372,16.57900753761372,26.302061942819794,valid,ok,ok,,zero_length_angle_vector,3c60314b040a032dd526925859d6800fc466b21b8dedb28d643c17c54668bc8b,e50dd28d59edc5aa57e9320819811c5c5e37cb536355abd7a1f5ae1761e8ef56
10-9-1,2,attunet_pixel,42,dominant_path_length,annotation_mask_same_extractor,2670.711903607907,2043.5596667164411,-627.1522368914659,627.1522368914659,23.482586648310363,valid,ok,ok,,zero_length_angle_vector,f909c402c7b2db20640a01e33f844ebeccd8ec430131c4fad30fd8305345ea91,75c82f23c4814465055455991656fbf6eb3bfde4393e03c34f88a05191b7f12c
10-9-1,2,attunet_pixel,42,retained_segment_count,annotation_mask_same_extractor,60,95,35.0,35.0,58.333333333333336,valid,ok,ok,,zero_length_angle_vector,f909c402c7b2db20640a01e33f844ebeccd8ec430131c4fad30fd8305345ea91,75c82f23c4814465055455991656fbf6eb3bfde4393e03c34f88a05191b7f12c
10-9-1,2,attunet_pixel,42,junction_region_count,annotation_mask_same_extractor,47,73,26.0,26.0,55.319148936170215,valid,ok,ok,,zero_length_angle_vector,f909c402c7b2db20640a01e33f844ebeccd8ec430131c4fad30fd8305345ea91,75c82f23c4814465055455991656fbf6eb3bfde4393e03c34f88a05191b7f12c
10-9-1,2,attunet_pixel,42,mean_local_acute_angle_deg,annotation_mask_same_extractor,45.79801641663758,48.250438247289914,2.4524218306523338,2.4524218306523338,5.354864735498487,valid,ok,ok,,zero_length_angle_vector,f909c402c7b2db20640a01e33f844ebeccd8ec430131c4fad30fd8305345ea91,75c82f23c4814465055455991656fbf6eb3bfde4393e03c34f88a05191b7f12c
10-9-2,4,attunet_pixel,42,dominant_path_length,annotation_mask_same_extractor,3136.0378054156913,3149.306924761497,13.269119345805848,13.269119345805848,0.42311732731318225,valid,ok,ok,,zero_length_angle_vector,97a6fbf3a148ba0641a27177bb2768e92fcab2d7f8bf002f6c2735617daf5cf2,98354f523de63abf9748c4700ad5ffbad97a59c0f78daf864f2a7759d4b0a979
10-9-2,4,attunet_pixel,42,retained_segment_count,annotation_mask_same_extractor,222,291,69.0,69.0,31.08108108108108,valid,ok,ok,,zero_length_angle_vector,97a6fbf3a148ba0641a27177bb2768e92fcab2d7f8bf002f6c2735617daf5cf2,98354f523de63abf9748c4700ad5ffbad97a59c0f78daf864f2a7759d4b0a979
10-9-2,4,attunet_pixel,42,junction_region_count,annotation_mask_same_extractor,205,245,40.0,40.0,19.51219512195122,valid,ok,ok,,zero_length_angle_vector,97a6fbf3a148ba0641a27177bb2768e92fcab2d7f8bf002f6c2735617daf5cf2,98354f523de63abf9748c4700ad5ffbad97a59c0f78daf864f2a7759d4b0a979
10-9-2,4,attunet_pixel,42,mean_local_acute_angle_deg,annotation_mask_same_extractor,60.533940641282705,49.895616742759906,-10.638323898522799,10.638323898522799,17.57414730616053,valid,ok,ok,,zero_length_angle_vector,97a6fbf3a148ba0641a27177bb2768e92fcab2d7f8bf002f6c2735617daf5cf2,98354f523de63abf9748c4700ad5ffbad97a59c0f78daf864f2a7759d4b0a979
10-9-3,0,attunet_pixel,42,dominant_path_length,annotation_mask_same_extractor,3235.23794899067,2198.454111019152,-1036.7838379715176,1036.7838379715176,32.04660226908422,valid,ok,ok,zero_length_angle_vector,zero_length_angle_vector,a23e4c9ae8b5cd333c9ee04c6a4a84de25c4388307e8463b068e3f8f45f8c58d,fe788e840b68598bf11a23885dc3b910b08ecea2876b19d69b13499d2ff268ba
10-9-3,0,attunet_pixel,42,retained_segment_count,annotation_mask_same_extractor,102,143,41.0,41.0,40.19607843137255,valid,ok,ok,zero_length_angle_vector,zero_length_angle_vector,a23e4c9ae8b5cd333c9ee04c6a4a84de25c4388307e8463b068e3f8f45f8c58d,fe788e840b68598bf11a23885dc3b910b08ecea2876b19d69b13499d2ff268ba
10-9-3,0,attunet_pixel,42,junction_region_count,annotation_mask_same_extractor,94,124,30.0,30.0,31.914893617021278,valid,ok,ok,zero_length_angle_vector,zero_length_angle_vector,a23e4c9ae8b5cd333c9ee04c6a4a84de25c4388307e8463b068e3f8f45f8c58d,fe788e840b68598bf11a23885dc3b910b08ecea2876b19d69b13499d2ff268ba
10-9-3,0,attunet_pixel,42,mean_local_acute_angle_deg,annotation_mask_same_extractor,62.02962831732245,56.17824950454325,-5.8513788127791955,5.8513788127791955,9.433199861920073,valid,ok,ok,zero_length_angle_vector,zero_length_angle_vector,a23e4c9ae8b5cd333c9ee04c6a4a84de25c4388307e8463b068e3f8f45f8c58d,fe788e840b68598bf11a23885dc3b910b08ecea2876b19d69b13499d2ff268ba
10-9-4,2,attunet_pixel,42,dominant_path_length,annotation_mask_same_extractor,3795.486865800912,1977.2560594852212,-1818.2308063156906,1818.2308063156906,47.905074384495684,valid,ok,ok,,zero_length_angle_vector,775edf7906167ea9e9ba868605a76fc739ed5aa32d5a1c9e3ec9a9a84e402ead,5f073c8926d1c31e86bcaf7a28fae8fac9bc17d7247395aa55e64f04c7eb16fa
10-9-4,2,attunet_pixel,42,retained_segment_count,annotation_mask_same_extractor,82,134,52.0,52.0,63.41463414634146,valid,ok,ok,,zero_length_angle_vector,775edf7906167ea9e9ba868605a76fc739ed5aa32d5a1c9e3ec9a9a84e402ead,5f073c8926d1c31e86bcaf7a28fae8fac9bc17d7247395aa55e64f04c7eb16fa
10-9-4,2,attunet_pixel,42,junction_region_count,annotation_mask_same_extractor,63,95,32.0,32.0,50.79365079365079,valid,ok,ok,,zero_length_angle_vector,775edf7906167ea9e9ba868605a76fc739ed5aa32d5a1c9e3ec9a9a84e402ead,5f073c8926d1c31e86bcaf7a28fae8fac9bc17d7247395aa55e64f04c7eb16fa
10-9-4,2,attunet_pixel,42,mean_local_acute_angle_deg,annotation_mask_same_extractor,43.610163723088185,50.50922171849072,6.899057995402536,6.899057995402536,15.819839703445146,valid,ok,ok,,zero_length_angle_vector,775edf7906167ea9e9ba868605a76fc739ed5aa32d5a1c9e3ec9a9a84e402ead,5f073c8926d1c31e86bcaf7a28fae8fac9bc17d7247395aa55e64f04c7eb16fa
235-10-11(1),3,attunet_pixel,42,dominant_path_length,annotation_mask_same_extractor,2994.397328557098,1435.6113985445484,-1558.7859300125494,1558.7859300125494,52.056749955881024,valid,ok,ok,,zero_length_angle_vector,9d52d033268cd4a5d237049ac4f43033746bfe49685933fe46cc01355c7ffcc7,a1bfbe3b8a3a262eadad404ecc93a9a5a5c9b9b9e667cc011b6ca3cb5616b420
235-10-11(1),3,attunet_pixel,42,retained_segment_count,annotation_mask_same_extractor,39,143,104.0,104.0,266.66666666666663,valid,ok,ok,,zero_length_angle_vector,9d52d033268cd4a5d237049ac4f43033746bfe49685933fe46cc01355c7ffcc7,a1bfbe3b8a3a262eadad404ecc93a9a5a5c9b9b9e667cc011b6ca3cb5616b420
235-10-11(1),3,attunet_pixel,42,junction_region_count,annotation_mask_same_extractor,31,106,75.0,75.0,241.93548387096774,valid,ok,ok,,zero_length_angle_vector,9d52d033268cd4a5d237049ac4f43033746bfe49685933fe46cc01355c7ffcc7,a1bfbe3b8a3a262eadad404ecc93a9a5a5c9b9b9e667cc011b6ca3cb5616b420
235-10-11(1),3,attunet_pixel,42,mean_local_acute_angle_deg,annotation_mask_same_extractor,53.361302278251465,49.20989300401178,-4.151409274239683,4.151409274239683,7.779812517678524,valid,ok,ok,,zero_length_angle_vector,9d52d033268cd4a5d237049ac4f43033746bfe49685933fe46cc01355c7ffcc7,a1bfbe3b8a3a262eadad404ecc93a9a5a5c9b9b9e667cc011b6ca3cb5616b420
235-10-11(2),1,attunet_pixel,42,dominant_path_length,annotation_mask_same_extractor,2805.9057710597435,720.3452377915621,-2085.5605332681816,2085.5605332681816,74.32753283373805,valid,ok,ok,,zero_length_angle_vector,5b712c674961fc82b6cbf219207fe1d3e1b0be3e2a6b4ba1f8eea53b3cdecde8,cc52a38fd3c4e8b6a7f54f8418f7f5c47ac37152112696e655d2f63d665ffb35
235-10-11(2),1,attunet_pixel,42,retained_segment_count,annotation_mask_same_extractor,44,86,42.0,42.0,95.45454545454545,valid,ok,ok,,zero_length_angle_vector,5b712c674961fc82b6cbf219207fe1d3e1b0be3e2a6b4ba1f8eea53b3cdecde8,cc52a38fd3c4e8b6a7f54f8418f7f5c47ac37152112696e655d2f63d665ffb35
235-10-11(2),1,attunet_pixel,42,junction_region_count,annotation_mask_same_extractor,32,51,19.0,19.0,59.375,valid,ok,ok,,zero_length_angle_vector,5b712c674961fc82b6cbf219207fe1d3e1b0be3e2a6b4ba1f8eea53b3cdecde8,cc52a38fd3c4e8b6a7f54f8418f7f5c47ac37152112696e655d2f63d665ffb35
235-10-11(2),1,attunet_pixel,42,mean_local_acute_angle_deg,annotation_mask_same_extractor,43.25362958365755,51.14030620833837,7.886676624680824,7.886676624680824,18.233560282905447,valid,ok,ok,,zero_length_angle_vector,5b712c674961fc82b6cbf219207fe1d3e1b0be3e2a6b4ba1f8eea53b3cdecde8,cc52a38fd3c4e8b6a7f54f8418f7f5c47ac37152112696e655d2f63d665ffb35
235-10-11(3),1,attunet_pixel,42,dominant_path_length,annotation_mask_same_extractor,3903.799348810616,1095.6021638285563,-2808.1971849820593,2808.1971849820593,71.93497754534035,valid,ok,ok,zero_length_angle_vector,zero_length_angle_vector,fa60085f010979fe70bd85f42f583537392b69473bae643033aaace4f1bfd685,3454e938760950b7613a451c24167b5d584765f28ea3e61f42c39e1cc0bf481d
235-10-11(3),1,attunet_pixel,42,retained_segment_count,annotation_mask_same_extractor,195,280,85.0,85.0,43.58974358974359,valid,ok,ok,zero_length_angle_vector,zero_length_angle_vector,fa60085f010979fe70bd85f42f583537392b69473bae643033aaace4f1bfd685,3454e938760950b7613a451c24167b5d584765f28ea3e61f42c39e1cc0bf481d
235-10-11(3),1,attunet_pixel,42,junction_region_count,annotation_mask_same_extractor,171,210,39.0,39.0,22.807017543859647,valid,ok,ok,zero_length_angle_vector,zero_length_angle_vector,fa60085f010979fe70bd85f42f583537392b69473bae643033aaace4f1bfd685,3454e938760950b7613a451c24167b5d584765f28ea3e61f42c39e1cc0bf481d
235-10-11(3),1,attunet_pixel,42,mean_local_acute_angle_deg,annotation_mask_same_extractor,59.57250840324565,44.98264166634267,-14.589866736902977,14.589866736902977,24.490939072339092,valid,ok,ok,zero_length_angle_vector,zero_length_angle_vector,fa60085f010979fe70bd85f42f583537392b69473bae643033aaace4f1bfd685,3454e938760950b7613a451c24167b5d584765f28ea3e61f42c39e1cc0bf481d
235-10-12(1),4,attunet_pixel,42,dominant_path_length,annotation_mask_same_extractor,2001.4427842621224,1095.9768388716416,-905.4659453904808,905.4659453904808,45.2406610126655,valid,ok,ok,,zero_length_angle_vector,18b9363d37a62a519d147178d26a24d6b4b802b892db690b5190ad39f8a39884,1fd24183e686b7846e5f81482ba4f3dd621ff951c4122363c8c456961296e424
235-10-12(1),4,attunet_pixel,42,retained_segment_count,annotation_mask_same_extractor,134,117,-17.0,17.0,12.686567164179104,valid,ok,ok,,zero_length_angle_vector,18b9363d37a62a519d147178d26a24d6b4b802b892db690b5190ad39f8a39884,1fd24183e686b7846e5f81482ba4f3dd621ff951c4122363c8c456961296e424
235-10-12(1),4,attunet_pixel,42,junction_region_count,annotation_mask_same_extractor,112,90,-22.0,22.0,19.642857142857142,valid,ok,ok,,zero_length_angle_vector,18b9363d37a62a519d147178d26a24d6b4b802b892db690b5190ad39f8a39884,1fd24183e686b7846e5f81482ba4f3dd621ff951c4122363c8c456961296e424
235-10-12(1),4,attunet_pixel,42,mean_local_acute_angle_deg,annotation_mask_same_extractor,53.181513697065846,47.86819668850539,-5.313317008560453,5.313317008560453,9.990909696227023,valid,ok,ok,,zero_length_angle_vector,18b9363d37a62a519d147178d26a24d6b4b802b892db690b5190ad39f8a39884,1fd24183e686b7846e5f81482ba4f3dd621ff951c4122363c8c456961296e424
235-10-12(2),0,attunet_pixel,42,dominant_path_length,annotation_mask_same_extractor,3327.9141392239435,1372.0945878777325,-1955.819551346211,1955.819551346211,58.77013256725129,valid,ok,ok,,zero_length_angle_vector,3f320f9a413c704ff148c35538663d08b34fdafa0044a66241f691b28db5db7b,95cc2f1fbee00301029d9b15c91d60e1d115994e95a54463aafdb5449f5e380d
235-10-12(2),0,attunet_pixel,42,retained_segment_count,annotation_mask_same_extractor,98,123,25.0,25.0,25.510204081632654,valid,ok,ok,,zero_length_angle_vector,3f320f9a413c704ff148c35538663d08b34fdafa0044a66241f691b28db5db7b,95cc2f1fbee00301029d9b15c91d60e1d115994e95a54463aafdb5449f5e380d
235-10-12(2),0,attunet_pixel,42,junction_region_count,annotation_mask_same_extractor,79,123,44.0,44.0,55.69620253164557,valid,ok,ok,,zero_length_angle_vector,3f320f9a413c704ff148c35538663d08b34fdafa0044a66241f691b28db5db7b,95cc2f1fbee00301029d9b15c91d60e1d115994e95a54463aafdb5449f5e380d
235-10-12(2),0,attunet_pixel,42,mean_local_acute_angle_deg,annotation_mask_same_extractor,62.31932305515474,50.48564276930797,-11.833680285846768,11.833680285846768,18.988781818720263,valid,ok,ok,,zero_length_angle_vector,3f320f9a413c704ff148c35538663d08b34fdafa0044a66241f691b28db5db7b,95cc2f1fbee00301029d9b15c91d60e1d115994e95a54463aafdb5449f5e380d
235-10-12(3),1,attunet_pixel,42,dominant_path_length,annotation_mask_same_extractor,3338.9221484506097,1385.8813844421356,-1953.040764008474,1953.040764008474,58.493150698789464,valid,ok,ok,zero_length_angle_vector,zero_length_angle_vector,06cb03ea2bad65c89fe30627bf1d69fb7bd50a7bc6f48ee697c5830e39ef08b3,0a777e50f75deff60142e07ca6d1343a52b25c310bad7627516f82ed7c5f8bfa
235-10-12(3),1,attunet_pixel,42,retained_segment_count,annotation_mask_same_extractor,248,309,61.0,61.0,24.596774193548388,valid,ok,ok,zero_length_angle_vector,zero_length_angle_vector,06cb03ea2bad65c89fe30627bf1d69fb7bd50a7bc6f48ee697c5830e39ef08b3,0a777e50f75deff60142e07ca6d1343a52b25c310bad7627516f82ed7c5f8bfa
235-10-12(3),1,attunet_pixel,42,junction_region_count,annotation_mask_same_extractor,210,242,32.0,32.0,15.238095238095239,valid,ok,ok,zero_length_angle_vector,zero_length_angle_vector,06cb03ea2bad65c89fe30627bf1d69fb7bd50a7bc6f48ee697c5830e39ef08b3,0a777e50f75deff60142e07ca6d1343a52b25c310bad7627516f82ed7c5f8bfa
235-10-12(3),1,attunet_pixel,42,mean_local_acute_angle_deg,annotation_mask_same_extractor,56.12825058978015,44.45065671328535,-11.677593876494804,11.677593876494804,20.805198369430496,valid,ok,ok,zero_length_angle_vector,zero_length_angle_vector,06cb03ea2bad65c89fe30627bf1d69fb7bd50a7bc6f48ee697c5830e39ef08b3,0a777e50f75deff60142e07ca6d1343a52b25c310bad7627516f82ed7c5f8bfa
235-25-6(1),2,attunet_pixel,42,dominant_path_length,annotation_mask_same_extractor,2364.349421873661,1050.9869401394067,-1313.3624817342543,1313.3624817342543,55.548577954838095,valid,ok,ok,,zero_length_angle_vector,81d217e87b63701eb36c3a0b141a738b1f3dd596f793222514893c0a771fc94d,9a552aec71e4b26d70fa6451830132221b37193cfdb5ec8e536a8e7f472a1c3f
235-25-6(1),2,attunet_pixel,42,retained_segment_count,annotation_mask_same_extractor,27,53,26.0,26.0,96.29629629629629,valid,ok,ok,,zero_length_angle_vector,81d217e87b63701eb36c3a0b141a738b1f3dd596f793222514893c0a771fc94d,9a552aec71e4b26d70fa6451830132221b37193cfdb5ec8e536a8e7f472a1c3f
235-25-6(1),2,attunet_pixel,42,junction_region_count,annotation_mask_same_extractor,21,35,14.0,14.0,66.66666666666666,valid,ok,ok,,zero_length_angle_vector,81d217e87b63701eb36c3a0b141a738b1f3dd596f793222514893c0a771fc94d,9a552aec71e4b26d70fa6451830132221b37193cfdb5ec8e536a8e7f472a1c3f
235-25-6(1),2,attunet_pixel,42,mean_local_acute_angle_deg,annotation_mask_same_extractor,63.4461979910307,54.58156385266245,-8.864634138368253,8.864634138368253,13.971891806064459,valid,ok,ok,,zero_length_angle_vector,81d217e87b63701eb36c3a0b141a738b1f3dd596f793222514893c0a771fc94d,9a552aec71e4b26d70fa6451830132221b37193cfdb5ec8e536a8e7f472a1c3f
235-25-6(2),4,attunet_pixel,42,dominant_path_length,annotation_mask_same_extractor,1377.430590953303,934.5605332682138,-442.87005768508914,442.87005768508914,32.15189647984979,valid,ok,ok,,zero_length_angle_vector,07fd844e7f853a14fb82235228caf5997075e001697d881b5a753f8be11ad9ff,941913775df4310a273b3f5385fe20db210481c6440d6d3391f408fbcda59bdf
235-25-6(2),4,attunet_pixel,42,retained_segment_count,annotation_mask_same_extractor,90,72,-18.0,18.0,20.0,valid,ok,ok,,zero_length_angle_vector,07fd844e7f853a14fb82235228caf5997075e001697d881b5a753f8be11ad9ff,941913775df4310a273b3f5385fe20db210481c6440d6d3391f408fbcda59bdf
235-25-6(2),4,attunet_pixel,42,junction_region_count,annotation_mask_same_extractor,63,53,-10.0,10.0,15.873015873015872,valid,ok,ok,,zero_length_angle_vector,07fd844e7f853a14fb82235228caf5997075e001697d881b5a753f8be11ad9ff,941913775df4310a273b3f5385fe20db210481c6440d6d3391f408fbcda59bdf
235-25-6(2),4,attunet_pixel,42,mean_local_acute_angle_deg,annotation_mask_same_extractor,48.93734100767138,50.01067641397481,1.0733354063034284,1.0733354063034284,2.1932850951897307,valid,ok,ok,,zero_length_angle_vector,07fd844e7f853a14fb82235228caf5997075e001697d881b5a753f8be11ad9ff,941913775df4310a273b3f5385fe20db210481c6440d6d3391f408fbcda59bdf
235-25-7(1),2,attunet_pixel,42,dominant_path_length,annotation_mask_same_extractor,2998.8439379638457,2070.2388155425174,-928.6051224213284,928.6051224213284,30.965436735992085,valid,ok,ok,,,7497c2c9ff553aa7c2dd4141a59b027c8c75f67dc2bccba4cc857927d6dbf16d,de91250b81b077e1aead19b2c4ea66e4ce8b977aabac3ad94f25a4577903e6a6
235-25-7(1),2,attunet_pixel,42,retained_segment_count,annotation_mask_same_extractor,230,158,-72.0,72.0,31.30434782608696,valid,ok,ok,,,7497c2c9ff553aa7c2dd4141a59b027c8c75f67dc2bccba4cc857927d6dbf16d,de91250b81b077e1aead19b2c4ea66e4ce8b977aabac3ad94f25a4577903e6a6
235-25-7(1),2,attunet_pixel,42,junction_region_count,annotation_mask_same_extractor,208,135,-73.0,73.0,35.09615384615385,valid,ok,ok,,,7497c2c9ff553aa7c2dd4141a59b027c8c75f67dc2bccba4cc857927d6dbf16d,de91250b81b077e1aead19b2c4ea66e4ce8b977aabac3ad94f25a4577903e6a6
235-25-7(1),2,attunet_pixel,42,mean_local_acute_angle_deg,annotation_mask_same_extractor,56.8053052093956,49.91946629341327,-6.885838915982326,6.885838915982326,12.121823640590893,valid,ok,ok,,,7497c2c9ff553aa7c2dd4141a59b027c8c75f67dc2bccba4cc857927d6dbf16d,de91250b81b077e1aead19b2c4ea66e4ce8b977aabac3ad94f25a4577903e6a6
235-25-7(2),2,attunet_pixel,42,dominant_path_length,annotation_mask_same_extractor,1249.092495836678,1214.2295808265262,-34.86291501015171,34.86291501015171,2.7910595193192265,valid,ok,ok,,zero_length_angle_vector,2131528edadfa652c430e59c756f4b7a69ff50f6d858967b29f0984a2a5a1f3d,a93cf0c9db8b7a07390f9b229f0cfb14766248a8bc73e26e22395084d28648e5
235-25-7(2),2,attunet_pixel,42,retained_segment_count,annotation_mask_same_extractor,94,65,-29.0,29.0,30.851063829787233,valid,ok,ok,,zero_length_angle_vector,2131528edadfa652c430e59c756f4b7a69ff50f6d858967b29f0984a2a5a1f3d,a93cf0c9db8b7a07390f9b229f0cfb14766248a8bc73e26e22395084d28648e5
235-25-7(2),2,attunet_pixel,42,junction_region_count,annotation_mask_same_extractor,74,52,-22.0,22.0,29.72972972972973,valid,ok,ok,,zero_length_angle_vector,2131528edadfa652c430e59c756f4b7a69ff50f6d858967b29f0984a2a5a1f3d,a93cf0c9db8b7a07390f9b229f0cfb14766248a8bc73e26e22395084d28648e5
235-25-7(2),2,attunet_pixel,42,mean_local_acute_angle_deg,annotation_mask_same_extractor,51.18427192297171,49.16552811438579,-2.018743808585917,2.018743808585917,3.944070576258205,valid,ok,ok,,zero_length_angle_vector,2131528edadfa652c430e59c756f4b7a69ff50f6d858967b29f0984a2a5a1f3d,a93cf0c9db8b7a07390f9b229f0cfb14766248a8bc73e26e22395084d28648e5
235-25-7(3),2,attunet_pixel,42,dominant_path_length,annotation_mask_same_extractor,3042.988165628605,1155.9503602129464,-1887.0378054156588,1887.0378054156588,62.012656727695294,valid,ok,ok,zero_length_angle_vector,zero_length_angle_vector,2c8b120debe12fd303a7f06497770c03ad10375f80aac91a1feeabe828c5d6e3,b3dc1abbdc51c7e12c2dd26dfbecc304596c70467c0492c5a68414590ddd0dc0
235-25-7(3),2,attunet_pixel,42,retained_segment_count,annotation_mask_same_extractor,86,114,28.0,28.0,32.55813953488372,valid,ok,ok,zero_length_angle_vector,zero_length_angle_vector,2c8b120debe12fd303a7f06497770c03ad10375f80aac91a1feeabe828c5d6e3,b3dc1abbdc51c7e12c2dd26dfbecc304596c70467c0492c5a68414590ddd0dc0
235-25-7(3),2,attunet_pixel,42,junction_region_count,annotation_mask_same_extractor,69,85,16.0,16.0,23.18840579710145,valid,ok,ok,zero_length_angle_vector,zero_length_angle_vector,2c8b120debe12fd303a7f06497770c03ad10375f80aac91a1feeabe828c5d6e3,b3dc1abbdc51c7e12c2dd26dfbecc304596c70467c0492c5a68414590ddd0dc0
235-25-7(3),2,attunet_pixel,42,mean_local_acute_angle_deg,annotation_mask_same_extractor,40.34148473985392,52.321040496188516,11.979555756334598,11.979555756334598,29.69537644334599,valid,ok,ok,zero_length_angle_vector,zero_length_angle_vector,2c8b120debe12fd303a7f06497770c03ad10375f80aac91a1feeabe828c5d6e3,b3dc1abbdc51c7e12c2dd26dfbecc304596c70467c0492c5a68414590ddd0dc0
235-25-9(1),4,attunet_pixel,42,dominant_path_length,annotation_mask_same_extractor,3126.4490603852128,744.1736649163083,-2382.275395468904,2382.275395468904,76.19747993512428,valid,ok,ok,,zero_length_angle_vector,a44aabe48936de7e267908875859f9c440963c013122db96ca7e12819915e47a,be20ea77bab42165e8e06ac8e34bf84fbb041a51f4e611f0b280e4258292187e
235-25-9(1),4,attunet_pixel,42,retained_segment_count,annotation_mask_same_extractor,81,90,9.0,9.0,11.11111111111111,valid,ok,ok,,zero_length_angle_vector,a44aabe48936de7e267908875859f9c440963c013122db96ca7e12819915e47a,be20ea77bab42165e8e06ac8e34bf84fbb041a51f4e611f0b280e4258292187e
235-25-9(1),4,attunet_pixel,42,junction_region_count,annotation_mask_same_extractor,71,85,14.0,14.0,19.718309859154928,valid,ok,ok,,zero_length_angle_vector,a44aabe48936de7e267908875859f9c440963c013122db96ca7e12819915e47a,be20ea77bab42165e8e06ac8e34bf84fbb041a51f4e611f0b280e4258292187e
235-25-9(1),4,attunet_pixel,42,mean_local_acute_angle_deg,annotation_mask_same_extractor,56.36650915301412,39.08970462117968,-17.276804531834443,17.276804531834443,30.65083289961126,valid,ok,ok,,zero_length_angle_vector,a44aabe48936de7e267908875859f9c440963c013122db96ca7e12819915e47a,be20ea77bab42165e8e06ac8e34bf84fbb041a51f4e611f0b280e4258292187e
235-25-9(2),4,attunet_pixel,42,dominant_path_length,annotation_mask_same_extractor,1133.901586977666,806.293505963454,-327.6080810142121,327.6080810142121,28.892108872290063,valid,ok,ok,,zero_length_angle_vector,078e2f40e0375f4163f04a89f798c84e04ad144ea99252428ef60b382a208150,c44a18c3bbea5cc3162ea1b955788a32705aaf794a6d4a86c1dc8b28f85548f2
235-25-9(2),4,attunet_pixel,42,retained_segment_count,annotation_mask_same_extractor,72,43,-29.0,29.0,40.27777777777778,valid,ok,ok,,zero_length_angle_vector,078e2f40e0375f4163f04a89f798c84e04ad144ea99252428ef60b382a208150,c44a18c3bbea5cc3162ea1b955788a32705aaf794a6d4a86c1dc8b28f85548f2
235-25-9(2),4,attunet_pixel,42,junction_region_count,annotation_mask_same_extractor,58,32,-26.0,26.0,44.827586206896555,valid,ok,ok,,zero_length_angle_vector,078e2f40e0375f4163f04a89f798c84e04ad144ea99252428ef60b382a208150,c44a18c3bbea5cc3162ea1b955788a32705aaf794a6d4a86c1dc8b28f85548f2
235-25-9(2),4,attunet_pixel,42,mean_local_acute_angle_deg,annotation_mask_same_extractor,48.80355339734289,46.524045423502756,-2.2795079738401327,2.2795079738401327,4.670782791738769,valid,ok,ok,,zero_length_angle_vector,078e2f40e0375f4163f04a89f798c84e04ad144ea99252428ef60b382a208150,c44a18c3bbea5cc3162ea1b955788a32705aaf794a6d4a86c1dc8b28f85548f2
235-25-9(3),1,attunet_pixel,42,dominant_path_length,annotation_mask_same_extractor,3014.9961748553196,718.4772721475282,-2296.5189027077913,2296.5189027077913,76.16987782142026,valid,ok,ok,,zero_length_angle_vector,04c79fb7e355280d60cd560ee7fce5e6be4db79fc76c2cc62ba5beb9dc7281f5,38b66a5af36f3011d0d4a3ebc5d8d3adc68a8abb4b966a6502946bd0fcaaa5d4
235-25-9(3),1,attunet_pixel,42,retained_segment_count,annotation_mask_same_extractor,162,166,4.0,4.0,2.4691358024691357,valid,ok,ok,,zero_length_angle_vector,04c79fb7e355280d60cd560ee7fce5e6be4db79fc76c2cc62ba5beb9dc7281f5,38b66a5af36f3011d0d4a3ebc5d8d3adc68a8abb4b966a6502946bd0fcaaa5d4
235-25-9(3),1,attunet_pixel,42,junction_region_count,annotation_mask_same_extractor,148,118,-30.0,30.0,20.27027027027027,valid,ok,ok,,zero_length_angle_vector,04c79fb7e355280d60cd560ee7fce5e6be4db79fc76c2cc62ba5beb9dc7281f5,38b66a5af36f3011d0d4a3ebc5d8d3adc68a8abb4b966a6502946bd0fcaaa5d4
235-25-9(3),1,attunet_pixel,42,mean_local_acute_angle_deg,annotation_mask_same_extractor,63.95431651066043,45.09763179805125,-18.85668471260918,18.85668471260918,29.484616115733157,valid,ok,ok,,zero_length_angle_vector,04c79fb7e355280d60cd560ee7fce5e6be4db79fc76c2cc62ba5beb9dc7281f5,38b66a5af36f3011d0d4a3ebc5d8d3adc68a8abb4b966a6502946bd0fcaaa5d4
447-1-1,1,attunet_pixel,42,dominant_path_length,annotation_mask_same_extractor,3911.385135248214,2647.6824663563784,-1263.7026688918354,1263.7026688918354,32.3083159851412,valid,ok,ok,,zero_length_angle_vector,67a3ba2f50251e390c617a86eba391a70dc650351761a8b7c955b3e97cd90123,050a4aa7cde9bc0beee001e3da60bb30e9e04ca5bd299cbfbca1ded0b7696048
447-1-1,1,attunet_pixel,42,retained_segment_count,annotation_mask_same_extractor,293,279,-14.0,14.0,4.778156996587031,valid,ok,ok,,zero_length_angle_vector,67a3ba2f50251e390c617a86eba391a70dc650351761a8b7c955b3e97cd90123,050a4aa7cde9bc0beee001e3da60bb30e9e04ca5bd299cbfbca1ded0b7696048
447-1-1,1,attunet_pixel,42,junction_region_count,annotation_mask_same_extractor,271,197,-74.0,74.0,27.30627306273063,valid,ok,ok,,zero_length_angle_vector,67a3ba2f50251e390c617a86eba391a70dc650351761a8b7c955b3e97cd90123,050a4aa7cde9bc0beee001e3da60bb30e9e04ca5bd299cbfbca1ded0b7696048
447-1-1,1,attunet_pixel,42,mean_local_acute_angle_deg,annotation_mask_same_extractor,61.706177398538195,52.10121138291047,-9.604966015627724,9.604966015627724,15.565647428769852,valid,ok,ok,,zero_length_angle_vector,67a3ba2f50251e390c617a86eba391a70dc650351761a8b7c955b3e97cd90123,050a4aa7cde9bc0beee001e3da60bb30e9e04ca5bd299cbfbca1ded0b7696048
447-1-1(1),1,attunet_pixel,42,dominant_path_length,annotation_mask_same_extractor,3219.268252793949,857.9777054234146,-2361.2905473705346,2361.2905473705346,73.34867311294143,valid,ok,ok,,zero_length_angle_vector,0d1ba7e5e04b19e049d833c898b8b5dfd329ae106055ed93825b5e45ffe6aa84,6b89dcc2f60fbbd3d4ab5b427a6f3c976f17a8044f3599b73f9d048e46086147
447-1-1(1),1,attunet_pixel,42,retained_segment_count,annotation_mask_same_extractor,138,143,5.0,5.0,3.6231884057971016,valid,ok,ok,,zero_length_angle_vector,0d1ba7e5e04b19e049d833c898b8b5dfd329ae106055ed93825b5e45ffe6aa84,6b89dcc2f60fbbd3d4ab5b427a6f3c976f17a8044f3599b73f9d048e46086147
447-1-1(1),1,attunet_pixel,42,junction_region_count,annotation_mask_same_extractor,130,107,-23.0,23.0,17.692307692307693,valid,ok,ok,,zero_length_angle_vector,0d1ba7e5e04b19e049d833c898b8b5dfd329ae106055ed93825b5e45ffe6aa84,6b89dcc2f60fbbd3d4ab5b427a6f3c976f17a8044f3599b73f9d048e46086147
447-1-1(1),1,attunet_pixel,42,mean_local_acute_angle_deg,annotation_mask_same_extractor,67.79905715669001,50.16827235313769,-17.630784803552324,17.630784803552324,26.004469004349012,valid,ok,ok,,zero_length_angle_vector,0d1ba7e5e04b19e049d833c898b8b5dfd329ae106055ed93825b5e45ffe6aa84,6b89dcc2f60fbbd3d4ab5b427a6f3c976f17a8044f3599b73f9d048e46086147
7-1-3(1),4,attunet_pixel,42,dominant_path_length,annotation_mask_same_extractor,3591.411613906912,3386.113057309645,-205.29855659726718,205.29855659726718,5.716375026529845,valid,ok,ok,,zero_length_angle_vector,bba8ccc94987683932ee1142fbfdf5f18f0e90a532fe1e011e5e0387316a0102,c4507865012dca49ade83f6a11cd9cfa3d9234ba2dfc28fbf8ddac6ebc40079f
7-1-3(1),4,attunet_pixel,42,retained_segment_count,annotation_mask_same_extractor,415,298,-117.0,117.0,28.19277108433735,valid,ok,ok,,zero_length_angle_vector,bba8ccc94987683932ee1142fbfdf5f18f0e90a532fe1e011e5e0387316a0102,c4507865012dca49ade83f6a11cd9cfa3d9234ba2dfc28fbf8ddac6ebc40079f
7-1-3(1),4,attunet_pixel,42,junction_region_count,annotation_mask_same_extractor,370,231,-139.0,139.0,37.567567567567565,valid,ok,ok,,zero_length_angle_vector,bba8ccc94987683932ee1142fbfdf5f18f0e90a532fe1e011e5e0387316a0102,c4507865012dca49ade83f6a11cd9cfa3d9234ba2dfc28fbf8ddac6ebc40079f
7-1-3(1),4,attunet_pixel,42,mean_local_acute_angle_deg,annotation_mask_same_extractor,52.19068191429416,46.860611138636024,-5.330070775658136,5.330070775658136,10.212686594919386,valid,ok,ok,,zero_length_angle_vector,bba8ccc94987683932ee1142fbfdf5f18f0e90a532fe1e011e5e0387316a0102,c4507865012dca49ade83f6a11cd9cfa3d9234ba2dfc28fbf8ddac6ebc40079f
7-1-3(2),4,attunet_pixel,42,dominant_path_length,annotation_mask_same_extractor,2479.356564548581,2257.9423509862177,-221.41421356236333,221.41421356236333,8.930309449164543,valid,ok,ok,,zero_length_angle_vector,28862657685f711ee260dae48d326375279a0325e0e0c82a6692a9516004f3bb,a83b07c910a4cf38e6e48d36e4bdf1334f95417215f3f9eb74ff17bfae17e34f
7-1-3(2),4,attunet_pixel,42,retained_segment_count,annotation_mask_same_extractor,239,173,-66.0,66.0,27.615062761506277,valid,ok,ok,,zero_length_angle_vector,28862657685f711ee260dae48d326375279a0325e0e0c82a6692a9516004f3bb,a83b07c910a4cf38e6e48d36e4bdf1334f95417215f3f9eb74ff17bfae17e34f
7-1-3(2),4,attunet_pixel,42,junction_region_count,annotation_mask_same_extractor,201,123,-78.0,78.0,38.80597014925373,valid,ok,ok,,zero_length_angle_vector,28862657685f711ee260dae48d326375279a0325e0e0c82a6692a9516004f3bb,a83b07c910a4cf38e6e48d36e4bdf1334f95417215f3f9eb74ff17bfae17e34f
7-1-3(2),4,attunet_pixel,42,mean_local_acute_angle_deg,annotation_mask_same_extractor,52.02063707468777,44.63955310283672,-7.381083971851048,7.381083971851048,14.188761205007502,valid,ok,ok,,zero_length_angle_vector,28862657685f711ee260dae48d326375279a0325e0e0c82a6692a9516004f3bb,a83b07c910a4cf38e6e48d36e4bdf1334f95417215f3f9eb74ff17bfae17e34f
7-1-3(3),0,attunet_pixel,42,dominant_path_length,annotation_mask_same_extractor,3139.476405595674,1685.0062761231648,-1454.4701294725091,1454.4701294725091,46.32843001718762,valid,ok,ok,zero_length_angle_vector,zero_length_angle_vector,eb3582ff4719e2750a945bfec7af39008d621c1fbaba7f242e61cf5fb5af1392,28c925e0b36c9718e61a7c239d2d9eca376d02294a1b75e3ecb214a313378d82
7-1-3(3),0,attunet_pixel,42,retained_segment_count,annotation_mask_same_extractor,234,287,53.0,53.0,22.64957264957265,valid,ok,ok,zero_length_angle_vector,zero_length_angle_vector,eb3582ff4719e2750a945bfec7af39008d621c1fbaba7f242e61cf5fb5af1392,28c925e0b36c9718e61a7c239d2d9eca376d02294a1b75e3ecb214a313378d82
7-1-3(3),0,attunet_pixel,42,junction_region_count,annotation_mask_same_extractor,206,238,32.0,32.0,15.53398058252427,valid,ok,ok,zero_length_angle_vector,zero_length_angle_vector,eb3582ff4719e2750a945bfec7af39008d621c1fbaba7f242e61cf5fb5af1392,28c925e0b36c9718e61a7c239d2d9eca376d02294a1b75e3ecb214a313378d82
7-1-3(3),0,attunet_pixel,42,mean_local_acute_angle_deg,annotation_mask_same_extractor,55.62685066639042,51.6357334992706,-3.9911171671198176,3.9911171671198176,7.1748033895638805,valid,ok,ok,zero_length_angle_vector,zero_length_angle_vector,eb3582ff4719e2750a945bfec7af39008d621c1fbaba7f242e61cf5fb5af1392,28c925e0b36c9718e61a7c239d2d9eca376d02294a1b75e3ecb214a313378d82
7-1-6(1),0,attunet_pixel,42,dominant_path_length,annotation_mask_same_extractor,3188.726188957766,2162.9028124669385,-1025.8233764908277,1025.8233764908277,32.17031866966658,valid,ok,ok,,zero_length_angle_vector,cba0254b9e9151f7e11554a8e70e85d3aae5e2a96042767c54979c286faeb9a4,94fb8f6454a64fe15496c37d63cdad0b99ff88f6867f0e4a13ea355ab384d8c7
7-1-6(1),0,attunet_pixel,42,retained_segment_count,annotation_mask_same_extractor,300,259,-41.0,41.0,13.666666666666666,valid,ok,ok,,zero_length_angle_vector,cba0254b9e9151f7e11554a8e70e85d3aae5e2a96042767c54979c286faeb9a4,94fb8f6454a64fe15496c37d63cdad0b99ff88f6867f0e4a13ea355ab384d8c7
7-1-6(1),0,attunet_pixel,42,junction_region_count,annotation_mask_same_extractor,268,230,-38.0,38.0,14.17910447761194,valid,ok,ok,,zero_length_angle_vector,cba0254b9e9151f7e11554a8e70e85d3aae5e2a96042767c54979c286faeb9a4,94fb8f6454a64fe15496c37d63cdad0b99ff88f6867f0e4a13ea355ab384d8c7
7-1-6(1),0,attunet_pixel,42,mean_local_acute_angle_deg,annotation_mask_same_extractor,57.71657823171459,52.39471792606847,-5.321860305646119,5.321860305646119,9.220678821742448,valid,ok,ok,,zero_length_angle_vector,cba0254b9e9151f7e11554a8e70e85d3aae5e2a96042767c54979c286faeb9a4,94fb8f6454a64fe15496c37d63cdad0b99ff88f6867f0e4a13ea355ab384d8c7
7-1-6(2),3,attunet_pixel,42,dominant_path_length,annotation_mask_same_extractor,4815.678641211786,3861.92633253271,-953.7523086790761,953.7523086790761,19.805148552003047,valid,ok,ok,zero_length_angle_vector,zero_length_angle_vector,e3aea5a1ab8ea31c284842492594be58ed37bba1e364b53dc239f9c47cd34693,c878e6788801e74117a8105af5d7382eee8984c3f0bcf792f00f65cf13a4f784
7-1-6(2),3,attunet_pixel,42,retained_segment_count,annotation_mask_same_extractor,436,453,17.0,17.0,3.89908256880734,valid,ok,ok,zero_length_angle_vector,zero_length_angle_vector,e3aea5a1ab8ea31c284842492594be58ed37bba1e364b53dc239f9c47cd34693,c878e6788801e74117a8105af5d7382eee8984c3f0bcf792f00f65cf13a4f784
7-1-6(2),3,attunet_pixel,42,junction_region_count,annotation_mask_same_extractor,321,368,47.0,47.0,14.641744548286603,valid,ok,ok,zero_length_angle_vector,zero_length_angle_vector,e3aea5a1ab8ea31c284842492594be58ed37bba1e364b53dc239f9c47cd34693,c878e6788801e74117a8105af5d7382eee8984c3f0bcf792f00f65cf13a4f784
7-1-6(2),3,attunet_pixel,42,mean_local_acute_angle_deg,annotation_mask_same_extractor,45.76167325566849,48.69072220158252,2.929048945914026,2.929048945914026,6.4006596296196525,valid,ok,ok,zero_length_angle_vector,zero_length_angle_vector,e3aea5a1ab8ea31c284842492594be58ed37bba1e364b53dc239f9c47cd34693,c878e6788801e74117a8105af5d7382eee8984c3f0bcf792f00f65cf13a4f784
7-1-6(3),2,attunet_pixel,42,dominant_path_length,annotation_mask_same_extractor,3149.346463280794,1422.0336213336323,-1727.3128419471618,1727.3128419471618,54.84670747046847,valid,ok,ok,zero_length_angle_vector,zero_length_angle_vector,175aad97304bc1efcc5da1ef9c37712fdcee8d0161a6f80fd823a18cef9139a0,aa76a46e21b7671364bd8ae3729564ff4618867bb1e6f31b4b97dffd10474cf3
7-1-6(3),2,attunet_pixel,42,retained_segment_count,annotation_mask_same_extractor,113,195,82.0,82.0,72.56637168141593,valid,ok,ok,zero_length_angle_vector,zero_length_angle_vector,175aad97304bc1efcc5da1ef9c37712fdcee8d0161a6f80fd823a18cef9139a0,aa76a46e21b7671364bd8ae3729564ff4618867bb1e6f31b4b97dffd10474cf3
7-1-6(3),2,attunet_pixel,42,junction_region_count,annotation_mask_same_extractor,82,158,76.0,76.0,92.6829268292683,valid,ok,ok,zero_length_angle_vector,zero_length_angle_vector,175aad97304bc1efcc5da1ef9c37712fdcee8d0161a6f80fd823a18cef9139a0,aa76a46e21b7671364bd8ae3729564ff4618867bb1e6f31b4b97dffd10474cf3
7-1-6(3),2,attunet_pixel,42,mean_local_acute_angle_deg,annotation_mask_same_extractor,52.34419986077857,44.51539789334539,-7.828801967433186,7.828801967433186,14.95638865099798,valid,ok,ok,zero_length_angle_vector,zero_length_angle_vector,175aad97304bc1efcc5da1ef9c37712fdcee8d0161a6f80fd823a18cef9139a0,aa76a46e21b7671364bd8ae3729564ff4618867bb1e6f31b4b97dffd10474cf3
7-1-6(4),0,attunet_pixel,42,dominant_path_length,annotation_mask_same_extractor,2934.7922061357463,3674.1790744876,739.3868683518535,739.3868683518535,25.193840531742705,valid,ok,ok,,,c0fc24472241d6b39ede8026e685b39939da6b7eb296c7092ba9ef7c6acbe239,a34060765d3dea123df6d9716adba23fb0197a29e6e09484723bb78c9febf01b
7-1-6(4),0,attunet_pixel,42,retained_segment_count,annotation_mask_same_extractor,402,460,58.0,58.0,14.427860696517413,valid,ok,ok,,,c0fc24472241d6b39ede8026e685b39939da6b7eb296c7092ba9ef7c6acbe239,a34060765d3dea123df6d9716adba23fb0197a29e6e09484723bb78c9febf01b
7-1-6(4),0,attunet_pixel,42,junction_region_count,annotation_mask_same_extractor,320,420,100.0,100.0,31.25,valid,ok,ok,,,c0fc24472241d6b39ede8026e685b39939da6b7eb296c7092ba9ef7c6acbe239,a34060765d3dea123df6d9716adba23fb0197a29e6e09484723bb78c9febf01b
7-1-6(4),0,attunet_pixel,42,mean_local_acute_angle_deg,annotation_mask_same_extractor,45.58572184508618,46.49988863586174,0.9141667907755604,0.9141667907755604,2.0053796534848582,valid,ok,ok,,,c0fc24472241d6b39ede8026e685b39939da6b7eb296c7092ba9ef7c6acbe239,a34060765d3dea123df6d9716adba23fb0197a29e6e09484723bb78c9febf01b
DN50-235-25-6(2),1,attunet_pixel,42,dominant_path_length,annotation_mask_same_extractor,1654.4398256692953,965.9991334482269,-688.4406922210684,688.4406922210684,41.611709385837784,valid,ok,ok,,zero_length_angle_vector,26158010911e4857cbb5605c765e186f4f05e7d62b2dcff5cd35f9038e6d54e6,b5cb950d02719856b8aa4ac120c677e45e0d2012bc47341e62f754f5c76dbaa0
DN50-235-25-6(2),1,attunet_pixel,42,retained_segment_count,annotation_mask_same_extractor,104,107,3.0,3.0,2.8846153846153846,valid,ok,ok,,zero_length_angle_vector,26158010911e4857cbb5605c765e186f4f05e7d62b2dcff5cd35f9038e6d54e6,b5cb950d02719856b8aa4ac120c677e45e0d2012bc47341e62f754f5c76dbaa0
DN50-235-25-6(2),1,attunet_pixel,42,junction_region_count,annotation_mask_same_extractor,97,72,-25.0,25.0,25.773195876288657,valid,ok,ok,,zero_length_angle_vector,26158010911e4857cbb5605c765e186f4f05e7d62b2dcff5cd35f9038e6d54e6,b5cb950d02719856b8aa4ac120c677e45e0d2012bc47341e62f754f5c76dbaa0
DN50-235-25-6(2),1,attunet_pixel,42,mean_local_acute_angle_deg,annotation_mask_same_extractor,48.376302759478975,47.60110289034358,-0.7751998691353919,0.7751998691353919,1.6024371953135614,valid,ok,ok,,zero_length_angle_vector,26158010911e4857cbb5605c765e186f4f05e7d62b2dcff5cd35f9038e6d54e6,b5cb950d02719856b8aa4ac120c677e45e0d2012bc47341e62f754f5c76dbaa0
DN50-235-25-6(3),1,attunet_pixel,42,dominant_path_length,annotation_mask_same_extractor,956.9015869776664,919.1219330882004,-37.779653889465976,37.779653889465976,3.948123234782318,valid,ok,ok,,zero_length_angle_vector,1c99a68f93f5396eb9701167417e60c3f506eddaae41784653661a85b4318891,62989cdd5a2b6915f721b9321fb4260eccc0032f5d4a3deba3f98a49558600c3
DN50-235-25-6(3),1,attunet_pixel,42,retained_segment_count,annotation_mask_same_extractor,110,72,-38.0,38.0,34.54545454545455,valid,ok,ok,,zero_length_angle_vector,1c99a68f93f5396eb9701167417e60c3f506eddaae41784653661a85b4318891,62989cdd5a2b6915f721b9321fb4260eccc0032f5d4a3deba3f98a49558600c3
DN50-235-25-6(3),1,attunet_pixel,42,junction_region_count,annotation_mask_same_extractor,90,62,-28.0,28.0,31.11111111111111,valid,ok,ok,,zero_length_angle_vector,1c99a68f93f5396eb9701167417e60c3f506eddaae41784653661a85b4318891,62989cdd5a2b6915f721b9321fb4260eccc0032f5d4a3deba3f98a49558600c3
DN50-235-25-6(3),1,attunet_pixel,42,mean_local_acute_angle_deg,annotation_mask_same_extractor,55.84661373210531,46.89652627561909,-8.950087456486223,8.950087456486223,16.02619542774706,valid,ok,ok,,zero_length_angle_vector,1c99a68f93f5396eb9701167417e60c3f506eddaae41784653661a85b4318891,62989cdd5a2b6915f721b9321fb4260eccc0032f5d4a3deba3f98a49558600c3
DN50-235-25-7(1),0,attunet_pixel,42,dominant_path_length,annotation_mask_same_extractor,835.1076477383253,734.3818177180221,-100.72583002030319,100.72583002030319,12.061418703695654,valid,ok,ok,,zero_length_angle_vector,1d15d42a8683193e72d4801bf8661ed463c57674766c0904ac6147226c6fad64,b4cb2c70fac87c9bffa705fcf0db900423079bb54badeec7617585190dec8eed
DN50-235-25-7(1),0,attunet_pixel,42,retained_segment_count,annotation_mask_same_extractor,86,70,-16.0,16.0,18.6046511627907,valid,ok,ok,,zero_length_angle_vector,1d15d42a8683193e72d4801bf8661ed463c57674766c0904ac6147226c6fad64,b4cb2c70fac87c9bffa705fcf0db900423079bb54badeec7617585190dec8eed
DN50-235-25-7(1),0,attunet_pixel,42,junction_region_count,annotation_mask_same_extractor,71,58,-13.0,13.0,18.30985915492958,valid,ok,ok,,zero_length_angle_vector,1d15d42a8683193e72d4801bf8661ed463c57674766c0904ac6147226c6fad64,b4cb2c70fac87c9bffa705fcf0db900423079bb54badeec7617585190dec8eed
DN50-235-25-7(1),0,attunet_pixel,42,mean_local_acute_angle_deg,annotation_mask_same_extractor,53.845303485648856,49.00250831724146,-4.842795168407399,4.842795168407399,8.993904491035373,valid,ok,ok,,zero_length_angle_vector,1d15d42a8683193e72d4801bf8661ed463c57674766c0904ac6147226c6fad64,b4cb2c70fac87c9bffa705fcf0db900423079bb54badeec7617585190dec8eed
W82-447-1-13-3(1),3,attunet_pixel,42,dominant_path_length,annotation_mask_same_extractor,2963.730373039836,1486.3199846221494,-1477.4103884176868,1477.4103884176868,49.84968949460601,valid,ok,ok,,zero_length_angle_vector,e400970fc4f5749000b5101345fe28f7835a0cd40cd105ff701d3d5565a3fd20,3c526a13aef9542e95c70f81e75534166af39cd37c1f6614a3fcc6e3b8c892fe
W82-447-1-13-3(1),3,attunet_pixel,42,retained_segment_count,annotation_mask_same_extractor,76,206,130.0,130.0,171.05263157894737,valid,ok,ok,,zero_length_angle_vector,e400970fc4f5749000b5101345fe28f7835a0cd40cd105ff701d3d5565a3fd20,3c526a13aef9542e95c70f81e75534166af39cd37c1f6614a3fcc6e3b8c892fe
W82-447-1-13-3(1),3,attunet_pixel,42,junction_region_count,annotation_mask_same_extractor,50,152,102.0,102.0,204.0,valid,ok,ok,,zero_length_angle_vector,e400970fc4f5749000b5101345fe28f7835a0cd40cd105ff701d3d5565a3fd20,3c526a13aef9542e95c70f81e75534166af39cd37c1f6614a3fcc6e3b8c892fe
W82-447-1-13-3(1),3,attunet_pixel,42,mean_local_acute_angle_deg,annotation_mask_same_extractor,45.41755671898957,45.13401443964012,-0.2835422793494544,0.2835422793494544,0.6243010409032028,valid,ok,ok,,zero_length_angle_vector,e400970fc4f5749000b5101345fe28f7835a0cd40cd105ff701d3d5565a3fd20,3c526a13aef9542e95c70f81e75534166af39cd37c1f6614a3fcc6e3b8c892fe
W82-447-1-13-7(1),4,attunet_pixel,42,dominant_path_length,annotation_mask_same_extractor,2599.841845922817,1437.1240251292552,-1162.7178207935617,1162.7178207935617,44.7226365948754,valid,ok,ok,,zero_length_angle_vector,d7caafd48ba702bb9ca2578cb356a3cab186bfab19d8fbb7f0fc5a6ba0ddb53b,167b70e6732fcb97e77956e64541690c093b561df11ce459f9615065ba3a04a7
W82-447-1-13-7(1),4,attunet_pixel,42,retained_segment_count,annotation_mask_same_extractor,161,133,-28.0,28.0,17.391304347826086,valid,ok,ok,,zero_length_angle_vector,d7caafd48ba702bb9ca2578cb356a3cab186bfab19d8fbb7f0fc5a6ba0ddb53b,167b70e6732fcb97e77956e64541690c093b561df11ce459f9615065ba3a04a7
W82-447-1-13-7(1),4,attunet_pixel,42,junction_region_count,annotation_mask_same_extractor,124,95,-29.0,29.0,23.387096774193548,valid,ok,ok,,zero_length_angle_vector,d7caafd48ba702bb9ca2578cb356a3cab186bfab19d8fbb7f0fc5a6ba0ddb53b,167b70e6732fcb97e77956e64541690c093b561df11ce459f9615065ba3a04a7
W82-447-1-13-7(1),4,attunet_pixel,42,mean_local_acute_angle_deg,annotation_mask_same_extractor,45.765543776284055,50.0177029232484,4.252159146964345,4.252159146964345,9.291180211362061,valid,ok,ok,,zero_length_angle_vector,d7caafd48ba702bb9ca2578cb356a3cab186bfab19d8fbb7f0fc5a6ba0ddb53b,167b70e6732fcb97e77956e64541690c093b561df11ce459f9615065ba3a04a7
W82-447-1-13-7(2),3,attunet_pixel,42,dominant_path_length,annotation_mask_same_extractor,2569.818684794427,820.1168824543174,-1749.7018023401097,1749.7018023401097,68.08658574603201,valid,ok,ok,zero_length_angle_vector,zero_length_angle_vector,8401bb2188e5c3832e902ef0e29c7a72c6580cd0868364d9f97716efdec87255,6bfd272baeafde80870e49063199742e4fe3de58c4e1e87137c005ea15ca7844
W82-447-1-13-7(2),3,attunet_pixel,42,retained_segment_count,annotation_mask_same_extractor,37,43,6.0,6.0,16.216216216216218,valid,ok,ok,zero_length_angle_vector,zero_length_angle_vector,8401bb2188e5c3832e902ef0e29c7a72c6580cd0868364d9f97716efdec87255,6bfd272baeafde80870e49063199742e4fe3de58c4e1e87137c005ea15ca7844
W82-447-1-13-7(2),3,attunet_pixel,42,junction_region_count,annotation_mask_same_extractor,28,32,4.0,4.0,14.285714285714285,valid,ok,ok,zero_length_angle_vector,zero_length_angle_vector,8401bb2188e5c3832e902ef0e29c7a72c6580cd0868364d9f97716efdec87255,6bfd272baeafde80870e49063199742e4fe3de58c4e1e87137c005ea15ca7844
W82-447-1-13-7(2),3,attunet_pixel,42,mean_local_acute_angle_deg,annotation_mask_same_extractor,56.21991760625045,55.30446865231492,-0.915448953935531,0.915448953935531,1.6283356378198475,valid,ok,ok,zero_length_angle_vector,zero_length_angle_vector,8401bb2188e5c3832e902ef0e29c7a72c6580cd0868364d9f97716efdec87255,6bfd272baeafde80870e49063199742e4fe3de58c4e1e87137c005ea15ca7844
W82-447-1-13-7(3),2,attunet_pixel,42,dominant_path_length,annotation_mask_same_extractor,3607.1963184303277,1983.4204896855376,-1623.77582874479,1623.77582874479,45.014900365926756,valid,ok,ok,zero_length_angle_vector,zero_length_angle_vector,4b63fae36f1e264804fc841b3fbba41c7e9f5be06b268aa37989d57f23a39479,11d04b0e97447db276f2f1ee839dcb4c649210040ded48b39de0087ef5b9e3d7
W82-447-1-13-7(3),2,attunet_pixel,42,retained_segment_count,annotation_mask_same_extractor,125,379,254.0,254.0,203.2,valid,ok,ok,zero_length_angle_vector,zero_length_angle_vector,4b63fae36f1e264804fc841b3fbba41c7e9f5be06b268aa37989d57f23a39479,11d04b0e97447db276f2f1ee839dcb4c649210040ded48b39de0087ef5b9e3d7
W82-447-1-13-7(3),2,attunet_pixel,42,junction_region_count,annotation_mask_same_extractor,86,278,192.0,192.0,223.25581395348837,valid,ok,ok,zero_length_angle_vector,zero_length_angle_vector,4b63fae36f1e264804fc841b3fbba41c7e9f5be06b268aa37989d57f23a39479,11d04b0e97447db276f2f1ee839dcb4c649210040ded48b39de0087ef5b9e3d7
W82-447-1-13-7(3),2,attunet_pixel,42,mean_local_acute_angle_deg,annotation_mask_same_extractor,42.04523834094305,42.69925883312276,0.6540204921797113,0.6540204921797113,1.5555161963318815,valid,ok,ok,zero_length_angle_vector,zero_length_angle_vector,4b63fae36f1e264804fc841b3fbba41c7e9f5be06b268aa37989d57f23a39479,11d04b0e97447db276f2f1ee839dcb4c649210040ded48b39de0087ef5b9e3d7
10-1-1,3,attunet_pixel,3407,dominant_path_length,annotation_mask_same_extractor,3519.0348468227903,3257.9482681718787,-261.08657865091163,261.08657865091163,7.419266645984972,valid,ok,ok,zero_length_angle_vector,,8664187dcbcab44c4dae8da26d028efb21268d9709753c186a39d03660a06fc7,b8b04746754115584ca4454b53ca8b121ad9a26f61dace957af8c64490b20a2a
10-1-1,3,attunet_pixel,3407,retained_segment_count,annotation_mask_same_extractor,134,141,7.0,7.0,5.223880597014925,valid,ok,ok,zero_length_angle_vector,,8664187dcbcab44c4dae8da26d028efb21268d9709753c186a39d03660a06fc7,b8b04746754115584ca4454b53ca8b121ad9a26f61dace957af8c64490b20a2a
10-1-1,3,attunet_pixel,3407,junction_region_count,annotation_mask_same_extractor,121,87,-34.0,34.0,28.09917355371901,valid,ok,ok,zero_length_angle_vector,,8664187dcbcab44c4dae8da26d028efb21268d9709753c186a39d03660a06fc7,b8b04746754115584ca4454b53ca8b121ad9a26f61dace957af8c64490b20a2a
10-1-1,3,attunet_pixel,3407,mean_local_acute_angle_deg,annotation_mask_same_extractor,64.6739875375559,44.94631001731827,-19.727677520237634,19.727677520237634,30.503264560240478,valid,ok,ok,zero_length_angle_vector,,8664187dcbcab44c4dae8da26d028efb21268d9709753c186a39d03660a06fc7,b8b04746754115584ca4454b53ca8b121ad9a26f61dace957af8c64490b20a2a
10-1-1(1),3,attunet_pixel,3407,dominant_path_length,annotation_mask_same_extractor,2848.0794359760534,3347.0752518939466,498.9958159178932,498.9958159178932,17.520431825557015,valid,ok,ok,,,c95c0337715266ccd3aad838a4ef3ab80e74ba76f5d714ecb44e5a5615b3ce7c,68e972beb1c96c5642f4c07b4984ac41d1475ebd52428c03056e461f558461ef
10-1-1(1),3,attunet_pixel,3407,retained_segment_count,annotation_mask_same_extractor,35,57,22.0,22.0,62.857142857142854,valid,ok,ok,,,c95c0337715266ccd3aad838a4ef3ab80e74ba76f5d714ecb44e5a5615b3ce7c,68e972beb1c96c5642f4c07b4984ac41d1475ebd52428c03056e461f558461ef
10-1-1(1),3,attunet_pixel,3407,junction_region_count,annotation_mask_same_extractor,28,41,13.0,13.0,46.42857142857143,valid,ok,ok,,,c95c0337715266ccd3aad838a4ef3ab80e74ba76f5d714ecb44e5a5615b3ce7c,68e972beb1c96c5642f4c07b4984ac41d1475ebd52428c03056e461f558461ef
10-1-1(1),3,attunet_pixel,3407,mean_local_acute_angle_deg,annotation_mask_same_extractor,45.23478785039287,35.58266428130884,-9.652123569084033,9.652123569084033,21.33783317610984,valid,ok,ok,,,c95c0337715266ccd3aad838a4ef3ab80e74ba76f5d714ecb44e5a5615b3ce7c,68e972beb1c96c5642f4c07b4984ac41d1475ebd52428c03056e461f558461ef
10-1-1(2),1,attunet_pixel,3407,dominant_path_length,annotation_mask_same_extractor,1262.4823227814104,613.3818177180221,-649.1005050633883,649.1005050633883,51.414621286208316,valid,ok,ok,,zero_length_angle_vector,6c74e98b918771eb646a7e1d44c8ef0b3c96078814c8b8db61045d1816697d12,5af226f8bc705ea96f4496bda8c57fce86308f9f4227bf7db8e52d6b8f921f6b
10-1-1(2),1,attunet_pixel,3407,retained_segment_count,annotation_mask_same_extractor,25,30,5.0,5.0,20.0,valid,ok,ok,,zero_length_angle_vector,6c74e98b918771eb646a7e1d44c8ef0b3c96078814c8b8db61045d1816697d12,5af226f8bc705ea96f4496bda8c57fce86308f9f4227bf7db8e52d6b8f921f6b
10-1-1(2),1,attunet_pixel,3407,junction_region_count,annotation_mask_same_extractor,23,22,-1.0,1.0,4.3478260869565215,valid,ok,ok,,zero_length_angle_vector,6c74e98b918771eb646a7e1d44c8ef0b3c96078814c8b8db61045d1816697d12,5af226f8bc705ea96f4496bda8c57fce86308f9f4227bf7db8e52d6b8f921f6b
10-1-1(2),1,attunet_pixel,3407,mean_local_acute_angle_deg,annotation_mask_same_extractor,46.29442229680335,41.84617566944634,-4.448246627357008,4.448246627357008,9.608601655807165,valid,ok,ok,,zero_length_angle_vector,6c74e98b918771eb646a7e1d44c8ef0b3c96078814c8b8db61045d1816697d12,5af226f8bc705ea96f4496bda8c57fce86308f9f4227bf7db8e52d6b8f921f6b
10-1-1(3),2,attunet_pixel,3407,dominant_path_length,annotation_mask_same_extractor,2611.2834046956673,3328.6568542494924,717.3734495538251,717.3734495538251,27.472064053401034,valid,ok,ok,,,49a1138291b2427ae244c26c8d481f7bf7c311eb24e2003613787dba24d6ff37,26b7ce8244751b9eb1eec4d643087ad35b9ed8ce16b12e408ad5523a0eb57592
10-1-1(3),2,attunet_pixel,3407,retained_segment_count,annotation_mask_same_extractor,36,145,109.0,109.0,302.77777777777777,valid,ok,ok,,,49a1138291b2427ae244c26c8d481f7bf7c311eb24e2003613787dba24d6ff37,26b7ce8244751b9eb1eec4d643087ad35b9ed8ce16b12e408ad5523a0eb57592
10-1-1(3),2,attunet_pixel,3407,junction_region_count,annotation_mask_same_extractor,23,140,117.0,117.0,508.69565217391306,valid,ok,ok,,,49a1138291b2427ae244c26c8d481f7bf7c311eb24e2003613787dba24d6ff37,26b7ce8244751b9eb1eec4d643087ad35b9ed8ce16b12e408ad5523a0eb57592
10-1-1(3),2,attunet_pixel,3407,mean_local_acute_angle_deg,annotation_mask_same_extractor,44.403113779145116,44.45724613490513,0.05413235576001085,0.05413235576001085,0.12191117053019665,valid,ok,ok,,,49a1138291b2427ae244c26c8d481f7bf7c311eb24e2003613787dba24d6ff37,26b7ce8244751b9eb1eec4d643087ad35b9ed8ce16b12e408ad5523a0eb57592
10-1-2,2,attunet_pixel,3407,dominant_path_length,annotation_mask_same_extractor,3713.5222202381024,3309.656854249492,-403.8653659886104,403.8653659886104,10.875533847289475,valid,ok,ok,zero_length_angle_vector,,353a8fded79e4327f12b6866ba2014151a10168db01aad99108b5fae01f5e4ac,ed76a1e94e0955fc8504b4b6e83683e17291cd32ecc4569610236a5e88f00a39
10-1-2,2,attunet_pixel,3407,retained_segment_count,annotation_mask_same_extractor,171,465,294.0,294.0,171.9298245614035,valid,ok,ok,zero_length_angle_vector,,353a8fded79e4327f12b6866ba2014151a10168db01aad99108b5fae01f5e4ac,ed76a1e94e0955fc8504b4b6e83683e17291cd32ecc4569610236a5e88f00a39
10-1-2,2,attunet_pixel,3407,junction_region_count,annotation_mask_same_extractor,124,355,231.0,231.0,186.29032258064515,valid,ok,ok,zero_length_angle_vector,,353a8fded79e4327f12b6866ba2014151a10168db01aad99108b5fae01f5e4ac,ed76a1e94e0955fc8504b4b6e83683e17291cd32ecc4569610236a5e88f00a39
10-1-2,2,attunet_pixel,3407,mean_local_acute_angle_deg,annotation_mask_same_extractor,58.66827912377103,43.665876261670654,-15.002402862100375,15.002402862100375,25.571574769476662,valid,ok,ok,zero_length_angle_vector,,353a8fded79e4327f12b6866ba2014151a10168db01aad99108b5fae01f5e4ac,ed76a1e94e0955fc8504b4b6e83683e17291cd32ecc4569610236a5e88f00a39
10-1-2(1),4,attunet_pixel,3407,dominant_path_length,annotation_mask_same_extractor,3355.4095218658804,899.0580079512723,-2456.351513914608,2456.351513914608,73.20571447114082,valid,ok,ok,zero_length_angle_vector,zero_length_angle_vector,dca0abd7cde7ab357484642e540a2d1fa449818245a1cd800eb7c824264f02ad,4c36d7a2100c91566f78449364307d43f00ca0abf16ee71b23546ba606d18e1f
10-1-2(1),4,attunet_pixel,3407,retained_segment_count,annotation_mask_same_extractor,118,199,81.0,81.0,68.64406779661016,valid,ok,ok,zero_length_angle_vector,zero_length_angle_vector,dca0abd7cde7ab357484642e540a2d1fa449818245a1cd800eb7c824264f02ad,4c36d7a2100c91566f78449364307d43f00ca0abf16ee71b23546ba606d18e1f
10-1-2(1),4,attunet_pixel,3407,junction_region_count,annotation_mask_same_extractor,111,173,62.0,62.0,55.85585585585585,valid,ok,ok,zero_length_angle_vector,zero_length_angle_vector,dca0abd7cde7ab357484642e540a2d1fa449818245a1cd800eb7c824264f02ad,4c36d7a2100c91566f78449364307d43f00ca0abf16ee71b23546ba606d18e1f
10-1-2(1),4,attunet_pixel,3407,mean_local_acute_angle_deg,annotation_mask_same_extractor,64.3632990483418,44.11026463576019,-20.253034412581613,20.253034412581613,31.466743799708002,valid,ok,ok,zero_length_angle_vector,zero_length_angle_vector,dca0abd7cde7ab357484642e540a2d1fa449818245a1cd800eb7c824264f02ad,4c36d7a2100c91566f78449364307d43f00ca0abf16ee71b23546ba606d18e1f
10-1-2(2),1,attunet_pixel,3407,dominant_path_length,annotation_mask_same_extractor,3058.3027406794067,839.2396820942913,-2219.0630585851154,2219.0630585851154,72.55864597931031,valid,ok,ok,,zero_length_angle_vector,4b38a74ce55736e7f197e42aeba61399727ea00792e40e895bf41a3d30fe7957,7f8c668ed24f113fa403f54feb6cfa8f31caf474ae6f7cea6c83a2b34b439839
10-1-2(2),1,attunet_pixel,3407,retained_segment_count,annotation_mask_same_extractor,191,228,37.0,37.0,19.3717277486911,valid,ok,ok,,zero_length_angle_vector,4b38a74ce55736e7f197e42aeba61399727ea00792e40e895bf41a3d30fe7957,7f8c668ed24f113fa403f54feb6cfa8f31caf474ae6f7cea6c83a2b34b439839
10-1-2(2),1,attunet_pixel,3407,junction_region_count,annotation_mask_same_extractor,175,200,25.0,25.0,14.285714285714285,valid,ok,ok,,zero_length_angle_vector,4b38a74ce55736e7f197e42aeba61399727ea00792e40e895bf41a3d30fe7957,7f8c668ed24f113fa403f54feb6cfa8f31caf474ae6f7cea6c83a2b34b439839
10-1-2(2),1,attunet_pixel,3407,mean_local_acute_angle_deg,annotation_mask_same_extractor,65.94127676600104,48.52130727723871,-17.419969488762327,17.419969488762327,26.41739793813633,valid,ok,ok,,zero_length_angle_vector,4b38a74ce55736e7f197e42aeba61399727ea00792e40e895bf41a3d30fe7957,7f8c668ed24f113fa403f54feb6cfa8f31caf474ae6f7cea6c83a2b34b439839
10-1-2(3),0,attunet_pixel,3407,dominant_path_length,annotation_mask_same_extractor,2345.481456229622,645.3818177180224,-1700.0996385115996,1700.0996385115996,72.4840366567861,valid,ok,ok,,zero_length_angle_vector,0508c3be24e6c021d5aacff3b5010997bb235211f0adc484cda889c0830022b8,24091d9a8ad66f27a80a0c1fa921a9b3aaef7682e92844ecc2841bc6bbcb72f9
10-1-2(3),0,attunet_pixel,3407,retained_segment_count,annotation_mask_same_extractor,115,117,2.0,2.0,1.7391304347826086,valid,ok,ok,,zero_length_angle_vector,0508c3be24e6c021d5aacff3b5010997bb235211f0adc484cda889c0830022b8,24091d9a8ad66f27a80a0c1fa921a9b3aaef7682e92844ecc2841bc6bbcb72f9
10-1-2(3),0,attunet_pixel,3407,junction_region_count,annotation_mask_same_extractor,84,82,-2.0,2.0,2.380952380952381,valid,ok,ok,,zero_length_angle_vector,0508c3be24e6c021d5aacff3b5010997bb235211f0adc484cda889c0830022b8,24091d9a8ad66f27a80a0c1fa921a9b3aaef7682e92844ecc2841bc6bbcb72f9
10-1-2(3),0,attunet_pixel,3407,mean_local_acute_angle_deg,annotation_mask_same_extractor,50.491311152922826,47.628570320287,-2.8627408326358292,2.8627408326358292,5.6697692479513115,valid,ok,ok,,zero_length_angle_vector,0508c3be24e6c021d5aacff3b5010997bb235211f0adc484cda889c0830022b8,24091d9a8ad66f27a80a0c1fa921a9b3aaef7682e92844ecc2841bc6bbcb72f9
10-1-3,0,attunet_pixel,3407,dominant_path_length,annotation_mask_same_extractor,2813.8023074034836,550.541197284456,-2263.2611101190278,2263.2611101190278,80.43426164532207,valid,ok,ok,,zero_length_angle_vector,2cd8dd3611b047ab44310b595f5423ee107fb5f6bbd6f0ce078f5a1c70656dd8,1d97361de021eecc5e083c465c0340c4e9ef7818514206384cf295c394d7709d
10-1-3,0,attunet_pixel,3407,retained_segment_count,annotation_mask_same_extractor,172,164,-8.0,8.0,4.651162790697675,valid,ok,ok,,zero_length_angle_vector,2cd8dd3611b047ab44310b595f5423ee107fb5f6bbd6f0ce078f5a1c70656dd8,1d97361de021eecc5e083c465c0340c4e9ef7818514206384cf295c394d7709d
10-1-3,0,attunet_pixel,3407,junction_region_count,annotation_mask_same_extractor,123,125,2.0,2.0,1.6260162601626018,valid,ok,ok,,zero_length_angle_vector,2cd8dd3611b047ab44310b595f5423ee107fb5f6bbd6f0ce078f5a1c70656dd8,1d97361de021eecc5e083c465c0340c4e9ef7818514206384cf295c394d7709d
10-1-3,0,attunet_pixel,3407,mean_local_acute_angle_deg,annotation_mask_same_extractor,50.036178890454096,47.11537759364241,-2.920801296811689,2.920801296811689,5.8373787958634855,valid,ok,ok,,zero_length_angle_vector,2cd8dd3611b047ab44310b595f5423ee107fb5f6bbd6f0ce078f5a1c70656dd8,1d97361de021eecc5e083c465c0340c4e9ef7818514206384cf295c394d7709d
10-1-9(1),3,attunet_pixel,3407,dominant_path_length,annotation_mask_same_extractor,3092.5058428472184,3354.2884553295435,261.782612482325,261.782612482325,8.465064442410435,valid,ok,ok,zero_length_angle_vector,,6bdc1df0f3e1a66f56d545bec926abaf60b6bca31c0f8ea06ad939681c464d8a,4b639b6f7aa2bada387f7820d88c7b94f98aecd705101bcc4224d8893d3b714b
10-1-9(1),3,attunet_pixel,3407,retained_segment_count,annotation_mask_same_extractor,106,197,91.0,91.0,85.84905660377359,valid,ok,ok,zero_length_angle_vector,,6bdc1df0f3e1a66f56d545bec926abaf60b6bca31c0f8ea06ad939681c464d8a,4b639b6f7aa2bada387f7820d88c7b94f98aecd705101bcc4224d8893d3b714b
10-1-9(1),3,attunet_pixel,3407,junction_region_count,annotation_mask_same_extractor,91,162,71.0,71.0,78.02197802197803,valid,ok,ok,zero_length_angle_vector,,6bdc1df0f3e1a66f56d545bec926abaf60b6bca31c0f8ea06ad939681c464d8a,4b639b6f7aa2bada387f7820d88c7b94f98aecd705101bcc4224d8893d3b714b
10-1-9(1),3,attunet_pixel,3407,mean_local_acute_angle_deg,annotation_mask_same_extractor,62.85401304883498,46.66825454210922,-16.18575850672576,16.18575850672576,25.751352573383173,valid,ok,ok,zero_length_angle_vector,,6bdc1df0f3e1a66f56d545bec926abaf60b6bca31c0f8ea06ad939681c464d8a,4b639b6f7aa2bada387f7820d88c7b94f98aecd705101bcc4224d8893d3b714b
10-1-9(2),3,attunet_pixel,3407,dominant_path_length,annotation_mask_same_extractor,3383.6256838943486,3346.418397644456,-37.207286249892604,37.207286249892604,1.0996277285337681,valid,ok,ok,zero_length_angle_vector,,e68f65f812ffdebb564961ebaea365b072d4546ab06227eea2987e2d586b741c,cdfca9dda72e4bbdd1dee24a30ba07adf9eed3ddb6b70422a288186c2f248784
10-1-9(2),3,attunet_pixel,3407,retained_segment_count,annotation_mask_same_extractor,71,124,53.0,53.0,74.64788732394366,valid,ok,ok,zero_length_angle_vector,,e68f65f812ffdebb564961ebaea365b072d4546ab06227eea2987e2d586b741c,cdfca9dda72e4bbdd1dee24a30ba07adf9eed3ddb6b70422a288186c2f248784
10-1-9(2),3,attunet_pixel,3407,junction_region_count,annotation_mask_same_extractor,68,85,17.0,17.0,25.0,valid,ok,ok,zero_length_angle_vector,,e68f65f812ffdebb564961ebaea365b072d4546ab06227eea2987e2d586b741c,cdfca9dda72e4bbdd1dee24a30ba07adf9eed3ddb6b70422a288186c2f248784
10-1-9(2),3,attunet_pixel,3407,mean_local_acute_angle_deg,annotation_mask_same_extractor,74.17544013119233,48.04096188091647,-26.134478250275862,26.134478250275862,35.233330876166605,valid,ok,ok,zero_length_angle_vector,,e68f65f812ffdebb564961ebaea365b072d4546ab06227eea2987e2d586b741c,cdfca9dda72e4bbdd1dee24a30ba07adf9eed3ddb6b70422a288186c2f248784
10-1-9(3),4,attunet_pixel,3407,dominant_path_length,annotation_mask_same_extractor,3197.890619158038,835.8549057834409,-2362.0357133745974,2362.0357133745974,73.86230470873609,valid,ok,ok,zero_length_angle_vector,zero_length_angle_vector,a679e2e7ed9fdcb61509a97389dcfc4f21915719e2fb5feb5bf89f66c0d48f13,101ef9541eeee733f8c720d6b614ef1319026515367b85f590633c280f346df1
10-1-9(3),4,attunet_pixel,3407,retained_segment_count,annotation_mask_same_extractor,41,147,106.0,106.0,258.5365853658537,valid,ok,ok,zero_length_angle_vector,zero_length_angle_vector,a679e2e7ed9fdcb61509a97389dcfc4f21915719e2fb5feb5bf89f66c0d48f13,101ef9541eeee733f8c720d6b614ef1319026515367b85f590633c280f346df1
10-1-9(3),4,attunet_pixel,3407,junction_region_count,annotation_mask_same_extractor,28,126,98.0,98.0,350.0,valid,ok,ok,zero_length_angle_vector,zero_length_angle_vector,a679e2e7ed9fdcb61509a97389dcfc4f21915719e2fb5feb5bf89f66c0d48f13,101ef9541eeee733f8c720d6b614ef1319026515367b85f590633c280f346df1
10-1-9(3),4,attunet_pixel,3407,mean_local_acute_angle_deg,annotation_mask_same_extractor,72.9003576118845,49.692721251583805,-23.207636360300697,23.207636360300697,31.834735960907405,valid,ok,ok,zero_length_angle_vector,zero_length_angle_vector,a679e2e7ed9fdcb61509a97389dcfc4f21915719e2fb5feb5bf89f66c0d48f13,101ef9541eeee733f8c720d6b614ef1319026515367b85f590633c280f346df1
10-2-1,0,attunet_pixel,3407,dominant_path_length,annotation_mask_same_extractor,3683.691701072309,1920.251008851339,-1763.44069222097,1763.44069222097,47.871560253200315,valid,ok,ok,,,fa084051c73ad9c7523229d0a267965c6c54c6c2f9b135b697a09f5f4d254434,27322b1073f681b3ace1aa2867f3a0c123c55c0ed00ba7a8c1a6d43fb8361c07
10-2-1,0,attunet_pixel,3407,retained_segment_count,annotation_mask_same_extractor,226,221,-5.0,5.0,2.2123893805309733,valid,ok,ok,,,fa084051c73ad9c7523229d0a267965c6c54c6c2f9b135b697a09f5f4d254434,27322b1073f681b3ace1aa2867f3a0c123c55c0ed00ba7a8c1a6d43fb8361c07
10-2-1,0,attunet_pixel,3407,junction_region_count,annotation_mask_same_extractor,188,161,-27.0,27.0,14.361702127659576,valid,ok,ok,,,fa084051c73ad9c7523229d0a267965c6c54c6c2f9b135b697a09f5f4d254434,27322b1073f681b3ace1aa2867f3a0c123c55c0ed00ba7a8c1a6d43fb8361c07
10-2-1,0,attunet_pixel,3407,mean_local_acute_angle_deg,annotation_mask_same_extractor,56.550116513732696,48.99728816176738,-7.552828351965317,7.552828351965317,13.355990787624956,valid,ok,ok,,,fa084051c73ad9c7523229d0a267965c6c54c6c2f9b135b697a09f5f4d254434,27322b1073f681b3ace1aa2867f3a0c123c55c0ed00ba7a8c1a6d43fb8361c07
10-2-2,3,attunet_pixel,3407,dominant_path_length,annotation_mask_same_extractor,3768.2156544140043,3267.889393668828,-500.32626074517657,500.32626074517657,13.277537875495673,valid,ok,ok,,,888178f6e1d682dbadbaecc08afac163678dd08a3e69f328f11b072009899c8c,8168d058419c61f56ea2a963a227138b1a00032363c1791de00b4b957b90f96e
10-2-2,3,attunet_pixel,3407,retained_segment_count,annotation_mask_same_extractor,329,341,12.0,12.0,3.64741641337386,valid,ok,ok,,,888178f6e1d682dbadbaecc08afac163678dd08a3e69f328f11b072009899c8c,8168d058419c61f56ea2a963a227138b1a00032363c1791de00b4b957b90f96e
10-2-2,3,attunet_pixel,3407,junction_region_count,annotation_mask_same_extractor,293,244,-49.0,49.0,16.723549488054605,valid,ok,ok,,,888178f6e1d682dbadbaecc08afac163678dd08a3e69f328f11b072009899c8c,8168d058419c61f56ea2a963a227138b1a00032363c1791de00b4b957b90f96e
10-2-2,3,attunet_pixel,3407,mean_local_acute_angle_deg,annotation_mask_same_extractor,59.493993970760265,46.79320855379378,-12.700785416966482,12.700785416966482,21.34801274765413,valid,ok,ok,,,888178f6e1d682dbadbaecc08afac163678dd08a3e69f328f11b072009899c8c,8168d058419c61f56ea2a963a227138b1a00032363c1791de00b4b957b90f96e
10-2-3,3,attunet_pixel,3407,dominant_path_length,annotation_mask_same_extractor,782.7442994522875,3332.5067093990133,2549.7624099467257,2549.7624099467257,325.74653200679717,valid,ok,ok,,,c128b6196f3a108faac4ed970bea2b3e2ee4f4c0090aafd759b5f39cfd31c0d6,1ce3b8da45fbddb2dbe01bbcca365b6e9a348967be00440c0c0a65eb1f290566
10-2-3,3,attunet_pixel,3407,retained_segment_count,annotation_mask_same_extractor,27,61,34.0,34.0,125.92592592592592,valid,ok,ok,,,c128b6196f3a108faac4ed970bea2b3e2ee4f4c0090aafd759b5f39cfd31c0d6,1ce3b8da45fbddb2dbe01bbcca365b6e9a348967be00440c0c0a65eb1f290566
10-2-3,3,attunet_pixel,3407,junction_region_count,annotation_mask_same_extractor,18,38,20.0,20.0,111.11111111111111,valid,ok,ok,,,c128b6196f3a108faac4ed970bea2b3e2ee4f4c0090aafd759b5f39cfd31c0d6,1ce3b8da45fbddb2dbe01bbcca365b6e9a348967be00440c0c0a65eb1f290566
10-2-3,3,attunet_pixel,3407,mean_local_acute_angle_deg,annotation_mask_same_extractor,44.17449818904469,51.86128177404108,7.686783584996391,7.686783584996391,17.400952812414108,valid,ok,ok,,,c128b6196f3a108faac4ed970bea2b3e2ee4f4c0090aafd759b5f39cfd31c0d6,1ce3b8da45fbddb2dbe01bbcca365b6e9a348967be00440c0c0a65eb1f290566
10-2-4,0,attunet_pixel,3407,dominant_path_length,annotation_mask_same_extractor,2714.1433611129814,873.2152954766514,-1840.92806563633,1840.92806563633,67.82722283621105,valid,ok,ok,,zero_length_angle_vector,3c60314b040a032dd526925859d6800fc466b21b8dedb28d643c17c54668bc8b,6b8722ebb4bc2ced9957bcdce6826e9ffeedfae5e111a976a540667d716d57e4
10-2-4,0,attunet_pixel,3407,retained_segment_count,annotation_mask_same_extractor,104,118,14.0,14.0,13.461538461538462,valid,ok,ok,,zero_length_angle_vector,3c60314b040a032dd526925859d6800fc466b21b8dedb28d643c17c54668bc8b,6b8722ebb4bc2ced9957bcdce6826e9ffeedfae5e111a976a540667d716d57e4
10-2-4,0,attunet_pixel,3407,junction_region_count,annotation_mask_same_extractor,93,93,0.0,0.0,0.0,valid,ok,ok,,zero_length_angle_vector,3c60314b040a032dd526925859d6800fc466b21b8dedb28d643c17c54668bc8b,6b8722ebb4bc2ced9957bcdce6826e9ffeedfae5e111a976a540667d716d57e4
10-2-4,0,attunet_pixel,3407,mean_local_acute_angle_deg,annotation_mask_same_extractor,63.03310962332985,47.65840107516447,-15.37470854816538,15.37470854816538,24.391480350629703,valid,ok,ok,,zero_length_angle_vector,3c60314b040a032dd526925859d6800fc466b21b8dedb28d643c17c54668bc8b,6b8722ebb4bc2ced9957bcdce6826e9ffeedfae5e111a976a540667d716d57e4
10-9-1,2,attunet_pixel,3407,dominant_path_length,annotation_mask_same_extractor,2670.711903607907,3335.828427124746,665.1165235168392,665.1165235168392,24.904091026004068,valid,ok,ok,,,f909c402c7b2db20640a01e33f844ebeccd8ec430131c4fad30fd8305345ea91,9e535139e843daab6629d39c1d461650b5af0174cb95b410efa1b4b4f435b2ad
10-9-1,2,attunet_pixel,3407,retained_segment_count,annotation_mask_same_extractor,60,185,125.0,125.0,208.33333333333334,valid,ok,ok,,,f909c402c7b2db20640a01e33f844ebeccd8ec430131c4fad30fd8305345ea91,9e535139e843daab6629d39c1d461650b5af0174cb95b410efa1b4b4f435b2ad
10-9-1,2,attunet_pixel,3407,junction_region_count,annotation_mask_same_extractor,47,148,101.0,101.0,214.8936170212766,valid,ok,ok,,,f909c402c7b2db20640a01e33f844ebeccd8ec430131c4fad30fd8305345ea91,9e535139e843daab6629d39c1d461650b5af0174cb95b410efa1b4b4f435b2ad
10-9-1,2,attunet_pixel,3407,mean_local_acute_angle_deg,annotation_mask_same_extractor,45.79801641663758,36.910024950392625,-8.887991466244955,8.887991466244955,19.406935412635274,valid,ok,ok,,,f909c402c7b2db20640a01e33f844ebeccd8ec430131c4fad30fd8305345ea91,9e535139e843daab6629d39c1d461650b5af0174cb95b410efa1b4b4f435b2ad
10-9-2,4,attunet_pixel,3407,dominant_path_length,annotation_mask_same_extractor,3136.0378054156913,3541.6521625530313,405.61435713734,405.61435713734,12.933975363335094,valid,ok,ok,,,97a6fbf3a148ba0641a27177bb2768e92fcab2d7f8bf002f6c2735617daf5cf2,b2ebd31a093d22f1fee20324e4b8847ae199ce50da0756a00de23d6fdff77407
10-9-2,4,attunet_pixel,3407,retained_segment_count,annotation_mask_same_extractor,222,384,162.0,162.0,72.97297297297297,valid,ok,ok,,,97a6fbf3a148ba0641a27177bb2768e92fcab2d7f8bf002f6c2735617daf5cf2,b2ebd31a093d22f1fee20324e4b8847ae199ce50da0756a00de23d6fdff77407
10-9-2,4,attunet_pixel,3407,junction_region_count,annotation_mask_same_extractor,205,368,163.0,163.0,79.51219512195122,valid,ok,ok,,,97a6fbf3a148ba0641a27177bb2768e92fcab2d7f8bf002f6c2735617daf5cf2,b2ebd31a093d22f1fee20324e4b8847ae199ce50da0756a00de23d6fdff77407
10-9-2,4,attunet_pixel,3407,mean_local_acute_angle_deg,annotation_mask_same_extractor,60.533940641282705,49.43589377725751,-11.098046864025193,11.098046864025193,18.333593925085705,valid,ok,ok,,,97a6fbf3a148ba0641a27177bb2768e92fcab2d7f8bf002f6c2735617daf5cf2,b2ebd31a093d22f1fee20324e4b8847ae199ce50da0756a00de23d6fdff77407
10-9-3,0,attunet_pixel,3407,dominant_path_length,annotation_mask_same_extractor,3235.23794899067,2219.637877203223,-1015.6000717874467,1015.6000717874467,31.39181994648319,valid,ok,ok,zero_length_angle_vector,zero_length_angle_vector,a23e4c9ae8b5cd333c9ee04c6a4a84de25c4388307e8463b068e3f8f45f8c58d,80c8aa7ecf8d17d539101d5f3d0bab498b85184bb274849511d750b864ab368b
10-9-3,0,attunet_pixel,3407,retained_segment_count,annotation_mask_same_extractor,102,141,39.0,39.0,38.23529411764706,valid,ok,ok,zero_length_angle_vector,zero_length_angle_vector,a23e4c9ae8b5cd333c9ee04c6a4a84de25c4388307e8463b068e3f8f45f8c58d,80c8aa7ecf8d17d539101d5f3d0bab498b85184bb274849511d750b864ab368b
10-9-3,0,attunet_pixel,3407,junction_region_count,annotation_mask_same_extractor,94,130,36.0,36.0,38.297872340425535,valid,ok,ok,zero_length_angle_vector,zero_length_angle_vector,a23e4c9ae8b5cd333c9ee04c6a4a84de25c4388307e8463b068e3f8f45f8c58d,80c8aa7ecf8d17d539101d5f3d0bab498b85184bb274849511d750b864ab368b
10-9-3,0,attunet_pixel,3407,mean_local_acute_angle_deg,annotation_mask_same_extractor,62.02962831732245,56.687597599272266,-5.342030718050182,5.342030718050182,8.61206307850528,valid,ok,ok,zero_length_angle_vector,zero_length_angle_vector,a23e4c9ae8b5cd333c9ee04c6a4a84de25c4388307e8463b068e3f8f45f8c58d,80c8aa7ecf8d17d539101d5f3d0bab498b85184bb274849511d750b864ab368b
10-9-4,2,attunet_pixel,3407,dominant_path_length,annotation_mask_same_extractor,3795.486865800912,3304.828427124746,-490.6584386761656,490.6584386761656,12.927417641652895,valid,ok,ok,,,775edf7906167ea9e9ba868605a76fc739ed5aa32d5a1c9e3ec9a9a84e402ead,6175e3058ebe0d58a17dc994dfe7ce1cb1dda627b492ba5057ffb265f064d206
10-9-4,2,attunet_pixel,3407,retained_segment_count,annotation_mask_same_extractor,82,203,121.0,121.0,147.5609756097561,valid,ok,ok,,,775edf7906167ea9e9ba868605a76fc739ed5aa32d5a1c9e3ec9a9a84e402ead,6175e3058ebe0d58a17dc994dfe7ce1cb1dda627b492ba5057ffb265f064d206
10-9-4,2,attunet_pixel,3407,junction_region_count,annotation_mask_same_extractor,63,147,84.0,84.0,133.33333333333331,valid,ok,ok,,,775edf7906167ea9e9ba868605a76fc739ed5aa32d5a1c9e3ec9a9a84e402ead,6175e3058ebe0d58a17dc994dfe7ce1cb1dda627b492ba5057ffb265f064d206
10-9-4,2,attunet_pixel,3407,mean_local_acute_angle_deg,annotation_mask_same_extractor,43.610163723088185,46.250625043083176,2.6404613199949907,2.6404613199949907,6.054692517921166,valid,ok,ok,,,775edf7906167ea9e9ba868605a76fc739ed5aa32d5a1c9e3ec9a9a84e402ead,6175e3058ebe0d58a17dc994dfe7ce1cb1dda627b492ba5057ffb265f064d206
235-10-11(1),3,attunet_pixel,3407,dominant_path_length,annotation_mask_same_extractor,2994.397328557098,3330.2640687118983,335.8667401548005,335.8667401548005,11.21650547012222,valid,ok,ok,,,9d52d033268cd4a5d237049ac4f43033746bfe49685933fe46cc01355c7ffcc7,b93bcab6bd23dfd10f37cb008645ef8405313c9f91807e848d1254e98c98c33f
235-10-11(1),3,attunet_pixel,3407,retained_segment_count,annotation_mask_same_extractor,39,159,120.0,120.0,307.69230769230774,valid,ok,ok,,,9d52d033268cd4a5d237049ac4f43033746bfe49685933fe46cc01355c7ffcc7,b93bcab6bd23dfd10f37cb008645ef8405313c9f91807e848d1254e98c98c33f
235-10-11(1),3,attunet_pixel,3407,junction_region_count,annotation_mask_same_extractor,31,129,98.0,98.0,316.1290322580645,valid,ok,ok,,,9d52d033268cd4a5d237049ac4f43033746bfe49685933fe46cc01355c7ffcc7,b93bcab6bd23dfd10f37cb008645ef8405313c9f91807e848d1254e98c98c33f
235-10-11(1),3,attunet_pixel,3407,mean_local_acute_angle_deg,annotation_mask_same_extractor,53.361302278251465,46.44155496733368,-6.919747310917785,6.919747310917785,12.967725702860283,valid,ok,ok,,,9d52d033268cd4a5d237049ac4f43033746bfe49685933fe46cc01355c7ffcc7,b93bcab6bd23dfd10f37cb008645ef8405313c9f91807e848d1254e98c98c33f
235-10-11(2),1,attunet_pixel,3407,dominant_path_length,annotation_mask_same_extractor,2805.9057710597435,1181.4183976444826,-1624.487373415261,1624.487373415261,57.895293212277736,valid,ok,ok,,zero_length_angle_vector,5b712c674961fc82b6cbf219207fe1d3e1b0be3e2a6b4ba1f8eea53b3cdecde8,c030aeec8abbb6fc30658fd02835688cf16316b0a7a80cce4035f6d87f287099
235-10-11(2),1,attunet_pixel,3407,retained_segment_count,annotation_mask_same_extractor,44,121,77.0,77.0,175.0,valid,ok,ok,,zero_length_angle_vector,5b712c674961fc82b6cbf219207fe1d3e1b0be3e2a6b4ba1f8eea53b3cdecde8,c030aeec8abbb6fc30658fd02835688cf16316b0a7a80cce4035f6d87f287099
235-10-11(2),1,attunet_pixel,3407,junction_region_count,annotation_mask_same_extractor,32,91,59.0,59.0,184.375,valid,ok,ok,,zero_length_angle_vector,5b712c674961fc82b6cbf219207fe1d3e1b0be3e2a6b4ba1f8eea53b3cdecde8,c030aeec8abbb6fc30658fd02835688cf16316b0a7a80cce4035f6d87f287099
235-10-11(2),1,attunet_pixel,3407,mean_local_acute_angle_deg,annotation_mask_same_extractor,43.25362958365755,50.459688635912876,7.206059052255327,7.206059052255327,16.660010088443496,valid,ok,ok,,zero_length_angle_vector,5b712c674961fc82b6cbf219207fe1d3e1b0be3e2a6b4ba1f8eea53b3cdecde8,c030aeec8abbb6fc30658fd02835688cf16316b0a7a80cce4035f6d87f287099
235-10-11(3),1,attunet_pixel,3407,dominant_path_length,annotation_mask_same_extractor,3903.799348810616,2854.09581336696,-1049.7035354436557,1049.7035354436557,26.8892799463034,valid,ok,ok,zero_length_angle_vector,zero_length_angle_vector,fa60085f010979fe70bd85f42f583537392b69473bae643033aaace4f1bfd685,a8f3aeb8dc5e2384affbf435f24fbedf20a2662d356c2b838684548cd90ce84b
235-10-11(3),1,attunet_pixel,3407,retained_segment_count,annotation_mask_same_extractor,195,337,142.0,142.0,72.82051282051282,valid,ok,ok,zero_length_angle_vector,zero_length_angle_vector,fa60085f010979fe70bd85f42f583537392b69473bae643033aaace4f1bfd685,a8f3aeb8dc5e2384affbf435f24fbedf20a2662d356c2b838684548cd90ce84b
235-10-11(3),1,attunet_pixel,3407,junction_region_count,annotation_mask_same_extractor,171,278,107.0,107.0,62.57309941520468,valid,ok,ok,zero_length_angle_vector,zero_length_angle_vector,fa60085f010979fe70bd85f42f583537392b69473bae643033aaace4f1bfd685,a8f3aeb8dc5e2384affbf435f24fbedf20a2662d356c2b838684548cd90ce84b
235-10-11(3),1,attunet_pixel,3407,mean_local_acute_angle_deg,annotation_mask_same_extractor,59.57250840324565,49.4945039545336,-10.07800444871205,10.07800444871205,16.91720681038668,valid,ok,ok,zero_length_angle_vector,zero_length_angle_vector,fa60085f010979fe70bd85f42f583537392b69473bae643033aaace4f1bfd685,a8f3aeb8dc5e2384affbf435f24fbedf20a2662d356c2b838684548cd90ce84b
235-10-12(1),4,attunet_pixel,3407,dominant_path_length,annotation_mask_same_extractor,2001.4427842621224,1122.4032457428345,-879.0395385192878,879.0395385192878,43.92029317207615,valid,ok,ok,,zero_length_angle_vector,18b9363d37a62a519d147178d26a24d6b4b802b892db690b5190ad39f8a39884,899bd0629133394e8da48ab26626abe826ec3a0c9bda9a630b9bfc664ca8ae05
235-10-12(1),4,attunet_pixel,3407,retained_segment_count,annotation_mask_same_extractor,134,153,19.0,19.0,14.17910447761194,valid,ok,ok,,zero_length_angle_vector,18b9363d37a62a519d147178d26a24d6b4b802b892db690b5190ad39f8a39884,899bd0629133394e8da48ab26626abe826ec3a0c9bda9a630b9bfc664ca8ae05
235-10-12(1),4,attunet_pixel,3407,junction_region_count,annotation_mask_same_extractor,112,136,24.0,24.0,21.428571428571427,valid,ok,ok,,zero_length_angle_vector,18b9363d37a62a519d147178d26a24d6b4b802b892db690b5190ad39f8a39884,899bd0629133394e8da48ab26626abe826ec3a0c9bda9a630b9bfc664ca8ae05
235-10-12(1),4,attunet_pixel,3407,mean_local_acute_angle_deg,annotation_mask_same_extractor,53.181513697065846,50.26447881408144,-2.917034882984403,2.917034882984403,5.485054260772842,valid,ok,ok,,zero_length_angle_vector,18b9363d37a62a519d147178d26a24d6b4b802b892db690b5190ad39f8a39884,899bd0629133394e8da48ab26626abe826ec3a0c9bda9a630b9bfc664ca8ae05
235-10-12(2),0,attunet_pixel,3407,dominant_path_length,annotation_mask_same_extractor,3327.9141392239435,1197.3128419472114,-2130.601297276732,2130.601297276732,64.02212341252229,valid,ok,ok,,zero_length_angle_vector,3f320f9a413c704ff148c35538663d08b34fdafa0044a66241f691b28db5db7b,322cd0d8eac647f936e39b42512c96c0b19cfe2e8ab897248d18ea8532850df6
235-10-12(2),0,attunet_pixel,3407,retained_segment_count,annotation_mask_same_extractor,98,118,20.0,20.0,20.408163265306122,valid,ok,ok,,zero_length_angle_vector,3f320f9a413c704ff148c35538663d08b34fdafa0044a66241f691b28db5db7b,322cd0d8eac647f936e39b42512c96c0b19cfe2e8ab897248d18ea8532850df6
235-10-12(2),0,attunet_pixel,3407,junction_region_count,annotation_mask_same_extractor,79,102,23.0,23.0,29.11392405063291,valid,ok,ok,,zero_length_angle_vector,3f320f9a413c704ff148c35538663d08b34fdafa0044a66241f691b28db5db7b,322cd0d8eac647f936e39b42512c96c0b19cfe2e8ab897248d18ea8532850df6
235-10-12(2),0,attunet_pixel,3407,mean_local_acute_angle_deg,annotation_mask_same_extractor,62.31932305515474,52.33218767043159,-9.987135384723153,9.987135384723153,16.02574433596494,valid,ok,ok,,zero_length_angle_vector,3f320f9a413c704ff148c35538663d08b34fdafa0044a66241f691b28db5db7b,322cd0d8eac647f936e39b42512c96c0b19cfe2e8ab897248d18ea8532850df6
235-10-12(3),1,attunet_pixel,3407,dominant_path_length,annotation_mask_same_extractor,3338.9221484506097,1081.2590180780485,-2257.663130372561,2257.663130372561,67.61652503399054,valid,ok,ok,zero_length_angle_vector,zero_length_angle_vector,06cb03ea2bad65c89fe30627bf1d69fb7bd50a7bc6f48ee697c5830e39ef08b3,ba89d975f6380bafa5a8b37296cfa0f6a06140a7ec580acb5f2a3134a7e7d3cb
235-10-12(3),1,attunet_pixel,3407,retained_segment_count,annotation_mask_same_extractor,248,439,191.0,191.0,77.01612903225806,valid,ok,ok,zero_length_angle_vector,zero_length_angle_vector,06cb03ea2bad65c89fe30627bf1d69fb7bd50a7bc6f48ee697c5830e39ef08b3,ba89d975f6380bafa5a8b37296cfa0f6a06140a7ec580acb5f2a3134a7e7d3cb
235-10-12(3),1,attunet_pixel,3407,junction_region_count,annotation_mask_same_extractor,210,340,130.0,130.0,61.904761904761905,valid,ok,ok,zero_length_angle_vector,zero_length_angle_vector,06cb03ea2bad65c89fe30627bf1d69fb7bd50a7bc6f48ee697c5830e39ef08b3,ba89d975f6380bafa5a8b37296cfa0f6a06140a7ec580acb5f2a3134a7e7d3cb
235-10-12(3),1,attunet_pixel,3407,mean_local_acute_angle_deg,annotation_mask_same_extractor,56.12825058978015,41.91728932270156,-14.210961267078588,14.210961267078588,25.318731864531195,valid,ok,ok,zero_length_angle_vector,zero_length_angle_vector,06cb03ea2bad65c89fe30627bf1d69fb7bd50a7bc6f48ee697c5830e39ef08b3,ba89d975f6380bafa5a8b37296cfa0f6a06140a7ec580acb5f2a3134a7e7d3cb
235-25-6(1),2,attunet_pixel,3407,dominant_path_length,annotation_mask_same_extractor,2364.349421873661,3275.828427124746,911.4790052510853,911.4790052510853,38.55094330891122,valid,ok,ok,,,81d217e87b63701eb36c3a0b141a738b1f3dd596f793222514893c0a771fc94d,567607973554df8927232e20255f304d754959d782ebfb3ff0228584eee12c8f
235-25-6(1),2,attunet_pixel,3407,retained_segment_count,annotation_mask_same_extractor,27,101,74.0,74.0,274.0740740740741,valid,ok,ok,,,81d217e87b63701eb36c3a0b141a738b1f3dd596f793222514893c0a771fc94d,567607973554df8927232e20255f304d754959d782ebfb3ff0228584eee12c8f
235-25-6(1),2,attunet_pixel,3407,junction_region_count,annotation_mask_same_extractor,21,77,56.0,56.0,266.66666666666663,valid,ok,ok,,,81d217e87b63701eb36c3a0b141a738b1f3dd596f793222514893c0a771fc94d,567607973554df8927232e20255f304d754959d782ebfb3ff0228584eee12c8f
235-25-6(1),2,attunet_pixel,3407,mean_local_acute_angle_deg,annotation_mask_same_extractor,63.4461979910307,39.749503560372126,-23.696694430658575,23.696694430658575,37.349274158253806,valid,ok,ok,,,81d217e87b63701eb36c3a0b141a738b1f3dd596f793222514893c0a771fc94d,567607973554df8927232e20255f304d754959d782ebfb3ff0228584eee12c8f
235-25-6(2),4,attunet_pixel,3407,dominant_path_length,annotation_mask_same_extractor,1377.430590953303,961.986940139407,-415.44365081389594,415.44365081389594,30.16076842945476,valid,ok,ok,,zero_length_angle_vector,07fd844e7f853a14fb82235228caf5997075e001697d881b5a753f8be11ad9ff,e616ba3dd6a7038c35dad453b0b8504eaa98d25ce64bfb367dc0790ad3142277
235-25-6(2),4,attunet_pixel,3407,retained_segment_count,annotation_mask_same_extractor,90,113,23.0,23.0,25.555555555555554,valid,ok,ok,,zero_length_angle_vector,07fd844e7f853a14fb82235228caf5997075e001697d881b5a753f8be11ad9ff,e616ba3dd6a7038c35dad453b0b8504eaa98d25ce64bfb367dc0790ad3142277
235-25-6(2),4,attunet_pixel,3407,junction_region_count,annotation_mask_same_extractor,63,100,37.0,37.0,58.730158730158735,valid,ok,ok,,zero_length_angle_vector,07fd844e7f853a14fb82235228caf5997075e001697d881b5a753f8be11ad9ff,e616ba3dd6a7038c35dad453b0b8504eaa98d25ce64bfb367dc0790ad3142277
235-25-6(2),4,attunet_pixel,3407,mean_local_acute_angle_deg,annotation_mask_same_extractor,48.93734100767138,52.874807907762886,3.9374669000915077,3.9374669000915077,8.045935514711095,valid,ok,ok,,zero_length_angle_vector,07fd844e7f853a14fb82235228caf5997075e001697d881b5a753f8be11ad9ff,e616ba3dd6a7038c35dad453b0b8504eaa98d25ce64bfb367dc0790ad3142277
235-25-7(1),2,attunet_pixel,3407,dominant_path_length,annotation_mask_same_extractor,2998.8439379638457,3283.828427124746,284.98448916090047,284.98448916090047,9.503145047101022,valid,ok,ok,,,7497c2c9ff553aa7c2dd4141a59b027c8c75f67dc2bccba4cc857927d6dbf16d,cf8501f662c0b5d44348fbc5ac75a9e0801b0915abebcbc3299d3c09f20d619a
235-25-7(1),2,attunet_pixel,3407,retained_segment_count,annotation_mask_same_extractor,230,266,36.0,36.0,15.65217391304348,valid,ok,ok,,,7497c2c9ff553aa7c2dd4141a59b027c8c75f67dc2bccba4cc857927d6dbf16d,cf8501f662c0b5d44348fbc5ac75a9e0801b0915abebcbc3299d3c09f20d619a
235-25-7(1),2,attunet_pixel,3407,junction_region_count,annotation_mask_same_extractor,208,201,-7.0,7.0,3.3653846153846154,valid,ok,ok,,,7497c2c9ff553aa7c2dd4141a59b027c8c75f67dc2bccba4cc857927d6dbf16d,cf8501f662c0b5d44348fbc5ac75a9e0801b0915abebcbc3299d3c09f20d619a
235-25-7(1),2,attunet_pixel,3407,mean_local_acute_angle_deg,annotation_mask_same_extractor,56.8053052093956,44.96964156645749,-11.835663642938108,11.835663642938108,20.835489923537086,valid,ok,ok,,,7497c2c9ff553aa7c2dd4141a59b027c8c75f67dc2bccba4cc857927d6dbf16d,cf8501f662c0b5d44348fbc5ac75a9e0801b0915abebcbc3299d3c09f20d619a
235-25-7(2),2,attunet_pixel,3407,dominant_path_length,annotation_mask_same_extractor,1249.092495836678,3253.828427124746,2004.7359312880683,2004.7359312880683,160.49539469414864,valid,ok,ok,,,2131528edadfa652c430e59c756f4b7a69ff50f6d858967b29f0984a2a5a1f3d,feae79167d606443a08666e17766df9b7dc68ae6f62586d9dd60f6716bba7266
235-25-7(2),2,attunet_pixel,3407,retained_segment_count,annotation_mask_same_extractor,94,132,38.0,38.0,40.42553191489361,valid,ok,ok,,,2131528edadfa652c430e59c756f4b7a69ff50f6d858967b29f0984a2a5a1f3d,feae79167d606443a08666e17766df9b7dc68ae6f62586d9dd60f6716bba7266
235-25-7(2),2,attunet_pixel,3407,junction_region_count,annotation_mask_same_extractor,74,112,38.0,38.0,51.35135135135135,valid,ok,ok,,,2131528edadfa652c430e59c756f4b7a69ff50f6d858967b29f0984a2a5a1f3d,feae79167d606443a08666e17766df9b7dc68ae6f62586d9dd60f6716bba7266
235-25-7(2),2,attunet_pixel,3407,mean_local_acute_angle_deg,annotation_mask_same_extractor,51.18427192297171,46.205057980243915,-4.979213942727796,4.979213942727796,9.728015571308935,valid,ok,ok,,,2131528edadfa652c430e59c756f4b7a69ff50f6d858967b29f0984a2a5a1f3d,feae79167d606443a08666e17766df9b7dc68ae6f62586d9dd60f6716bba7266
235-25-7(3),2,attunet_pixel,3407,dominant_path_length,annotation_mask_same_extractor,3042.988165628605,3275.828427124746,232.840261496141,232.840261496141,7.65169789768282,valid,ok,ok,zero_length_angle_vector,,2c8b120debe12fd303a7f06497770c03ad10375f80aac91a1feeabe828c5d6e3,40cbdf2186cdd462fb690adc934b2b55d38e0527f2bf6c994eb9a4224496e5f4
235-25-7(3),2,attunet_pixel,3407,retained_segment_count,annotation_mask_same_extractor,86,198,112.0,112.0,130.2325581395349,valid,ok,ok,zero_length_angle_vector,,2c8b120debe12fd303a7f06497770c03ad10375f80aac91a1feeabe828c5d6e3,40cbdf2186cdd462fb690adc934b2b55d38e0527f2bf6c994eb9a4224496e5f4
235-25-7(3),2,attunet_pixel,3407,junction_region_count,annotation_mask_same_extractor,69,149,80.0,80.0,115.94202898550725,valid,ok,ok,zero_length_angle_vector,,2c8b120debe12fd303a7f06497770c03ad10375f80aac91a1feeabe828c5d6e3,40cbdf2186cdd462fb690adc934b2b55d38e0527f2bf6c994eb9a4224496e5f4
235-25-7(3),2,attunet_pixel,3407,mean_local_acute_angle_deg,annotation_mask_same_extractor,40.34148473985392,45.89719655190634,5.555711812052422,5.555711812052422,13.771708820037198,valid,ok,ok,zero_length_angle_vector,,2c8b120debe12fd303a7f06497770c03ad10375f80aac91a1feeabe828c5d6e3,40cbdf2186cdd462fb690adc934b2b55d38e0527f2bf6c994eb9a4224496e5f4
235-25-9(1),4,attunet_pixel,3407,dominant_path_length,annotation_mask_same_extractor,3126.4490603852128,747.7594513539352,-2378.6896090312775,2378.6896090312775,76.08278795171532,valid,ok,ok,,zero_length_angle_vector,a44aabe48936de7e267908875859f9c440963c013122db96ca7e12819915e47a,3e85defde98d715e74e89a32e650711c7f71e98bfbd40320a77945fc79bd3c6d
235-25-9(1),4,attunet_pixel,3407,retained_segment_count,annotation_mask_same_extractor,81,121,40.0,40.0,49.382716049382715,valid,ok,ok,,zero_length_angle_vector,a44aabe48936de7e267908875859f9c440963c013122db96ca7e12819915e47a,3e85defde98d715e74e89a32e650711c7f71e98bfbd40320a77945fc79bd3c6d
235-25-9(1),4,attunet_pixel,3407,junction_region_count,annotation_mask_same_extractor,71,132,61.0,61.0,85.91549295774648,valid,ok,ok,,zero_length_angle_vector,a44aabe48936de7e267908875859f9c440963c013122db96ca7e12819915e47a,3e85defde98d715e74e89a32e650711c7f71e98bfbd40320a77945fc79bd3c6d
235-25-9(1),4,attunet_pixel,3407,mean_local_acute_angle_deg,annotation_mask_same_extractor,56.36650915301412,37.48882007424252,-18.877689078771603,18.877689078771603,33.490967176139456,valid,ok,ok,,zero_length_angle_vector,a44aabe48936de7e267908875859f9c440963c013122db96ca7e12819915e47a,3e85defde98d715e74e89a32e650711c7f71e98bfbd40320a77945fc79bd3c6d
235-25-9(2),4,attunet_pixel,3407,dominant_path_length,annotation_mask_same_extractor,1133.901586977666,835.74935008617,-298.15223689149605,298.15223689149605,26.29436631147149,valid,ok,ok,,zero_length_angle_vector,078e2f40e0375f4163f04a89f798c84e04ad144ea99252428ef60b382a208150,82f21e47003c565b62ee72f7868d81d0c198b62deedd67634c2a00722a7c3055
235-25-9(2),4,attunet_pixel,3407,retained_segment_count,annotation_mask_same_extractor,72,66,-6.0,6.0,8.333333333333332,valid,ok,ok,,zero_length_angle_vector,078e2f40e0375f4163f04a89f798c84e04ad144ea99252428ef60b382a208150,82f21e47003c565b62ee72f7868d81d0c198b62deedd67634c2a00722a7c3055
235-25-9(2),4,attunet_pixel,3407,junction_region_count,annotation_mask_same_extractor,58,58,0.0,0.0,0.0,valid,ok,ok,,zero_length_angle_vector,078e2f40e0375f4163f04a89f798c84e04ad144ea99252428ef60b382a208150,82f21e47003c565b62ee72f7868d81d0c198b62deedd67634c2a00722a7c3055
235-25-9(2),4,attunet_pixel,3407,mean_local_acute_angle_deg,annotation_mask_same_extractor,48.80355339734289,46.515811870070614,-2.2877415272722743,2.2877415272722743,4.687653599003778,valid,ok,ok,,zero_length_angle_vector,078e2f40e0375f4163f04a89f798c84e04ad144ea99252428ef60b382a208150,82f21e47003c565b62ee72f7868d81d0c198b62deedd67634c2a00722a7c3055
235-25-9(3),1,attunet_pixel,3407,dominant_path_length,annotation_mask_same_extractor,3014.9961748553196,897.5411972844563,-2117.4549775708633,2117.4549775708633,70.23076829185275,valid,ok,ok,,zero_length_angle_vector,04c79fb7e355280d60cd560ee7fce5e6be4db79fc76c2cc62ba5beb9dc7281f5,4aa0ac44e69e22a5b893269163829aa142519e524d73a0690649ca5ee5817e04
235-25-9(3),1,attunet_pixel,3407,retained_segment_count,annotation_mask_same_extractor,162,189,27.0,27.0,16.666666666666664,valid,ok,ok,,zero_length_angle_vector,04c79fb7e355280d60cd560ee7fce5e6be4db79fc76c2cc62ba5beb9dc7281f5,4aa0ac44e69e22a5b893269163829aa142519e524d73a0690649ca5ee5817e04
235-25-9(3),1,attunet_pixel,3407,junction_region_count,annotation_mask_same_extractor,148,143,-5.0,5.0,3.3783783783783785,valid,ok,ok,,zero_length_angle_vector,04c79fb7e355280d60cd560ee7fce5e6be4db79fc76c2cc62ba5beb9dc7281f5,4aa0ac44e69e22a5b893269163829aa142519e524d73a0690649ca5ee5817e04
235-25-9(3),1,attunet_pixel,3407,mean_local_acute_angle_deg,annotation_mask_same_extractor,63.95431651066043,48.67545975653622,-15.278856754124213,15.278856754124213,23.890266658666278,valid,ok,ok,,zero_length_angle_vector,04c79fb7e355280d60cd560ee7fce5e6be4db79fc76c2cc62ba5beb9dc7281f5,4aa0ac44e69e22a5b893269163829aa142519e524d73a0690649ca5ee5817e04
447-1-1,1,attunet_pixel,3407,dominant_path_length,annotation_mask_same_extractor,3911.385135248214,2746.535280098761,-1164.8498551494527,1164.8498551494527,29.78100634100641,valid,ok,ok,,zero_length_angle_vector,67a3ba2f50251e390c617a86eba391a70dc650351761a8b7c955b3e97cd90123,6a03befa6d072330a1b56e53cc14b1dcd618d44d5bf0a0e51884ee27219fb740
447-1-1,1,attunet_pixel,3407,retained_segment_count,annotation_mask_same_extractor,293,298,5.0,5.0,1.7064846416382253,valid,ok,ok,,zero_length_angle_vector,67a3ba2f50251e390c617a86eba391a70dc650351761a8b7c955b3e97cd90123,6a03befa6d072330a1b56e53cc14b1dcd618d44d5bf0a0e51884ee27219fb740
447-1-1,1,attunet_pixel,3407,junction_region_count,annotation_mask_same_extractor,271,248,-23.0,23.0,8.487084870848708,valid,ok,ok,,zero_length_angle_vector,67a3ba2f50251e390c617a86eba391a70dc650351761a8b7c955b3e97cd90123,6a03befa6d072330a1b56e53cc14b1dcd618d44d5bf0a0e51884ee27219fb740
447-1-1,1,attunet_pixel,3407,mean_local_acute_angle_deg,annotation_mask_same_extractor,61.706177398538195,55.84379904089115,-5.862378357647046,5.862378357647046,9.500472407785098,valid,ok,ok,,zero_length_angle_vector,67a3ba2f50251e390c617a86eba391a70dc650351761a8b7c955b3e97cd90123,6a03befa6d072330a1b56e53cc14b1dcd618d44d5bf0a0e51884ee27219fb740
447-1-1(1),1,attunet_pixel,3407,dominant_path_length,annotation_mask_same_extractor,3219.268252793949,957.3746750430852,-2261.893577750864,2261.893577750864,70.26110905134433,valid,ok,ok,,zero_length_angle_vector,0d1ba7e5e04b19e049d833c898b8b5dfd329ae106055ed93825b5e45ffe6aa84,377da4a4297f19c8d0e4eb34c17dfd68d3e3eefa37381c820234676bb3c7fed2
447-1-1(1),1,attunet_pixel,3407,retained_segment_count,annotation_mask_same_extractor,138,160,22.0,22.0,15.942028985507244,valid,ok,ok,,zero_length_angle_vector,0d1ba7e5e04b19e049d833c898b8b5dfd329ae106055ed93825b5e45ffe6aa84,377da4a4297f19c8d0e4eb34c17dfd68d3e3eefa37381c820234676bb3c7fed2
447-1-1(1),1,attunet_pixel,3407,junction_region_count,annotation_mask_same_extractor,130,128,-2.0,2.0,1.5384615384615385,valid,ok,ok,,zero_length_angle_vector,0d1ba7e5e04b19e049d833c898b8b5dfd329ae106055ed93825b5e45ffe6aa84,377da4a4297f19c8d0e4eb34c17dfd68d3e3eefa37381c820234676bb3c7fed2
447-1-1(1),1,attunet_pixel,3407,mean_local_acute_angle_deg,annotation_mask_same_extractor,67.79905715669001,52.588680344528036,-15.210376812161975,15.210376812161975,22.43449606829983,valid,ok,ok,,zero_length_angle_vector,0d1ba7e5e04b19e049d833c898b8b5dfd329ae106055ed93825b5e45ffe6aa84,377da4a4297f19c8d0e4eb34c17dfd68d3e3eefa37381c820234676bb3c7fed2
7-1-3(1),4,attunet_pixel,3407,dominant_path_length,annotation_mask_same_extractor,3591.411613906912,1642.0823945689124,-1949.3292193379996,1949.3292193379996,54.277521735177125,valid,ok,ok,,zero_length_angle_vector,bba8ccc94987683932ee1142fbfdf5f18f0e90a532fe1e011e5e0387316a0102,2d55cb6c590bab7d5420aa7d044b5e7dc288e045a7765e0df569f4093aeb6e4d
7-1-3(1),4,attunet_pixel,3407,retained_segment_count,annotation_mask_same_extractor,415,517,102.0,102.0,24.57831325301205,valid,ok,ok,,zero_length_angle_vector,bba8ccc94987683932ee1142fbfdf5f18f0e90a532fe1e011e5e0387316a0102,2d55cb6c590bab7d5420aa7d044b5e7dc288e045a7765e0df569f4093aeb6e4d
7-1-3(1),4,attunet_pixel,3407,junction_region_count,annotation_mask_same_extractor,370,434,64.0,64.0,17.2972972972973,valid,ok,ok,,zero_length_angle_vector,bba8ccc94987683932ee1142fbfdf5f18f0e90a532fe1e011e5e0387316a0102,2d55cb6c590bab7d5420aa7d044b5e7dc288e045a7765e0df569f4093aeb6e4d
7-1-3(1),4,attunet_pixel,3407,mean_local_acute_angle_deg,annotation_mask_same_extractor,52.19068191429416,49.52209231232433,-2.6685896019698276,2.6685896019698276,5.113153352454943,valid,ok,ok,,zero_length_angle_vector,bba8ccc94987683932ee1142fbfdf5f18f0e90a532fe1e011e5e0387316a0102,2d55cb6c590bab7d5420aa7d044b5e7dc288e045a7765e0df569f4093aeb6e4d
7-1-3(2),4,attunet_pixel,3407,dominant_path_length,annotation_mask_same_extractor,2479.356564548581,2249.0428560496066,-230.3137084989744,230.3137084989744,9.289253179318637,valid,ok,ok,,zero_length_angle_vector,28862657685f711ee260dae48d326375279a0325e0e0c82a6692a9516004f3bb,41cd7f849faa862b61c88458625bd728b4ae0c04a97d3bb64f3fc9e7102d8d5d
7-1-3(2),4,attunet_pixel,3407,retained_segment_count,annotation_mask_same_extractor,239,221,-18.0,18.0,7.531380753138076,valid,ok,ok,,zero_length_angle_vector,28862657685f711ee260dae48d326375279a0325e0e0c82a6692a9516004f3bb,41cd7f849faa862b61c88458625bd728b4ae0c04a97d3bb64f3fc9e7102d8d5d
7-1-3(2),4,attunet_pixel,3407,junction_region_count,annotation_mask_same_extractor,201,200,-1.0,1.0,0.4975124378109453,valid,ok,ok,,zero_length_angle_vector,28862657685f711ee260dae48d326375279a0325e0e0c82a6692a9516004f3bb,41cd7f849faa862b61c88458625bd728b4ae0c04a97d3bb64f3fc9e7102d8d5d
7-1-3(2),4,attunet_pixel,3407,mean_local_acute_angle_deg,annotation_mask_same_extractor,52.02063707468777,46.43728618296307,-5.583350891724699,5.583350891724699,10.732953700102701,valid,ok,ok,,zero_length_angle_vector,28862657685f711ee260dae48d326375279a0325e0e0c82a6692a9516004f3bb,41cd7f849faa862b61c88458625bd728b4ae0c04a97d3bb64f3fc9e7102d8d5d
7-1-3(3),0,attunet_pixel,3407,dominant_path_length,annotation_mask_same_extractor,3139.476405595674,1652.4255403194202,-1487.0508652762537,1487.0508652762537,47.3662061172301,valid,ok,ok,zero_length_angle_vector,zero_length_angle_vector,eb3582ff4719e2750a945bfec7af39008d621c1fbaba7f242e61cf5fb5af1392,0183331283ed5bed64dfc4ca7916cdef315cdfac1d745d0f01ed40a5b6cee058
7-1-3(3),0,attunet_pixel,3407,retained_segment_count,annotation_mask_same_extractor,234,281,47.0,47.0,20.085470085470085,valid,ok,ok,zero_length_angle_vector,zero_length_angle_vector,eb3582ff4719e2750a945bfec7af39008d621c1fbaba7f242e61cf5fb5af1392,0183331283ed5bed64dfc4ca7916cdef315cdfac1d745d0f01ed40a5b6cee058
7-1-3(3),0,attunet_pixel,3407,junction_region_count,annotation_mask_same_extractor,206,232,26.0,26.0,12.62135922330097,valid,ok,ok,zero_length_angle_vector,zero_length_angle_vector,eb3582ff4719e2750a945bfec7af39008d621c1fbaba7f242e61cf5fb5af1392,0183331283ed5bed64dfc4ca7916cdef315cdfac1d745d0f01ed40a5b6cee058
7-1-3(3),0,attunet_pixel,3407,mean_local_acute_angle_deg,annotation_mask_same_extractor,55.62685066639042,52.22175294403037,-3.405097722360047,3.405097722360047,6.121320336434931,valid,ok,ok,zero_length_angle_vector,zero_length_angle_vector,eb3582ff4719e2750a945bfec7af39008d621c1fbaba7f242e61cf5fb5af1392,0183331283ed5bed64dfc4ca7916cdef315cdfac1d745d0f01ed40a5b6cee058
7-1-6(1),0,attunet_pixel,3407,dominant_path_length,annotation_mask_same_extractor,3188.726188957766,2063.3464632808436,-1125.3797256769226,1125.3797256769226,35.29245407065674,valid,ok,ok,,zero_length_angle_vector,cba0254b9e9151f7e11554a8e70e85d3aae5e2a96042767c54979c286faeb9a4,9ab94156da759ab5f9add951e24abd6183efe49fd3247ef6ebd8870d6fb9fd68
7-1-6(1),0,attunet_pixel,3407,retained_segment_count,annotation_mask_same_extractor,300,243,-57.0,57.0,19.0,valid,ok,ok,,zero_length_angle_vector,cba0254b9e9151f7e11554a8e70e85d3aae5e2a96042767c54979c286faeb9a4,9ab94156da759ab5f9add951e24abd6183efe49fd3247ef6ebd8870d6fb9fd68
7-1-6(1),0,attunet_pixel,3407,junction_region_count,annotation_mask_same_extractor,268,221,-47.0,47.0,17.537313432835823,valid,ok,ok,,zero_length_angle_vector,cba0254b9e9151f7e11554a8e70e85d3aae5e2a96042767c54979c286faeb9a4,9ab94156da759ab5f9add951e24abd6183efe49fd3247ef6ebd8870d6fb9fd68
7-1-6(1),0,attunet_pixel,3407,mean_local_acute_angle_deg,annotation_mask_same_extractor,57.71657823171459,53.05864556823722,-4.657932663477375,4.657932663477375,8.070354837698773,valid,ok,ok,,zero_length_angle_vector,cba0254b9e9151f7e11554a8e70e85d3aae5e2a96042767c54979c286faeb9a4,9ab94156da759ab5f9add951e24abd6183efe49fd3247ef6ebd8870d6fb9fd68
7-1-6(2),3,attunet_pixel,3407,dominant_path_length,annotation_mask_same_extractor,4815.678641211786,3340.2051942088556,-1475.4734470029307,1475.4734470029307,30.63895157737627,valid,ok,ok,zero_length_angle_vector,,e3aea5a1ab8ea31c284842492594be58ed37bba1e364b53dc239f9c47cd34693,66f35d7a8b229f4e6ecad8e0baf8763fcb34389e8b2fa5523a63f564d0b0b487
7-1-6(2),3,attunet_pixel,3407,retained_segment_count,annotation_mask_same_extractor,436,471,35.0,35.0,8.027522935779817,valid,ok,ok,zero_length_angle_vector,,e3aea5a1ab8ea31c284842492594be58ed37bba1e364b53dc239f9c47cd34693,66f35d7a8b229f4e6ecad8e0baf8763fcb34389e8b2fa5523a63f564d0b0b487
7-1-6(2),3,attunet_pixel,3407,junction_region_count,annotation_mask_same_extractor,321,377,56.0,56.0,17.445482866043612,valid,ok,ok,zero_length_angle_vector,,e3aea5a1ab8ea31c284842492594be58ed37bba1e364b53dc239f9c47cd34693,66f35d7a8b229f4e6ecad8e0baf8763fcb34389e8b2fa5523a63f564d0b0b487
7-1-6(2),3,attunet_pixel,3407,mean_local_acute_angle_deg,annotation_mask_same_extractor,45.76167325566849,44.580191485564725,-1.1814817701037654,1.1814817701037654,2.5818150562434155,valid,ok,ok,zero_length_angle_vector,,e3aea5a1ab8ea31c284842492594be58ed37bba1e364b53dc239f9c47cd34693,66f35d7a8b229f4e6ecad8e0baf8763fcb34389e8b2fa5523a63f564d0b0b487
7-1-6(3),2,attunet_pixel,3407,dominant_path_length,annotation_mask_same_extractor,3149.346463280794,3348.071067811865,198.72460453107078,198.72460453107078,6.310026757870641,valid,ok,ok,zero_length_angle_vector,,175aad97304bc1efcc5da1ef9c37712fdcee8d0161a6f80fd823a18cef9139a0,a15f5b9611c4277d8d5528588d7dd095edb0012c86e4b340c56dbf605b302ade
7-1-6(3),2,attunet_pixel,3407,retained_segment_count,annotation_mask_same_extractor,113,305,192.0,192.0,169.91150442477877,valid,ok,ok,zero_length_angle_vector,,175aad97304bc1efcc5da1ef9c37712fdcee8d0161a6f80fd823a18cef9139a0,a15f5b9611c4277d8d5528588d7dd095edb0012c86e4b340c56dbf605b302ade
7-1-6(3),2,attunet_pixel,3407,junction_region_count,annotation_mask_same_extractor,82,248,166.0,166.0,202.4390243902439,valid,ok,ok,zero_length_angle_vector,,175aad97304bc1efcc5da1ef9c37712fdcee8d0161a6f80fd823a18cef9139a0,a15f5b9611c4277d8d5528588d7dd095edb0012c86e4b340c56dbf605b302ade
7-1-6(3),2,attunet_pixel,3407,mean_local_acute_angle_deg,annotation_mask_same_extractor,52.34419986077857,41.366529787539115,-10.977670073239459,10.977670073239459,20.972084973000054,valid,ok,ok,zero_length_angle_vector,,175aad97304bc1efcc5da1ef9c37712fdcee8d0161a6f80fd823a18cef9139a0,a15f5b9611c4277d8d5528588d7dd095edb0012c86e4b340c56dbf605b302ade
7-1-6(4),0,attunet_pixel,3407,dominant_path_length,annotation_mask_same_extractor,2934.7922061357463,3557.446101792333,622.6538956565869,622.6538956565869,21.21628558079204,valid,ok,ok,,,c0fc24472241d6b39ede8026e685b39939da6b7eb296c7092ba9ef7c6acbe239,9c0c97d31bc5e297bb6b41792331097422616b80334b7ae865207b0101bf2688
7-1-6(4),0,attunet_pixel,3407,retained_segment_count,annotation_mask_same_extractor,402,410,8.0,8.0,1.9900497512437811,valid,ok,ok,,,c0fc24472241d6b39ede8026e685b39939da6b7eb296c7092ba9ef7c6acbe239,9c0c97d31bc5e297bb6b41792331097422616b80334b7ae865207b0101bf2688
7-1-6(4),0,attunet_pixel,3407,junction_region_count,annotation_mask_same_extractor,320,379,59.0,59.0,18.4375,valid,ok,ok,,,c0fc24472241d6b39ede8026e685b39939da6b7eb296c7092ba9ef7c6acbe239,9c0c97d31bc5e297bb6b41792331097422616b80334b7ae865207b0101bf2688
7-1-6(4),0,attunet_pixel,3407,mean_local_acute_angle_deg,annotation_mask_same_extractor,45.58572184508618,47.717308318751414,2.1315864736652372,2.1315864736652372,4.675995876316275,valid,ok,ok,,,c0fc24472241d6b39ede8026e685b39939da6b7eb296c7092ba9ef7c6acbe239,9c0c97d31bc5e297bb6b41792331097422616b80334b7ae865207b0101bf2688
DN50-235-25-6(2),1,attunet_pixel,3407,dominant_path_length,annotation_mask_same_extractor,1654.4398256692953,928.8986283848386,-725.5411972844566,725.5411972844566,43.85419076761784,valid,ok,ok,,zero_length_angle_vector,26158010911e4857cbb5605c765e186f4f05e7d62b2dcff5cd35f9038e6d54e6,c4845f1f0fa6ff82cafbc0186ed2e662426e0d2057bab8cf481ae1dbce459205
DN50-235-25-6(2),1,attunet_pixel,3407,retained_segment_count,annotation_mask_same_extractor,104,112,8.0,8.0,7.6923076923076925,valid,ok,ok,,zero_length_angle_vector,26158010911e4857cbb5605c765e186f4f05e7d62b2dcff5cd35f9038e6d54e6,c4845f1f0fa6ff82cafbc0186ed2e662426e0d2057bab8cf481ae1dbce459205
DN50-235-25-6(2),1,attunet_pixel,3407,junction_region_count,annotation_mask_same_extractor,97,81,-16.0,16.0,16.49484536082474,valid,ok,ok,,zero_length_angle_vector,26158010911e4857cbb5605c765e186f4f05e7d62b2dcff5cd35f9038e6d54e6,c4845f1f0fa6ff82cafbc0186ed2e662426e0d2057bab8cf481ae1dbce459205
DN50-235-25-6(2),1,attunet_pixel,3407,mean_local_acute_angle_deg,annotation_mask_same_extractor,48.376302759478975,50.47488786787175,2.0985851083927756,2.0985851083927756,4.338043605412928,valid,ok,ok,,zero_length_angle_vector,26158010911e4857cbb5605c765e186f4f05e7d62b2dcff5cd35f9038e6d54e6,c4845f1f0fa6ff82cafbc0186ed2e662426e0d2057bab8cf481ae1dbce459205
DN50-235-25-6(3),1,attunet_pixel,3407,dominant_path_length,annotation_mask_same_extractor,956.9015869776664,912.0924958366777,-44.8090911409887,44.8090911409887,4.682727226162968,valid,ok,ok,,zero_length_angle_vector,1c99a68f93f5396eb9701167417e60c3f506eddaae41784653661a85b4318891,7339e26816943ec2f6b4d5160b2bc1bee3f7a992e119c00b6f4ad7ef2fde930f
DN50-235-25-6(3),1,attunet_pixel,3407,retained_segment_count,annotation_mask_same_extractor,110,98,-12.0,12.0,10.909090909090908,valid,ok,ok,,zero_length_angle_vector,1c99a68f93f5396eb9701167417e60c3f506eddaae41784653661a85b4318891,7339e26816943ec2f6b4d5160b2bc1bee3f7a992e119c00b6f4ad7ef2fde930f
DN50-235-25-6(3),1,attunet_pixel,3407,junction_region_count,annotation_mask_same_extractor,90,79,-11.0,11.0,12.222222222222221,valid,ok,ok,,zero_length_angle_vector,1c99a68f93f5396eb9701167417e60c3f506eddaae41784653661a85b4318891,7339e26816943ec2f6b4d5160b2bc1bee3f7a992e119c00b6f4ad7ef2fde930f
DN50-235-25-6(3),1,attunet_pixel,3407,mean_local_acute_angle_deg,annotation_mask_same_extractor,55.84661373210531,45.49778928826122,-10.348824443844094,10.348824443844094,18.53080026210206,valid,ok,ok,,zero_length_angle_vector,1c99a68f93f5396eb9701167417e60c3f506eddaae41784653661a85b4318891,7339e26816943ec2f6b4d5160b2bc1bee3f7a992e119c00b6f4ad7ef2fde930f
DN50-235-25-7(1),0,attunet_pixel,3407,dominant_path_length,annotation_mask_same_extractor,835.1076477383253,793.4650788387079,-41.64256889961746,41.64256889961746,4.986491144272917,valid,ok,ok,,,1d15d42a8683193e72d4801bf8661ed463c57674766c0904ac6147226c6fad64,f133a8479a0f7580f90de71d8b4ff3b617e927a24236311fe12771d505cf4d26
DN50-235-25-7(1),0,attunet_pixel,3407,retained_segment_count,annotation_mask_same_extractor,86,67,-19.0,19.0,22.093023255813954,valid,ok,ok,,,1d15d42a8683193e72d4801bf8661ed463c57674766c0904ac6147226c6fad64,f133a8479a0f7580f90de71d8b4ff3b617e927a24236311fe12771d505cf4d26
DN50-235-25-7(1),0,attunet_pixel,3407,junction_region_count,annotation_mask_same_extractor,71,54,-17.0,17.0,23.943661971830984,valid,ok,ok,,,1d15d42a8683193e72d4801bf8661ed463c57674766c0904ac6147226c6fad64,f133a8479a0f7580f90de71d8b4ff3b617e927a24236311fe12771d505cf4d26
DN50-235-25-7(1),0,attunet_pixel,3407,mean_local_acute_angle_deg,annotation_mask_same_extractor,53.845303485648856,46.51152904978945,-7.333774435859404,7.333774435859404,13.620081903362363,valid,ok,ok,,,1d15d42a8683193e72d4801bf8661ed463c57674766c0904ac6147226c6fad64,f133a8479a0f7580f90de71d8b4ff3b617e927a24236311fe12771d505cf4d26
W82-447-1-13-3(1),3,attunet_pixel,3407,dominant_path_length,annotation_mask_same_extractor,2963.730373039836,3234.9949493661047,271.2645763262685,271.2645763262685,9.152808865269284,valid,ok,ok,,,e400970fc4f5749000b5101345fe28f7835a0cd40cd105ff701d3d5565a3fd20,2534ffaf6324e967c1355200bbe1cd099b50ad5beabb001163edad7e58e4bbc7
W82-447-1-13-3(1),3,attunet_pixel,3407,retained_segment_count,annotation_mask_same_extractor,76,214,138.0,138.0,181.57894736842107,valid,ok,ok,,,e400970fc4f5749000b5101345fe28f7835a0cd40cd105ff701d3d5565a3fd20,2534ffaf6324e967c1355200bbe1cd099b50ad5beabb001163edad7e58e4bbc7
W82-447-1-13-3(1),3,attunet_pixel,3407,junction_region_count,annotation_mask_same_extractor,50,156,106.0,106.0,212.0,valid,ok,ok,,,e400970fc4f5749000b5101345fe28f7835a0cd40cd105ff701d3d5565a3fd20,2534ffaf6324e967c1355200bbe1cd099b50ad5beabb001163edad7e58e4bbc7
W82-447-1-13-3(1),3,attunet_pixel,3407,mean_local_acute_angle_deg,annotation_mask_same_extractor,45.41755671898957,46.715156625942086,1.297599906952513,1.297599906952513,2.857044721672517,valid,ok,ok,,,e400970fc4f5749000b5101345fe28f7835a0cd40cd105ff701d3d5565a3fd20,2534ffaf6324e967c1355200bbe1cd099b50ad5beabb001163edad7e58e4bbc7
W82-447-1-13-7(1),4,attunet_pixel,3407,dominant_path_length,annotation_mask_same_extractor,2599.841845922817,1434.5504320004484,-1165.2914139223685,1165.2914139223685,44.82162696741836,valid,ok,ok,,zero_length_angle_vector,d7caafd48ba702bb9ca2578cb356a3cab186bfab19d8fbb7f0fc5a6ba0ddb53b,7bb5730874b94a61c4d8ded797fbf69286286e07b9a821a37be8a7239b25edb7
W82-447-1-13-7(1),4,attunet_pixel,3407,retained_segment_count,annotation_mask_same_extractor,161,165,4.0,4.0,2.484472049689441,valid,ok,ok,,zero_length_angle_vector,d7caafd48ba702bb9ca2578cb356a3cab186bfab19d8fbb7f0fc5a6ba0ddb53b,7bb5730874b94a61c4d8ded797fbf69286286e07b9a821a37be8a7239b25edb7
W82-447-1-13-7(1),4,attunet_pixel,3407,junction_region_count,annotation_mask_same_extractor,124,134,10.0,10.0,8.064516129032258,valid,ok,ok,,zero_length_angle_vector,d7caafd48ba702bb9ca2578cb356a3cab186bfab19d8fbb7f0fc5a6ba0ddb53b,7bb5730874b94a61c4d8ded797fbf69286286e07b9a821a37be8a7239b25edb7
W82-447-1-13-7(1),4,attunet_pixel,3407,mean_local_acute_angle_deg,annotation_mask_same_extractor,45.765543776284055,47.36456354345298,1.599019767168926,1.599019767168926,3.493938092346116,valid,ok,ok,,zero_length_angle_vector,d7caafd48ba702bb9ca2578cb356a3cab186bfab19d8fbb7f0fc5a6ba0ddb53b,7bb5730874b94a61c4d8ded797fbf69286286e07b9a821a37be8a7239b25edb7
W82-447-1-13-7(2),3,attunet_pixel,3407,dominant_path_length,annotation_mask_same_extractor,2569.818684794427,3252.9777054234037,683.1590206289766,683.1590206289766,26.583938574001998,valid,ok,ok,zero_length_angle_vector,,8401bb2188e5c3832e902ef0e29c7a72c6580cd0868364d9f97716efdec87255,f7ca6629bf2ed0bc53142ee4e4f325e0f4a67a744547bbc49fe2c3036b0c5ffe
W82-447-1-13-7(2),3,attunet_pixel,3407,retained_segment_count,annotation_mask_same_extractor,37,54,17.0,17.0,45.94594594594595,valid,ok,ok,zero_length_angle_vector,,8401bb2188e5c3832e902ef0e29c7a72c6580cd0868364d9f97716efdec87255,f7ca6629bf2ed0bc53142ee4e4f325e0f4a67a744547bbc49fe2c3036b0c5ffe
W82-447-1-13-7(2),3,attunet_pixel,3407,junction_region_count,annotation_mask_same_extractor,28,35,7.0,7.0,25.0,valid,ok,ok,zero_length_angle_vector,,8401bb2188e5c3832e902ef0e29c7a72c6580cd0868364d9f97716efdec87255,f7ca6629bf2ed0bc53142ee4e4f325e0f4a67a744547bbc49fe2c3036b0c5ffe
W82-447-1-13-7(2),3,attunet_pixel,3407,mean_local_acute_angle_deg,annotation_mask_same_extractor,56.21991760625045,45.94184467543751,-10.27807293081294,10.27807293081294,18.281906783994003,valid,ok,ok,zero_length_angle_vector,,8401bb2188e5c3832e902ef0e29c7a72c6580cd0868364d9f97716efdec87255,f7ca6629bf2ed0bc53142ee4e4f325e0f4a67a744547bbc49fe2c3036b0c5ffe
W82-447-1-13-7(3),2,attunet_pixel,3407,dominant_path_length,annotation_mask_same_extractor,3607.1963184303277,3251.485281374238,-355.7110370560895,355.7110370560895,9.861149925182815,valid,ok,ok,zero_length_angle_vector,,4b63fae36f1e264804fc841b3fbba41c7e9f5be06b268aa37989d57f23a39479,a66d523ea6e3f05efc3d5d57b8efb86b8568222cae10d00aa77e986c7f57b22a
W82-447-1-13-7(3),2,attunet_pixel,3407,retained_segment_count,annotation_mask_same_extractor,125,568,443.0,443.0,354.4,valid,ok,ok,zero_length_angle_vector,,4b63fae36f1e264804fc841b3fbba41c7e9f5be06b268aa37989d57f23a39479,a66d523ea6e3f05efc3d5d57b8efb86b8568222cae10d00aa77e986c7f57b22a
W82-447-1-13-7(3),2,attunet_pixel,3407,junction_region_count,annotation_mask_same_extractor,86,470,384.0,384.0,446.51162790697674,valid,ok,ok,zero_length_angle_vector,,4b63fae36f1e264804fc841b3fbba41c7e9f5be06b268aa37989d57f23a39479,a66d523ea6e3f05efc3d5d57b8efb86b8568222cae10d00aa77e986c7f57b22a
W82-447-1-13-7(3),2,attunet_pixel,3407,mean_local_acute_angle_deg,annotation_mask_same_extractor,42.04523834094305,40.32585339915151,-1.7193849417915388,1.7193849417915388,4.0893689978615875,valid,ok,ok,zero_length_angle_vector,,4b63fae36f1e264804fc841b3fbba41c7e9f5be06b268aa37989d57f23a39479,a66d523ea6e3f05efc3d5d57b8efb86b8568222cae10d00aa77e986c7f57b22a
10-1-1,3,attunet_pixel,2026,dominant_path_length,annotation_mask_same_extractor,3519.0348468227903,2582.488598904514,-936.5462479182761,936.5462479182761,26.613724747961786,valid,ok,ok,zero_length_angle_vector,zero_length_angle_vector,8664187dcbcab44c4dae8da26d028efb21268d9709753c186a39d03660a06fc7,a83afb190649bef07e5c1ef5c4ec5a96d91f4a5850d4c0596739ac756f6c9db0
10-1-1,3,attunet_pixel,2026,retained_segment_count,annotation_mask_same_extractor,134,104,-30.0,30.0,22.388059701492537,valid,ok,ok,zero_length_angle_vector,zero_length_angle_vector,8664187dcbcab44c4dae8da26d028efb21268d9709753c186a39d03660a06fc7,a83afb190649bef07e5c1ef5c4ec5a96d91f4a5850d4c0596739ac756f6c9db0
10-1-1,3,attunet_pixel,2026,junction_region_count,annotation_mask_same_extractor,121,89,-32.0,32.0,26.446280991735538,valid,ok,ok,zero_length_angle_vector,zero_length_angle_vector,8664187dcbcab44c4dae8da26d028efb21268d9709753c186a39d03660a06fc7,a83afb190649bef07e5c1ef5c4ec5a96d91f4a5850d4c0596739ac756f6c9db0
10-1-1,3,attunet_pixel,2026,mean_local_acute_angle_deg,annotation_mask_same_extractor,64.6739875375559,55.10677495359738,-9.567212583958522,9.567212583958522,14.792983930985985,valid,ok,ok,zero_length_angle_vector,zero_length_angle_vector,8664187dcbcab44c4dae8da26d028efb21268d9709753c186a39d03660a06fc7,a83afb190649bef07e5c1ef5c4ec5a96d91f4a5850d4c0596739ac756f6c9db0
10-1-1(1),3,attunet_pixel,2026,dominant_path_length,annotation_mask_same_extractor,2848.0794359760534,1166.0752518939748,-1682.0041840820786,1682.0041840820786,59.05748845469424,valid,ok,ok,,zero_length_angle_vector,c95c0337715266ccd3aad838a4ef3ab80e74ba76f5d714ecb44e5a5615b3ce7c,1b1af990b01e833e343dd1dc72e0a801afd50fdc5104c153f57dd12c968b4039
10-1-1(1),3,attunet_pixel,2026,retained_segment_count,annotation_mask_same_extractor,35,49,14.0,14.0,40.0,valid,ok,ok,,zero_length_angle_vector,c95c0337715266ccd3aad838a4ef3ab80e74ba76f5d714ecb44e5a5615b3ce7c,1b1af990b01e833e343dd1dc72e0a801afd50fdc5104c153f57dd12c968b4039
10-1-1(1),3,attunet_pixel,2026,junction_region_count,annotation_mask_same_extractor,28,31,3.0,3.0,10.714285714285714,valid,ok,ok,,zero_length_angle_vector,c95c0337715266ccd3aad838a4ef3ab80e74ba76f5d714ecb44e5a5615b3ce7c,1b1af990b01e833e343dd1dc72e0a801afd50fdc5104c153f57dd12c968b4039
10-1-1(1),3,attunet_pixel,2026,mean_local_acute_angle_deg,annotation_mask_same_extractor,45.23478785039287,54.597337437257586,9.362549586864716,9.362549586864716,20.697675465683435,valid,ok,ok,,zero_length_angle_vector,c95c0337715266ccd3aad838a4ef3ab80e74ba76f5d714ecb44e5a5615b3ce7c,1b1af990b01e833e343dd1dc72e0a801afd50fdc5104c153f57dd12c968b4039
10-1-1(2),1,attunet_pixel,2026,dominant_path_length,annotation_mask_same_extractor,1262.4823227814104,641.553390593276,-620.9289321881344,620.9289321881344,49.18317832919421,valid,ok,ok,,zero_length_angle_vector,6c74e98b918771eb646a7e1d44c8ef0b3c96078814c8b8db61045d1816697d12,6724fc2bebadba0d726a208414e88775413b36de61dab51ffd1bb3601f0c064e
10-1-1(2),1,attunet_pixel,2026,retained_segment_count,annotation_mask_same_extractor,25,86,61.0,61.0,244.0,valid,ok,ok,,zero_length_angle_vector,6c74e98b918771eb646a7e1d44c8ef0b3c96078814c8b8db61045d1816697d12,6724fc2bebadba0d726a208414e88775413b36de61dab51ffd1bb3601f0c064e
10-1-1(2),1,attunet_pixel,2026,junction_region_count,annotation_mask_same_extractor,23,73,50.0,50.0,217.39130434782606,valid,ok,ok,,zero_length_angle_vector,6c74e98b918771eb646a7e1d44c8ef0b3c96078814c8b8db61045d1816697d12,6724fc2bebadba0d726a208414e88775413b36de61dab51ffd1bb3601f0c064e
10-1-1(2),1,attunet_pixel,2026,mean_local_acute_angle_deg,annotation_mask_same_extractor,46.29442229680335,37.154910319952954,-9.139511976850393,9.139511976850393,19.742145000222806,valid,ok,ok,,zero_length_angle_vector,6c74e98b918771eb646a7e1d44c8ef0b3c96078814c8b8db61045d1816697d12,6724fc2bebadba0d726a208414e88775413b36de61dab51ffd1bb3601f0c064e
10-1-1(3),2,attunet_pixel,2026,dominant_path_length,annotation_mask_same_extractor,2611.2834046956673,1274.7636354360452,-1336.519769259622,1336.519769259622,51.18248623861595,valid,ok,ok,,zero_length_angle_vector,49a1138291b2427ae244c26c8d481f7bf7c311eb24e2003613787dba24d6ff37,b52c4ba2a61509dddbdb22a0c43cee1d9b6eb9adcf145baa893a7790da041b8b
10-1-1(3),2,attunet_pixel,2026,retained_segment_count,annotation_mask_same_extractor,36,70,34.0,34.0,94.44444444444444,valid,ok,ok,,zero_length_angle_vector,49a1138291b2427ae244c26c8d481f7bf7c311eb24e2003613787dba24d6ff37,b52c4ba2a61509dddbdb22a0c43cee1d9b6eb9adcf145baa893a7790da041b8b
10-1-1(3),2,attunet_pixel,2026,junction_region_count,annotation_mask_same_extractor,23,74,51.0,51.0,221.73913043478262,valid,ok,ok,,zero_length_angle_vector,49a1138291b2427ae244c26c8d481f7bf7c311eb24e2003613787dba24d6ff37,b52c4ba2a61509dddbdb22a0c43cee1d9b6eb9adcf145baa893a7790da041b8b
10-1-1(3),2,attunet_pixel,2026,mean_local_acute_angle_deg,annotation_mask_same_extractor,44.403113779145116,50.28590745110747,5.882793671962354,5.882793671962354,13.248606170329738,valid,ok,ok,,zero_length_angle_vector,49a1138291b2427ae244c26c8d481f7bf7c311eb24e2003613787dba24d6ff37,b52c4ba2a61509dddbdb22a0c43cee1d9b6eb9adcf145baa893a7790da041b8b
10-1-2,2,attunet_pixel,2026,dominant_path_length,annotation_mask_same_extractor,3713.5222202381024,2856.922148450641,-856.6000717874613,856.6000717874613,23.067051197893143,valid,ok,ok,zero_length_angle_vector,zero_length_angle_vector,353a8fded79e4327f12b6866ba2014151a10168db01aad99108b5fae01f5e4ac,d86e88116791b3d828dbf43d9b32cee2fd3a3a89eab99c1e516c2b6bb76f2699
10-1-2,2,attunet_pixel,2026,retained_segment_count,annotation_mask_same_extractor,171,264,93.0,93.0,54.385964912280706,valid,ok,ok,zero_length_angle_vector,zero_length_angle_vector,353a8fded79e4327f12b6866ba2014151a10168db01aad99108b5fae01f5e4ac,d86e88116791b3d828dbf43d9b32cee2fd3a3a89eab99c1e516c2b6bb76f2699
10-1-2,2,attunet_pixel,2026,junction_region_count,annotation_mask_same_extractor,124,237,113.0,113.0,91.12903225806451,valid,ok,ok,zero_length_angle_vector,zero_length_angle_vector,353a8fded79e4327f12b6866ba2014151a10168db01aad99108b5fae01f5e4ac,d86e88116791b3d828dbf43d9b32cee2fd3a3a89eab99c1e516c2b6bb76f2699
10-1-2,2,attunet_pixel,2026,mean_local_acute_angle_deg,annotation_mask_same_extractor,58.66827912377103,52.17347566624559,-6.4948034575254425,6.4948034575254425,11.070383441490614,valid,ok,ok,zero_length_angle_vector,zero_length_angle_vector,353a8fded79e4327f12b6866ba2014151a10168db01aad99108b5fae01f5e4ac,d86e88116791b3d828dbf43d9b32cee2fd3a3a89eab99c1e516c2b6bb76f2699
10-1-2(1),4,attunet_pixel,2026,dominant_path_length,annotation_mask_same_extractor,3355.4095218658804,796.3351365237968,-2559.0743853420836,2559.0743853420836,76.2671253289831,valid,ok,ok,zero_length_angle_vector,zero_length_angle_vector,dca0abd7cde7ab357484642e540a2d1fa449818245a1cd800eb7c824264f02ad,79af870f56290876129831549733e8c13d4e74e7396d477e4013e44ffcc23646
10-1-2(1),4,attunet_pixel,2026,retained_segment_count,annotation_mask_same_extractor,118,106,-12.0,12.0,10.16949152542373,valid,ok,ok,zero_length_angle_vector,zero_length_angle_vector,dca0abd7cde7ab357484642e540a2d1fa449818245a1cd800eb7c824264f02ad,79af870f56290876129831549733e8c13d4e74e7396d477e4013e44ffcc23646
10-1-2(1),4,attunet_pixel,2026,junction_region_count,annotation_mask_same_extractor,111,94,-17.0,17.0,15.315315315315313,valid,ok,ok,zero_length_angle_vector,zero_length_angle_vector,dca0abd7cde7ab357484642e540a2d1fa449818245a1cd800eb7c824264f02ad,79af870f56290876129831549733e8c13d4e74e7396d477e4013e44ffcc23646
10-1-2(1),4,attunet_pixel,2026,mean_local_acute_angle_deg,annotation_mask_same_extractor,64.3632990483418,49.0960914730816,-15.267207575260201,15.267207575260201,23.72036207123776,valid,ok,ok,zero_length_angle_vector,zero_length_angle_vector,dca0abd7cde7ab357484642e540a2d1fa449818245a1cd800eb7c824264f02ad,79af870f56290876129831549733e8c13d4e74e7396d477e4013e44ffcc23646
10-1-2(2),1,attunet_pixel,2026,dominant_path_length,annotation_mask_same_extractor,3058.3027406794067,1106.7026688919445,-1951.6000717874622,1951.6000717874622,63.813174733444185,valid,ok,ok,,zero_length_angle_vector,4b38a74ce55736e7f197e42aeba61399727ea00792e40e895bf41a3d30fe7957,c6cf1148c4fb29754bb162ca3516fe0dabb555a8dd211a6f13ca91db9b418597
10-1-2(2),1,attunet_pixel,2026,retained_segment_count,annotation_mask_same_extractor,191,424,233.0,233.0,121.98952879581151,valid,ok,ok,,zero_length_angle_vector,4b38a74ce55736e7f197e42aeba61399727ea00792e40e895bf41a3d30fe7957,c6cf1148c4fb29754bb162ca3516fe0dabb555a8dd211a6f13ca91db9b418597
10-1-2(2),1,attunet_pixel,2026,junction_region_count,annotation_mask_same_extractor,175,509,334.0,334.0,190.85714285714286,valid,ok,ok,,zero_length_angle_vector,4b38a74ce55736e7f197e42aeba61399727ea00792e40e895bf41a3d30fe7957,c6cf1148c4fb29754bb162ca3516fe0dabb555a8dd211a6f13ca91db9b418597
10-1-2(2),1,attunet_pixel,2026,mean_local_acute_angle_deg,annotation_mask_same_extractor,65.94127676600104,54.69065694101226,-11.250619824988782,11.250619824988782,17.061574141053846,valid,ok,ok,,zero_length_angle_vector,4b38a74ce55736e7f197e42aeba61399727ea00792e40e895bf41a3d30fe7957,c6cf1148c4fb29754bb162ca3516fe0dabb555a8dd211a6f13ca91db9b418597
10-1-2(3),0,attunet_pixel,2026,dominant_path_length,annotation_mask_same_extractor,2345.481456229622,669.0924958366777,-1676.3889603929442,1676.3889603929442,71.47312787063136,valid,ok,ok,,zero_length_angle_vector,0508c3be24e6c021d5aacff3b5010997bb235211f0adc484cda889c0830022b8,82c6b9ccee3fe6dae889e8410583fffd513806524f00761f22e4716d1295436d
10-1-2(3),0,attunet_pixel,2026,retained_segment_count,annotation_mask_same_extractor,115,127,12.0,12.0,10.434782608695652,valid,ok,ok,,zero_length_angle_vector,0508c3be24e6c021d5aacff3b5010997bb235211f0adc484cda889c0830022b8,82c6b9ccee3fe6dae889e8410583fffd513806524f00761f22e4716d1295436d
10-1-2(3),0,attunet_pixel,2026,junction_region_count,annotation_mask_same_extractor,84,80,-4.0,4.0,4.761904761904762,valid,ok,ok,,zero_length_angle_vector,0508c3be24e6c021d5aacff3b5010997bb235211f0adc484cda889c0830022b8,82c6b9ccee3fe6dae889e8410583fffd513806524f00761f22e4716d1295436d
10-1-2(3),0,attunet_pixel,2026,mean_local_acute_angle_deg,annotation_mask_same_extractor,50.491311152922826,46.273756757006346,-4.21755439591648,4.21755439591648,8.353030055295633,valid,ok,ok,,zero_length_angle_vector,0508c3be24e6c021d5aacff3b5010997bb235211f0adc484cda889c0830022b8,82c6b9ccee3fe6dae889e8410583fffd513806524f00761f22e4716d1295436d
10-1-3,0,attunet_pixel,2026,dominant_path_length,annotation_mask_same_extractor,2813.8023074034836,870.8427124746211,-1942.9595949288625,1942.9595949288625,69.05103424702868,valid,ok,ok,,zero_length_angle_vector,2cd8dd3611b047ab44310b595f5423ee107fb5f6bbd6f0ce078f5a1c70656dd8,7cb461cbfe63532847209984d1c1a0fa2e3ac9a39d88c46e03665933aa3c05ad
10-1-3,0,attunet_pixel,2026,retained_segment_count,annotation_mask_same_extractor,172,168,-4.0,4.0,2.3255813953488373,valid,ok,ok,,zero_length_angle_vector,2cd8dd3611b047ab44310b595f5423ee107fb5f6bbd6f0ce078f5a1c70656dd8,7cb461cbfe63532847209984d1c1a0fa2e3ac9a39d88c46e03665933aa3c05ad
10-1-3,0,attunet_pixel,2026,junction_region_count,annotation_mask_same_extractor,123,111,-12.0,12.0,9.75609756097561,valid,ok,ok,,zero_length_angle_vector,2cd8dd3611b047ab44310b595f5423ee107fb5f6bbd6f0ce078f5a1c70656dd8,7cb461cbfe63532847209984d1c1a0fa2e3ac9a39d88c46e03665933aa3c05ad
10-1-3,0,attunet_pixel,2026,mean_local_acute_angle_deg,annotation_mask_same_extractor,50.036178890454096,43.65842580255841,-6.377753087895684,6.377753087895684,12.746283248084781,valid,ok,ok,,zero_length_angle_vector,2cd8dd3611b047ab44310b595f5423ee107fb5f6bbd6f0ce078f5a1c70656dd8,7cb461cbfe63532847209984d1c1a0fa2e3ac9a39d88c46e03665933aa3c05ad
10-1-9(1),3,attunet_pixel,2026,dominant_path_length,annotation_mask_same_extractor,3092.5058428472184,1008.778787337693,-2083.7270555095256,2083.7270555095256,67.37989065822016,valid,ok,ok,zero_length_angle_vector,zero_length_angle_vector,6bdc1df0f3e1a66f56d545bec926abaf60b6bca31c0f8ea06ad939681c464d8a,31775fdec65202f3906bbadf63979b0913bb2ea0b06f37e5a8b60fe959c72a6b
10-1-9(1),3,attunet_pixel,2026,retained_segment_count,annotation_mask_same_extractor,106,129,23.0,23.0,21.69811320754717,valid,ok,ok,zero_length_angle_vector,zero_length_angle_vector,6bdc1df0f3e1a66f56d545bec926abaf60b6bca31c0f8ea06ad939681c464d8a,31775fdec65202f3906bbadf63979b0913bb2ea0b06f37e5a8b60fe959c72a6b
10-1-9(1),3,attunet_pixel,2026,junction_region_count,annotation_mask_same_extractor,91,109,18.0,18.0,19.78021978021978,valid,ok,ok,zero_length_angle_vector,zero_length_angle_vector,6bdc1df0f3e1a66f56d545bec926abaf60b6bca31c0f8ea06ad939681c464d8a,31775fdec65202f3906bbadf63979b0913bb2ea0b06f37e5a8b60fe959c72a6b
10-1-9(1),3,attunet_pixel,2026,mean_local_acute_angle_deg,annotation_mask_same_extractor,62.85401304883498,56.09983679999157,-6.754176248843407,6.754176248843407,10.74581545588138,valid,ok,ok,zero_length_angle_vector,zero_length_angle_vector,6bdc1df0f3e1a66f56d545bec926abaf60b6bca31c0f8ea06ad939681c464d8a,31775fdec65202f3906bbadf63979b0913bb2ea0b06f37e5a8b60fe959c72a6b
10-1-9(2),3,attunet_pixel,2026,dominant_path_length,annotation_mask_same_extractor,3383.6256838943486,1215.168614282426,-2168.4570696119226,2168.4570696119226,64.08678950315094,valid,ok,ok,zero_length_angle_vector,zero_length_angle_vector,e68f65f812ffdebb564961ebaea365b072d4546ab06227eea2987e2d586b741c,500b462cae48fbd7bd67c3858868c74c86d0a141192166fe756c6939620edbb8
10-1-9(2),3,attunet_pixel,2026,retained_segment_count,annotation_mask_same_extractor,71,83,12.0,12.0,16.901408450704224,valid,ok,ok,zero_length_angle_vector,zero_length_angle_vector,e68f65f812ffdebb564961ebaea365b072d4546ab06227eea2987e2d586b741c,500b462cae48fbd7bd67c3858868c74c86d0a141192166fe756c6939620edbb8
10-1-9(2),3,attunet_pixel,2026,junction_region_count,annotation_mask_same_extractor,68,67,-1.0,1.0,1.4705882352941175,valid,ok,ok,zero_length_angle_vector,zero_length_angle_vector,e68f65f812ffdebb564961ebaea365b072d4546ab06227eea2987e2d586b741c,500b462cae48fbd7bd67c3858868c74c86d0a141192166fe756c6939620edbb8
10-1-9(2),3,attunet_pixel,2026,mean_local_acute_angle_deg,annotation_mask_same_extractor,74.17544013119233,61.91557235951375,-12.259867771678579,12.259867771678579,16.528203607548324,valid,ok,ok,zero_length_angle_vector,zero_length_angle_vector,e68f65f812ffdebb564961ebaea365b072d4546ab06227eea2987e2d586b741c,500b462cae48fbd7bd67c3858868c74c86d0a141192166fe756c6939620edbb8
10-1-9(3),4,attunet_pixel,2026,dominant_path_length,annotation_mask_same_extractor,3197.890619158038,656.8914857099012,-2540.999133448137,2540.999133448137,79.4586005608018,valid,ok,ok,zero_length_angle_vector,zero_length_angle_vector,a679e2e7ed9fdcb61509a97389dcfc4f21915719e2fb5feb5bf89f66c0d48f13,82dbbf0450b51176cf71590f09e24692565f918999819a34d0082c03b6078fe5
10-1-9(3),4,attunet_pixel,2026,retained_segment_count,annotation_mask_same_extractor,41,113,72.0,72.0,175.609756097561,valid,ok,ok,zero_length_angle_vector,zero_length_angle_vector,a679e2e7ed9fdcb61509a97389dcfc4f21915719e2fb5feb5bf89f66c0d48f13,82dbbf0450b51176cf71590f09e24692565f918999819a34d0082c03b6078fe5
10-1-9(3),4,attunet_pixel,2026,junction_region_count,annotation_mask_same_extractor,28,88,60.0,60.0,214.28571428571428,valid,ok,ok,zero_length_angle_vector,zero_length_angle_vector,a679e2e7ed9fdcb61509a97389dcfc4f21915719e2fb5feb5bf89f66c0d48f13,82dbbf0450b51176cf71590f09e24692565f918999819a34d0082c03b6078fe5
10-1-9(3),4,attunet_pixel,2026,mean_local_acute_angle_deg,annotation_mask_same_extractor,72.9003576118845,45.208412357797286,-27.691945254087216,27.691945254087216,37.98602114068747,valid,ok,ok,zero_length_angle_vector,zero_length_angle_vector,a679e2e7ed9fdcb61509a97389dcfc4f21915719e2fb5feb5bf89f66c0d48f13,82dbbf0450b51176cf71590f09e24692565f918999819a34d0082c03b6078fe5
10-2-1,0,attunet_pixel,2026,dominant_path_length,annotation_mask_same_extractor,3683.691701072309,1584.7148622007649,-2098.9768388715443,2098.9768388715443,56.980252670453936,valid,ok,ok,,zero_length_angle_vector,fa084051c73ad9c7523229d0a267965c6c54c6c2f9b135b697a09f5f4d254434,77387b7993661e8c74a7ac46039a89d799db71ae186d6ffdb5fd857f4b446696
10-2-1,0,attunet_pixel,2026,retained_segment_count,annotation_mask_same_extractor,226,242,16.0,16.0,7.079646017699115,valid,ok,ok,,zero_length_angle_vector,fa084051c73ad9c7523229d0a267965c6c54c6c2f9b135b697a09f5f4d254434,77387b7993661e8c74a7ac46039a89d799db71ae186d6ffdb5fd857f4b446696
10-2-1,0,attunet_pixel,2026,junction_region_count,annotation_mask_same_extractor,188,174,-14.0,14.0,7.446808510638298,valid,ok,ok,,zero_length_angle_vector,fa084051c73ad9c7523229d0a267965c6c54c6c2f9b135b697a09f5f4d254434,77387b7993661e8c74a7ac46039a89d799db71ae186d6ffdb5fd857f4b446696
10-2-1,0,attunet_pixel,2026,mean_local_acute_angle_deg,annotation_mask_same_extractor,56.550116513732696,53.7704720980893,-2.7796444156433964,2.7796444156433964,4.915364612853422,valid,ok,ok,,zero_length_angle_vector,fa084051c73ad9c7523229d0a267965c6c54c6c2f9b135b697a09f5f4d254434,77387b7993661e8c74a7ac46039a89d799db71ae186d6ffdb5fd857f4b446696
10-2-2,3,attunet_pixel,2026,dominant_path_length,annotation_mask_same_extractor,3768.2156544140043,3306.6277759353693,-461.58787847863505,461.58787847863505,12.249508011515776,valid,ok,ok,,zero_length_angle_vector,888178f6e1d682dbadbaecc08afac163678dd08a3e69f328f11b072009899c8c,cd83af2081a742c3f609d14b32f2dd6e83f951260ef1a4176757d886752fa2a1
10-2-2,3,attunet_pixel,2026,retained_segment_count,annotation_mask_same_extractor,329,248,-81.0,81.0,24.620060790273556,valid,ok,ok,,zero_length_angle_vector,888178f6e1d682dbadbaecc08afac163678dd08a3e69f328f11b072009899c8c,cd83af2081a742c3f609d14b32f2dd6e83f951260ef1a4176757d886752fa2a1
10-2-2,3,attunet_pixel,2026,junction_region_count,annotation_mask_same_extractor,293,211,-82.0,82.0,27.986348122866893,valid,ok,ok,,zero_length_angle_vector,888178f6e1d682dbadbaecc08afac163678dd08a3e69f328f11b072009899c8c,cd83af2081a742c3f609d14b32f2dd6e83f951260ef1a4176757d886752fa2a1
10-2-2,3,attunet_pixel,2026,mean_local_acute_angle_deg,annotation_mask_same_extractor,59.493993970760265,59.30458817104959,-0.18940579971067706,0.18940579971067706,0.318361211055632,valid,ok,ok,,zero_length_angle_vector,888178f6e1d682dbadbaecc08afac163678dd08a3e69f328f11b072009899c8c,cd83af2081a742c3f609d14b32f2dd6e83f951260ef1a4176757d886752fa2a1
10-2-3,3,attunet_pixel,2026,dominant_path_length,annotation_mask_same_extractor,782.7442994522875,619.7544007200523,-162.98989873223513,162.98989873223513,20.82287904827728,valid,ok,ok,,,c128b6196f3a108faac4ed970bea2b3e2ee4f4c0090aafd759b5f39cfd31c0d6,b9fdd6a1cd16d03eba0b53222d98060435b281c57c0578d23c314bbe78ca90cd
10-2-3,3,attunet_pixel,2026,retained_segment_count,annotation_mask_same_extractor,27,50,23.0,23.0,85.18518518518519,valid,ok,ok,,,c128b6196f3a108faac4ed970bea2b3e2ee4f4c0090aafd759b5f39cfd31c0d6,b9fdd6a1cd16d03eba0b53222d98060435b281c57c0578d23c314bbe78ca90cd
10-2-3,3,attunet_pixel,2026,junction_region_count,annotation_mask_same_extractor,18,29,11.0,11.0,61.111111111111114,valid,ok,ok,,,c128b6196f3a108faac4ed970bea2b3e2ee4f4c0090aafd759b5f39cfd31c0d6,b9fdd6a1cd16d03eba0b53222d98060435b281c57c0578d23c314bbe78ca90cd
10-2-3,3,attunet_pixel,2026,mean_local_acute_angle_deg,annotation_mask_same_extractor,44.17449818904469,46.961047680396774,2.7865494913520834,2.7865494913520834,6.308050132062733,valid,ok,ok,,,c128b6196f3a108faac4ed970bea2b3e2ee4f4c0090aafd759b5f39cfd31c0d6,b9fdd6a1cd16d03eba0b53222d98060435b281c57c0578d23c314bbe78ca90cd
10-2-4,0,attunet_pixel,2026,dominant_path_length,annotation_mask_same_extractor,2714.1433611129814,877.9625535217666,-1836.180807591215,1836.180807591215,67.65231468238498,valid,ok,ok,,zero_length_angle_vector,3c60314b040a032dd526925859d6800fc466b21b8dedb28d643c17c54668bc8b,01ff0df01c92c4b939404632d76cccc2b0ec3ab41118b7e9938a3eaeb95f5673
10-2-4,0,attunet_pixel,2026,retained_segment_count,annotation_mask_same_extractor,104,127,23.0,23.0,22.115384615384613,valid,ok,ok,,zero_length_angle_vector,3c60314b040a032dd526925859d6800fc466b21b8dedb28d643c17c54668bc8b,01ff0df01c92c4b939404632d76cccc2b0ec3ab41118b7e9938a3eaeb95f5673
10-2-4,0,attunet_pixel,2026,junction_region_count,annotation_mask_same_extractor,93,97,4.0,4.0,4.301075268817205,valid,ok,ok,,zero_length_angle_vector,3c60314b040a032dd526925859d6800fc466b21b8dedb28d643c17c54668bc8b,01ff0df01c92c4b939404632d76cccc2b0ec3ab41118b7e9938a3eaeb95f5673
10-2-4,0,attunet_pixel,2026,mean_local_acute_angle_deg,annotation_mask_same_extractor,63.03310962332985,40.55403592239875,-22.479073700931103,22.479073700931103,35.66232704567559,valid,ok,ok,,zero_length_angle_vector,3c60314b040a032dd526925859d6800fc466b21b8dedb28d643c17c54668bc8b,01ff0df01c92c4b939404632d76cccc2b0ec3ab41118b7e9938a3eaeb95f5673
10-9-1,2,attunet_pixel,2026,dominant_path_length,annotation_mask_same_extractor,2670.711903607907,1700.7930726875682,-969.9188309203389,969.9188309203389,36.31686478837572,valid,ok,ok,,zero_length_angle_vector,f909c402c7b2db20640a01e33f844ebeccd8ec430131c4fad30fd8305345ea91,f4f7604603ade836c52ffcd637d2d48946147e51241991aa31ee709d3f698809
10-9-1,2,attunet_pixel,2026,retained_segment_count,annotation_mask_same_extractor,60,94,34.0,34.0,56.666666666666664,valid,ok,ok,,zero_length_angle_vector,f909c402c7b2db20640a01e33f844ebeccd8ec430131c4fad30fd8305345ea91,f4f7604603ade836c52ffcd637d2d48946147e51241991aa31ee709d3f698809
10-9-1,2,attunet_pixel,2026,junction_region_count,annotation_mask_same_extractor,47,76,29.0,29.0,61.702127659574465,valid,ok,ok,,zero_length_angle_vector,f909c402c7b2db20640a01e33f844ebeccd8ec430131c4fad30fd8305345ea91,f4f7604603ade836c52ffcd637d2d48946147e51241991aa31ee709d3f698809
10-9-1,2,attunet_pixel,2026,mean_local_acute_angle_deg,annotation_mask_same_extractor,45.79801641663758,53.363434812123586,7.565418395486006,7.565418395486006,16.519096212947833,valid,ok,ok,,zero_length_angle_vector,f909c402c7b2db20640a01e33f844ebeccd8ec430131c4fad30fd8305345ea91,f4f7604603ade836c52ffcd637d2d48946147e51241991aa31ee709d3f698809
10-9-2,4,attunet_pixel,2026,dominant_path_length,annotation_mask_same_extractor,3136.0378054156913,2432.19004230723,-703.8477631084611,703.8477631084611,22.443854531758873,valid,ok,ok,,zero_length_angle_vector,97a6fbf3a148ba0641a27177bb2768e92fcab2d7f8bf002f6c2735617daf5cf2,6e3ad3c6fc8d27b63ef269679531abbc2c4235fc107d6dff120470b8d551ceec
10-9-2,4,attunet_pixel,2026,retained_segment_count,annotation_mask_same_extractor,222,311,89.0,89.0,40.090090090090094,valid,ok,ok,,zero_length_angle_vector,97a6fbf3a148ba0641a27177bb2768e92fcab2d7f8bf002f6c2735617daf5cf2,6e3ad3c6fc8d27b63ef269679531abbc2c4235fc107d6dff120470b8d551ceec
10-9-2,4,attunet_pixel,2026,junction_region_count,annotation_mask_same_extractor,205,256,51.0,51.0,24.878048780487806,valid,ok,ok,,zero_length_angle_vector,97a6fbf3a148ba0641a27177bb2768e92fcab2d7f8bf002f6c2735617daf5cf2,6e3ad3c6fc8d27b63ef269679531abbc2c4235fc107d6dff120470b8d551ceec
10-9-2,4,attunet_pixel,2026,mean_local_acute_angle_deg,annotation_mask_same_extractor,60.533940641282705,56.30762013723115,-4.226320504051557,4.226320504051557,6.981736954969205,valid,ok,ok,,zero_length_angle_vector,97a6fbf3a148ba0641a27177bb2768e92fcab2d7f8bf002f6c2735617daf5cf2,6e3ad3c6fc8d27b63ef269679531abbc2c4235fc107d6dff120470b8d551ceec
10-9-3,0,attunet_pixel,2026,dominant_path_length,annotation_mask_same_extractor,3235.23794899067,2191.5962466428837,-1043.6417023477861,1043.6417023477861,32.25857630266057,valid,ok,ok,zero_length_angle_vector,zero_length_angle_vector,a23e4c9ae8b5cd333c9ee04c6a4a84de25c4388307e8463b068e3f8f45f8c58d,a3dc21d8c05c14809d39d54ddf06b368333c1fbd24e3a1d1b2951a1fe3f550c5
10-9-3,0,attunet_pixel,2026,retained_segment_count,annotation_mask_same_extractor,102,144,42.0,42.0,41.17647058823529,valid,ok,ok,zero_length_angle_vector,zero_length_angle_vector,a23e4c9ae8b5cd333c9ee04c6a4a84de25c4388307e8463b068e3f8f45f8c58d,a3dc21d8c05c14809d39d54ddf06b368333c1fbd24e3a1d1b2951a1fe3f550c5
10-9-3,0,attunet_pixel,2026,junction_region_count,annotation_mask_same_extractor,94,115,21.0,21.0,22.340425531914892,valid,ok,ok,zero_length_angle_vector,zero_length_angle_vector,a23e4c9ae8b5cd333c9ee04c6a4a84de25c4388307e8463b068e3f8f45f8c58d,a3dc21d8c05c14809d39d54ddf06b368333c1fbd24e3a1d1b2951a1fe3f550c5
10-9-3,0,attunet_pixel,2026,mean_local_acute_angle_deg,annotation_mask_same_extractor,62.02962831732245,55.84183941324844,-6.1877889040740115,6.1877889040740115,9.975537613121574,valid,ok,ok,zero_length_angle_vector,zero_length_angle_vector,a23e4c9ae8b5cd333c9ee04c6a4a84de25c4388307e8463b068e3f8f45f8c58d,a3dc21d8c05c14809d39d54ddf06b368333c1fbd24e3a1d1b2951a1fe3f550c5
10-9-4,2,attunet_pixel,2026,dominant_path_length,annotation_mask_same_extractor,3795.486865800912,1791.8002153625052,-2003.6866504384066,2003.6866504384066,52.791294537007836,valid,ok,ok,,zero_length_angle_vector,775edf7906167ea9e9ba868605a76fc739ed5aa32d5a1c9e3ec9a9a84e402ead,9034ab7b2b8c38b13d01d0842e6864562986f823dfbad5442604ec90794b86f1
10-9-4,2,attunet_pixel,2026,retained_segment_count,annotation_mask_same_extractor,82,126,44.0,44.0,53.65853658536586,valid,ok,ok,,zero_length_angle_vector,775edf7906167ea9e9ba868605a76fc739ed5aa32d5a1c9e3ec9a9a84e402ead,9034ab7b2b8c38b13d01d0842e6864562986f823dfbad5442604ec90794b86f1
10-9-4,2,attunet_pixel,2026,junction_region_count,annotation_mask_same_extractor,63,100,37.0,37.0,58.730158730158735,valid,ok,ok,,zero_length_angle_vector,775edf7906167ea9e9ba868605a76fc739ed5aa32d5a1c9e3ec9a9a84e402ead,9034ab7b2b8c38b13d01d0842e6864562986f823dfbad5442604ec90794b86f1
10-9-4,2,attunet_pixel,2026,mean_local_acute_angle_deg,annotation_mask_same_extractor,43.610163723088185,52.47756298344022,8.867399260352038,8.867399260352038,20.333331735825244,valid,ok,ok,,zero_length_angle_vector,775edf7906167ea9e9ba868605a76fc739ed5aa32d5a1c9e3ec9a9a84e402ead,9034ab7b2b8c38b13d01d0842e6864562986f823dfbad5442604ec90794b86f1
235-10-11(1),3,attunet_pixel,2026,dominant_path_length,annotation_mask_same_extractor,2994.397328557098,937.3300858899139,-2057.067242667184,2057.067242667184,68.69720404333974,valid,ok,ok,,zero_length_angle_vector,9d52d033268cd4a5d237049ac4f43033746bfe49685933fe46cc01355c7ffcc7,4738ab79ce35f7c392039986ef2ca1bf2836b2e564eeca15bcc36660c31a4c38
235-10-11(1),3,attunet_pixel,2026,retained_segment_count,annotation_mask_same_extractor,39,130,91.0,91.0,233.33333333333334,valid,ok,ok,,zero_length_angle_vector,9d52d033268cd4a5d237049ac4f43033746bfe49685933fe46cc01355c7ffcc7,4738ab79ce35f7c392039986ef2ca1bf2836b2e564eeca15bcc36660c31a4c38
235-10-11(1),3,attunet_pixel,2026,junction_region_count,annotation_mask_same_extractor,31,90,59.0,59.0,190.3225806451613,valid,ok,ok,,zero_length_angle_vector,9d52d033268cd4a5d237049ac4f43033746bfe49685933fe46cc01355c7ffcc7,4738ab79ce35f7c392039986ef2ca1bf2836b2e564eeca15bcc36660c31a4c38
235-10-11(1),3,attunet_pixel,2026,mean_local_acute_angle_deg,annotation_mask_same_extractor,53.361302278251465,44.817904589968485,-8.54339768828298,8.54339768828298,16.010474489047514,valid,ok,ok,,zero_length_angle_vector,9d52d033268cd4a5d237049ac4f43033746bfe49685933fe46cc01355c7ffcc7,4738ab79ce35f7c392039986ef2ca1bf2836b2e564eeca15bcc36660c31a4c38
235-10-11(2),1,attunet_pixel,2026,dominant_path_length,annotation_mask_same_extractor,2805.9057710597435,1292.7341981845225,-1513.171572875221,1513.171572875221,53.928096534179815,valid,ok,ok,,zero_length_angle_vector,5b712c674961fc82b6cbf219207fe1d3e1b0be3e2a6b4ba1f8eea53b3cdecde8,543f118e730d98c551f6f09f86087691add60b64f8c9559272011b3c27f7731b
235-10-11(2),1,attunet_pixel,2026,retained_segment_count,annotation_mask_same_extractor,44,238,194.0,194.0,440.90909090909093,valid,ok,ok,,zero_length_angle_vector,5b712c674961fc82b6cbf219207fe1d3e1b0be3e2a6b4ba1f8eea53b3cdecde8,543f118e730d98c551f6f09f86087691add60b64f8c9559272011b3c27f7731b
235-10-11(2),1,attunet_pixel,2026,junction_region_count,annotation_mask_same_extractor,32,281,249.0,249.0,778.125,valid,ok,ok,,zero_length_angle_vector,5b712c674961fc82b6cbf219207fe1d3e1b0be3e2a6b4ba1f8eea53b3cdecde8,543f118e730d98c551f6f09f86087691add60b64f8c9559272011b3c27f7731b
235-10-11(2),1,attunet_pixel,2026,mean_local_acute_angle_deg,annotation_mask_same_extractor,43.25362958365755,52.97729285015432,9.723663266496771,9.723663266496771,22.48057182736555,valid,ok,ok,,zero_length_angle_vector,5b712c674961fc82b6cbf219207fe1d3e1b0be3e2a6b4ba1f8eea53b3cdecde8,543f118e730d98c551f6f09f86087691add60b64f8c9559272011b3c27f7731b
235-10-11(3),1,attunet_pixel,2026,dominant_path_length,annotation_mask_same_extractor,3903.799348810616,2300.5028842544193,-1603.2964645561965,1603.2964645561965,41.070155540772824,valid,ok,ok,zero_length_angle_vector,zero_length_angle_vector,fa60085f010979fe70bd85f42f583537392b69473bae643033aaace4f1bfd685,135271fc895aea1895d9c8ae722b0cf538b880c3ec6aa4f30a7c3344963d3b23
235-10-11(3),1,attunet_pixel,2026,retained_segment_count,annotation_mask_same_extractor,195,580,385.0,385.0,197.43589743589746,valid,ok,ok,zero_length_angle_vector,zero_length_angle_vector,fa60085f010979fe70bd85f42f583537392b69473bae643033aaace4f1bfd685,135271fc895aea1895d9c8ae722b0cf538b880c3ec6aa4f30a7c3344963d3b23
235-10-11(3),1,attunet_pixel,2026,junction_region_count,annotation_mask_same_extractor,171,671,500.0,500.0,292.39766081871346,valid,ok,ok,zero_length_angle_vector,zero_length_angle_vector,fa60085f010979fe70bd85f42f583537392b69473bae643033aaace4f1bfd685,135271fc895aea1895d9c8ae722b0cf538b880c3ec6aa4f30a7c3344963d3b23
235-10-11(3),1,attunet_pixel,2026,mean_local_acute_angle_deg,annotation_mask_same_extractor,59.57250840324565,46.45978347394367,-13.112724929301976,13.112724929301976,22.01136947355328,valid,ok,ok,zero_length_angle_vector,zero_length_angle_vector,fa60085f010979fe70bd85f42f583537392b69473bae643033aaace4f1bfd685,135271fc895aea1895d9c8ae722b0cf538b880c3ec6aa4f30a7c3344963d3b23
235-10-12(1),4,attunet_pixel,2026,dominant_path_length,annotation_mask_same_extractor,2001.4427842621224,994.5655839020958,-1006.8772003600266,1006.8772003600266,50.307568533928126,valid,ok,ok,,zero_length_angle_vector,18b9363d37a62a519d147178d26a24d6b4b802b892db690b5190ad39f8a39884,b67121aa08e7810c05489d95f318b483e730f88132617908af1b4eb57e200507
235-10-12(1),4,attunet_pixel,2026,retained_segment_count,annotation_mask_same_extractor,134,112,-22.0,22.0,16.417910447761194,valid,ok,ok,,zero_length_angle_vector,18b9363d37a62a519d147178d26a24d6b4b802b892db690b5190ad39f8a39884,b67121aa08e7810c05489d95f318b483e730f88132617908af1b4eb57e200507
235-10-12(1),4,attunet_pixel,2026,junction_region_count,annotation_mask_same_extractor,112,80,-32.0,32.0,28.57142857142857,valid,ok,ok,,zero_length_angle_vector,18b9363d37a62a519d147178d26a24d6b4b802b892db690b5190ad39f8a39884,b67121aa08e7810c05489d95f318b483e730f88132617908af1b4eb57e200507
235-10-12(1),4,attunet_pixel,2026,mean_local_acute_angle_deg,annotation_mask_same_extractor,53.181513697065846,51.52918474789859,-1.6523289491672557,1.6523289491672557,3.1069611116736957,valid,ok,ok,,zero_length_angle_vector,18b9363d37a62a519d147178d26a24d6b4b802b892db690b5190ad39f8a39884,b67121aa08e7810c05489d95f318b483e730f88132617908af1b4eb57e200507
235-10-12(2),0,attunet_pixel,2026,dominant_path_length,annotation_mask_same_extractor,3327.9141392239435,998.589970519736,-2329.3241687042073,2329.3241687042073,69.99351759860598,valid,ok,ok,,zero_length_angle_vector,3f320f9a413c704ff148c35538663d08b34fdafa0044a66241f691b28db5db7b,48c08bbc72744e65fbf48c3958f23fb0ca9c183c10d47c8ecee268b74cf1efe2
235-10-12(2),0,attunet_pixel,2026,retained_segment_count,annotation_mask_same_extractor,98,128,30.0,30.0,30.612244897959183,valid,ok,ok,,zero_length_angle_vector,3f320f9a413c704ff148c35538663d08b34fdafa0044a66241f691b28db5db7b,48c08bbc72744e65fbf48c3958f23fb0ca9c183c10d47c8ecee268b74cf1efe2
235-10-12(2),0,attunet_pixel,2026,junction_region_count,annotation_mask_same_extractor,79,107,28.0,28.0,35.44303797468354,valid,ok,ok,,zero_length_angle_vector,3f320f9a413c704ff148c35538663d08b34fdafa0044a66241f691b28db5db7b,48c08bbc72744e65fbf48c3958f23fb0ca9c183c10d47c8ecee268b74cf1efe2
235-10-12(2),0,attunet_pixel,2026,mean_local_acute_angle_deg,annotation_mask_same_extractor,62.31932305515474,53.89692565923684,-8.422397395917898,8.422397395917898,13.514905141802947,valid,ok,ok,,zero_length_angle_vector,3f320f9a413c704ff148c35538663d08b34fdafa0044a66241f691b28db5db7b,48c08bbc72744e65fbf48c3958f23fb0ca9c183c10d47c8ecee268b74cf1efe2
235-10-12(3),1,attunet_pixel,2026,dominant_path_length,annotation_mask_same_extractor,3338.9221484506097,1554.697618258062,-1784.2245301925477,1784.2245301925477,53.43714081565207,valid,ok,ok,zero_length_angle_vector,zero_length_angle_vector,06cb03ea2bad65c89fe30627bf1d69fb7bd50a7bc6f48ee697c5830e39ef08b3,9360bf96f1e4ca98b0811b7bd99bb63ed7e9bd63e6bf25c95fe83cdc93277898
235-10-12(3),1,attunet_pixel,2026,retained_segment_count,annotation_mask_same_extractor,248,746,498.0,498.0,200.80645161290326,valid,ok,ok,zero_length_angle_vector,zero_length_angle_vector,06cb03ea2bad65c89fe30627bf1d69fb7bd50a7bc6f48ee697c5830e39ef08b3,9360bf96f1e4ca98b0811b7bd99bb63ed7e9bd63e6bf25c95fe83cdc93277898
235-10-12(3),1,attunet_pixel,2026,junction_region_count,annotation_mask_same_extractor,210,863,653.0,653.0,310.95238095238096,valid,ok,ok,zero_length_angle_vector,zero_length_angle_vector,06cb03ea2bad65c89fe30627bf1d69fb7bd50a7bc6f48ee697c5830e39ef08b3,9360bf96f1e4ca98b0811b7bd99bb63ed7e9bd63e6bf25c95fe83cdc93277898
235-10-12(3),1,attunet_pixel,2026,mean_local_acute_angle_deg,annotation_mask_same_extractor,56.12825058978015,53.166650810157684,-2.9615997796224676,2.9615997796224676,5.276486882279058,valid,ok,ok,zero_length_angle_vector,zero_length_angle_vector,06cb03ea2bad65c89fe30627bf1d69fb7bd50a7bc6f48ee697c5830e39ef08b3,9360bf96f1e4ca98b0811b7bd99bb63ed7e9bd63e6bf25c95fe83cdc93277898
235-25-6(1),2,attunet_pixel,2026,dominant_path_length,annotation_mask_same_extractor,2364.349421873661,1034.3717164502573,-1329.9777054234037,1329.9777054234037,56.25131772483294,valid,ok,ok,,zero_length_angle_vector,81d217e87b63701eb36c3a0b141a738b1f3dd596f793222514893c0a771fc94d,31f530073be041a10ed5c52b7836425ecff410ebc3e74b0973b5601a2dfe7539
235-25-6(1),2,attunet_pixel,2026,retained_segment_count,annotation_mask_same_extractor,27,68,41.0,41.0,151.85185185185185,valid,ok,ok,,zero_length_angle_vector,81d217e87b63701eb36c3a0b141a738b1f3dd596f793222514893c0a771fc94d,31f530073be041a10ed5c52b7836425ecff410ebc3e74b0973b5601a2dfe7539
235-25-6(1),2,attunet_pixel,2026,junction_region_count,annotation_mask_same_extractor,21,55,34.0,34.0,161.9047619047619,valid,ok,ok,,zero_length_angle_vector,81d217e87b63701eb36c3a0b141a738b1f3dd596f793222514893c0a771fc94d,31f530073be041a10ed5c52b7836425ecff410ebc3e74b0973b5601a2dfe7539
235-25-6(1),2,attunet_pixel,2026,mean_local_acute_angle_deg,annotation_mask_same_extractor,63.4461979910307,54.485546386075434,-8.960651604955267,8.960651604955267,14.123228638888689,valid,ok,ok,,zero_length_angle_vector,81d217e87b63701eb36c3a0b141a738b1f3dd596f793222514893c0a771fc94d,31f530073be041a10ed5c52b7836425ecff410ebc3e74b0973b5601a2dfe7539
235-25-6(2),4,attunet_pixel,2026,dominant_path_length,annotation_mask_same_extractor,1377.430590953303,733.6833329081875,-643.7472580451155,643.7472580451155,46.7353681755816,valid,ok,ok,,zero_length_angle_vector,07fd844e7f853a14fb82235228caf5997075e001697d881b5a753f8be11ad9ff,6a29dbb3abf0b2be9d1f91a40484272a633e15a1ccb9f199eebd47b0021dc46e
235-25-6(2),4,attunet_pixel,2026,retained_segment_count,annotation_mask_same_extractor,90,111,21.0,21.0,23.333333333333332,valid,ok,ok,,zero_length_angle_vector,07fd844e7f853a14fb82235228caf5997075e001697d881b5a753f8be11ad9ff,6a29dbb3abf0b2be9d1f91a40484272a633e15a1ccb9f199eebd47b0021dc46e
235-25-6(2),4,attunet_pixel,2026,junction_region_count,annotation_mask_same_extractor,63,95,32.0,32.0,50.79365079365079,valid,ok,ok,,zero_length_angle_vector,07fd844e7f853a14fb82235228caf5997075e001697d881b5a753f8be11ad9ff,6a29dbb3abf0b2be9d1f91a40484272a633e15a1ccb9f199eebd47b0021dc46e
235-25-6(2),4,attunet_pixel,2026,mean_local_acute_angle_deg,annotation_mask_same_extractor,48.93734100767138,53.18192839634191,4.244587388670531,4.244587388670531,8.673514541799795,valid,ok,ok,,zero_length_angle_vector,07fd844e7f853a14fb82235228caf5997075e001697d881b5a753f8be11ad9ff,6a29dbb3abf0b2be9d1f91a40484272a633e15a1ccb9f199eebd47b0021dc46e
235-25-7(1),2,attunet_pixel,2026,dominant_path_length,annotation_mask_same_extractor,2998.8439379638457,920.8254685319179,-2078.0184694319278,2078.0184694319278,69.29398502953975,valid,ok,ok,,zero_length_angle_vector,7497c2c9ff553aa7c2dd4141a59b027c8c75f67dc2bccba4cc857927d6dbf16d,9f71906a27c39816b65698489780fdc95c564dfe27004dc45f6708cf9f9af66d
235-25-7(1),2,attunet_pixel,2026,retained_segment_count,annotation_mask_same_extractor,230,174,-56.0,56.0,24.347826086956523,valid,ok,ok,,zero_length_angle_vector,7497c2c9ff553aa7c2dd4141a59b027c8c75f67dc2bccba4cc857927d6dbf16d,9f71906a27c39816b65698489780fdc95c564dfe27004dc45f6708cf9f9af66d
235-25-7(1),2,attunet_pixel,2026,junction_region_count,annotation_mask_same_extractor,208,157,-51.0,51.0,24.519230769230766,valid,ok,ok,,zero_length_angle_vector,7497c2c9ff553aa7c2dd4141a59b027c8c75f67dc2bccba4cc857927d6dbf16d,9f71906a27c39816b65698489780fdc95c564dfe27004dc45f6708cf9f9af66d
235-25-7(1),2,attunet_pixel,2026,mean_local_acute_angle_deg,annotation_mask_same_extractor,56.8053052093956,48.346715731119055,-8.458589478276544,8.458589478276544,14.890492088892945,valid,ok,ok,,zero_length_angle_vector,7497c2c9ff553aa7c2dd4141a59b027c8c75f67dc2bccba4cc857927d6dbf16d,9f71906a27c39816b65698489780fdc95c564dfe27004dc45f6708cf9f9af66d
235-25-7(2),2,attunet_pixel,2026,dominant_path_length,annotation_mask_same_extractor,1249.092495836678,621.232539419354,-627.8599564173239,627.8599564173239,50.265289280820255,valid,ok,ok,,zero_length_angle_vector,2131528edadfa652c430e59c756f4b7a69ff50f6d858967b29f0984a2a5a1f3d,bfbe36fc3d8f43061c39eebbc202476f098e8ba05d9ba48691c971a5555517cb
235-25-7(2),2,attunet_pixel,2026,retained_segment_count,annotation_mask_same_extractor,94,85,-9.0,9.0,9.574468085106384,valid,ok,ok,,zero_length_angle_vector,2131528edadfa652c430e59c756f4b7a69ff50f6d858967b29f0984a2a5a1f3d,bfbe36fc3d8f43061c39eebbc202476f098e8ba05d9ba48691c971a5555517cb
235-25-7(2),2,attunet_pixel,2026,junction_region_count,annotation_mask_same_extractor,74,76,2.0,2.0,2.7027027027027026,valid,ok,ok,,zero_length_angle_vector,2131528edadfa652c430e59c756f4b7a69ff50f6d858967b29f0984a2a5a1f3d,bfbe36fc3d8f43061c39eebbc202476f098e8ba05d9ba48691c971a5555517cb
235-25-7(2),2,attunet_pixel,2026,mean_local_acute_angle_deg,annotation_mask_same_extractor,51.18427192297171,47.82506095177264,-3.3592109711990688,3.3592109711990688,6.562975001880296,valid,ok,ok,,zero_length_angle_vector,2131528edadfa652c430e59c756f4b7a69ff50f6d858967b29f0984a2a5a1f3d,bfbe36fc3d8f43061c39eebbc202476f098e8ba05d9ba48691c971a5555517cb
235-25-7(3),2,attunet_pixel,2026,dominant_path_length,annotation_mask_same_extractor,3042.988165628605,672.3624817342647,-2370.6256838943405,2370.6256838943405,77.90453182405422,valid,ok,ok,zero_length_angle_vector,zero_length_angle_vector,2c8b120debe12fd303a7f06497770c03ad10375f80aac91a1feeabe828c5d6e3,f61ed9a62a0e5f4cd82dfb2a609c25a73630f78249de0911c5581a623317a509
235-25-7(3),2,attunet_pixel,2026,retained_segment_count,annotation_mask_same_extractor,86,132,46.0,46.0,53.48837209302325,valid,ok,ok,zero_length_angle_vector,zero_length_angle_vector,2c8b120debe12fd303a7f06497770c03ad10375f80aac91a1feeabe828c5d6e3,f61ed9a62a0e5f4cd82dfb2a609c25a73630f78249de0911c5581a623317a509
235-25-7(3),2,attunet_pixel,2026,junction_region_count,annotation_mask_same_extractor,69,108,39.0,39.0,56.52173913043478,valid,ok,ok,zero_length_angle_vector,zero_length_angle_vector,2c8b120debe12fd303a7f06497770c03ad10375f80aac91a1feeabe828c5d6e3,f61ed9a62a0e5f4cd82dfb2a609c25a73630f78249de0911c5581a623317a509
235-25-7(3),2,attunet_pixel,2026,mean_local_acute_angle_deg,annotation_mask_same_extractor,40.34148473985392,49.82317055069856,9.481685810844645,9.481685810844645,23.503561834643026,valid,ok,ok,zero_length_angle_vector,zero_length_angle_vector,2c8b120debe12fd303a7f06497770c03ad10375f80aac91a1feeabe828c5d6e3,f61ed9a62a0e5f4cd82dfb2a609c25a73630f78249de0911c5581a623317a509
235-25-9(1),4,attunet_pixel,2026,dominant_path_length,annotation_mask_same_extractor,3126.4490603852128,659.7665940288726,-2466.6824663563402,2466.6824663563402,78.89725431996702,valid,ok,ok,,zero_length_angle_vector,a44aabe48936de7e267908875859f9c440963c013122db96ca7e12819915e47a,dbfa16b20f2658a0b3552a4d6bee30eac412dbf6d559d4f825a5e6bfc492b169
235-25-9(1),4,attunet_pixel,2026,retained_segment_count,annotation_mask_same_extractor,81,78,-3.0,3.0,3.7037037037037033,valid,ok,ok,,zero_length_angle_vector,a44aabe48936de7e267908875859f9c440963c013122db96ca7e12819915e47a,dbfa16b20f2658a0b3552a4d6bee30eac412dbf6d559d4f825a5e6bfc492b169
235-25-9(1),4,attunet_pixel,2026,junction_region_count,annotation_mask_same_extractor,71,73,2.0,2.0,2.8169014084507045,valid,ok,ok,,zero_length_angle_vector,a44aabe48936de7e267908875859f9c440963c013122db96ca7e12819915e47a,dbfa16b20f2658a0b3552a4d6bee30eac412dbf6d559d4f825a5e6bfc492b169
235-25-9(1),4,attunet_pixel,2026,mean_local_acute_angle_deg,annotation_mask_same_extractor,56.36650915301412,54.2951274159353,-2.0713817370788234,2.0713817370788234,3.674844811580919,valid,ok,ok,,zero_length_angle_vector,a44aabe48936de7e267908875859f9c440963c013122db96ca7e12819915e47a,dbfa16b20f2658a0b3552a4d6bee30eac412dbf6d559d4f825a5e6bfc492b169
235-25-9(2),4,attunet_pixel,2026,dominant_path_length,annotation_mask_same_extractor,1133.901586977666,539.0142853498746,-594.8873016277914,594.8873016277914,52.463750686990494,valid,ok,ok,,zero_length_angle_vector,078e2f40e0375f4163f04a89f798c84e04ad144ea99252428ef60b382a208150,0eaf765f697264a65054737af3e51dffdd60218af876f03cf384b48921df566e
235-25-9(2),4,attunet_pixel,2026,retained_segment_count,annotation_mask_same_extractor,72,72,0.0,0.0,0.0,valid,ok,ok,,zero_length_angle_vector,078e2f40e0375f4163f04a89f798c84e04ad144ea99252428ef60b382a208150,0eaf765f697264a65054737af3e51dffdd60218af876f03cf384b48921df566e
235-25-9(2),4,attunet_pixel,2026,junction_region_count,annotation_mask_same_extractor,58,58,0.0,0.0,0.0,valid,ok,ok,,zero_length_angle_vector,078e2f40e0375f4163f04a89f798c84e04ad144ea99252428ef60b382a208150,0eaf765f697264a65054737af3e51dffdd60218af876f03cf384b48921df566e
235-25-9(2),4,attunet_pixel,2026,mean_local_acute_angle_deg,annotation_mask_same_extractor,48.80355339734289,54.502743567450146,5.699190170107258,5.699190170107258,11.677818054981117,valid,ok,ok,,zero_length_angle_vector,078e2f40e0375f4163f04a89f798c84e04ad144ea99252428ef60b382a208150,0eaf765f697264a65054737af3e51dffdd60218af876f03cf384b48921df566e
235-25-9(3),1,attunet_pixel,2026,dominant_path_length,annotation_mask_same_extractor,3014.9961748553196,1513.8641404994337,-1501.132034355886,1501.132034355886,49.78885369325288,valid,ok,ok,,,04c79fb7e355280d60cd560ee7fce5e6be4db79fc76c2cc62ba5beb9dc7281f5,32192a3713c442e5b7820e5adf988313b137a10bbabc2ccc3683bb2e6244c6c4
235-25-9(3),1,attunet_pixel,2026,retained_segment_count,annotation_mask_same_extractor,162,304,142.0,142.0,87.65432098765432,valid,ok,ok,,,04c79fb7e355280d60cd560ee7fce5e6be4db79fc76c2cc62ba5beb9dc7281f5,32192a3713c442e5b7820e5adf988313b137a10bbabc2ccc3683bb2e6244c6c4
235-25-9(3),1,attunet_pixel,2026,junction_region_count,annotation_mask_same_extractor,148,359,211.0,211.0,142.56756756756758,valid,ok,ok,,,04c79fb7e355280d60cd560ee7fce5e6be4db79fc76c2cc62ba5beb9dc7281f5,32192a3713c442e5b7820e5adf988313b137a10bbabc2ccc3683bb2e6244c6c4
235-25-9(3),1,attunet_pixel,2026,mean_local_acute_angle_deg,annotation_mask_same_extractor,63.95431651066043,48.795140042663185,-15.159176467997248,15.159176467997248,23.703132634480415,valid,ok,ok,,,04c79fb7e355280d60cd560ee7fce5e6be4db79fc76c2cc62ba5beb9dc7281f5,32192a3713c442e5b7820e5adf988313b137a10bbabc2ccc3683bb2e6244c6c4
447-1-1,1,attunet_pixel,2026,dominant_path_length,annotation_mask_same_extractor,3911.385135248214,3962.296823493658,50.91168824544411,50.91168824544411,1.3016281057736672,valid,ok,ok,,zero_length_angle_vector,67a3ba2f50251e390c617a86eba391a70dc650351761a8b7c955b3e97cd90123,bb69c257f49e125fc2422c60ccf04d73d3dcab750f587e61f3190b5c6ed88af9
447-1-1,1,attunet_pixel,2026,retained_segment_count,annotation_mask_same_extractor,293,476,183.0,183.0,62.45733788395904,valid,ok,ok,,zero_length_angle_vector,67a3ba2f50251e390c617a86eba391a70dc650351761a8b7c955b3e97cd90123,bb69c257f49e125fc2422c60ccf04d73d3dcab750f587e61f3190b5c6ed88af9
447-1-1,1,attunet_pixel,2026,junction_region_count,annotation_mask_same_extractor,271,575,304.0,304.0,112.1771217712177,valid,ok,ok,,zero_length_angle_vector,67a3ba2f50251e390c617a86eba391a70dc650351761a8b7c955b3e97cd90123,bb69c257f49e125fc2422c60ccf04d73d3dcab750f587e61f3190b5c6ed88af9
447-1-1,1,attunet_pixel,2026,mean_local_acute_angle_deg,annotation_mask_same_extractor,61.706177398538195,55.47300523753962,-6.233172160998578,6.233172160998578,10.10137464964122,valid,ok,ok,,zero_length_angle_vector,67a3ba2f50251e390c617a86eba391a70dc650351761a8b7c955b3e97cd90123,bb69c257f49e125fc2422c60ccf04d73d3dcab750f587e61f3190b5c6ed88af9
447-1-1(1),1,attunet_pixel,2026,dominant_path_length,annotation_mask_same_extractor,3219.268252793949,1881.0580079512727,-1338.2102448426765,1338.2102448426765,41.56877090566361,valid,ok,ok,,zero_length_angle_vector,0d1ba7e5e04b19e049d833c898b8b5dfd329ae106055ed93825b5e45ffe6aa84,98d597afa5f456731480822c27f482de20916f3a5f63e13294f7db96238b0778
447-1-1(1),1,attunet_pixel,2026,retained_segment_count,annotation_mask_same_extractor,138,261,123.0,123.0,89.13043478260869,valid,ok,ok,,zero_length_angle_vector,0d1ba7e5e04b19e049d833c898b8b5dfd329ae106055ed93825b5e45ffe6aa84,98d597afa5f456731480822c27f482de20916f3a5f63e13294f7db96238b0778
447-1-1(1),1,attunet_pixel,2026,junction_region_count,annotation_mask_same_extractor,130,303,173.0,173.0,133.07692307692307,valid,ok,ok,,zero_length_angle_vector,0d1ba7e5e04b19e049d833c898b8b5dfd329ae106055ed93825b5e45ffe6aa84,98d597afa5f456731480822c27f482de20916f3a5f63e13294f7db96238b0778
447-1-1(1),1,attunet_pixel,2026,mean_local_acute_angle_deg,annotation_mask_same_extractor,67.79905715669001,54.30852322561277,-13.490533931077245,13.490533931077245,19.897819375126925,valid,ok,ok,,zero_length_angle_vector,0d1ba7e5e04b19e049d833c898b8b5dfd329ae106055ed93825b5e45ffe6aa84,98d597afa5f456731480822c27f482de20916f3a5f63e13294f7db96238b0778
7-1-3(1),4,attunet_pixel,2026,dominant_path_length,annotation_mask_same_extractor,3591.411613906912,1337.0163773909296,-2254.395236515982,2254.395236515982,62.77184235263809,valid,ok,ok,,zero_length_angle_vector,bba8ccc94987683932ee1142fbfdf5f18f0e90a532fe1e011e5e0387316a0102,9f19c5d4319896e9211662fda5a5c244b4408f4bed7e97d8aeadc6fa22a9c4b6
7-1-3(1),4,attunet_pixel,2026,retained_segment_count,annotation_mask_same_extractor,415,420,5.0,5.0,1.2048192771084338,valid,ok,ok,,zero_length_angle_vector,bba8ccc94987683932ee1142fbfdf5f18f0e90a532fe1e011e5e0387316a0102,9f19c5d4319896e9211662fda5a5c244b4408f4bed7e97d8aeadc6fa22a9c4b6
7-1-3(1),4,attunet_pixel,2026,junction_region_count,annotation_mask_same_extractor,370,321,-49.0,49.0,13.243243243243244,valid,ok,ok,,zero_length_angle_vector,bba8ccc94987683932ee1142fbfdf5f18f0e90a532fe1e011e5e0387316a0102,9f19c5d4319896e9211662fda5a5c244b4408f4bed7e97d8aeadc6fa22a9c4b6
7-1-3(1),4,attunet_pixel,2026,mean_local_acute_angle_deg,annotation_mask_same_extractor,52.19068191429416,48.23025689910268,-3.9604250151914826,3.9604250151914826,7.5883756830293265,valid,ok,ok,,zero_length_angle_vector,bba8ccc94987683932ee1142fbfdf5f18f0e90a532fe1e011e5e0387316a0102,9f19c5d4319896e9211662fda5a5c244b4408f4bed7e97d8aeadc6fa22a9c4b6
7-1-3(2),4,attunet_pixel,2026,dominant_path_length,annotation_mask_same_extractor,2479.356564548581,2062.4987001723384,-416.85786437624256,416.85786437624256,16.813147021156286,valid,ok,ok,,zero_length_angle_vector,28862657685f711ee260dae48d326375279a0325e0e0c82a6692a9516004f3bb,18e20a88ab3704e520c7e56ad1f767db77112d788a69bbef65c830aeacd2a4e1
7-1-3(2),4,attunet_pixel,2026,retained_segment_count,annotation_mask_same_extractor,239,193,-46.0,46.0,19.246861924686193,valid,ok,ok,,zero_length_angle_vector,28862657685f711ee260dae48d326375279a0325e0e0c82a6692a9516004f3bb,18e20a88ab3704e520c7e56ad1f767db77112d788a69bbef65c830aeacd2a4e1
7-1-3(2),4,attunet_pixel,2026,junction_region_count,annotation_mask_same_extractor,201,148,-53.0,53.0,26.368159203980102,valid,ok,ok,,zero_length_angle_vector,28862657685f711ee260dae48d326375279a0325e0e0c82a6692a9516004f3bb,18e20a88ab3704e520c7e56ad1f767db77112d788a69bbef65c830aeacd2a4e1
7-1-3(2),4,attunet_pixel,2026,mean_local_acute_angle_deg,annotation_mask_same_extractor,52.02063707468777,47.594573592452825,-4.4260634822349445,4.4260634822349445,8.50828388718173,valid,ok,ok,,zero_length_angle_vector,28862657685f711ee260dae48d326375279a0325e0e0c82a6692a9516004f3bb,18e20a88ab3704e520c7e56ad1f767db77112d788a69bbef65c830aeacd2a4e1
7-1-3(3),0,attunet_pixel,2026,dominant_path_length,annotation_mask_same_extractor,3139.476405595674,1639.4621202458804,-1500.0142853497935,1500.0142853497935,47.77912274404195,valid,ok,ok,zero_length_angle_vector,zero_length_angle_vector,eb3582ff4719e2750a945bfec7af39008d621c1fbaba7f242e61cf5fb5af1392,50ec072fe6a4103cf186317da242aa8771deead7393df255cce165f2a26d66fd
7-1-3(3),0,attunet_pixel,2026,retained_segment_count,annotation_mask_same_extractor,234,300,66.0,66.0,28.205128205128204,valid,ok,ok,zero_length_angle_vector,zero_length_angle_vector,eb3582ff4719e2750a945bfec7af39008d621c1fbaba7f242e61cf5fb5af1392,50ec072fe6a4103cf186317da242aa8771deead7393df255cce165f2a26d66fd
7-1-3(3),0,attunet_pixel,2026,junction_region_count,annotation_mask_same_extractor,206,235,29.0,29.0,14.077669902912621,valid,ok,ok,zero_length_angle_vector,zero_length_angle_vector,eb3582ff4719e2750a945bfec7af39008d621c1fbaba7f242e61cf5fb5af1392,50ec072fe6a4103cf186317da242aa8771deead7393df255cce165f2a26d66fd
7-1-3(3),0,attunet_pixel,2026,mean_local_acute_angle_deg,annotation_mask_same_extractor,55.62685066639042,48.9207295678717,-6.7061210985187145,6.7061210985187145,12.055546949326997,valid,ok,ok,zero_length_angle_vector,zero_length_angle_vector,eb3582ff4719e2750a945bfec7af39008d621c1fbaba7f242e61cf5fb5af1392,50ec072fe6a4103cf186317da242aa8771deead7393df255cce165f2a26d66fd
7-1-6(1),0,attunet_pixel,2026,dominant_path_length,annotation_mask_same_extractor,3188.726188957766,2061.8906191581277,-1126.8355697996385,1126.8355697996385,35.33811004851264,valid,ok,ok,,zero_length_angle_vector,cba0254b9e9151f7e11554a8e70e85d3aae5e2a96042767c54979c286faeb9a4,045152d92c0d705cadf400aa6628d84882826694b7827b676a7dc454cc9ffe98
7-1-6(1),0,attunet_pixel,2026,retained_segment_count,annotation_mask_same_extractor,300,262,-38.0,38.0,12.666666666666668,valid,ok,ok,,zero_length_angle_vector,cba0254b9e9151f7e11554a8e70e85d3aae5e2a96042767c54979c286faeb9a4,045152d92c0d705cadf400aa6628d84882826694b7827b676a7dc454cc9ffe98
7-1-6(1),0,attunet_pixel,2026,junction_region_count,annotation_mask_same_extractor,268,224,-44.0,44.0,16.417910447761194,valid,ok,ok,,zero_length_angle_vector,cba0254b9e9151f7e11554a8e70e85d3aae5e2a96042767c54979c286faeb9a4,045152d92c0d705cadf400aa6628d84882826694b7827b676a7dc454cc9ffe98
7-1-6(1),0,attunet_pixel,2026,mean_local_acute_angle_deg,annotation_mask_same_extractor,57.71657823171459,49.89117922724882,-7.825399004465773,7.825399004465773,13.558321099787246,valid,ok,ok,,zero_length_angle_vector,cba0254b9e9151f7e11554a8e70e85d3aae5e2a96042767c54979c286faeb9a4,045152d92c0d705cadf400aa6628d84882826694b7827b676a7dc454cc9ffe98
7-1-6(2),3,attunet_pixel,2026,dominant_path_length,annotation_mask_same_extractor,4815.678641211786,3909.1273426594785,-906.5512985523078,906.5512985523078,18.824995729453182,valid,ok,ok,zero_length_angle_vector,zero_length_angle_vector,e3aea5a1ab8ea31c284842492594be58ed37bba1e364b53dc239f9c47cd34693,eb6c3c465a59d6d2b2f3dd1e4e9d1dfc8f3146310aea3da688296540721015fa
7-1-6(2),3,attunet_pixel,2026,retained_segment_count,annotation_mask_same_extractor,436,391,-45.0,45.0,10.321100917431194,valid,ok,ok,zero_length_angle_vector,zero_length_angle_vector,e3aea5a1ab8ea31c284842492594be58ed37bba1e364b53dc239f9c47cd34693,eb6c3c465a59d6d2b2f3dd1e4e9d1dfc8f3146310aea3da688296540721015fa
7-1-6(2),3,attunet_pixel,2026,junction_region_count,annotation_mask_same_extractor,321,319,-2.0,2.0,0.6230529595015576,valid,ok,ok,zero_length_angle_vector,zero_length_angle_vector,e3aea5a1ab8ea31c284842492594be58ed37bba1e364b53dc239f9c47cd34693,eb6c3c465a59d6d2b2f3dd1e4e9d1dfc8f3146310aea3da688296540721015fa
7-1-6(2),3,attunet_pixel,2026,mean_local_acute_angle_deg,annotation_mask_same_extractor,45.76167325566849,48.25337407831294,2.4917008226444466,2.4917008226444466,5.444951299580812,valid,ok,ok,zero_length_angle_vector,zero_length_angle_vector,e3aea5a1ab8ea31c284842492594be58ed37bba1e364b53dc239f9c47cd34693,eb6c3c465a59d6d2b2f3dd1e4e9d1dfc8f3146310aea3da688296540721015fa
7-1-6(3),2,attunet_pixel,2026,dominant_path_length,annotation_mask_same_extractor,3149.346463280794,1116.565583902096,-2032.780879378698,2032.780879378698,64.54611783998743,valid,ok,ok,zero_length_angle_vector,zero_length_angle_vector,175aad97304bc1efcc5da1ef9c37712fdcee8d0161a6f80fd823a18cef9139a0,38df62bf836b1cbff7fda0a02575890bd7c034ce961a9bfeb851924526ff09cd
7-1-6(3),2,attunet_pixel,2026,retained_segment_count,annotation_mask_same_extractor,113,200,87.0,87.0,76.99115044247787,valid,ok,ok,zero_length_angle_vector,zero_length_angle_vector,175aad97304bc1efcc5da1ef9c37712fdcee8d0161a6f80fd823a18cef9139a0,38df62bf836b1cbff7fda0a02575890bd7c034ce961a9bfeb851924526ff09cd
7-1-6(3),2,attunet_pixel,2026,junction_region_count,annotation_mask_same_extractor,82,170,88.0,88.0,107.31707317073172,valid,ok,ok,zero_length_angle_vector,zero_length_angle_vector,175aad97304bc1efcc5da1ef9c37712fdcee8d0161a6f80fd823a18cef9139a0,38df62bf836b1cbff7fda0a02575890bd7c034ce961a9bfeb851924526ff09cd
7-1-6(3),2,attunet_pixel,2026,mean_local_acute_angle_deg,annotation_mask_same_extractor,52.34419986077857,43.957260338174386,-8.386939522604187,8.386939522604187,16.022672129693795,valid,ok,ok,zero_length_angle_vector,zero_length_angle_vector,175aad97304bc1efcc5da1ef9c37712fdcee8d0161a6f80fd823a18cef9139a0,38df62bf836b1cbff7fda0a02575890bd7c034ce961a9bfeb851924526ff09cd
7-1-6(4),0,attunet_pixel,2026,dominant_path_length,annotation_mask_same_extractor,2934.7922061357463,3746.978064360816,812.1858582250698,812.1858582250698,27.67439059320927,valid,ok,ok,,,c0fc24472241d6b39ede8026e685b39939da6b7eb296c7092ba9ef7c6acbe239,4f39f19294f26b12811dae44d3a4de9f2809935739546bfe2410fd4a7a00ba8d
7-1-6(4),0,attunet_pixel,2026,retained_segment_count,annotation_mask_same_extractor,402,415,13.0,13.0,3.233830845771144,valid,ok,ok,,,c0fc24472241d6b39ede8026e685b39939da6b7eb296c7092ba9ef7c6acbe239,4f39f19294f26b12811dae44d3a4de9f2809935739546bfe2410fd4a7a00ba8d
7-1-6(4),0,attunet_pixel,2026,junction_region_count,annotation_mask_same_extractor,320,376,56.0,56.0,17.5,valid,ok,ok,,,c0fc24472241d6b39ede8026e685b39939da6b7eb296c7092ba9ef7c6acbe239,4f39f19294f26b12811dae44d3a4de9f2809935739546bfe2410fd4a7a00ba8d
7-1-6(4),0,attunet_pixel,2026,mean_local_acute_angle_deg,annotation_mask_same_extractor,45.58572184508618,45.302359589838815,-0.28336225524736136,0.28336225524736136,0.6216030892530571,valid,ok,ok,,,c0fc24472241d6b39ede8026e685b39939da6b7eb296c7092ba9ef7c6acbe239,4f39f19294f26b12811dae44d3a4de9f2809935739546bfe2410fd4a7a00ba8d
DN50-235-25-6(2),1,attunet_pixel,2026,dominant_path_length,annotation_mask_same_extractor,1654.4398256692953,1022.9747468305866,-631.4650788387087,631.4650788387087,38.167908499376985,valid,ok,ok,,zero_length_angle_vector,26158010911e4857cbb5605c765e186f4f05e7d62b2dcff5cd35f9038e6d54e6,344deddf246642b6e5d2d3c4214060f74b74326e341d2ced21889bfe2072805d
DN50-235-25-6(2),1,attunet_pixel,2026,retained_segment_count,annotation_mask_same_extractor,104,225,121.0,121.0,116.34615384615385,valid,ok,ok,,zero_length_angle_vector,26158010911e4857cbb5605c765e186f4f05e7d62b2dcff5cd35f9038e6d54e6,344deddf246642b6e5d2d3c4214060f74b74326e341d2ced21889bfe2072805d
DN50-235-25-6(2),1,attunet_pixel,2026,junction_region_count,annotation_mask_same_extractor,97,237,140.0,140.0,144.3298969072165,valid,ok,ok,,zero_length_angle_vector,26158010911e4857cbb5605c765e186f4f05e7d62b2dcff5cd35f9038e6d54e6,344deddf246642b6e5d2d3c4214060f74b74326e341d2ced21889bfe2072805d
DN50-235-25-6(2),1,attunet_pixel,2026,mean_local_acute_angle_deg,annotation_mask_same_extractor,48.376302759478975,50.29766791809763,1.9213651586186558,1.9213651586186558,3.971707321602163,valid,ok,ok,,zero_length_angle_vector,26158010911e4857cbb5605c765e186f4f05e7d62b2dcff5cd35f9038e6d54e6,344deddf246642b6e5d2d3c4214060f74b74326e341d2ced21889bfe2072805d
DN50-235-25-6(3),1,attunet_pixel,2026,dominant_path_length,annotation_mask_same_extractor,956.9015869776664,905.8792924010812,-51.02229457658518,51.02229457658518,5.332031555902939,valid,ok,ok,,zero_length_angle_vector,1c99a68f93f5396eb9701167417e60c3f506eddaae41784653661a85b4318891,3935ddf7e98de5ba4845737039a8352ffafb4e8880a4b38d4a57465e688ec80e
DN50-235-25-6(3),1,attunet_pixel,2026,retained_segment_count,annotation_mask_same_extractor,110,181,71.0,71.0,64.54545454545455,valid,ok,ok,,zero_length_angle_vector,1c99a68f93f5396eb9701167417e60c3f506eddaae41784653661a85b4318891,3935ddf7e98de5ba4845737039a8352ffafb4e8880a4b38d4a57465e688ec80e
DN50-235-25-6(3),1,attunet_pixel,2026,junction_region_count,annotation_mask_same_extractor,90,211,121.0,121.0,134.44444444444446,valid,ok,ok,,zero_length_angle_vector,1c99a68f93f5396eb9701167417e60c3f506eddaae41784653661a85b4318891,3935ddf7e98de5ba4845737039a8352ffafb4e8880a4b38d4a57465e688ec80e
DN50-235-25-6(3),1,attunet_pixel,2026,mean_local_acute_angle_deg,annotation_mask_same_extractor,55.84661373210531,48.5669624004581,-7.279651331647209,7.279651331647209,13.035080992676654,valid,ok,ok,,zero_length_angle_vector,1c99a68f93f5396eb9701167417e60c3f506eddaae41784653661a85b4318891,3935ddf7e98de5ba4845737039a8352ffafb4e8880a4b38d4a57465e688ec80e
DN50-235-25-7(1),0,attunet_pixel,2026,dominant_path_length,annotation_mask_same_extractor,835.1076477383253,756.1219330882003,-78.98571465012503,78.98571465012503,9.458147684796991,valid,ok,ok,,zero_length_angle_vector,1d15d42a8683193e72d4801bf8661ed463c57674766c0904ac6147226c6fad64,53cab103275a6613a6077d01e82131dca35be621f994331c46468d3a23bcecb6
DN50-235-25-7(1),0,attunet_pixel,2026,retained_segment_count,annotation_mask_same_extractor,86,65,-21.0,21.0,24.418604651162788,valid,ok,ok,,zero_length_angle_vector,1d15d42a8683193e72d4801bf8661ed463c57674766c0904ac6147226c6fad64,53cab103275a6613a6077d01e82131dca35be621f994331c46468d3a23bcecb6
DN50-235-25-7(1),0,attunet_pixel,2026,junction_region_count,annotation_mask_same_extractor,71,50,-21.0,21.0,29.577464788732392,valid,ok,ok,,zero_length_angle_vector,1d15d42a8683193e72d4801bf8661ed463c57674766c0904ac6147226c6fad64,53cab103275a6613a6077d01e82131dca35be621f994331c46468d3a23bcecb6
DN50-235-25-7(1),0,attunet_pixel,2026,mean_local_acute_angle_deg,annotation_mask_same_extractor,53.845303485648856,53.54303783596368,-0.3022656496851752,0.3022656496851752,0.56135935748925,valid,ok,ok,,zero_length_angle_vector,1d15d42a8683193e72d4801bf8661ed463c57674766c0904ac6147226c6fad64,53cab103275a6613a6077d01e82131dca35be621f994331c46468d3a23bcecb6
W82-447-1-13-3(1),3,attunet_pixel,2026,dominant_path_length,annotation_mask_same_extractor,2963.730373039836,1497.1606050557155,-1466.5697679841207,1466.5697679841207,49.48391329133935,valid,ok,ok,,zero_length_angle_vector,e400970fc4f5749000b5101345fe28f7835a0cd40cd105ff701d3d5565a3fd20,921840b503cf448c949da5252fa22baef033354e5d868c92648a5ef4e4348b02
W82-447-1-13-3(1),3,attunet_pixel,2026,retained_segment_count,annotation_mask_same_extractor,76,163,87.0,87.0,114.4736842105263,valid,ok,ok,,zero_length_angle_vector,e400970fc4f5749000b5101345fe28f7835a0cd40cd105ff701d3d5565a3fd20,921840b503cf448c949da5252fa22baef033354e5d868c92648a5ef4e4348b02
W82-447-1-13-3(1),3,attunet_pixel,2026,junction_region_count,annotation_mask_same_extractor,50,114,64.0,64.0,128.0,valid,ok,ok,,zero_length_angle_vector,e400970fc4f5749000b5101345fe28f7835a0cd40cd105ff701d3d5565a3fd20,921840b503cf448c949da5252fa22baef033354e5d868c92648a5ef4e4348b02
W82-447-1-13-3(1),3,attunet_pixel,2026,mean_local_acute_angle_deg,annotation_mask_same_extractor,45.41755671898957,49.07212789908311,3.6545711800935337,3.6545711800935337,8.046604538208278,valid,ok,ok,,zero_length_angle_vector,e400970fc4f5749000b5101345fe28f7835a0cd40cd105ff701d3d5565a3fd20,921840b503cf448c949da5252fa22baef033354e5d868c92648a5ef4e4348b02
W82-447-1-13-7(1),4,attunet_pixel,2026,dominant_path_length,annotation_mask_same_extractor,2599.841845922817,1481.5626253092685,-1118.2792206135484,1118.2792206135484,43.01335569189648,valid,ok,ok,,zero_length_angle_vector,d7caafd48ba702bb9ca2578cb356a3cab186bfab19d8fbb7f0fc5a6ba0ddb53b,4a33193c76b2326ddf6c9512af699ba1f17cef143662265f4c1fd10a6f1469cb
W82-447-1-13-7(1),4,attunet_pixel,2026,retained_segment_count,annotation_mask_same_extractor,161,143,-18.0,18.0,11.180124223602485,valid,ok,ok,,zero_length_angle_vector,d7caafd48ba702bb9ca2578cb356a3cab186bfab19d8fbb7f0fc5a6ba0ddb53b,4a33193c76b2326ddf6c9512af699ba1f17cef143662265f4c1fd10a6f1469cb
W82-447-1-13-7(1),4,attunet_pixel,2026,junction_region_count,annotation_mask_same_extractor,124,114,-10.0,10.0,8.064516129032258,valid,ok,ok,,zero_length_angle_vector,d7caafd48ba702bb9ca2578cb356a3cab186bfab19d8fbb7f0fc5a6ba0ddb53b,4a33193c76b2326ddf6c9512af699ba1f17cef143662265f4c1fd10a6f1469cb
W82-447-1-13-7(1),4,attunet_pixel,2026,mean_local_acute_angle_deg,annotation_mask_same_extractor,45.765543776284055,54.045362889382496,8.27981911309844,8.27981911309844,18.091818494657737,valid,ok,ok,,zero_length_angle_vector,d7caafd48ba702bb9ca2578cb356a3cab186bfab19d8fbb7f0fc5a6ba0ddb53b,4a33193c76b2326ddf6c9512af699ba1f17cef143662265f4c1fd10a6f1469cb
W82-447-1-13-7(2),3,attunet_pixel,2026,dominant_path_length,annotation_mask_same_extractor,2569.818684794427,803.8448045156754,-1765.9738802787517,1765.9738802787517,68.71978520227862,valid,ok,ok,zero_length_angle_vector,zero_length_angle_vector,8401bb2188e5c3832e902ef0e29c7a72c6580cd0868364d9f97716efdec87255,fdea53eb8d7363e21b94c01f5cf20edafd3402ef84c984965fee7f4f6fa8dc07
W82-447-1-13-7(2),3,attunet_pixel,2026,retained_segment_count,annotation_mask_same_extractor,37,40,3.0,3.0,8.108108108108109,valid,ok,ok,zero_length_angle_vector,zero_length_angle_vector,8401bb2188e5c3832e902ef0e29c7a72c6580cd0868364d9f97716efdec87255,fdea53eb8d7363e21b94c01f5cf20edafd3402ef84c984965fee7f4f6fa8dc07
W82-447-1-13-7(2),3,attunet_pixel,2026,junction_region_count,annotation_mask_same_extractor,28,27,-1.0,1.0,3.571428571428571,valid,ok,ok,zero_length_angle_vector,zero_length_angle_vector,8401bb2188e5c3832e902ef0e29c7a72c6580cd0868364d9f97716efdec87255,fdea53eb8d7363e21b94c01f5cf20edafd3402ef84c984965fee7f4f6fa8dc07
W82-447-1-13-7(2),3,attunet_pixel,2026,mean_local_acute_angle_deg,annotation_mask_same_extractor,56.21991760625045,45.87268856413774,-10.347229042112708,10.347229042112708,18.404916767367013,valid,ok,ok,zero_length_angle_vector,zero_length_angle_vector,8401bb2188e5c3832e902ef0e29c7a72c6580cd0868364d9f97716efdec87255,fdea53eb8d7363e21b94c01f5cf20edafd3402ef84c984965fee7f4f6fa8dc07
W82-447-1-13-7(3),2,attunet_pixel,2026,dominant_path_length,annotation_mask_same_extractor,3607.1963184303277,2073.5453813665645,-1533.6509370637632,1533.6509370637632,42.516425547116654,valid,ok,ok,zero_length_angle_vector,zero_length_angle_vector,4b63fae36f1e264804fc841b3fbba41c7e9f5be06b268aa37989d57f23a39479,872bb1cea5d39f3dfacd5f90f3dd474ff71c62f44cb03c0216a593eeec8c1553
W82-447-1-13-7(3),2,attunet_pixel,2026,retained_segment_count,annotation_mask_same_extractor,125,474,349.0,349.0,279.2,valid,ok,ok,zero_length_angle_vector,zero_length_angle_vector,4b63fae36f1e264804fc841b3fbba41c7e9f5be06b268aa37989d57f23a39479,872bb1cea5d39f3dfacd5f90f3dd474ff71c62f44cb03c0216a593eeec8c1553
W82-447-1-13-7(3),2,attunet_pixel,2026,junction_region_count,annotation_mask_same_extractor,86,460,374.0,374.0,434.8837209302325,valid,ok,ok,zero_length_angle_vector,zero_length_angle_vector,4b63fae36f1e264804fc841b3fbba41c7e9f5be06b268aa37989d57f23a39479,872bb1cea5d39f3dfacd5f90f3dd474ff71c62f44cb03c0216a593eeec8c1553
W82-447-1-13-7(3),2,attunet_pixel,2026,mean_local_acute_angle_deg,annotation_mask_same_extractor,42.04523834094305,43.56943659750192,1.5241982565588685,1.5241982565588685,3.625138818810372,valid,ok,ok,zero_length_angle_vector,zero_length_angle_vector,4b63fae36f1e264804fc841b3fbba41c7e9f5be06b268aa37989d57f23a39479,872bb1cea5d39f3dfacd5f90f3dd474ff71c62f44cb03c0216a593eeec8c1553
10-1-1,3,unet_pixel,42,dominant_path_length,annotation_mask_same_extractor,3519.0348468227903,2619.010460205208,-900.0243866175824,900.0243866175824,25.575887304161878,valid,ok,ok,zero_length_angle_vector,zero_length_angle_vector,8664187dcbcab44c4dae8da26d028efb21268d9709753c186a39d03660a06fc7,e8c0dba3625c86f5a2b232218817cf2952350c88caee6221313617ff41a92405
10-1-1,3,unet_pixel,42,retained_segment_count,annotation_mask_same_extractor,134,88,-46.0,46.0,34.32835820895522,valid,ok,ok,zero_length_angle_vector,zero_length_angle_vector,8664187dcbcab44c4dae8da26d028efb21268d9709753c186a39d03660a06fc7,e8c0dba3625c86f5a2b232218817cf2952350c88caee6221313617ff41a92405
10-1-1,3,unet_pixel,42,junction_region_count,annotation_mask_same_extractor,121,77,-44.0,44.0,36.36363636363637,valid,ok,ok,zero_length_angle_vector,zero_length_angle_vector,8664187dcbcab44c4dae8da26d028efb21268d9709753c186a39d03660a06fc7,e8c0dba3625c86f5a2b232218817cf2952350c88caee6221313617ff41a92405
10-1-1,3,unet_pixel,42,mean_local_acute_angle_deg,annotation_mask_same_extractor,64.6739875375559,55.35560844275426,-9.318379094801642,9.318379094801642,14.408233432940099,valid,ok,ok,zero_length_angle_vector,zero_length_angle_vector,8664187dcbcab44c4dae8da26d028efb21268d9709753c186a39d03660a06fc7,e8c0dba3625c86f5a2b232218817cf2952350c88caee6221313617ff41a92405
10-1-1(1),3,unet_pixel,42,dominant_path_length,annotation_mask_same_extractor,2848.0794359760534,1057.7249634685297,-1790.3544725075237,1790.3544725075237,62.86181662956176,valid,ok,ok,,zero_length_angle_vector,c95c0337715266ccd3aad838a4ef3ab80e74ba76f5d714ecb44e5a5615b3ce7c,5fd946ead9a9f57de16c0b0f406ee536d46e5e736da27460147f64e60149195c
10-1-1(1),3,unet_pixel,42,retained_segment_count,annotation_mask_same_extractor,35,52,17.0,17.0,48.57142857142857,valid,ok,ok,,zero_length_angle_vector,c95c0337715266ccd3aad838a4ef3ab80e74ba76f5d714ecb44e5a5615b3ce7c,5fd946ead9a9f57de16c0b0f406ee536d46e5e736da27460147f64e60149195c
10-1-1(1),3,unet_pixel,42,junction_region_count,annotation_mask_same_extractor,28,35,7.0,7.0,25.0,valid,ok,ok,,zero_length_angle_vector,c95c0337715266ccd3aad838a4ef3ab80e74ba76f5d714ecb44e5a5615b3ce7c,5fd946ead9a9f57de16c0b0f406ee536d46e5e736da27460147f64e60149195c
10-1-1(1),3,unet_pixel,42,mean_local_acute_angle_deg,annotation_mask_same_extractor,45.23478785039287,42.23634529387548,-2.9984425565173893,2.9984425565173893,6.628620800509287,valid,ok,ok,,zero_length_angle_vector,c95c0337715266ccd3aad838a4ef3ab80e74ba76f5d714ecb44e5a5615b3ce7c,5fd946ead9a9f57de16c0b0f406ee536d46e5e736da27460147f64e60149195c
10-1-1(2),1,unet_pixel,42,dominant_path_length,annotation_mask_same_extractor,1262.4823227814104,407.6568542494924,-854.825468531918,854.825468531918,67.7098960600595,valid,ok,ok,,,6c74e98b918771eb646a7e1d44c8ef0b3c96078814c8b8db61045d1816697d12,a805c2c3c2ae1dadcd22f1c30f41adbc2c8c088effa9b2d546c3e8fb6fd529db
10-1-1(2),1,unet_pixel,42,retained_segment_count,annotation_mask_same_extractor,25,61,36.0,36.0,144.0,valid,ok,ok,,,6c74e98b918771eb646a7e1d44c8ef0b3c96078814c8b8db61045d1816697d12,a805c2c3c2ae1dadcd22f1c30f41adbc2c8c088effa9b2d546c3e8fb6fd529db
10-1-1(2),1,unet_pixel,42,junction_region_count,annotation_mask_same_extractor,23,32,9.0,9.0,39.130434782608695,valid,ok,ok,,,6c74e98b918771eb646a7e1d44c8ef0b3c96078814c8b8db61045d1816697d12,a805c2c3c2ae1dadcd22f1c30f41adbc2c8c088effa9b2d546c3e8fb6fd529db
10-1-1(2),1,unet_pixel,42,mean_local_acute_angle_deg,annotation_mask_same_extractor,46.29442229680335,32.448175117535904,-13.846247179267444,13.846247179267444,29.90910457958892,valid,ok,ok,,,6c74e98b918771eb646a7e1d44c8ef0b3c96078814c8b8db61045d1816697d12,a805c2c3c2ae1dadcd22f1c30f41adbc2c8c088effa9b2d546c3e8fb6fd529db
10-1-1(3),2,unet_pixel,42,dominant_path_length,annotation_mask_same_extractor,2611.2834046956673,1304.663130372657,-1306.6202743230103,1306.6202743230103,50.03747475181809,valid,ok,ok,,zero_length_angle_vector,49a1138291b2427ae244c26c8d481f7bf7c311eb24e2003613787dba24d6ff37,98e1183a588c9c9f36925d62e03abccb55a29bdbdeec3df5251c463af137ed28
10-1-1(3),2,unet_pixel,42,retained_segment_count,annotation_mask_same_extractor,36,109,73.0,73.0,202.77777777777777,valid,ok,ok,,zero_length_angle_vector,49a1138291b2427ae244c26c8d481f7bf7c311eb24e2003613787dba24d6ff37,98e1183a588c9c9f36925d62e03abccb55a29bdbdeec3df5251c463af137ed28
10-1-1(3),2,unet_pixel,42,junction_region_count,annotation_mask_same_extractor,23,106,83.0,83.0,360.8695652173913,valid,ok,ok,,zero_length_angle_vector,49a1138291b2427ae244c26c8d481f7bf7c311eb24e2003613787dba24d6ff37,98e1183a588c9c9f36925d62e03abccb55a29bdbdeec3df5251c463af137ed28
10-1-1(3),2,unet_pixel,42,mean_local_acute_angle_deg,annotation_mask_same_extractor,44.403113779145116,45.43025059938505,1.0271368202399316,1.0271368202399316,2.3132089910378055,valid,ok,ok,,zero_length_angle_vector,49a1138291b2427ae244c26c8d481f7bf7c311eb24e2003613787dba24d6ff37,98e1183a588c9c9f36925d62e03abccb55a29bdbdeec3df5251c463af137ed28
10-1-2,2,unet_pixel,42,dominant_path_length,annotation_mask_same_extractor,3713.5222202381024,3402.586145375029,-310.9360748630734,310.9360748630734,8.37307699866508,valid,ok,ok,zero_length_angle_vector,zero_length_angle_vector,353a8fded79e4327f12b6866ba2014151a10168db01aad99108b5fae01f5e4ac,47e6fc083f3c85df4982907b6fa5da620a816196fd7ef8c9e4c19c25905e09d7
10-1-2,2,unet_pixel,42,retained_segment_count,annotation_mask_same_extractor,171,263,92.0,92.0,53.80116959064327,valid,ok,ok,zero_length_angle_vector,zero_length_angle_vector,353a8fded79e4327f12b6866ba2014151a10168db01aad99108b5fae01f5e4ac,47e6fc083f3c85df4982907b6fa5da620a816196fd7ef8c9e4c19c25905e09d7
10-1-2,2,unet_pixel,42,junction_region_count,annotation_mask_same_extractor,124,252,128.0,128.0,103.2258064516129,valid,ok,ok,zero_length_angle_vector,zero_length_angle_vector,353a8fded79e4327f12b6866ba2014151a10168db01aad99108b5fae01f5e4ac,47e6fc083f3c85df4982907b6fa5da620a816196fd7ef8c9e4c19c25905e09d7
10-1-2,2,unet_pixel,42,mean_local_acute_angle_deg,annotation_mask_same_extractor,58.66827912377103,54.621231921682906,-4.047047202088123,4.047047202088123,6.898186315555919,valid,ok,ok,zero_length_angle_vector,zero_length_angle_vector,353a8fded79e4327f12b6866ba2014151a10168db01aad99108b5fae01f5e4ac,47e6fc083f3c85df4982907b6fa5da620a816196fd7ef8c9e4c19c25905e09d7
10-1-2(1),4,unet_pixel,42,dominant_path_length,annotation_mask_same_extractor,3355.4095218658804,1033.9747468305868,-2321.4347750352936,2321.4347750352936,69.18484196660404,valid,ok,ok,zero_length_angle_vector,zero_length_angle_vector,dca0abd7cde7ab357484642e540a2d1fa449818245a1cd800eb7c824264f02ad,b89078cef72cb5a817a77624f2bcb2e50dcb7b0757305acbe4bcfcd132eaad53
10-1-2(1),4,unet_pixel,42,retained_segment_count,annotation_mask_same_extractor,118,110,-8.0,8.0,6.779661016949152,valid,ok,ok,zero_length_angle_vector,zero_length_angle_vector,dca0abd7cde7ab357484642e540a2d1fa449818245a1cd800eb7c824264f02ad,b89078cef72cb5a817a77624f2bcb2e50dcb7b0757305acbe4bcfcd132eaad53
10-1-2(1),4,unet_pixel,42,junction_region_count,annotation_mask_same_extractor,111,85,-26.0,26.0,23.423423423423422,valid,ok,ok,zero_length_angle_vector,zero_length_angle_vector,dca0abd7cde7ab357484642e540a2d1fa449818245a1cd800eb7c824264f02ad,b89078cef72cb5a817a77624f2bcb2e50dcb7b0757305acbe4bcfcd132eaad53
10-1-2(1),4,unet_pixel,42,mean_local_acute_angle_deg,annotation_mask_same_extractor,64.3632990483418,50.53594495040268,-13.827354097939121,13.827354097939121,21.483289859883833,valid,ok,ok,zero_length_angle_vector,zero_length_angle_vector,dca0abd7cde7ab357484642e540a2d1fa449818245a1cd800eb7c824264f02ad,b89078cef72cb5a817a77624f2bcb2e50dcb7b0757305acbe4bcfcd132eaad53
10-1-2(2),1,unet_pixel,42,dominant_path_length,annotation_mask_same_extractor,3058.3027406794067,1152.7737367038103,-1905.5290039755964,1905.5290039755964,62.30674872796538,valid,ok,ok,,,4b38a74ce55736e7f197e42aeba61399727ea00792e40e895bf41a3d30fe7957,aeb8ee8a96328d51436a87001fda5a8c21af2658060a05ef2b3b790795b45d1b
10-1-2(2),1,unet_pixel,42,retained_segment_count,annotation_mask_same_extractor,191,304,113.0,113.0,59.16230366492147,valid,ok,ok,,,4b38a74ce55736e7f197e42aeba61399727ea00792e40e895bf41a3d30fe7957,aeb8ee8a96328d51436a87001fda5a8c21af2658060a05ef2b3b790795b45d1b
10-1-2(2),1,unet_pixel,42,junction_region_count,annotation_mask_same_extractor,175,220,45.0,45.0,25.71428571428571,valid,ok,ok,,,4b38a74ce55736e7f197e42aeba61399727ea00792e40e895bf41a3d30fe7957,aeb8ee8a96328d51436a87001fda5a8c21af2658060a05ef2b3b790795b45d1b
10-1-2(2),1,unet_pixel,42,mean_local_acute_angle_deg,annotation_mask_same_extractor,65.94127676600104,42.952969497853424,-22.988307268147615,22.988307268147615,34.86178672233453,valid,ok,ok,,,4b38a74ce55736e7f197e42aeba61399727ea00792e40e895bf41a3d30fe7957,aeb8ee8a96328d51436a87001fda5a8c21af2658060a05ef2b3b790795b45d1b
10-1-2(3),0,unet_pixel,42,dominant_path_length,annotation_mask_same_extractor,2345.481456229622,690.0803025278575,-1655.4011537017645,1655.4011537017645,70.57830916995752,valid,ok,ok,,zero_length_angle_vector,0508c3be24e6c021d5aacff3b5010997bb235211f0adc484cda889c0830022b8,dd3a1d86c6e4f85464f0616a674eb2799483c77f5143db62a1712dd8d50d954f
10-1-2(3),0,unet_pixel,42,retained_segment_count,annotation_mask_same_extractor,115,93,-22.0,22.0,19.130434782608695,valid,ok,ok,,zero_length_angle_vector,0508c3be24e6c021d5aacff3b5010997bb235211f0adc484cda889c0830022b8,dd3a1d86c6e4f85464f0616a674eb2799483c77f5143db62a1712dd8d50d954f
10-1-2(3),0,unet_pixel,42,junction_region_count,annotation_mask_same_extractor,84,63,-21.0,21.0,25.0,valid,ok,ok,,zero_length_angle_vector,0508c3be24e6c021d5aacff3b5010997bb235211f0adc484cda889c0830022b8,dd3a1d86c6e4f85464f0616a674eb2799483c77f5143db62a1712dd8d50d954f
10-1-2(3),0,unet_pixel,42,mean_local_acute_angle_deg,annotation_mask_same_extractor,50.491311152922826,51.37810666800066,0.8867955150778357,0.8867955150778357,1.7563329112052601,valid,ok,ok,,zero_length_angle_vector,0508c3be24e6c021d5aacff3b5010997bb235211f0adc484cda889c0830022b8,dd3a1d86c6e4f85464f0616a674eb2799483c77f5143db62a1712dd8d50d954f
10-1-3,0,unet_pixel,42,dominant_path_length,annotation_mask_same_extractor,2813.8023074034836,476.4335495461301,-2337.3687578573536,2337.3687578573536,83.0679807073663,valid,ok,ok,,zero_length_angle_vector,2cd8dd3611b047ab44310b595f5423ee107fb5f6bbd6f0ce078f5a1c70656dd8,747917927ef52c446a863199eb1c7db0851c6295e9a5085c7d9d50021e004068
10-1-3,0,unet_pixel,42,retained_segment_count,annotation_mask_same_extractor,172,148,-24.0,24.0,13.953488372093023,valid,ok,ok,,zero_length_angle_vector,2cd8dd3611b047ab44310b595f5423ee107fb5f6bbd6f0ce078f5a1c70656dd8,747917927ef52c446a863199eb1c7db0851c6295e9a5085c7d9d50021e004068
10-1-3,0,unet_pixel,42,junction_region_count,annotation_mask_same_extractor,123,110,-13.0,13.0,10.569105691056912,valid,ok,ok,,zero_length_angle_vector,2cd8dd3611b047ab44310b595f5423ee107fb5f6bbd6f0ce078f5a1c70656dd8,747917927ef52c446a863199eb1c7db0851c6295e9a5085c7d9d50021e004068
10-1-3,0,unet_pixel,42,mean_local_acute_angle_deg,annotation_mask_same_extractor,50.036178890454096,47.33012760384923,-2.7060512866048683,2.7060512866048683,5.408189327425098,valid,ok,ok,,zero_length_angle_vector,2cd8dd3611b047ab44310b595f5423ee107fb5f6bbd6f0ce078f5a1c70656dd8,747917927ef52c446a863199eb1c7db0851c6295e9a5085c7d9d50021e004068
10-1-9(1),3,unet_pixel,42,dominant_path_length,annotation_mask_same_extractor,3092.5058428472184,1017.1219330882005,-2075.383909759018,2075.383909759018,67.11010472491935,valid,ok,ok,zero_length_angle_vector,zero_length_angle_vector,6bdc1df0f3e1a66f56d545bec926abaf60b6bca31c0f8ea06ad939681c464d8a,87936e1324d492a0a9fd5576c09630e1f2cc6d2c1fbdd1f02b4e70b7285d5387
10-1-9(1),3,unet_pixel,42,retained_segment_count,annotation_mask_same_extractor,106,146,40.0,40.0,37.735849056603776,valid,ok,ok,zero_length_angle_vector,zero_length_angle_vector,6bdc1df0f3e1a66f56d545bec926abaf60b6bca31c0f8ea06ad939681c464d8a,87936e1324d492a0a9fd5576c09630e1f2cc6d2c1fbdd1f02b4e70b7285d5387
10-1-9(1),3,unet_pixel,42,junction_region_count,annotation_mask_same_extractor,91,117,26.0,26.0,28.57142857142857,valid,ok,ok,zero_length_angle_vector,zero_length_angle_vector,6bdc1df0f3e1a66f56d545bec926abaf60b6bca31c0f8ea06ad939681c464d8a,87936e1324d492a0a9fd5576c09630e1f2cc6d2c1fbdd1f02b4e70b7285d5387
10-1-9(1),3,unet_pixel,42,mean_local_acute_angle_deg,annotation_mask_same_extractor,62.85401304883498,58.413012643497275,-4.441000405337704,4.441000405337704,7.065579729789456,valid,ok,ok,zero_length_angle_vector,zero_length_angle_vector,6bdc1df0f3e1a66f56d545bec926abaf60b6bca31c0f8ea06ad939681c464d8a,87936e1324d492a0a9fd5576c09630e1f2cc6d2c1fbdd1f02b4e70b7285d5387
10-1-9(2),3,unet_pixel,42,dominant_path_length,annotation_mask_same_extractor,3383.6256838943486,1752.4356415871855,-1631.1900423071631,1631.1900423071631,48.208347929010934,valid,ok,ok,zero_length_angle_vector,zero_length_angle_vector,e68f65f812ffdebb564961ebaea365b072d4546ab06227eea2987e2d586b741c,d3d1cd840257a9aa2a5320233aee0e16429d3c3088755cbb2a7826d0af035974
10-1-9(2),3,unet_pixel,42,retained_segment_count,annotation_mask_same_extractor,71,87,16.0,16.0,22.535211267605636,valid,ok,ok,zero_length_angle_vector,zero_length_angle_vector,e68f65f812ffdebb564961ebaea365b072d4546ab06227eea2987e2d586b741c,d3d1cd840257a9aa2a5320233aee0e16429d3c3088755cbb2a7826d0af035974
10-1-9(2),3,unet_pixel,42,junction_region_count,annotation_mask_same_extractor,68,80,12.0,12.0,17.647058823529413,valid,ok,ok,zero_length_angle_vector,zero_length_angle_vector,e68f65f812ffdebb564961ebaea365b072d4546ab06227eea2987e2d586b741c,d3d1cd840257a9aa2a5320233aee0e16429d3c3088755cbb2a7826d0af035974
10-1-9(2),3,unet_pixel,42,mean_local_acute_angle_deg,annotation_mask_same_extractor,74.17544013119233,68.39802832889296,-5.777411802299369,5.777411802299369,7.7888473490430234,valid,ok,ok,zero_length_angle_vector,zero_length_angle_vector,e68f65f812ffdebb564961ebaea365b072d4546ab06227eea2987e2d586b741c,d3d1cd840257a9aa2a5320233aee0e16429d3c3088755cbb2a7826d0af035974
10-1-9(3),4,unet_pixel,42,dominant_path_length,annotation_mask_same_extractor,3197.890619158038,675.102597104443,-2522.7880220535953,2522.7880220535953,78.88912794390109,valid,ok,ok,zero_length_angle_vector,zero_length_angle_vector,a679e2e7ed9fdcb61509a97389dcfc4f21915719e2fb5feb5bf89f66c0d48f13,c235465946e4df7b1fd35a1417f0c2b4a1b9881283522f778ae7ce37c2a44c2a
10-1-9(3),4,unet_pixel,42,retained_segment_count,annotation_mask_same_extractor,41,113,72.0,72.0,175.609756097561,valid,ok,ok,zero_length_angle_vector,zero_length_angle_vector,a679e2e7ed9fdcb61509a97389dcfc4f21915719e2fb5feb5bf89f66c0d48f13,c235465946e4df7b1fd35a1417f0c2b4a1b9881283522f778ae7ce37c2a44c2a
10-1-9(3),4,unet_pixel,42,junction_region_count,annotation_mask_same_extractor,28,85,57.0,57.0,203.57142857142856,valid,ok,ok,zero_length_angle_vector,zero_length_angle_vector,a679e2e7ed9fdcb61509a97389dcfc4f21915719e2fb5feb5bf89f66c0d48f13,c235465946e4df7b1fd35a1417f0c2b4a1b9881283522f778ae7ce37c2a44c2a
10-1-9(3),4,unet_pixel,42,mean_local_acute_angle_deg,annotation_mask_same_extractor,72.9003576118845,48.2710962698127,-24.6292613420718,24.6292613420718,33.78482925035287,valid,ok,ok,zero_length_angle_vector,zero_length_angle_vector,a679e2e7ed9fdcb61509a97389dcfc4f21915719e2fb5feb5bf89f66c0d48f13,c235465946e4df7b1fd35a1417f0c2b4a1b9881283522f778ae7ce37c2a44c2a
10-2-1,0,unet_pixel,42,dominant_path_length,annotation_mask_same_extractor,3683.691701072309,1912.4103884177728,-1771.2813126545364,1771.2813126545364,48.08440706747861,valid,ok,ok,,,fa084051c73ad9c7523229d0a267965c6c54c6c2f9b135b697a09f5f4d254434,17e6fc8f5e94d3ba6f8a8ec5ae8f4a130fb65d8586203892e9290476f2697392
10-2-1,0,unet_pixel,42,retained_segment_count,annotation_mask_same_extractor,226,209,-17.0,17.0,7.52212389380531,valid,ok,ok,,,fa084051c73ad9c7523229d0a267965c6c54c6c2f9b135b697a09f5f4d254434,17e6fc8f5e94d3ba6f8a8ec5ae8f4a130fb65d8586203892e9290476f2697392
10-2-1,0,unet_pixel,42,junction_region_count,annotation_mask_same_extractor,188,153,-35.0,35.0,18.617021276595743,valid,ok,ok,,,fa084051c73ad9c7523229d0a267965c6c54c6c2f9b135b697a09f5f4d254434,17e6fc8f5e94d3ba6f8a8ec5ae8f4a130fb65d8586203892e9290476f2697392
10-2-1,0,unet_pixel,42,mean_local_acute_angle_deg,annotation_mask_same_extractor,56.550116513732696,48.600372737379296,-7.949743776353401,7.949743776353401,14.057873381079375,valid,ok,ok,,,fa084051c73ad9c7523229d0a267965c6c54c6c2f9b135b697a09f5f4d254434,17e6fc8f5e94d3ba6f8a8ec5ae8f4a130fb65d8586203892e9290476f2697392
10-2-2,3,unet_pixel,42,dominant_path_length,annotation_mask_same_extractor,3768.2156544140043,3510.1963184302826,-258.0193359837217,258.0193359837217,6.847255031210424,valid,ok,ok,,,888178f6e1d682dbadbaecc08afac163678dd08a3e69f328f11b072009899c8c,8bf07804b9ec9b17eca30f1bf3ab334035a7b66955ea528e5278569d0148243f
10-2-2,3,unet_pixel,42,retained_segment_count,annotation_mask_same_extractor,329,296,-33.0,33.0,10.030395136778116,valid,ok,ok,,,888178f6e1d682dbadbaecc08afac163678dd08a3e69f328f11b072009899c8c,8bf07804b9ec9b17eca30f1bf3ab334035a7b66955ea528e5278569d0148243f
10-2-2,3,unet_pixel,42,junction_region_count,annotation_mask_same_extractor,293,252,-41.0,41.0,13.993174061433447,valid,ok,ok,,,888178f6e1d682dbadbaecc08afac163678dd08a3e69f328f11b072009899c8c,8bf07804b9ec9b17eca30f1bf3ab334035a7b66955ea528e5278569d0148243f
10-2-2,3,unet_pixel,42,mean_local_acute_angle_deg,annotation_mask_same_extractor,59.493993970760265,56.98700307339557,-2.5069908973646946,2.5069908973646946,4.213855433200223,valid,ok,ok,,,888178f6e1d682dbadbaecc08afac163678dd08a3e69f328f11b072009899c8c,8bf07804b9ec9b17eca30f1bf3ab334035a7b66955ea528e5278569d0148243f
10-2-3,3,unet_pixel,42,dominant_path_length,annotation_mask_same_extractor,782.7442994522875,611.3401871576792,-171.40411229460824,171.40411229460824,21.8978422985061,valid,ok,ok,,,c128b6196f3a108faac4ed970bea2b3e2ee4f4c0090aafd759b5f39cfd31c0d6,8b465d333a2a774bb2c4a42de132d037c187ba95738022e820b037ced299ce96
10-2-3,3,unet_pixel,42,retained_segment_count,annotation_mask_same_extractor,27,54,27.0,27.0,100.0,valid,ok,ok,,,c128b6196f3a108faac4ed970bea2b3e2ee4f4c0090aafd759b5f39cfd31c0d6,8b465d333a2a774bb2c4a42de132d037c187ba95738022e820b037ced299ce96
10-2-3,3,unet_pixel,42,junction_region_count,annotation_mask_same_extractor,18,29,11.0,11.0,61.111111111111114,valid,ok,ok,,,c128b6196f3a108faac4ed970bea2b3e2ee4f4c0090aafd759b5f39cfd31c0d6,8b465d333a2a774bb2c4a42de132d037c187ba95738022e820b037ced299ce96
10-2-3,3,unet_pixel,42,mean_local_acute_angle_deg,annotation_mask_same_extractor,44.17449818904469,49.03299702538402,4.858498836339329,4.858498836339329,10.998424510783103,valid,ok,ok,,,c128b6196f3a108faac4ed970bea2b3e2ee4f4c0090aafd759b5f39cfd31c0d6,8b465d333a2a774bb2c4a42de132d037c187ba95738022e820b037ced299ce96
10-2-4,0,unet_pixel,42,dominant_path_length,annotation_mask_same_extractor,2714.1433611129814,805.1930009000661,-1908.9503602129153,1908.9503602129153,70.33343881401008,valid,ok,ok,,zero_length_angle_vector,3c60314b040a032dd526925859d6800fc466b21b8dedb28d643c17c54668bc8b,1809346d224d69cd109fbe2e2ca51bf31997a34687ebd92dcf00b4a4ef504c9f
10-2-4,0,unet_pixel,42,retained_segment_count,annotation_mask_same_extractor,104,102,-2.0,2.0,1.9230769230769231,valid,ok,ok,,zero_length_angle_vector,3c60314b040a032dd526925859d6800fc466b21b8dedb28d643c17c54668bc8b,1809346d224d69cd109fbe2e2ca51bf31997a34687ebd92dcf00b4a4ef504c9f
10-2-4,0,unet_pixel,42,junction_region_count,annotation_mask_same_extractor,93,88,-5.0,5.0,5.376344086021505,valid,ok,ok,,zero_length_angle_vector,3c60314b040a032dd526925859d6800fc466b21b8dedb28d643c17c54668bc8b,1809346d224d69cd109fbe2e2ca51bf31997a34687ebd92dcf00b4a4ef504c9f
10-2-4,0,unet_pixel,42,mean_local_acute_angle_deg,annotation_mask_same_extractor,63.03310962332985,45.00219270968344,-18.030916913646408,18.030916913646408,28.605469445176784,valid,ok,ok,,zero_length_angle_vector,3c60314b040a032dd526925859d6800fc466b21b8dedb28d643c17c54668bc8b,1809346d224d69cd109fbe2e2ca51bf31997a34687ebd92dcf00b4a4ef504c9f
10-9-1,2,unet_pixel,42,dominant_path_length,annotation_mask_same_extractor,2670.711903607907,1310.2783540618059,-1360.4335495461012,1360.4335495461012,50.93898550825605,valid,ok,ok,,,f909c402c7b2db20640a01e33f844ebeccd8ec430131c4fad30fd8305345ea91,ae0235512389f88446449071c64364a4fefb2744c437d3208a02e807282d5d1b
10-9-1,2,unet_pixel,42,retained_segment_count,annotation_mask_same_extractor,60,129,69.0,69.0,114.99999999999999,valid,ok,ok,,,f909c402c7b2db20640a01e33f844ebeccd8ec430131c4fad30fd8305345ea91,ae0235512389f88446449071c64364a4fefb2744c437d3208a02e807282d5d1b
10-9-1,2,unet_pixel,42,junction_region_count,annotation_mask_same_extractor,47,107,60.0,60.0,127.65957446808511,valid,ok,ok,,,f909c402c7b2db20640a01e33f844ebeccd8ec430131c4fad30fd8305345ea91,ae0235512389f88446449071c64364a4fefb2744c437d3208a02e807282d5d1b
10-9-1,2,unet_pixel,42,mean_local_acute_angle_deg,annotation_mask_same_extractor,45.79801641663758,44.10179893272326,-1.6962174839143174,1.6962174839143174,3.703692029985195,valid,ok,ok,,,f909c402c7b2db20640a01e33f844ebeccd8ec430131c4fad30fd8305345ea91,ae0235512389f88446449071c64364a4fefb2744c437d3208a02e807282d5d1b
10-9-2,4,unet_pixel,42,dominant_path_length,annotation_mask_same_extractor,3136.0378054156913,2545.9423509862227,-590.0954544294686,590.0954544294686,18.816592498037494,valid,ok,ok,,zero_length_angle_vector,97a6fbf3a148ba0641a27177bb2768e92fcab2d7f8bf002f6c2735617daf5cf2,35b18c9b63e6a025f376e59b58635ac37868bba25b30c0401378fcb8a6160f8e
10-9-2,4,unet_pixel,42,retained_segment_count,annotation_mask_same_extractor,222,295,73.0,73.0,32.88288288288289,valid,ok,ok,,zero_length_angle_vector,97a6fbf3a148ba0641a27177bb2768e92fcab2d7f8bf002f6c2735617daf5cf2,35b18c9b63e6a025f376e59b58635ac37868bba25b30c0401378fcb8a6160f8e
10-9-2,4,unet_pixel,42,junction_region_count,annotation_mask_same_extractor,205,256,51.0,51.0,24.878048780487806,valid,ok,ok,,zero_length_angle_vector,97a6fbf3a148ba0641a27177bb2768e92fcab2d7f8bf002f6c2735617daf5cf2,35b18c9b63e6a025f376e59b58635ac37868bba25b30c0401378fcb8a6160f8e
10-9-2,4,unet_pixel,42,mean_local_acute_angle_deg,annotation_mask_same_extractor,60.533940641282705,53.655364384886965,-6.878576256395739,6.878576256395739,11.363172764775724,valid,ok,ok,,zero_length_angle_vector,97a6fbf3a148ba0641a27177bb2768e92fcab2d7f8bf002f6c2735617daf5cf2,35b18c9b63e6a025f376e59b58635ac37868bba25b30c0401378fcb8a6160f8e
10-9-3,0,unet_pixel,42,dominant_path_length,annotation_mask_same_extractor,3235.23794899067,2175.701802340158,-1059.536146650512,1059.536146650512,32.74986765598079,valid,ok,ok,zero_length_angle_vector,zero_length_angle_vector,a23e4c9ae8b5cd333c9ee04c6a4a84de25c4388307e8463b068e3f8f45f8c58d,773c98f6590997796e9134c9d1b46daefe1ee0947a61500effdc9e78933c78c8
10-9-3,0,unet_pixel,42,retained_segment_count,annotation_mask_same_extractor,102,127,25.0,25.0,24.509803921568626,valid,ok,ok,zero_length_angle_vector,zero_length_angle_vector,a23e4c9ae8b5cd333c9ee04c6a4a84de25c4388307e8463b068e3f8f45f8c58d,773c98f6590997796e9134c9d1b46daefe1ee0947a61500effdc9e78933c78c8
10-9-3,0,unet_pixel,42,junction_region_count,annotation_mask_same_extractor,94,108,14.0,14.0,14.893617021276595,valid,ok,ok,zero_length_angle_vector,zero_length_angle_vector,a23e4c9ae8b5cd333c9ee04c6a4a84de25c4388307e8463b068e3f8f45f8c58d,773c98f6590997796e9134c9d1b46daefe1ee0947a61500effdc9e78933c78c8
10-9-3,0,unet_pixel,42,mean_local_acute_angle_deg,annotation_mask_same_extractor,62.02962831732245,58.83574349871321,-3.1938848186092414,3.1938848186092414,5.148966558803826,valid,ok,ok,zero_length_angle_vector,zero_length_angle_vector,a23e4c9ae8b5cd333c9ee04c6a4a84de25c4388307e8463b068e3f8f45f8c58d,773c98f6590997796e9134c9d1b46daefe1ee0947a61500effdc9e78933c78c8
10-9-4,2,unet_pixel,42,dominant_path_length,annotation_mask_same_extractor,3795.486865800912,2008.8834764831909,-1786.603389317721,1786.603389317721,47.07178426609355,valid,ok,ok,,zero_length_angle_vector,775edf7906167ea9e9ba868605a76fc739ed5aa32d5a1c9e3ec9a9a84e402ead,3c1d7fbe1fc0d91125a5660aa17b20d1ad7a3b9307bf75af66c261e37cdfa0b0
10-9-4,2,unet_pixel,42,retained_segment_count,annotation_mask_same_extractor,82,156,74.0,74.0,90.2439024390244,valid,ok,ok,,zero_length_angle_vector,775edf7906167ea9e9ba868605a76fc739ed5aa32d5a1c9e3ec9a9a84e402ead,3c1d7fbe1fc0d91125a5660aa17b20d1ad7a3b9307bf75af66c261e37cdfa0b0
10-9-4,2,unet_pixel,42,junction_region_count,annotation_mask_same_extractor,63,108,45.0,45.0,71.42857142857143,valid,ok,ok,,zero_length_angle_vector,775edf7906167ea9e9ba868605a76fc739ed5aa32d5a1c9e3ec9a9a84e402ead,3c1d7fbe1fc0d91125a5660aa17b20d1ad7a3b9307bf75af66c261e37cdfa0b0
10-9-4,2,unet_pixel,42,mean_local_acute_angle_deg,annotation_mask_same_extractor,43.610163723088185,46.42432032879442,2.8141566057062377,2.8141566057062377,6.452983354007362,valid,ok,ok,,zero_length_angle_vector,775edf7906167ea9e9ba868605a76fc739ed5aa32d5a1c9e3ec9a9a84e402ead,3c1d7fbe1fc0d91125a5660aa17b20d1ad7a3b9307bf75af66c261e37cdfa0b0
235-10-11(1),3,unet_pixel,42,dominant_path_length,annotation_mask_same_extractor,2994.397328557098,937.1879502661828,-2057.209378290915,2057.209378290915,68.70195076223291,valid,ok,ok,,zero_length_angle_vector,9d52d033268cd4a5d237049ac4f43033746bfe49685933fe46cc01355c7ffcc7,356a769bccfb8d07b47f2f5bb7d55e28d3225be34d497f97a6de61769261a0a4
235-10-11(1),3,unet_pixel,42,retained_segment_count,annotation_mask_same_extractor,39,154,115.0,115.0,294.8717948717949,valid,ok,ok,,zero_length_angle_vector,9d52d033268cd4a5d237049ac4f43033746bfe49685933fe46cc01355c7ffcc7,356a769bccfb8d07b47f2f5bb7d55e28d3225be34d497f97a6de61769261a0a4
235-10-11(1),3,unet_pixel,42,junction_region_count,annotation_mask_same_extractor,31,105,74.0,74.0,238.70967741935485,valid,ok,ok,,zero_length_angle_vector,9d52d033268cd4a5d237049ac4f43033746bfe49685933fe46cc01355c7ffcc7,356a769bccfb8d07b47f2f5bb7d55e28d3225be34d497f97a6de61769261a0a4
235-10-11(1),3,unet_pixel,42,mean_local_acute_angle_deg,annotation_mask_same_extractor,53.361302278251465,48.872103651994045,-4.489198626257419,4.489198626257419,8.41283558420029,valid,ok,ok,,zero_length_angle_vector,9d52d033268cd4a5d237049ac4f43033746bfe49685933fe46cc01355c7ffcc7,356a769bccfb8d07b47f2f5bb7d55e28d3225be34d497f97a6de61769261a0a4
235-10-11(2),1,unet_pixel,42,dominant_path_length,annotation_mask_same_extractor,2805.9057710597435,2550.8742417671583,-255.03152929258522,255.03152929258522,9.089098141605236,valid,ok,ok,,zero_length_angle_vector,5b712c674961fc82b6cbf219207fe1d3e1b0be3e2a6b4ba1f8eea53b3cdecde8,d1e3e9bfe74ed402b61323a806ede4ed6801467f28df429f72c23e34f5a35b0c
235-10-11(2),1,unet_pixel,42,retained_segment_count,annotation_mask_same_extractor,44,182,138.0,138.0,313.6363636363636,valid,ok,ok,,zero_length_angle_vector,5b712c674961fc82b6cbf219207fe1d3e1b0be3e2a6b4ba1f8eea53b3cdecde8,d1e3e9bfe74ed402b61323a806ede4ed6801467f28df429f72c23e34f5a35b0c
235-10-11(2),1,unet_pixel,42,junction_region_count,annotation_mask_same_extractor,32,142,110.0,110.0,343.75,valid,ok,ok,,zero_length_angle_vector,5b712c674961fc82b6cbf219207fe1d3e1b0be3e2a6b4ba1f8eea53b3cdecde8,d1e3e9bfe74ed402b61323a806ede4ed6801467f28df429f72c23e34f5a35b0c
235-10-11(2),1,unet_pixel,42,mean_local_acute_angle_deg,annotation_mask_same_extractor,43.25362958365755,45.21432093938628,1.9606913557287342,1.9606913557287342,4.533010003094721,valid,ok,ok,,zero_length_angle_vector,5b712c674961fc82b6cbf219207fe1d3e1b0be3e2a6b4ba1f8eea53b3cdecde8,d1e3e9bfe74ed402b61323a806ede4ed6801467f28df429f72c23e34f5a35b0c
235-10-11(3),1,unet_pixel,42,dominant_path_length,annotation_mask_same_extractor,3903.799348810616,2305.4793641885567,-1598.319984622059,1598.319984622059,40.94267767909293,valid,ok,ok,zero_length_angle_vector,zero_length_angle_vector,fa60085f010979fe70bd85f42f583537392b69473bae643033aaace4f1bfd685,b93941d7018f040a5e4d92c6cad4cbe77f03e22e548dc6f105c21ed82f587ca1
235-10-11(3),1,unet_pixel,42,retained_segment_count,annotation_mask_same_extractor,195,435,240.0,240.0,123.07692307692308,valid,ok,ok,zero_length_angle_vector,zero_length_angle_vector,fa60085f010979fe70bd85f42f583537392b69473bae643033aaace4f1bfd685,b93941d7018f040a5e4d92c6cad4cbe77f03e22e548dc6f105c21ed82f587ca1
235-10-11(3),1,unet_pixel,42,junction_region_count,annotation_mask_same_extractor,171,365,194.0,194.0,113.45029239766082,valid,ok,ok,zero_length_angle_vector,zero_length_angle_vector,fa60085f010979fe70bd85f42f583537392b69473bae643033aaace4f1bfd685,b93941d7018f040a5e4d92c6cad4cbe77f03e22e548dc6f105c21ed82f587ca1
235-10-11(3),1,unet_pixel,42,mean_local_acute_angle_deg,annotation_mask_same_extractor,59.57250840324565,45.8904348112645,-13.682073591981151,13.682073591981151,22.96709330983236,valid,ok,ok,zero_length_angle_vector,zero_length_angle_vector,fa60085f010979fe70bd85f42f583537392b69473bae643033aaace4f1bfd685,b93941d7018f040a5e4d92c6cad4cbe77f03e22e548dc6f105c21ed82f587ca1
235-10-12(1),4,unet_pixel,42,dominant_path_length,annotation_mask_same_extractor,2001.4427842621224,1000.4823227814103,-1000.9604614807121,1000.9604614807121,50.01194485056134,valid,ok,ok,,zero_length_angle_vector,18b9363d37a62a519d147178d26a24d6b4b802b892db690b5190ad39f8a39884,8121e9b64b02087e4c7214fca865908dec3a6d7d5fe2d7f84d481ddcaab5e488
235-10-12(1),4,unet_pixel,42,retained_segment_count,annotation_mask_same_extractor,134,110,-24.0,24.0,17.91044776119403,valid,ok,ok,,zero_length_angle_vector,18b9363d37a62a519d147178d26a24d6b4b802b892db690b5190ad39f8a39884,8121e9b64b02087e4c7214fca865908dec3a6d7d5fe2d7f84d481ddcaab5e488
235-10-12(1),4,unet_pixel,42,junction_region_count,annotation_mask_same_extractor,112,83,-29.0,29.0,25.892857142857146,valid,ok,ok,,zero_length_angle_vector,18b9363d37a62a519d147178d26a24d6b4b802b892db690b5190ad39f8a39884,8121e9b64b02087e4c7214fca865908dec3a6d7d5fe2d7f84d481ddcaab5e488
235-10-12(1),4,unet_pixel,42,mean_local_acute_angle_deg,annotation_mask_same_extractor,53.181513697065846,49.89229923332189,-3.289214463743953,3.289214463743953,6.18488312025129,valid,ok,ok,,zero_length_angle_vector,18b9363d37a62a519d147178d26a24d6b4b802b892db690b5190ad39f8a39884,8121e9b64b02087e4c7214fca865908dec3a6d7d5fe2d7f84d481ddcaab5e488
235-10-12(2),0,unet_pixel,42,dominant_path_length,annotation_mask_same_extractor,3327.9141392239435,1656.3271272970865,-1671.587011926857,1671.587011926857,50.229271008676456,valid,ok,ok,,zero_length_angle_vector,3f320f9a413c704ff148c35538663d08b34fdafa0044a66241f691b28db5db7b,e045b458bebfea235288794ffb171f5a6934b6fd59125bbc71a84267140c3104
235-10-12(2),0,unet_pixel,42,retained_segment_count,annotation_mask_same_extractor,98,96,-2.0,2.0,2.0408163265306123,valid,ok,ok,,zero_length_angle_vector,3f320f9a413c704ff148c35538663d08b34fdafa0044a66241f691b28db5db7b,e045b458bebfea235288794ffb171f5a6934b6fd59125bbc71a84267140c3104
235-10-12(2),0,unet_pixel,42,junction_region_count,annotation_mask_same_extractor,79,83,4.0,4.0,5.063291139240507,valid,ok,ok,,zero_length_angle_vector,3f320f9a413c704ff148c35538663d08b34fdafa0044a66241f691b28db5db7b,e045b458bebfea235288794ffb171f5a6934b6fd59125bbc71a84267140c3104
235-10-12(2),0,unet_pixel,42,mean_local_acute_angle_deg,annotation_mask_same_extractor,62.31932305515474,52.20501418133082,-10.114308873823923,10.114308873823923,16.229811843226237,valid,ok,ok,,zero_length_angle_vector,3f320f9a413c704ff148c35538663d08b34fdafa0044a66241f691b28db5db7b,e045b458bebfea235288794ffb171f5a6934b6fd59125bbc71a84267140c3104
235-10-12(3),1,unet_pixel,42,dominant_path_length,annotation_mask_same_extractor,3338.9221484506097,1316.070201260092,-2022.8519471905176,2022.8519471905176,60.583980615696596,valid,ok,ok,zero_length_angle_vector,zero_length_angle_vector,06cb03ea2bad65c89fe30627bf1d69fb7bd50a7bc6f48ee697c5830e39ef08b3,d34ff0a3b8ee4a47cee829c6027df5a90b47c9e144f589172f7949722b8075c5
235-10-12(3),1,unet_pixel,42,retained_segment_count,annotation_mask_same_extractor,248,513,265.0,265.0,106.85483870967742,valid,ok,ok,zero_length_angle_vector,zero_length_angle_vector,06cb03ea2bad65c89fe30627bf1d69fb7bd50a7bc6f48ee697c5830e39ef08b3,d34ff0a3b8ee4a47cee829c6027df5a90b47c9e144f589172f7949722b8075c5
235-10-12(3),1,unet_pixel,42,junction_region_count,annotation_mask_same_extractor,210,449,239.0,239.0,113.80952380952381,valid,ok,ok,zero_length_angle_vector,zero_length_angle_vector,06cb03ea2bad65c89fe30627bf1d69fb7bd50a7bc6f48ee697c5830e39ef08b3,d34ff0a3b8ee4a47cee829c6027df5a90b47c9e144f589172f7949722b8075c5
235-10-12(3),1,unet_pixel,42,mean_local_acute_angle_deg,annotation_mask_same_extractor,56.12825058978015,48.572886711022846,-7.555363878757305,7.555363878757305,13.460893221092105,valid,ok,ok,zero_length_angle_vector,zero_length_angle_vector,06cb03ea2bad65c89fe30627bf1d69fb7bd50a7bc6f48ee697c5830e39ef08b3,d34ff0a3b8ee4a47cee829c6027df5a90b47c9e144f589172f7949722b8075c5
235-25-6(1),2,unet_pixel,42,dominant_path_length,annotation_mask_same_extractor,2364.349421873661,961.6660889654843,-1402.6833329081767,1402.6833329081767,59.326397356131956,valid,ok,ok,,zero_length_angle_vector,81d217e87b63701eb36c3a0b141a738b1f3dd596f793222514893c0a771fc94d,af7b5262542d15482ef4d9a14eb7ba5de1d26f3695d3c37f8b35386e8ba9d599
235-25-6(1),2,unet_pixel,42,retained_segment_count,annotation_mask_same_extractor,27,49,22.0,22.0,81.48148148148148,valid,ok,ok,,zero_length_angle_vector,81d217e87b63701eb36c3a0b141a738b1f3dd596f793222514893c0a771fc94d,af7b5262542d15482ef4d9a14eb7ba5de1d26f3695d3c37f8b35386e8ba9d599
235-25-6(1),2,unet_pixel,42,junction_region_count,annotation_mask_same_extractor,21,41,20.0,20.0,95.23809523809523,valid,ok,ok,,zero_length_angle_vector,81d217e87b63701eb36c3a0b141a738b1f3dd596f793222514893c0a771fc94d,af7b5262542d15482ef4d9a14eb7ba5de1d26f3695d3c37f8b35386e8ba9d599
235-25-6(1),2,unet_pixel,42,mean_local_acute_angle_deg,annotation_mask_same_extractor,63.4461979910307,52.824957209856784,-10.621240781173917,10.621240781173917,16.740547294379134,valid,ok,ok,,zero_length_angle_vector,81d217e87b63701eb36c3a0b141a738b1f3dd596f793222514893c0a771fc94d,af7b5262542d15482ef4d9a14eb7ba5de1d26f3695d3c37f8b35386e8ba9d599
235-25-6(2),4,unet_pixel,42,dominant_path_length,annotation_mask_same_extractor,1377.430590953303,834.0975464705604,-543.3330444827426,543.3330444827426,39.44540277029193,valid,ok,ok,,zero_length_angle_vector,07fd844e7f853a14fb82235228caf5997075e001697d881b5a753f8be11ad9ff,a30b5ceb759472e5aeaf8bff15a1aabfbd2664d01e0c2c24e578e91cba20d8b5
235-25-6(2),4,unet_pixel,42,retained_segment_count,annotation_mask_same_extractor,90,106,16.0,16.0,17.77777777777778,valid,ok,ok,,zero_length_angle_vector,07fd844e7f853a14fb82235228caf5997075e001697d881b5a753f8be11ad9ff,a30b5ceb759472e5aeaf8bff15a1aabfbd2664d01e0c2c24e578e91cba20d8b5
235-25-6(2),4,unet_pixel,42,junction_region_count,annotation_mask_same_extractor,63,92,29.0,29.0,46.03174603174603,valid,ok,ok,,zero_length_angle_vector,07fd844e7f853a14fb82235228caf5997075e001697d881b5a753f8be11ad9ff,a30b5ceb759472e5aeaf8bff15a1aabfbd2664d01e0c2c24e578e91cba20d8b5
235-25-6(2),4,unet_pixel,42,mean_local_acute_angle_deg,annotation_mask_same_extractor,48.93734100767138,50.96517551250943,2.0278345048380544,2.0278345048380544,4.143736588631109,valid,ok,ok,,zero_length_angle_vector,07fd844e7f853a14fb82235228caf5997075e001697d881b5a753f8be11ad9ff,a30b5ceb759472e5aeaf8bff15a1aabfbd2664d01e0c2c24e578e91cba20d8b5
235-25-7(1),2,unet_pixel,42,dominant_path_length,annotation_mask_same_extractor,2998.8439379638457,2020.5108934811606,-978.3330444826852,978.3330444826852,32.62367314609087,valid,ok,ok,,,7497c2c9ff553aa7c2dd4141a59b027c8c75f67dc2bccba4cc857927d6dbf16d,2d5ba997f5cc43539c9ad5517344bddc2115acd890b482a626a5787a4a4e200d
235-25-7(1),2,unet_pixel,42,retained_segment_count,annotation_mask_same_extractor,230,155,-75.0,75.0,32.608695652173914,valid,ok,ok,,,7497c2c9ff553aa7c2dd4141a59b027c8c75f67dc2bccba4cc857927d6dbf16d,2d5ba997f5cc43539c9ad5517344bddc2115acd890b482a626a5787a4a4e200d
235-25-7(1),2,unet_pixel,42,junction_region_count,annotation_mask_same_extractor,208,144,-64.0,64.0,30.76923076923077,valid,ok,ok,,,7497c2c9ff553aa7c2dd4141a59b027c8c75f67dc2bccba4cc857927d6dbf16d,2d5ba997f5cc43539c9ad5517344bddc2115acd890b482a626a5787a4a4e200d
235-25-7(1),2,unet_pixel,42,mean_local_acute_angle_deg,annotation_mask_same_extractor,56.8053052093956,49.81807646159431,-6.987228747801289,6.987228747801289,12.300310194699211,valid,ok,ok,,,7497c2c9ff553aa7c2dd4141a59b027c8c75f67dc2bccba4cc857927d6dbf16d,2d5ba997f5cc43539c9ad5517344bddc2115acd890b482a626a5787a4a4e200d
235-25-7(2),2,unet_pixel,42,dominant_path_length,annotation_mask_same_extractor,1249.092495836678,832.9503602129466,-416.1421356237313,416.1421356237313,33.315558056009884,valid,ok,ok,,zero_length_angle_vector,2131528edadfa652c430e59c756f4b7a69ff50f6d858967b29f0984a2a5a1f3d,237df89eb2897ddd08f5e0b3492d281f76f1c11ee02e544c02c1f9061bb75c8f
235-25-7(2),2,unet_pixel,42,retained_segment_count,annotation_mask_same_extractor,94,73,-21.0,21.0,22.340425531914892,valid,ok,ok,,zero_length_angle_vector,2131528edadfa652c430e59c756f4b7a69ff50f6d858967b29f0984a2a5a1f3d,237df89eb2897ddd08f5e0b3492d281f76f1c11ee02e544c02c1f9061bb75c8f
235-25-7(2),2,unet_pixel,42,junction_region_count,annotation_mask_same_extractor,74,61,-13.0,13.0,17.56756756756757,valid,ok,ok,,zero_length_angle_vector,2131528edadfa652c430e59c756f4b7a69ff50f6d858967b29f0984a2a5a1f3d,237df89eb2897ddd08f5e0b3492d281f76f1c11ee02e544c02c1f9061bb75c8f
235-25-7(2),2,unet_pixel,42,mean_local_acute_angle_deg,annotation_mask_same_extractor,51.18427192297171,48.16808736802864,-3.0161845549430737,3.0161845549430737,5.892795660905743,valid,ok,ok,,zero_length_angle_vector,2131528edadfa652c430e59c756f4b7a69ff50f6d858967b29f0984a2a5a1f3d,237df89eb2897ddd08f5e0b3492d281f76f1c11ee02e544c02c1f9061bb75c8f
235-25-7(3),2,unet_pixel,42,dominant_path_length,annotation_mask_same_extractor,3042.988165628605,708.6761902332496,-2334.3119753953556,2334.3119753953556,76.71117494842919,valid,ok,ok,zero_length_angle_vector,zero_length_angle_vector,2c8b120debe12fd303a7f06497770c03ad10375f80aac91a1feeabe828c5d6e3,841627d112520fc9964ab435f0493861824864b4559d145d08940420830a9d63
235-25-7(3),2,unet_pixel,42,retained_segment_count,annotation_mask_same_extractor,86,125,39.0,39.0,45.348837209302324,valid,ok,ok,zero_length_angle_vector,zero_length_angle_vector,2c8b120debe12fd303a7f06497770c03ad10375f80aac91a1feeabe828c5d6e3,841627d112520fc9964ab435f0493861824864b4559d145d08940420830a9d63
235-25-7(3),2,unet_pixel,42,junction_region_count,annotation_mask_same_extractor,69,93,24.0,24.0,34.78260869565217,valid,ok,ok,zero_length_angle_vector,zero_length_angle_vector,2c8b120debe12fd303a7f06497770c03ad10375f80aac91a1feeabe828c5d6e3,841627d112520fc9964ab435f0493861824864b4559d145d08940420830a9d63
235-25-7(3),2,unet_pixel,42,mean_local_acute_angle_deg,annotation_mask_same_extractor,40.34148473985392,51.00513458654362,10.663649846689701,10.663649846689701,26.433459044592205,valid,ok,ok,zero_length_angle_vector,zero_length_angle_vector,2c8b120debe12fd303a7f06497770c03ad10375f80aac91a1feeabe828c5d6e3,841627d112520fc9964ab435f0493861824864b4559d145d08940420830a9d63
235-25-9(1),4,unet_pixel,42,dominant_path_length,annotation_mask_same_extractor,3126.4490603852128,872.3940110268422,-2254.0550493583705,2254.0550493583705,72.09633055977717,valid,ok,ok,,zero_length_angle_vector,a44aabe48936de7e267908875859f9c440963c013122db96ca7e12819915e47a,f4b2f640d78954cbc5975db5729aff4a5b8f7d2bc920c138eddf380c113fc429
235-25-9(1),4,unet_pixel,42,retained_segment_count,annotation_mask_same_extractor,81,88,7.0,7.0,8.641975308641975,valid,ok,ok,,zero_length_angle_vector,a44aabe48936de7e267908875859f9c440963c013122db96ca7e12819915e47a,f4b2f640d78954cbc5975db5729aff4a5b8f7d2bc920c138eddf380c113fc429
235-25-9(1),4,unet_pixel,42,junction_region_count,annotation_mask_same_extractor,71,80,9.0,9.0,12.676056338028168,valid,ok,ok,,zero_length_angle_vector,a44aabe48936de7e267908875859f9c440963c013122db96ca7e12819915e47a,f4b2f640d78954cbc5975db5729aff4a5b8f7d2bc920c138eddf380c113fc429
235-25-9(1),4,unet_pixel,42,mean_local_acute_angle_deg,annotation_mask_same_extractor,56.36650915301412,60.727907266202706,4.361398113188585,4.361398113188585,7.737570019369144,valid,ok,ok,,zero_length_angle_vector,a44aabe48936de7e267908875859f9c440963c013122db96ca7e12819915e47a,f4b2f640d78954cbc5975db5729aff4a5b8f7d2bc920c138eddf380c113fc429
235-25-9(2),4,unet_pixel,42,dominant_path_length,annotation_mask_same_extractor,1133.901586977666,588.3401871576795,-545.5613998199866,545.5613998199866,48.11364637685548,valid,ok,ok,,zero_length_angle_vector,078e2f40e0375f4163f04a89f798c84e04ad144ea99252428ef60b382a208150,4982b6d66c65dfe52fad56ea9dc7aec986e5d4b315b8dadb8260dd437bdfc41f
235-25-9(2),4,unet_pixel,42,retained_segment_count,annotation_mask_same_extractor,72,78,6.0,6.0,8.333333333333332,valid,ok,ok,,zero_length_angle_vector,078e2f40e0375f4163f04a89f798c84e04ad144ea99252428ef60b382a208150,4982b6d66c65dfe52fad56ea9dc7aec986e5d4b315b8dadb8260dd437bdfc41f
235-25-9(2),4,unet_pixel,42,junction_region_count,annotation_mask_same_extractor,58,58,0.0,0.0,0.0,valid,ok,ok,,zero_length_angle_vector,078e2f40e0375f4163f04a89f798c84e04ad144ea99252428ef60b382a208150,4982b6d66c65dfe52fad56ea9dc7aec986e5d4b315b8dadb8260dd437bdfc41f
235-25-9(2),4,unet_pixel,42,mean_local_acute_angle_deg,annotation_mask_same_extractor,48.80355339734289,50.87539103967339,2.0718376423305003,2.0718376423305003,4.245259818403513,valid,ok,ok,,zero_length_angle_vector,078e2f40e0375f4163f04a89f798c84e04ad144ea99252428ef60b382a208150,4982b6d66c65dfe52fad56ea9dc7aec986e5d4b315b8dadb8260dd437bdfc41f
235-25-9(3),1,unet_pixel,42,dominant_path_length,annotation_mask_same_extractor,3014.9961748553196,909.8549057834412,-2105.1412690718785,2105.1412690718785,69.822352898106,valid,ok,ok,,,04c79fb7e355280d60cd560ee7fce5e6be4db79fc76c2cc62ba5beb9dc7281f5,0bde528b7b749babc11802e562773fbbeae7c9a6b4ee281d50535c2e858022cd
235-25-9(3),1,unet_pixel,42,retained_segment_count,annotation_mask_same_extractor,162,205,43.0,43.0,26.543209876543212,valid,ok,ok,,,04c79fb7e355280d60cd560ee7fce5e6be4db79fc76c2cc62ba5beb9dc7281f5,0bde528b7b749babc11802e562773fbbeae7c9a6b4ee281d50535c2e858022cd
235-25-9(3),1,unet_pixel,42,junction_region_count,annotation_mask_same_extractor,148,179,31.0,31.0,20.945945945945947,valid,ok,ok,,,04c79fb7e355280d60cd560ee7fce5e6be4db79fc76c2cc62ba5beb9dc7281f5,0bde528b7b749babc11802e562773fbbeae7c9a6b4ee281d50535c2e858022cd
235-25-9(3),1,unet_pixel,42,mean_local_acute_angle_deg,annotation_mask_same_extractor,63.95431651066043,48.42275618016333,-15.5315603304971,15.5315603304971,24.28539804331764,valid,ok,ok,,,04c79fb7e355280d60cd560ee7fce5e6be4db79fc76c2cc62ba5beb9dc7281f5,0bde528b7b749babc11802e562773fbbeae7c9a6b4ee281d50535c2e858022cd
447-1-1,1,unet_pixel,42,dominant_path_length,annotation_mask_same_extractor,3911.385135248214,5283.274528917164,1371.8893936689506,1371.8893936689506,35.07426004424623,valid,ok,ok,,zero_length_angle_vector,67a3ba2f50251e390c617a86eba391a70dc650351761a8b7c955b3e97cd90123,d9beeec971786c6609ef3f698ad78babef160a79d555567dcc148ada86b9adea
447-1-1,1,unet_pixel,42,retained_segment_count,annotation_mask_same_extractor,293,351,58.0,58.0,19.795221843003414,valid,ok,ok,,zero_length_angle_vector,67a3ba2f50251e390c617a86eba391a70dc650351761a8b7c955b3e97cd90123,d9beeec971786c6609ef3f698ad78babef160a79d555567dcc148ada86b9adea
447-1-1,1,unet_pixel,42,junction_region_count,annotation_mask_same_extractor,271,336,65.0,65.0,23.985239852398525,valid,ok,ok,,zero_length_angle_vector,67a3ba2f50251e390c617a86eba391a70dc650351761a8b7c955b3e97cd90123,d9beeec971786c6609ef3f698ad78babef160a79d555567dcc148ada86b9adea
447-1-1,1,unet_pixel,42,mean_local_acute_angle_deg,annotation_mask_same_extractor,61.706177398538195,56.190102326458856,-5.516075072079339,5.516075072079339,8.939259089820094,valid,ok,ok,,zero_length_angle_vector,67a3ba2f50251e390c617a86eba391a70dc650351761a8b7c955b3e97cd90123,d9beeec971786c6609ef3f698ad78babef160a79d555567dcc148ada86b9adea
447-1-1(1),1,unet_pixel,42,dominant_path_length,annotation_mask_same_extractor,3219.268252793949,958.7178207935926,-2260.5504320003565,2260.5504320003565,70.21938696902511,valid,ok,ok,,zero_length_angle_vector,0d1ba7e5e04b19e049d833c898b8b5dfd329ae106055ed93825b5e45ffe6aa84,e840bac328197ab700895cb22607e5262f506e8816ef746913ca0ee4676747e2
447-1-1(1),1,unet_pixel,42,retained_segment_count,annotation_mask_same_extractor,138,201,63.0,63.0,45.65217391304348,valid,ok,ok,,zero_length_angle_vector,0d1ba7e5e04b19e049d833c898b8b5dfd329ae106055ed93825b5e45ffe6aa84,e840bac328197ab700895cb22607e5262f506e8816ef746913ca0ee4676747e2
447-1-1(1),1,unet_pixel,42,junction_region_count,annotation_mask_same_extractor,130,163,33.0,33.0,25.384615384615383,valid,ok,ok,,zero_length_angle_vector,0d1ba7e5e04b19e049d833c898b8b5dfd329ae106055ed93825b5e45ffe6aa84,e840bac328197ab700895cb22607e5262f506e8816ef746913ca0ee4676747e2
447-1-1(1),1,unet_pixel,42,mean_local_acute_angle_deg,annotation_mask_same_extractor,67.79905715669001,50.76588300248265,-17.03317415420736,17.03317415420736,25.123025110573572,valid,ok,ok,,zero_length_angle_vector,0d1ba7e5e04b19e049d833c898b8b5dfd329ae106055ed93825b5e45ffe6aa84,e840bac328197ab700895cb22607e5262f506e8816ef746913ca0ee4676747e2
7-1-3(1),4,unet_pixel,42,dominant_path_length,annotation_mask_same_extractor,3591.411613906912,1335.945309579064,-2255.466304327848,2255.466304327848,62.80166538399763,valid,ok,ok,,zero_length_angle_vector,bba8ccc94987683932ee1142fbfdf5f18f0e90a532fe1e011e5e0387316a0102,356693477c44de19793feb711ba9be9d210b4f66e093936f90de577a2709889a
7-1-3(1),4,unet_pixel,42,retained_segment_count,annotation_mask_same_extractor,415,324,-91.0,91.0,21.927710843373493,valid,ok,ok,,zero_length_angle_vector,bba8ccc94987683932ee1142fbfdf5f18f0e90a532fe1e011e5e0387316a0102,356693477c44de19793feb711ba9be9d210b4f66e093936f90de577a2709889a
7-1-3(1),4,unet_pixel,42,junction_region_count,annotation_mask_same_extractor,370,233,-137.0,137.0,37.027027027027025,valid,ok,ok,,zero_length_angle_vector,bba8ccc94987683932ee1142fbfdf5f18f0e90a532fe1e011e5e0387316a0102,356693477c44de19793feb711ba9be9d210b4f66e093936f90de577a2709889a
7-1-3(1),4,unet_pixel,42,mean_local_acute_angle_deg,annotation_mask_same_extractor,52.19068191429416,45.270640385860105,-6.920041528434055,6.920041528434055,13.259151393725652,valid,ok,ok,,zero_length_angle_vector,bba8ccc94987683932ee1142fbfdf5f18f0e90a532fe1e011e5e0387316a0102,356693477c44de19793feb711ba9be9d210b4f66e093936f90de577a2709889a
7-1-3(2),4,unet_pixel,42,dominant_path_length,annotation_mask_same_extractor,2479.356564548581,2028.6803743153594,-450.67619023322163,450.67619023322163,18.17714308128475,valid,ok,ok,,zero_length_angle_vector,28862657685f711ee260dae48d326375279a0325e0e0c82a6692a9516004f3bb,c36b1b52622cb312f8a8ce62f63d12e3c15dbbee90b966a5a42c958b5a5bee07
7-1-3(2),4,unet_pixel,42,retained_segment_count,annotation_mask_same_extractor,239,179,-60.0,60.0,25.10460251046025,valid,ok,ok,,zero_length_angle_vector,28862657685f711ee260dae48d326375279a0325e0e0c82a6692a9516004f3bb,c36b1b52622cb312f8a8ce62f63d12e3c15dbbee90b966a5a42c958b5a5bee07
7-1-3(2),4,unet_pixel,42,junction_region_count,annotation_mask_same_extractor,201,130,-71.0,71.0,35.32338308457712,valid,ok,ok,,zero_length_angle_vector,28862657685f711ee260dae48d326375279a0325e0e0c82a6692a9516004f3bb,c36b1b52622cb312f8a8ce62f63d12e3c15dbbee90b966a5a42c958b5a5bee07
7-1-3(2),4,unet_pixel,42,mean_local_acute_angle_deg,annotation_mask_same_extractor,52.02063707468777,44.54590862242678,-7.47472845226099,7.47472845226099,14.368775302634745,valid,ok,ok,,zero_length_angle_vector,28862657685f711ee260dae48d326375279a0325e0e0c82a6692a9516004f3bb,c36b1b52622cb312f8a8ce62f63d12e3c15dbbee90b966a5a42c958b5a5bee07
7-1-3(3),0,unet_pixel,42,dominant_path_length,annotation_mask_same_extractor,3139.476405595674,1011.1097397793803,-2128.366665816294,2128.366665816294,67.79368247593072,valid,ok,ok,zero_length_angle_vector,zero_length_angle_vector,eb3582ff4719e2750a945bfec7af39008d621c1fbaba7f242e61cf5fb5af1392,4906c7880ade6909a3564dec4045f15f4fa1ce479665d0246cf38001cc0f3b16
7-1-3(3),0,unet_pixel,42,retained_segment_count,annotation_mask_same_extractor,234,247,13.0,13.0,5.555555555555555,valid,ok,ok,zero_length_angle_vector,zero_length_angle_vector,eb3582ff4719e2750a945bfec7af39008d621c1fbaba7f242e61cf5fb5af1392,4906c7880ade6909a3564dec4045f15f4fa1ce479665d0246cf38001cc0f3b16
7-1-3(3),0,unet_pixel,42,junction_region_count,annotation_mask_same_extractor,206,187,-19.0,19.0,9.223300970873787,valid,ok,ok,zero_length_angle_vector,zero_length_angle_vector,eb3582ff4719e2750a945bfec7af39008d621c1fbaba7f242e61cf5fb5af1392,4906c7880ade6909a3564dec4045f15f4fa1ce479665d0246cf38001cc0f3b16
7-1-3(3),0,unet_pixel,42,mean_local_acute_angle_deg,annotation_mask_same_extractor,55.62685066639042,49.225995198233505,-6.400855468156912,6.400855468156912,11.506773062786909,valid,ok,ok,zero_length_angle_vector,zero_length_angle_vector,eb3582ff4719e2750a945bfec7af39008d621c1fbaba7f242e61cf5fb5af1392,4906c7880ade6909a3564dec4045f15f4fa1ce479665d0246cf38001cc0f3b16
7-1-6(1),0,unet_pixel,42,dominant_path_length,annotation_mask_same_extractor,3188.726188957766,2183.446968344223,-1005.2792206135432,1005.2792206135432,31.526043976266216,valid,ok,ok,,zero_length_angle_vector,cba0254b9e9151f7e11554a8e70e85d3aae5e2a96042767c54979c286faeb9a4,78994473417dbbf1917f50d88643eaf278870bd723b5476efbcba81c11f8bc1e
7-1-6(1),0,unet_pixel,42,retained_segment_count,annotation_mask_same_extractor,300,235,-65.0,65.0,21.666666666666668,valid,ok,ok,,zero_length_angle_vector,cba0254b9e9151f7e11554a8e70e85d3aae5e2a96042767c54979c286faeb9a4,78994473417dbbf1917f50d88643eaf278870bd723b5476efbcba81c11f8bc1e
7-1-6(1),0,unet_pixel,42,junction_region_count,annotation_mask_same_extractor,268,196,-72.0,72.0,26.865671641791046,valid,ok,ok,,zero_length_angle_vector,cba0254b9e9151f7e11554a8e70e85d3aae5e2a96042767c54979c286faeb9a4,78994473417dbbf1917f50d88643eaf278870bd723b5476efbcba81c11f8bc1e
7-1-6(1),0,unet_pixel,42,mean_local_acute_angle_deg,annotation_mask_same_extractor,57.71657823171459,50.15122624903388,-7.56535198268071,7.56535198268071,13.107762473908469,valid,ok,ok,,zero_length_angle_vector,cba0254b9e9151f7e11554a8e70e85d3aae5e2a96042767c54979c286faeb9a4,78994473417dbbf1917f50d88643eaf278870bd723b5476efbcba81c11f8bc1e
7-1-6(2),3,unet_pixel,42,dominant_path_length,annotation_mask_same_extractor,4815.678641211786,3069.1353518862547,-1746.5432893255315,1746.5432893255315,36.26785380525397,valid,ok,ok,zero_length_angle_vector,zero_length_angle_vector,e3aea5a1ab8ea31c284842492594be58ed37bba1e364b53dc239f9c47cd34693,b1bc334d9cad9a56b48a5be510943ce364bf61a889edd8a235a238a03cf0d2d9
7-1-6(2),3,unet_pixel,42,retained_segment_count,annotation_mask_same_extractor,436,429,-7.0,7.0,1.6055045871559634,valid,ok,ok,zero_length_angle_vector,zero_length_angle_vector,e3aea5a1ab8ea31c284842492594be58ed37bba1e364b53dc239f9c47cd34693,b1bc334d9cad9a56b48a5be510943ce364bf61a889edd8a235a238a03cf0d2d9
7-1-6(2),3,unet_pixel,42,junction_region_count,annotation_mask_same_extractor,321,357,36.0,36.0,11.214953271028037,valid,ok,ok,zero_length_angle_vector,zero_length_angle_vector,e3aea5a1ab8ea31c284842492594be58ed37bba1e364b53dc239f9c47cd34693,b1bc334d9cad9a56b48a5be510943ce364bf61a889edd8a235a238a03cf0d2d9
7-1-6(2),3,unet_pixel,42,mean_local_acute_angle_deg,annotation_mask_same_extractor,45.76167325566849,48.6671543434996,2.905481087831106,2.905481087831106,6.3491583264412315,valid,ok,ok,zero_length_angle_vector,zero_length_angle_vector,e3aea5a1ab8ea31c284842492594be58ed37bba1e364b53dc239f9c47cd34693,b1bc334d9cad9a56b48a5be510943ce364bf61a889edd8a235a238a03cf0d2d9
7-1-6(3),2,unet_pixel,42,dominant_path_length,annotation_mask_same_extractor,3149.346463280794,1112.3523804664994,-2036.9940828142946,2036.9940828142946,64.67989808565807,valid,ok,ok,zero_length_angle_vector,zero_length_angle_vector,175aad97304bc1efcc5da1ef9c37712fdcee8d0161a6f80fd823a18cef9139a0,19e835ca3dd6e0ec94d0fd54a8bbedb0dc2d3cf9ac9fe0efeca0ceeffd2b9b28
7-1-6(3),2,unet_pixel,42,retained_segment_count,annotation_mask_same_extractor,113,191,78.0,78.0,69.02654867256636,valid,ok,ok,zero_length_angle_vector,zero_length_angle_vector,175aad97304bc1efcc5da1ef9c37712fdcee8d0161a6f80fd823a18cef9139a0,19e835ca3dd6e0ec94d0fd54a8bbedb0dc2d3cf9ac9fe0efeca0ceeffd2b9b28
7-1-6(3),2,unet_pixel,42,junction_region_count,annotation_mask_same_extractor,82,182,100.0,100.0,121.95121951219512,valid,ok,ok,zero_length_angle_vector,zero_length_angle_vector,175aad97304bc1efcc5da1ef9c37712fdcee8d0161a6f80fd823a18cef9139a0,19e835ca3dd6e0ec94d0fd54a8bbedb0dc2d3cf9ac9fe0efeca0ceeffd2b9b28
7-1-6(3),2,unet_pixel,42,mean_local_acute_angle_deg,annotation_mask_same_extractor,52.34419986077857,44.44981313898687,-7.8943867217917045,7.8943867217917045,15.081683821299475,valid,ok,ok,zero_length_angle_vector,zero_length_angle_vector,175aad97304bc1efcc5da1ef9c37712fdcee8d0161a6f80fd823a18cef9139a0,19e835ca3dd6e0ec94d0fd54a8bbedb0dc2d3cf9ac9fe0efeca0ceeffd2b9b28
7-1-6(4),0,unet_pixel,42,dominant_path_length,annotation_mask_same_extractor,2934.7922061357463,3758.245091665569,823.4528855298227,823.4528855298227,28.05830286070122,valid,ok,ok,,,c0fc24472241d6b39ede8026e685b39939da6b7eb296c7092ba9ef7c6acbe239,3642ab5983a48737dd1e9086c5d1b6c69c352dde7080caa401280e8bbbacfb08
7-1-6(4),0,unet_pixel,42,retained_segment_count,annotation_mask_same_extractor,402,345,-57.0,57.0,14.17910447761194,valid,ok,ok,,,c0fc24472241d6b39ede8026e685b39939da6b7eb296c7092ba9ef7c6acbe239,3642ab5983a48737dd1e9086c5d1b6c69c352dde7080caa401280e8bbbacfb08
7-1-6(4),0,unet_pixel,42,junction_region_count,annotation_mask_same_extractor,320,327,7.0,7.0,2.1875,valid,ok,ok,,,c0fc24472241d6b39ede8026e685b39939da6b7eb296c7092ba9ef7c6acbe239,3642ab5983a48737dd1e9086c5d1b6c69c352dde7080caa401280e8bbbacfb08
7-1-6(4),0,unet_pixel,42,mean_local_acute_angle_deg,annotation_mask_same_extractor,45.58572184508618,46.864716698219524,1.278994853133348,1.278994853133348,2.8056917854229715,valid,ok,ok,,,c0fc24472241d6b39ede8026e685b39939da6b7eb296c7092ba9ef7c6acbe239,3642ab5983a48737dd1e9086c5d1b6c69c352dde7080caa401280e8bbbacfb08
DN50-235-25-6(2),1,unet_pixel,42,dominant_path_length,annotation_mask_same_extractor,1654.4398256692953,1876.66818100654,222.2283553372447,222.2283553372447,13.432241649970155,valid,ok,ok,,zero_length_angle_vector,26158010911e4857cbb5605c765e186f4f05e7d62b2dcff5cd35f9038e6d54e6,fcb4c99d62d8f129a60385f9eae9eb86c2c31a402c43159df188886fadc3868a
DN50-235-25-6(2),1,unet_pixel,42,retained_segment_count,annotation_mask_same_extractor,104,168,64.0,64.0,61.53846153846154,valid,ok,ok,,zero_length_angle_vector,26158010911e4857cbb5605c765e186f4f05e7d62b2dcff5cd35f9038e6d54e6,fcb4c99d62d8f129a60385f9eae9eb86c2c31a402c43159df188886fadc3868a
DN50-235-25-6(2),1,unet_pixel,42,junction_region_count,annotation_mask_same_extractor,97,131,34.0,34.0,35.051546391752574,valid,ok,ok,,zero_length_angle_vector,26158010911e4857cbb5605c765e186f4f05e7d62b2dcff5cd35f9038e6d54e6,fcb4c99d62d8f129a60385f9eae9eb86c2c31a402c43159df188886fadc3868a
DN50-235-25-6(2),1,unet_pixel,42,mean_local_acute_angle_deg,annotation_mask_same_extractor,48.376302759478975,43.64822160909813,-4.728081150380845,4.728081150380845,9.77354795774345,valid,ok,ok,,zero_length_angle_vector,26158010911e4857cbb5605c765e186f4f05e7d62b2dcff5cd35f9038e6d54e6,fcb4c99d62d8f129a60385f9eae9eb86c2c31a402c43159df188886fadc3868a
DN50-235-25-6(3),1,unet_pixel,42,dominant_path_length,annotation_mask_same_extractor,956.9015869776664,2127.7321061434563,1170.83051916579,1170.83051916579,122.35641941652634,valid,ok,ok,,zero_length_angle_vector,1c99a68f93f5396eb9701167417e60c3f506eddaae41784653661a85b4318891,bd7d02a206b18a29f9f752ca65fc59b365e35687e5778bad9a0def98ab49481d
DN50-235-25-6(3),1,unet_pixel,42,retained_segment_count,annotation_mask_same_extractor,110,121,11.0,11.0,10.0,valid,ok,ok,,zero_length_angle_vector,1c99a68f93f5396eb9701167417e60c3f506eddaae41784653661a85b4318891,bd7d02a206b18a29f9f752ca65fc59b365e35687e5778bad9a0def98ab49481d
DN50-235-25-6(3),1,unet_pixel,42,junction_region_count,annotation_mask_same_extractor,90,102,12.0,12.0,13.333333333333334,valid,ok,ok,,zero_length_angle_vector,1c99a68f93f5396eb9701167417e60c3f506eddaae41784653661a85b4318891,bd7d02a206b18a29f9f752ca65fc59b365e35687e5778bad9a0def98ab49481d
DN50-235-25-6(3),1,unet_pixel,42,mean_local_acute_angle_deg,annotation_mask_same_extractor,55.84661373210531,48.48890578359592,-7.357707948509393,7.357707948509393,13.17485064323527,valid,ok,ok,,zero_length_angle_vector,1c99a68f93f5396eb9701167417e60c3f506eddaae41784653661a85b4318891,bd7d02a206b18a29f9f752ca65fc59b365e35687e5778bad9a0def98ab49481d
DN50-235-25-7(1),0,unet_pixel,42,dominant_path_length,annotation_mask_same_extractor,835.1076477383253,772.3940110268422,-62.713636711483105,62.713636711483105,7.509647035484214,valid,ok,ok,,zero_length_angle_vector,1d15d42a8683193e72d4801bf8661ed463c57674766c0904ac6147226c6fad64,0c207a6201f739b707296892cf50f5c890dd40b6e4d896bbd0cd74c92ec3a40c
DN50-235-25-7(1),0,unet_pixel,42,retained_segment_count,annotation_mask_same_extractor,86,57,-29.0,29.0,33.72093023255814,valid,ok,ok,,zero_length_angle_vector,1d15d42a8683193e72d4801bf8661ed463c57674766c0904ac6147226c6fad64,0c207a6201f739b707296892cf50f5c890dd40b6e4d896bbd0cd74c92ec3a40c
DN50-235-25-7(1),0,unet_pixel,42,junction_region_count,annotation_mask_same_extractor,71,41,-30.0,30.0,42.25352112676056,valid,ok,ok,,zero_length_angle_vector,1d15d42a8683193e72d4801bf8661ed463c57674766c0904ac6147226c6fad64,0c207a6201f739b707296892cf50f5c890dd40b6e4d896bbd0cd74c92ec3a40c
DN50-235-25-7(1),0,unet_pixel,42,mean_local_acute_angle_deg,annotation_mask_same_extractor,53.845303485648856,43.339790308162875,-10.50551317748598,10.50551317748598,19.51054687673172,valid,ok,ok,,zero_length_angle_vector,1d15d42a8683193e72d4801bf8661ed463c57674766c0904ac6147226c6fad64,0c207a6201f739b707296892cf50f5c890dd40b6e4d896bbd0cd74c92ec3a40c
W82-447-1-13-3(1),3,unet_pixel,42,dominant_path_length,annotation_mask_same_extractor,2963.730373039836,2151.6164491784307,-812.1139238614055,812.1139238614055,27.401747852941067,valid,ok,ok,,zero_length_angle_vector,e400970fc4f5749000b5101345fe28f7835a0cd40cd105ff701d3d5565a3fd20,a87f7fecd79d4089aafe625c47c996db5d184b3c37857733ce2e8785381b7583
W82-447-1-13-3(1),3,unet_pixel,42,retained_segment_count,annotation_mask_same_extractor,76,202,126.0,126.0,165.78947368421052,valid,ok,ok,,zero_length_angle_vector,e400970fc4f5749000b5101345fe28f7835a0cd40cd105ff701d3d5565a3fd20,a87f7fecd79d4089aafe625c47c996db5d184b3c37857733ce2e8785381b7583
W82-447-1-13-3(1),3,unet_pixel,42,junction_region_count,annotation_mask_same_extractor,50,149,99.0,99.0,198.0,valid,ok,ok,,zero_length_angle_vector,e400970fc4f5749000b5101345fe28f7835a0cd40cd105ff701d3d5565a3fd20,a87f7fecd79d4089aafe625c47c996db5d184b3c37857733ce2e8785381b7583
W82-447-1-13-3(1),3,unet_pixel,42,mean_local_acute_angle_deg,annotation_mask_same_extractor,45.41755671898957,43.64121914205775,-1.776337576931823,1.776337576931823,3.9111253560434633,valid,ok,ok,,zero_length_angle_vector,e400970fc4f5749000b5101345fe28f7835a0cd40cd105ff701d3d5565a3fd20,a87f7fecd79d4089aafe625c47c996db5d184b3c37857733ce2e8785381b7583
W82-447-1-13-7(1),4,unet_pixel,42,dominant_path_length,annotation_mask_same_extractor,2599.841845922817,1433.0529573173897,-1166.7888886054272,1166.7888886054272,44.87922565117703,valid,ok,ok,,zero_length_angle_vector,d7caafd48ba702bb9ca2578cb356a3cab186bfab19d8fbb7f0fc5a6ba0ddb53b,5fd206a137a602f71f1c7fa9bf0c9a4d8ba05c84ac2ea2125cbb07d0ec2a4697
W82-447-1-13-7(1),4,unet_pixel,42,retained_segment_count,annotation_mask_same_extractor,161,130,-31.0,31.0,19.25465838509317,valid,ok,ok,,zero_length_angle_vector,d7caafd48ba702bb9ca2578cb356a3cab186bfab19d8fbb7f0fc5a6ba0ddb53b,5fd206a137a602f71f1c7fa9bf0c9a4d8ba05c84ac2ea2125cbb07d0ec2a4697
W82-447-1-13-7(1),4,unet_pixel,42,junction_region_count,annotation_mask_same_extractor,124,99,-25.0,25.0,20.161290322580644,valid,ok,ok,,zero_length_angle_vector,d7caafd48ba702bb9ca2578cb356a3cab186bfab19d8fbb7f0fc5a6ba0ddb53b,5fd206a137a602f71f1c7fa9bf0c9a4d8ba05c84ac2ea2125cbb07d0ec2a4697
W82-447-1-13-7(1),4,unet_pixel,42,mean_local_acute_angle_deg,annotation_mask_same_extractor,45.765543776284055,52.09920057047163,6.333656794187576,6.333656794187576,13.839356580462416,valid,ok,ok,,zero_length_angle_vector,d7caafd48ba702bb9ca2578cb356a3cab186bfab19d8fbb7f0fc5a6ba0ddb53b,5fd206a137a602f71f1c7fa9bf0c9a4d8ba05c84ac2ea2125cbb07d0ec2a4697
W82-447-1-13-7(2),3,unet_pixel,42,dominant_path_length,annotation_mask_same_extractor,2569.818684794427,1038.472221513645,-1531.346463280782,1531.346463280782,59.58966958804264,valid,ok,ok,zero_length_angle_vector,zero_length_angle_vector,8401bb2188e5c3832e902ef0e29c7a72c6580cd0868364d9f97716efdec87255,6e85cc4fe7d1750082a87dafd9032a51a95c37c1c11d0e92f503a00fbbcf513f
W82-447-1-13-7(2),3,unet_pixel,42,retained_segment_count,annotation_mask_same_extractor,37,45,8.0,8.0,21.62162162162162,valid,ok,ok,zero_length_angle_vector,zero_length_angle_vector,8401bb2188e5c3832e902ef0e29c7a72c6580cd0868364d9f97716efdec87255,6e85cc4fe7d1750082a87dafd9032a51a95c37c1c11d0e92f503a00fbbcf513f
W82-447-1-13-7(2),3,unet_pixel,42,junction_region_count,annotation_mask_same_extractor,28,30,2.0,2.0,7.142857142857142,valid,ok,ok,zero_length_angle_vector,zero_length_angle_vector,8401bb2188e5c3832e902ef0e29c7a72c6580cd0868364d9f97716efdec87255,6e85cc4fe7d1750082a87dafd9032a51a95c37c1c11d0e92f503a00fbbcf513f
W82-447-1-13-7(2),3,unet_pixel,42,mean_local_acute_angle_deg,annotation_mask_same_extractor,56.21991760625045,50.88162994847387,-5.338287657776576,5.338287657776576,9.495367273862872,valid,ok,ok,zero_length_angle_vector,zero_length_angle_vector,8401bb2188e5c3832e902ef0e29c7a72c6580cd0868364d9f97716efdec87255,6e85cc4fe7d1750082a87dafd9032a51a95c37c1c11d0e92f503a00fbbcf513f
W82-447-1-13-7(3),2,unet_pixel,42,dominant_path_length,annotation_mask_same_extractor,3607.1963184303277,1951.0895372438501,-1656.1067811864775,1656.1067811864775,45.91119071409822,valid,ok,ok,zero_length_angle_vector,zero_length_angle_vector,4b63fae36f1e264804fc841b3fbba41c7e9f5be06b268aa37989d57f23a39479,aa9d4eb4a09eaa0996bfee84c610714b91cb04ca34742c4d92b9be15872b5867
W82-447-1-13-7(3),2,unet_pixel,42,retained_segment_count,annotation_mask_same_extractor,125,380,255.0,255.0,204.0,valid,ok,ok,zero_length_angle_vector,zero_length_angle_vector,4b63fae36f1e264804fc841b3fbba41c7e9f5be06b268aa37989d57f23a39479,aa9d4eb4a09eaa0996bfee84c610714b91cb04ca34742c4d92b9be15872b5867
W82-447-1-13-7(3),2,unet_pixel,42,junction_region_count,annotation_mask_same_extractor,86,292,206.0,206.0,239.53488372093022,valid,ok,ok,zero_length_angle_vector,zero_length_angle_vector,4b63fae36f1e264804fc841b3fbba41c7e9f5be06b268aa37989d57f23a39479,aa9d4eb4a09eaa0996bfee84c610714b91cb04ca34742c4d92b9be15872b5867
W82-447-1-13-7(3),2,unet_pixel,42,mean_local_acute_angle_deg,annotation_mask_same_extractor,42.04523834094305,42.26105237274252,0.2158140317994679,0.2158140317994679,0.5132900664028613,valid,ok,ok,zero_length_angle_vector,zero_length_angle_vector,4b63fae36f1e264804fc841b3fbba41c7e9f5be06b268aa37989d57f23a39479,aa9d4eb4a09eaa0996bfee84c610714b91cb04ca34742c4d92b9be15872b5867
10-1-1,3,unet_pixel,3407,dominant_path_length,annotation_mask_same_extractor,3519.0348468227903,2591.488598904514,-927.5462479182761,927.5462479182761,26.35797280483665,valid,ok,ok,zero_length_angle_vector,zero_length_angle_vector,8664187dcbcab44c4dae8da26d028efb21268d9709753c186a39d03660a06fc7,2164f6106fae30eee260a2a853f7deb50822833727610a09d1c4cd35865e54b8
10-1-1,3,unet_pixel,3407,retained_segment_count,annotation_mask_same_extractor,134,103,-31.0,31.0,23.134328358208954,valid,ok,ok,zero_length_angle_vector,zero_length_angle_vector,8664187dcbcab44c4dae8da26d028efb21268d9709753c186a39d03660a06fc7,2164f6106fae30eee260a2a853f7deb50822833727610a09d1c4cd35865e54b8
10-1-1,3,unet_pixel,3407,junction_region_count,annotation_mask_same_extractor,121,91,-30.0,30.0,24.793388429752067,valid,ok,ok,zero_length_angle_vector,zero_length_angle_vector,8664187dcbcab44c4dae8da26d028efb21268d9709753c186a39d03660a06fc7,2164f6106fae30eee260a2a853f7deb50822833727610a09d1c4cd35865e54b8
10-1-1,3,unet_pixel,3407,mean_local_acute_angle_deg,annotation_mask_same_extractor,64.6739875375559,57.923670450787945,-6.750317086767957,6.750317086767957,10.437453053050236,valid,ok,ok,zero_length_angle_vector,zero_length_angle_vector,8664187dcbcab44c4dae8da26d028efb21268d9709753c186a39d03660a06fc7,2164f6106fae30eee260a2a853f7deb50822833727610a09d1c4cd35865e54b8
10-1-1(1),3,unet_pixel,3407,dominant_path_length,annotation_mask_same_extractor,2848.0794359760534,1102.3523804664994,-1745.727055509554,1745.727055509554,61.29488642269148,valid,ok,ok,,zero_length_angle_vector,c95c0337715266ccd3aad838a4ef3ab80e74ba76f5d714ecb44e5a5615b3ce7c,a4488989837acd7d097543ae7dbe57f26d3c7dd19a0481b58eb173cf0981e2d4
10-1-1(1),3,unet_pixel,3407,retained_segment_count,annotation_mask_same_extractor,35,53,18.0,18.0,51.42857142857142,valid,ok,ok,,zero_length_angle_vector,c95c0337715266ccd3aad838a4ef3ab80e74ba76f5d714ecb44e5a5615b3ce7c,a4488989837acd7d097543ae7dbe57f26d3c7dd19a0481b58eb173cf0981e2d4
10-1-1(1),3,unet_pixel,3407,junction_region_count,annotation_mask_same_extractor,28,34,6.0,6.0,21.428571428571427,valid,ok,ok,,zero_length_angle_vector,c95c0337715266ccd3aad838a4ef3ab80e74ba76f5d714ecb44e5a5615b3ce7c,a4488989837acd7d097543ae7dbe57f26d3c7dd19a0481b58eb173cf0981e2d4
10-1-1(1),3,unet_pixel,3407,mean_local_acute_angle_deg,annotation_mask_same_extractor,45.23478785039287,48.54189740488772,3.3071095544948506,3.3071095544948506,7.3109872106234,valid,ok,ok,,zero_length_angle_vector,c95c0337715266ccd3aad838a4ef3ab80e74ba76f5d714ecb44e5a5615b3ce7c,a4488989837acd7d097543ae7dbe57f26d3c7dd19a0481b58eb173cf0981e2d4
10-1-1(2),1,unet_pixel,3407,dominant_path_length,annotation_mask_same_extractor,1262.4823227814104,593.3818177180221,-669.1005050633883,669.1005050633883,52.99880188336215,valid,ok,ok,,,6c74e98b918771eb646a7e1d44c8ef0b3c96078814c8b8db61045d1816697d12,c7091f48d5b3314855ae60af35b2b124e5248a8444b5d952f68016dd9a0ae9f5
10-1-1(2),1,unet_pixel,3407,retained_segment_count,annotation_mask_same_extractor,25,27,2.0,2.0,8.0,valid,ok,ok,,,6c74e98b918771eb646a7e1d44c8ef0b3c96078814c8b8db61045d1816697d12,c7091f48d5b3314855ae60af35b2b124e5248a8444b5d952f68016dd9a0ae9f5
10-1-1(2),1,unet_pixel,3407,junction_region_count,annotation_mask_same_extractor,23,16,-7.0,7.0,30.434782608695656,valid,ok,ok,,,6c74e98b918771eb646a7e1d44c8ef0b3c96078814c8b8db61045d1816697d12,c7091f48d5b3314855ae60af35b2b124e5248a8444b5d952f68016dd9a0ae9f5
10-1-1(2),1,unet_pixel,3407,mean_local_acute_angle_deg,annotation_mask_same_extractor,46.29442229680335,43.10021693920599,-3.1942053575973546,3.1942053575973546,6.89976286369582,valid,ok,ok,,,6c74e98b918771eb646a7e1d44c8ef0b3c96078814c8b8db61045d1816697d12,c7091f48d5b3314855ae60af35b2b124e5248a8444b5d952f68016dd9a0ae9f5
10-1-1(3),2,unet_pixel,3407,dominant_path_length,annotation_mask_same_extractor,2611.2834046956673,783.9705627484773,-1827.31284194719,1827.31284194719,69.97757649212934,valid,ok,ok,,,49a1138291b2427ae244c26c8d481f7bf7c311eb24e2003613787dba24d6ff37,850d42a9ca81552c195dafbe0a19943c7973ecec4062e8d7f97cd19b72535ab2
10-1-1(3),2,unet_pixel,3407,retained_segment_count,annotation_mask_same_extractor,36,101,65.0,65.0,180.55555555555557,valid,ok,ok,,,49a1138291b2427ae244c26c8d481f7bf7c311eb24e2003613787dba24d6ff37,850d42a9ca81552c195dafbe0a19943c7973ecec4062e8d7f97cd19b72535ab2
10-1-1(3),2,unet_pixel,3407,junction_region_count,annotation_mask_same_extractor,23,60,37.0,37.0,160.8695652173913,valid,ok,ok,,,49a1138291b2427ae244c26c8d481f7bf7c311eb24e2003613787dba24d6ff37,850d42a9ca81552c195dafbe0a19943c7973ecec4062e8d7f97cd19b72535ab2
10-1-1(3),2,unet_pixel,3407,mean_local_acute_angle_deg,annotation_mask_same_extractor,44.403113779145116,37.53241819864374,-6.870695580501376,6.870695580501376,15.473454439873871,valid,ok,ok,,,49a1138291b2427ae244c26c8d481f7bf7c311eb24e2003613787dba24d6ff37,850d42a9ca81552c195dafbe0a19943c7973ecec4062e8d7f97cd19b72535ab2
10-1-2,2,unet_pixel,3407,dominant_path_length,annotation_mask_same_extractor,3713.5222202381024,2451.9860735875973,-1261.536146650505,1261.536146650505,33.97141774930913,valid,ok,ok,zero_length_angle_vector,zero_length_angle_vector,353a8fded79e4327f12b6866ba2014151a10168db01aad99108b5fae01f5e4ac,28a2ce30cc56089608cf118051722f9a5b6855a6153dbd6a6720ce88f0a67b81
10-1-2,2,unet_pixel,3407,retained_segment_count,annotation_mask_same_extractor,171,309,138.0,138.0,80.7017543859649,valid,ok,ok,zero_length_angle_vector,zero_length_angle_vector,353a8fded79e4327f12b6866ba2014151a10168db01aad99108b5fae01f5e4ac,28a2ce30cc56089608cf118051722f9a5b6855a6153dbd6a6720ce88f0a67b81
10-1-2,2,unet_pixel,3407,junction_region_count,annotation_mask_same_extractor,124,275,151.0,151.0,121.7741935483871,valid,ok,ok,zero_length_angle_vector,zero_length_angle_vector,353a8fded79e4327f12b6866ba2014151a10168db01aad99108b5fae01f5e4ac,28a2ce30cc56089608cf118051722f9a5b6855a6153dbd6a6720ce88f0a67b81
10-1-2,2,unet_pixel,3407,mean_local_acute_angle_deg,annotation_mask_same_extractor,58.66827912377103,46.61982210422423,-12.048457019546802,12.048457019546802,20.536578197782944,valid,ok,ok,zero_length_angle_vector,zero_length_angle_vector,353a8fded79e4327f12b6866ba2014151a10168db01aad99108b5fae01f5e4ac,28a2ce30cc56089608cf118051722f9a5b6855a6153dbd6a6720ce88f0a67b81
10-1-2(1),4,unet_pixel,3407,dominant_path_length,annotation_mask_same_extractor,3355.4095218658804,1040.9747468305868,-2314.4347750352936,2314.4347750352936,68.97622361601572,valid,ok,ok,zero_length_angle_vector,zero_length_angle_vector,dca0abd7cde7ab357484642e540a2d1fa449818245a1cd800eb7c824264f02ad,571ace2a8337edaea9135e86445ad88afefa8beeb050018cbf0aad9e66baf249
10-1-2(1),4,unet_pixel,3407,retained_segment_count,annotation_mask_same_extractor,118,119,1.0,1.0,0.847457627118644,valid,ok,ok,zero_length_angle_vector,zero_length_angle_vector,dca0abd7cde7ab357484642e540a2d1fa449818245a1cd800eb7c824264f02ad,571ace2a8337edaea9135e86445ad88afefa8beeb050018cbf0aad9e66baf249
10-1-2(1),4,unet_pixel,3407,junction_region_count,annotation_mask_same_extractor,111,96,-15.0,15.0,13.513513513513514,valid,ok,ok,zero_length_angle_vector,zero_length_angle_vector,dca0abd7cde7ab357484642e540a2d1fa449818245a1cd800eb7c824264f02ad,571ace2a8337edaea9135e86445ad88afefa8beeb050018cbf0aad9e66baf249
10-1-2(1),4,unet_pixel,3407,mean_local_acute_angle_deg,annotation_mask_same_extractor,64.3632990483418,53.76793056976709,-10.595368478574713,10.595368478574713,16.461816959719194,valid,ok,ok,zero_length_angle_vector,zero_length_angle_vector,dca0abd7cde7ab357484642e540a2d1fa449818245a1cd800eb7c824264f02ad,571ace2a8337edaea9135e86445ad88afefa8beeb050018cbf0aad9e66baf249
10-1-2(2),1,unet_pixel,3407,dominant_path_length,annotation_mask_same_extractor,3058.3027406794067,1121.3889603929597,-1936.913780286447,1936.913780286447,63.33296421322105,valid,ok,ok,,zero_length_angle_vector,4b38a74ce55736e7f197e42aeba61399727ea00792e40e895bf41a3d30fe7957,8833e311a8ea98e7c4f6699a0474c4afba53c770655b8801fc962c8ed68daad3
10-1-2(2),1,unet_pixel,3407,retained_segment_count,annotation_mask_same_extractor,191,210,19.0,19.0,9.947643979057592,valid,ok,ok,,zero_length_angle_vector,4b38a74ce55736e7f197e42aeba61399727ea00792e40e895bf41a3d30fe7957,8833e311a8ea98e7c4f6699a0474c4afba53c770655b8801fc962c8ed68daad3
10-1-2(2),1,unet_pixel,3407,junction_region_count,annotation_mask_same_extractor,175,167,-8.0,8.0,4.571428571428571,valid,ok,ok,,zero_length_angle_vector,4b38a74ce55736e7f197e42aeba61399727ea00792e40e895bf41a3d30fe7957,8833e311a8ea98e7c4f6699a0474c4afba53c770655b8801fc962c8ed68daad3
10-1-2(2),1,unet_pixel,3407,mean_local_acute_angle_deg,annotation_mask_same_extractor,65.94127676600104,45.65347927058377,-20.287797495417266,20.287797495417266,30.76646144934449,valid,ok,ok,,zero_length_angle_vector,4b38a74ce55736e7f197e42aeba61399727ea00792e40e895bf41a3d30fe7957,8833e311a8ea98e7c4f6699a0474c4afba53c770655b8801fc962c8ed68daad3
10-1-2(3),0,unet_pixel,3407,dominant_path_length,annotation_mask_same_extractor,2345.481456229622,699.3523804664997,-1646.1290757631223,1646.1290757631223,70.1829925532341,valid,ok,ok,,zero_length_angle_vector,0508c3be24e6c021d5aacff3b5010997bb235211f0adc484cda889c0830022b8,546d60e6db5270a60bba40a4be199ef69b676c43b4c6c5a3d0518fdd8425eadf
10-1-2(3),0,unet_pixel,3407,retained_segment_count,annotation_mask_same_extractor,115,160,45.0,45.0,39.130434782608695,valid,ok,ok,,zero_length_angle_vector,0508c3be24e6c021d5aacff3b5010997bb235211f0adc484cda889c0830022b8,546d60e6db5270a60bba40a4be199ef69b676c43b4c6c5a3d0518fdd8425eadf
10-1-2(3),0,unet_pixel,3407,junction_region_count,annotation_mask_same_extractor,84,118,34.0,34.0,40.476190476190474,valid,ok,ok,,zero_length_angle_vector,0508c3be24e6c021d5aacff3b5010997bb235211f0adc484cda889c0830022b8,546d60e6db5270a60bba40a4be199ef69b676c43b4c6c5a3d0518fdd8425eadf
10-1-2(3),0,unet_pixel,3407,mean_local_acute_angle_deg,annotation_mask_same_extractor,50.491311152922826,47.51907438318582,-2.972236769737009,2.972236769737009,5.886630198084989,valid,ok,ok,,zero_length_angle_vector,0508c3be24e6c021d5aacff3b5010997bb235211f0adc484cda889c0830022b8,546d60e6db5270a60bba40a4be199ef69b676c43b4c6c5a3d0518fdd8425eadf
10-1-3,0,unet_pixel,3407,dominant_path_length,annotation_mask_same_extractor,2813.8023074034836,779.3351365237968,-2034.4671708796868,2034.4671708796868,72.30313108802052,valid,ok,ok,,zero_length_angle_vector,2cd8dd3611b047ab44310b595f5423ee107fb5f6bbd6f0ce078f5a1c70656dd8,6899c05481b12130682679725d9f1447022416a7d692a6544a017be6db5178ee
10-1-3,0,unet_pixel,3407,retained_segment_count,annotation_mask_same_extractor,172,181,9.0,9.0,5.232558139534884,valid,ok,ok,,zero_length_angle_vector,2cd8dd3611b047ab44310b595f5423ee107fb5f6bbd6f0ce078f5a1c70656dd8,6899c05481b12130682679725d9f1447022416a7d692a6544a017be6db5178ee
10-1-3,0,unet_pixel,3407,junction_region_count,annotation_mask_same_extractor,123,139,16.0,16.0,13.008130081300814,valid,ok,ok,,zero_length_angle_vector,2cd8dd3611b047ab44310b595f5423ee107fb5f6bbd6f0ce078f5a1c70656dd8,6899c05481b12130682679725d9f1447022416a7d692a6544a017be6db5178ee
10-1-3,0,unet_pixel,3407,mean_local_acute_angle_deg,annotation_mask_same_extractor,50.036178890454096,46.24586111923756,-3.790317771216536,3.790317771216536,7.5751543288603385,valid,ok,ok,,zero_length_angle_vector,2cd8dd3611b047ab44310b595f5423ee107fb5f6bbd6f0ce078f5a1c70656dd8,6899c05481b12130682679725d9f1447022416a7d692a6544a017be6db5178ee
10-1-9(1),3,unet_pixel,3407,dominant_path_length,annotation_mask_same_extractor,3092.5058428472184,953.7909806465129,-2138.7148622007053,2138.7148622007053,69.15798937445584,valid,ok,ok,zero_length_angle_vector,zero_length_angle_vector,6bdc1df0f3e1a66f56d545bec926abaf60b6bca31c0f8ea06ad939681c464d8a,13c899bebcc58df8220e4a04a62928d6b6df5860132c1972724fe220d887e78c
10-1-9(1),3,unet_pixel,3407,retained_segment_count,annotation_mask_same_extractor,106,147,41.0,41.0,38.67924528301887,valid,ok,ok,zero_length_angle_vector,zero_length_angle_vector,6bdc1df0f3e1a66f56d545bec926abaf60b6bca31c0f8ea06ad939681c464d8a,13c899bebcc58df8220e4a04a62928d6b6df5860132c1972724fe220d887e78c
10-1-9(1),3,unet_pixel,3407,junction_region_count,annotation_mask_same_extractor,91,120,29.0,29.0,31.868131868131865,valid,ok,ok,zero_length_angle_vector,zero_length_angle_vector,6bdc1df0f3e1a66f56d545bec926abaf60b6bca31c0f8ea06ad939681c464d8a,13c899bebcc58df8220e4a04a62928d6b6df5860132c1972724fe220d887e78c
10-1-9(1),3,unet_pixel,3407,mean_local_acute_angle_deg,annotation_mask_same_extractor,62.85401304883498,56.61467276312387,-6.239340285711108,6.239340285711108,9.926717456948051,valid,ok,ok,zero_length_angle_vector,zero_length_angle_vector,6bdc1df0f3e1a66f56d545bec926abaf60b6bca31c0f8ea06ad939681c464d8a,13c899bebcc58df8220e4a04a62928d6b6df5860132c1972724fe220d887e78c
10-1-9(2),3,unet_pixel,3407,dominant_path_length,annotation_mask_same_extractor,3383.6256838943486,1014.5411972844563,-2369.0844866098923,2369.0844866098923,70.01615154674022,valid,ok,ok,zero_length_angle_vector,zero_length_angle_vector,e68f65f812ffdebb564961ebaea365b072d4546ab06227eea2987e2d586b741c,df1d643c69c4767d61f489413e690fc2ed8b09a0ee2f7721ce54a36ff90d2020
10-1-9(2),3,unet_pixel,3407,retained_segment_count,annotation_mask_same_extractor,71,78,7.0,7.0,9.859154929577464,valid,ok,ok,zero_length_angle_vector,zero_length_angle_vector,e68f65f812ffdebb564961ebaea365b072d4546ab06227eea2987e2d586b741c,df1d643c69c4767d61f489413e690fc2ed8b09a0ee2f7721ce54a36ff90d2020
10-1-9(2),3,unet_pixel,3407,junction_region_count,annotation_mask_same_extractor,68,73,5.0,5.0,7.352941176470589,valid,ok,ok,zero_length_angle_vector,zero_length_angle_vector,e68f65f812ffdebb564961ebaea365b072d4546ab06227eea2987e2d586b741c,df1d643c69c4767d61f489413e690fc2ed8b09a0ee2f7721ce54a36ff90d2020
10-1-9(2),3,unet_pixel,3407,mean_local_acute_angle_deg,annotation_mask_same_extractor,74.17544013119233,51.82927016654874,-22.346169964643593,22.346169964643593,30.126103633656175,valid,ok,ok,zero_length_angle_vector,zero_length_angle_vector,e68f65f812ffdebb564961ebaea365b072d4546ab06227eea2987e2d586b741c,df1d643c69c4767d61f489413e690fc2ed8b09a0ee2f7721ce54a36ff90d2020
10-1-9(3),4,unet_pixel,3407,dominant_path_length,annotation_mask_same_extractor,3197.890619158038,669.1320343559659,-2528.758584802072,2528.758584802072,79.07583110106063,valid,ok,ok,zero_length_angle_vector,zero_length_angle_vector,a679e2e7ed9fdcb61509a97389dcfc4f21915719e2fb5feb5bf89f66c0d48f13,a197ecaa5a062b184ec48e4eeb2cd579b4793745d91a6714c5a9db733bd64be6
10-1-9(3),4,unet_pixel,3407,retained_segment_count,annotation_mask_same_extractor,41,130,89.0,89.0,217.07317073170734,valid,ok,ok,zero_length_angle_vector,zero_length_angle_vector,a679e2e7ed9fdcb61509a97389dcfc4f21915719e2fb5feb5bf89f66c0d48f13,a197ecaa5a062b184ec48e4eeb2cd579b4793745d91a6714c5a9db733bd64be6
10-1-9(3),4,unet_pixel,3407,junction_region_count,annotation_mask_same_extractor,28,89,61.0,61.0,217.85714285714283,valid,ok,ok,zero_length_angle_vector,zero_length_angle_vector,a679e2e7ed9fdcb61509a97389dcfc4f21915719e2fb5feb5bf89f66c0d48f13,a197ecaa5a062b184ec48e4eeb2cd579b4793745d91a6714c5a9db733bd64be6
10-1-9(3),4,unet_pixel,3407,mean_local_acute_angle_deg,annotation_mask_same_extractor,72.9003576118845,48.91464992892395,-23.985707682960552,23.985707682960552,32.90204392502227,valid,ok,ok,zero_length_angle_vector,zero_length_angle_vector,a679e2e7ed9fdcb61509a97389dcfc4f21915719e2fb5feb5bf89f66c0d48f13,a197ecaa5a062b184ec48e4eeb2cd579b4793745d91a6714c5a9db733bd64be6
10-2-1,0,unet_pixel,3407,dominant_path_length,annotation_mask_same_extractor,3683.691701072309,1930.3220766632044,-1753.3696244091047,1753.3696244091047,47.59816419758215,valid,ok,ok,,,fa084051c73ad9c7523229d0a267965c6c54c6c2f9b135b697a09f5f4d254434,92a1fe829845880dc9007f14089a2a91f1e5efe6668c692a3b76b22ea620abb7
10-2-1,0,unet_pixel,3407,retained_segment_count,annotation_mask_same_extractor,226,255,29.0,29.0,12.831858407079647,valid,ok,ok,,,fa084051c73ad9c7523229d0a267965c6c54c6c2f9b135b697a09f5f4d254434,92a1fe829845880dc9007f14089a2a91f1e5efe6668c692a3b76b22ea620abb7
10-2-1,0,unet_pixel,3407,junction_region_count,annotation_mask_same_extractor,188,196,8.0,8.0,4.25531914893617,valid,ok,ok,,,fa084051c73ad9c7523229d0a267965c6c54c6c2f9b135b697a09f5f4d254434,92a1fe829845880dc9007f14089a2a91f1e5efe6668c692a3b76b22ea620abb7
10-2-1,0,unet_pixel,3407,mean_local_acute_angle_deg,annotation_mask_same_extractor,56.550116513732696,47.54246945084632,-9.007647062886377,9.007647062886377,15.928609202244438,valid,ok,ok,,,fa084051c73ad9c7523229d0a267965c6c54c6c2f9b135b697a09f5f4d254434,92a1fe829845880dc9007f14089a2a91f1e5efe6668c692a3b76b22ea620abb7
10-2-2,3,unet_pixel,3407,dominant_path_length,annotation_mask_same_extractor,3768.2156544140043,3436.108006675709,-332.1076477382953,332.1076477382953,8.813392814959297,valid,ok,ok,,,888178f6e1d682dbadbaecc08afac163678dd08a3e69f328f11b072009899c8c,ff22a575a4963d154afb75ec2b2893aea2ba48130bf927633f9c2aefee0a14a6
10-2-2,3,unet_pixel,3407,retained_segment_count,annotation_mask_same_extractor,329,250,-79.0,79.0,24.012158054711247,valid,ok,ok,,,888178f6e1d682dbadbaecc08afac163678dd08a3e69f328f11b072009899c8c,ff22a575a4963d154afb75ec2b2893aea2ba48130bf927633f9c2aefee0a14a6
10-2-2,3,unet_pixel,3407,junction_region_count,annotation_mask_same_extractor,293,225,-68.0,68.0,23.208191126279864,valid,ok,ok,,,888178f6e1d682dbadbaecc08afac163678dd08a3e69f328f11b072009899c8c,ff22a575a4963d154afb75ec2b2893aea2ba48130bf927633f9c2aefee0a14a6
10-2-2,3,unet_pixel,3407,mean_local_acute_angle_deg,annotation_mask_same_extractor,59.493993970760265,57.389211076580004,-2.1047828941802607,2.1047828941802607,3.5378073544948188,valid,ok,ok,,,888178f6e1d682dbadbaecc08afac163678dd08a3e69f328f11b072009899c8c,ff22a575a4963d154afb75ec2b2893aea2ba48130bf927633f9c2aefee0a14a6
10-2-3,3,unet_pixel,3407,dominant_path_length,annotation_mask_same_extractor,782.7442994522875,629.1686142824254,-153.57568516986203,153.57568516986203,19.620160156685156,valid,ok,ok,,,c128b6196f3a108faac4ed970bea2b3e2ee4f4c0090aafd759b5f39cfd31c0d6,f6d2c1f200f5a06e1470ced5ae00bd7ce62059d99f15b1433afb71619f7130e4
10-2-3,3,unet_pixel,3407,retained_segment_count,annotation_mask_same_extractor,27,39,12.0,12.0,44.44444444444444,valid,ok,ok,,,c128b6196f3a108faac4ed970bea2b3e2ee4f4c0090aafd759b5f39cfd31c0d6,f6d2c1f200f5a06e1470ced5ae00bd7ce62059d99f15b1433afb71619f7130e4
10-2-3,3,unet_pixel,3407,junction_region_count,annotation_mask_same_extractor,18,27,9.0,9.0,50.0,valid,ok,ok,,,c128b6196f3a108faac4ed970bea2b3e2ee4f4c0090aafd759b5f39cfd31c0d6,f6d2c1f200f5a06e1470ced5ae00bd7ce62059d99f15b1433afb71619f7130e4
10-2-3,3,unet_pixel,3407,mean_local_acute_angle_deg,annotation_mask_same_extractor,44.17449818904469,45.78380307576373,1.6093048867190376,1.6093048867190376,3.6430631986627673,valid,ok,ok,,,c128b6196f3a108faac4ed970bea2b3e2ee4f4c0090aafd759b5f39cfd31c0d6,f6d2c1f200f5a06e1470ced5ae00bd7ce62059d99f15b1433afb71619f7130e4
10-2-4,0,unet_pixel,3407,dominant_path_length,annotation_mask_same_extractor,2714.1433611129814,1084.8792924010809,-1629.2640687119006,1629.2640687119006,60.02866657875406,valid,ok,ok,,zero_length_angle_vector,3c60314b040a032dd526925859d6800fc466b21b8dedb28d643c17c54668bc8b,8d5fc5bd9adf5551d63c7b4d81ea855002afc6de47671ef2e0fa6a77c0cea68b
10-2-4,0,unet_pixel,3407,retained_segment_count,annotation_mask_same_extractor,104,145,41.0,41.0,39.42307692307692,valid,ok,ok,,zero_length_angle_vector,3c60314b040a032dd526925859d6800fc466b21b8dedb28d643c17c54668bc8b,8d5fc5bd9adf5551d63c7b4d81ea855002afc6de47671ef2e0fa6a77c0cea68b
10-2-4,0,unet_pixel,3407,junction_region_count,annotation_mask_same_extractor,93,134,41.0,41.0,44.086021505376344,valid,ok,ok,,zero_length_angle_vector,3c60314b040a032dd526925859d6800fc466b21b8dedb28d643c17c54668bc8b,8d5fc5bd9adf5551d63c7b4d81ea855002afc6de47671ef2e0fa6a77c0cea68b
10-2-4,0,unet_pixel,3407,mean_local_acute_angle_deg,annotation_mask_same_extractor,63.03310962332985,50.23357729523239,-12.799532328097463,12.799532328097463,20.306046147150724,valid,ok,ok,,zero_length_angle_vector,3c60314b040a032dd526925859d6800fc466b21b8dedb28d643c17c54668bc8b,8d5fc5bd9adf5551d63c7b4d81ea855002afc6de47671ef2e0fa6a77c0cea68b
10-9-1,2,unet_pixel,3407,dominant_path_length,annotation_mask_same_extractor,2670.711903607907,1584.1900423072384,-1086.5218613006687,1086.5218613006687,40.68285537773165,valid,ok,ok,,zero_length_angle_vector,f909c402c7b2db20640a01e33f844ebeccd8ec430131c4fad30fd8305345ea91,f60f20e2622691564e42202b518dcfc144a7d36a5a2a4043649939ccb017376f
10-9-1,2,unet_pixel,3407,retained_segment_count,annotation_mask_same_extractor,60,123,63.0,63.0,105.0,valid,ok,ok,,zero_length_angle_vector,f909c402c7b2db20640a01e33f844ebeccd8ec430131c4fad30fd8305345ea91,f60f20e2622691564e42202b518dcfc144a7d36a5a2a4043649939ccb017376f
10-9-1,2,unet_pixel,3407,junction_region_count,annotation_mask_same_extractor,47,86,39.0,39.0,82.97872340425532,valid,ok,ok,,zero_length_angle_vector,f909c402c7b2db20640a01e33f844ebeccd8ec430131c4fad30fd8305345ea91,f60f20e2622691564e42202b518dcfc144a7d36a5a2a4043649939ccb017376f
10-9-1,2,unet_pixel,3407,mean_local_acute_angle_deg,annotation_mask_same_extractor,45.79801641663758,50.586070557861404,4.7880541412238244,4.7880541412238244,10.454719474453947,valid,ok,ok,,zero_length_angle_vector,f909c402c7b2db20640a01e33f844ebeccd8ec430131c4fad30fd8305345ea91,f60f20e2622691564e42202b518dcfc144a7d36a5a2a4043649939ccb017376f
10-9-2,4,unet_pixel,3407,dominant_path_length,annotation_mask_same_extractor,3136.0378054156913,2550.0012254892663,-586.036579926425,586.036579926425,18.687165662173648,valid,ok,ok,,zero_length_angle_vector,97a6fbf3a148ba0641a27177bb2768e92fcab2d7f8bf002f6c2735617daf5cf2,498427ce355825ad0d39c4f926b646303cd0945d1d4591f9cbcb4bb6d33a4ac6
10-9-2,4,unet_pixel,3407,retained_segment_count,annotation_mask_same_extractor,222,298,76.0,76.0,34.234234234234236,valid,ok,ok,,zero_length_angle_vector,97a6fbf3a148ba0641a27177bb2768e92fcab2d7f8bf002f6c2735617daf5cf2,498427ce355825ad0d39c4f926b646303cd0945d1d4591f9cbcb4bb6d33a4ac6
10-9-2,4,unet_pixel,3407,junction_region_count,annotation_mask_same_extractor,205,267,62.0,62.0,30.24390243902439,valid,ok,ok,,zero_length_angle_vector,97a6fbf3a148ba0641a27177bb2768e92fcab2d7f8bf002f6c2735617daf5cf2,498427ce355825ad0d39c4f926b646303cd0945d1d4591f9cbcb4bb6d33a4ac6
10-9-2,4,unet_pixel,3407,mean_local_acute_angle_deg,annotation_mask_same_extractor,60.533940641282705,53.346073437192004,-7.187867204090701,7.187867204090701,11.874110834259396,valid,ok,ok,,zero_length_angle_vector,97a6fbf3a148ba0641a27177bb2768e92fcab2d7f8bf002f6c2735617daf5cf2,498427ce355825ad0d39c4f926b646303cd0945d1d4591f9cbcb4bb6d33a4ac6
10-9-3,0,unet_pixel,3407,dominant_path_length,annotation_mask_same_extractor,3235.23794899067,2160.8145007123676,-1074.4234482783022,1074.4234482783022,33.210028604341176,valid,ok,ok,zero_length_angle_vector,zero_length_angle_vector,a23e4c9ae8b5cd333c9ee04c6a4a84de25c4388307e8463b068e3f8f45f8c58d,bd7b7d0b1b9c7dfcec22430ca2c0d9d050a19c375b772ff04233125ccbe072ea
10-9-3,0,unet_pixel,3407,retained_segment_count,annotation_mask_same_extractor,102,165,63.0,63.0,61.76470588235294,valid,ok,ok,zero_length_angle_vector,zero_length_angle_vector,a23e4c9ae8b5cd333c9ee04c6a4a84de25c4388307e8463b068e3f8f45f8c58d,bd7b7d0b1b9c7dfcec22430ca2c0d9d050a19c375b772ff04233125ccbe072ea
10-9-3,0,unet_pixel,3407,junction_region_count,annotation_mask_same_extractor,94,141,47.0,47.0,50.0,valid,ok,ok,zero_length_angle_vector,zero_length_angle_vector,a23e4c9ae8b5cd333c9ee04c6a4a84de25c4388307e8463b068e3f8f45f8c58d,bd7b7d0b1b9c7dfcec22430ca2c0d9d050a19c375b772ff04233125ccbe072ea
10-9-3,0,unet_pixel,3407,mean_local_acute_angle_deg,annotation_mask_same_extractor,62.02962831732245,57.81220375875936,-4.2174245585630885,4.2174245585630885,6.7990485723825085,valid,ok,ok,zero_length_angle_vector,zero_length_angle_vector,a23e4c9ae8b5cd333c9ee04c6a4a84de25c4388307e8463b068e3f8f45f8c58d,bd7b7d0b1b9c7dfcec22430ca2c0d9d050a19c375b772ff04233125ccbe072ea
10-9-4,2,unet_pixel,3407,dominant_path_length,annotation_mask_same_extractor,3795.486865800912,1803.3860018001324,-1992.1008640007794,1992.1008640007794,52.48604288294415,valid,ok,ok,,zero_length_angle_vector,775edf7906167ea9e9ba868605a76fc739ed5aa32d5a1c9e3ec9a9a84e402ead,4595b3307910062e7e4dd32ccc8181a91e9b7e9560c31f6816b96461a5cf545f
10-9-4,2,unet_pixel,3407,retained_segment_count,annotation_mask_same_extractor,82,138,56.0,56.0,68.29268292682927,valid,ok,ok,,zero_length_angle_vector,775edf7906167ea9e9ba868605a76fc739ed5aa32d5a1c9e3ec9a9a84e402ead,4595b3307910062e7e4dd32ccc8181a91e9b7e9560c31f6816b96461a5cf545f
10-9-4,2,unet_pixel,3407,junction_region_count,annotation_mask_same_extractor,63,100,37.0,37.0,58.730158730158735,valid,ok,ok,,zero_length_angle_vector,775edf7906167ea9e9ba868605a76fc739ed5aa32d5a1c9e3ec9a9a84e402ead,4595b3307910062e7e4dd32ccc8181a91e9b7e9560c31f6816b96461a5cf545f
10-9-4,2,unet_pixel,3407,mean_local_acute_angle_deg,annotation_mask_same_extractor,43.610163723088185,47.595298849709295,3.9851351266211097,3.9851351266211097,9.138087973999719,valid,ok,ok,,zero_length_angle_vector,775edf7906167ea9e9ba868605a76fc739ed5aa32d5a1c9e3ec9a9a84e402ead,4595b3307910062e7e4dd32ccc8181a91e9b7e9560c31f6816b96461a5cf545f
235-10-11(1),3,unet_pixel,3407,dominant_path_length,annotation_mask_same_extractor,2994.397328557098,1410.3271272970862,-1584.0702012600116,1584.0702012600116,52.901135936536626,valid,ok,ok,,zero_length_angle_vector,9d52d033268cd4a5d237049ac4f43033746bfe49685933fe46cc01355c7ffcc7,2201c1489303393f769b842e455c7e1f0f2f07e7bf8568b0c872b1295c9fb94d
235-10-11(1),3,unet_pixel,3407,retained_segment_count,annotation_mask_same_extractor,39,133,94.0,94.0,241.02564102564102,valid,ok,ok,,zero_length_angle_vector,9d52d033268cd4a5d237049ac4f43033746bfe49685933fe46cc01355c7ffcc7,2201c1489303393f769b842e455c7e1f0f2f07e7bf8568b0c872b1295c9fb94d
235-10-11(1),3,unet_pixel,3407,junction_region_count,annotation_mask_same_extractor,31,97,66.0,66.0,212.9032258064516,valid,ok,ok,,zero_length_angle_vector,9d52d033268cd4a5d237049ac4f43033746bfe49685933fe46cc01355c7ffcc7,2201c1489303393f769b842e455c7e1f0f2f07e7bf8568b0c872b1295c9fb94d
235-10-11(1),3,unet_pixel,3407,mean_local_acute_angle_deg,annotation_mask_same_extractor,53.361302278251465,47.99220916183119,-5.369093116420274,5.369093116420274,10.061773021249074,valid,ok,ok,,zero_length_angle_vector,9d52d033268cd4a5d237049ac4f43033746bfe49685933fe46cc01355c7ffcc7,2201c1489303393f769b842e455c7e1f0f2f07e7bf8568b0c872b1295c9fb94d
235-10-11(2),1,unet_pixel,3407,dominant_path_length,annotation_mask_same_extractor,2805.9057710597435,1220.1046891454978,-1585.8010819142457,1585.8010819142457,56.5165479992336,valid,ok,ok,,zero_length_angle_vector,5b712c674961fc82b6cbf219207fe1d3e1b0be3e2a6b4ba1f8eea53b3cdecde8,e001902bb8a39beb6a16529bb29c813bebadc5ba38f3f294889f931c4f26e665
235-10-11(2),1,unet_pixel,3407,retained_segment_count,annotation_mask_same_extractor,44,92,48.0,48.0,109.09090909090908,valid,ok,ok,,zero_length_angle_vector,5b712c674961fc82b6cbf219207fe1d3e1b0be3e2a6b4ba1f8eea53b3cdecde8,e001902bb8a39beb6a16529bb29c813bebadc5ba38f3f294889f931c4f26e665
235-10-11(2),1,unet_pixel,3407,junction_region_count,annotation_mask_same_extractor,32,58,26.0,26.0,81.25,valid,ok,ok,,zero_length_angle_vector,5b712c674961fc82b6cbf219207fe1d3e1b0be3e2a6b4ba1f8eea53b3cdecde8,e001902bb8a39beb6a16529bb29c813bebadc5ba38f3f294889f931c4f26e665
235-10-11(2),1,unet_pixel,3407,mean_local_acute_angle_deg,annotation_mask_same_extractor,43.25362958365755,56.88518452037802,13.63155493672047,13.63155493672047,31.5154012921747,valid,ok,ok,,zero_length_angle_vector,5b712c674961fc82b6cbf219207fe1d3e1b0be3e2a6b4ba1f8eea53b3cdecde8,e001902bb8a39beb6a16529bb29c813bebadc5ba38f3f294889f931c4f26e665
235-10-11(3),1,unet_pixel,3407,dominant_path_length,annotation_mask_same_extractor,3903.799348810616,1494.3098833543838,-2409.489465456232,2409.489465456232,61.721652425356844,valid,ok,ok,zero_length_angle_vector,zero_length_angle_vector,fa60085f010979fe70bd85f42f583537392b69473bae643033aaace4f1bfd685,87a8ffd2d991bbeb0dc48e42e005f64cac0be2c98d89dc15c703d8ab814b5bd8
235-10-11(3),1,unet_pixel,3407,retained_segment_count,annotation_mask_same_extractor,195,303,108.0,108.0,55.38461538461539,valid,ok,ok,zero_length_angle_vector,zero_length_angle_vector,fa60085f010979fe70bd85f42f583537392b69473bae643033aaace4f1bfd685,87a8ffd2d991bbeb0dc48e42e005f64cac0be2c98d89dc15c703d8ab814b5bd8
235-10-11(3),1,unet_pixel,3407,junction_region_count,annotation_mask_same_extractor,171,221,50.0,50.0,29.239766081871345,valid,ok,ok,zero_length_angle_vector,zero_length_angle_vector,fa60085f010979fe70bd85f42f583537392b69473bae643033aaace4f1bfd685,87a8ffd2d991bbeb0dc48e42e005f64cac0be2c98d89dc15c703d8ab814b5bd8
235-10-11(3),1,unet_pixel,3407,mean_local_acute_angle_deg,annotation_mask_same_extractor,59.57250840324565,49.141557075204254,-10.430951328041395,10.430951328041395,17.50967284680108,valid,ok,ok,zero_length_angle_vector,zero_length_angle_vector,fa60085f010979fe70bd85f42f583537392b69473bae643033aaace4f1bfd685,87a8ffd2d991bbeb0dc48e42e005f64cac0be2c98d89dc15c703d8ab814b5bd8
235-10-12(1),4,unet_pixel,3407,dominant_path_length,annotation_mask_same_extractor,2001.4427842621224,1093.876333808253,-907.5664504538693,907.5664504538693,45.34561055606016,valid,ok,ok,,zero_length_angle_vector,18b9363d37a62a519d147178d26a24d6b4b802b892db690b5190ad39f8a39884,2b8b2978a1a6182c16545a8aaf981417bebab03deffb281adef6654749c89838
235-10-12(1),4,unet_pixel,3407,retained_segment_count,annotation_mask_same_extractor,134,114,-20.0,20.0,14.925373134328357,valid,ok,ok,,zero_length_angle_vector,18b9363d37a62a519d147178d26a24d6b4b802b892db690b5190ad39f8a39884,2b8b2978a1a6182c16545a8aaf981417bebab03deffb281adef6654749c89838
235-10-12(1),4,unet_pixel,3407,junction_region_count,annotation_mask_same_extractor,112,92,-20.0,20.0,17.857142857142858,valid,ok,ok,,zero_length_angle_vector,18b9363d37a62a519d147178d26a24d6b4b802b892db690b5190ad39f8a39884,2b8b2978a1a6182c16545a8aaf981417bebab03deffb281adef6654749c89838
235-10-12(1),4,unet_pixel,3407,mean_local_acute_angle_deg,annotation_mask_same_extractor,53.181513697065846,51.85260945441214,-1.3289042426537065,1.3289042426537065,2.498808608990431,valid,ok,ok,,zero_length_angle_vector,18b9363d37a62a519d147178d26a24d6b4b802b892db690b5190ad39f8a39884,2b8b2978a1a6182c16545a8aaf981417bebab03deffb281adef6654749c89838
235-10-12(2),0,unet_pixel,3407,dominant_path_length,annotation_mask_same_extractor,3327.9141392239435,1183.1412690719578,-2144.7728701519854,2144.7728701519854,64.44796291085017,valid,ok,ok,,zero_length_angle_vector,3f320f9a413c704ff148c35538663d08b34fdafa0044a66241f691b28db5db7b,38c78b47386f83fd98365aa110b7d9951b6309665f02aa70a9b984554672ae5b
235-10-12(2),0,unet_pixel,3407,retained_segment_count,annotation_mask_same_extractor,98,145,47.0,47.0,47.95918367346938,valid,ok,ok,,zero_length_angle_vector,3f320f9a413c704ff148c35538663d08b34fdafa0044a66241f691b28db5db7b,38c78b47386f83fd98365aa110b7d9951b6309665f02aa70a9b984554672ae5b
235-10-12(2),0,unet_pixel,3407,junction_region_count,annotation_mask_same_extractor,79,129,50.0,50.0,63.29113924050633,valid,ok,ok,,zero_length_angle_vector,3f320f9a413c704ff148c35538663d08b34fdafa0044a66241f691b28db5db7b,38c78b47386f83fd98365aa110b7d9951b6309665f02aa70a9b984554672ae5b
235-10-12(2),0,unet_pixel,3407,mean_local_acute_angle_deg,annotation_mask_same_extractor,62.31932305515474,49.63644606593792,-12.682876989216822,12.682876989216822,20.35143574648916,valid,ok,ok,,zero_length_angle_vector,3f320f9a413c704ff148c35538663d08b34fdafa0044a66241f691b28db5db7b,38c78b47386f83fd98365aa110b7d9951b6309665f02aa70a9b984554672ae5b
235-10-12(3),1,unet_pixel,3407,dominant_path_length,annotation_mask_same_extractor,3338.9221484506097,1677.4032457428345,-1661.5189027077752,1661.5189027077752,49.76213367175347,valid,ok,ok,zero_length_angle_vector,zero_length_angle_vector,06cb03ea2bad65c89fe30627bf1d69fb7bd50a7bc6f48ee697c5830e39ef08b3,b2120b77548fea8dba7dfb8665b38c8265253e5ecbacd834e576f964e60893bf
235-10-12(3),1,unet_pixel,3407,retained_segment_count,annotation_mask_same_extractor,248,347,99.0,99.0,39.91935483870967,valid,ok,ok,zero_length_angle_vector,zero_length_angle_vector,06cb03ea2bad65c89fe30627bf1d69fb7bd50a7bc6f48ee697c5830e39ef08b3,b2120b77548fea8dba7dfb8665b38c8265253e5ecbacd834e576f964e60893bf
235-10-12(3),1,unet_pixel,3407,junction_region_count,annotation_mask_same_extractor,210,270,60.0,60.0,28.57142857142857,valid,ok,ok,zero_length_angle_vector,zero_length_angle_vector,06cb03ea2bad65c89fe30627bf1d69fb7bd50a7bc6f48ee697c5830e39ef08b3,b2120b77548fea8dba7dfb8665b38c8265253e5ecbacd834e576f964e60893bf
235-10-12(3),1,unet_pixel,3407,mean_local_acute_angle_deg,annotation_mask_same_extractor,56.12825058978015,46.08292302064929,-10.045327569130862,10.045327569130862,17.897097207871855,valid,ok,ok,zero_length_angle_vector,zero_length_angle_vector,06cb03ea2bad65c89fe30627bf1d69fb7bd50a7bc6f48ee697c5830e39ef08b3,b2120b77548fea8dba7dfb8665b38c8265253e5ecbacd834e576f964e60893bf
235-25-6(1),2,unet_pixel,3407,dominant_path_length,annotation_mask_same_extractor,2364.349421873661,944.5239533417532,-1419.8254685319077,1419.8254685319077,60.05142283101064,valid,ok,ok,,zero_length_angle_vector,81d217e87b63701eb36c3a0b141a738b1f3dd596f793222514893c0a771fc94d,c152124dd0368c5ac3ebdea8998a70837266f55f7df8e339931451ecfbd3e97d
235-25-6(1),2,unet_pixel,3407,retained_segment_count,annotation_mask_same_extractor,27,57,30.0,30.0,111.11111111111111,valid,ok,ok,,zero_length_angle_vector,81d217e87b63701eb36c3a0b141a738b1f3dd596f793222514893c0a771fc94d,c152124dd0368c5ac3ebdea8998a70837266f55f7df8e339931451ecfbd3e97d
235-25-6(1),2,unet_pixel,3407,junction_region_count,annotation_mask_same_extractor,21,43,22.0,22.0,104.76190476190477,valid,ok,ok,,zero_length_angle_vector,81d217e87b63701eb36c3a0b141a738b1f3dd596f793222514893c0a771fc94d,c152124dd0368c5ac3ebdea8998a70837266f55f7df8e339931451ecfbd3e97d
235-25-6(1),2,unet_pixel,3407,mean_local_acute_angle_deg,annotation_mask_same_extractor,63.4461979910307,58.37080635632608,-5.075391634704623,5.075391634704623,7.999520531430621,valid,ok,ok,,zero_length_angle_vector,81d217e87b63701eb36c3a0b141a738b1f3dd596f793222514893c0a771fc94d,c152124dd0368c5ac3ebdea8998a70837266f55f7df8e339931451ecfbd3e97d
235-25-6(2),4,unet_pixel,3407,dominant_path_length,annotation_mask_same_extractor,1377.430590953303,825.1686142824259,-552.2619766708771,552.2619766708771,40.0936337771229,valid,ok,ok,,zero_length_angle_vector,07fd844e7f853a14fb82235228caf5997075e001697d881b5a753f8be11ad9ff,d42f670eb92b24f2d8d0981503200f2c0b78429800a025f3e23d72c64c7f4694
235-25-6(2),4,unet_pixel,3407,retained_segment_count,annotation_mask_same_extractor,90,127,37.0,37.0,41.11111111111111,valid,ok,ok,,zero_length_angle_vector,07fd844e7f853a14fb82235228caf5997075e001697d881b5a753f8be11ad9ff,d42f670eb92b24f2d8d0981503200f2c0b78429800a025f3e23d72c64c7f4694
235-25-6(2),4,unet_pixel,3407,junction_region_count,annotation_mask_same_extractor,63,113,50.0,50.0,79.36507936507937,valid,ok,ok,,zero_length_angle_vector,07fd844e7f853a14fb82235228caf5997075e001697d881b5a753f8be11ad9ff,d42f670eb92b24f2d8d0981503200f2c0b78429800a025f3e23d72c64c7f4694
235-25-6(2),4,unet_pixel,3407,mean_local_acute_angle_deg,annotation_mask_same_extractor,48.93734100767138,50.356114228154794,1.4187732204834163,1.4187732204834163,2.8991628708658497,valid,ok,ok,,zero_length_angle_vector,07fd844e7f853a14fb82235228caf5997075e001697d881b5a753f8be11ad9ff,d42f670eb92b24f2d8d0981503200f2c0b78429800a025f3e23d72c64c7f4694
235-25-7(1),2,unet_pixel,3407,dominant_path_length,annotation_mask_same_extractor,2998.8439379638457,2014.9545442950564,-983.8893936687894,983.8893936687894,32.808956185190155,valid,ok,ok,,,7497c2c9ff553aa7c2dd4141a59b027c8c75f67dc2bccba4cc857927d6dbf16d,1996d283853465a775342fa53a77e8eca9ae4d933b73ccb42da6c344015cb54d
235-25-7(1),2,unet_pixel,3407,retained_segment_count,annotation_mask_same_extractor,230,153,-77.0,77.0,33.47826086956522,valid,ok,ok,,,7497c2c9ff553aa7c2dd4141a59b027c8c75f67dc2bccba4cc857927d6dbf16d,1996d283853465a775342fa53a77e8eca9ae4d933b73ccb42da6c344015cb54d
235-25-7(1),2,unet_pixel,3407,junction_region_count,annotation_mask_same_extractor,208,141,-67.0,67.0,32.21153846153847,valid,ok,ok,,,7497c2c9ff553aa7c2dd4141a59b027c8c75f67dc2bccba4cc857927d6dbf16d,1996d283853465a775342fa53a77e8eca9ae4d933b73ccb42da6c344015cb54d
235-25-7(1),2,unet_pixel,3407,mean_local_acute_angle_deg,annotation_mask_same_extractor,56.8053052093956,50.874861208703436,-5.930444000692162,5.930444000692162,10.439947428908923,valid,ok,ok,,,7497c2c9ff553aa7c2dd4141a59b027c8c75f67dc2bccba4cc857927d6dbf16d,1996d283853465a775342fa53a77e8eca9ae4d933b73ccb42da6c344015cb54d
235-25-7(2),2,unet_pixel,3407,dominant_path_length,annotation_mask_same_extractor,1249.092495836678,742.0142853498749,-507.0782104868031,507.0782104868031,40.59572947375267,valid,ok,ok,,zero_length_angle_vector,2131528edadfa652c430e59c756f4b7a69ff50f6d858967b29f0984a2a5a1f3d,895d839e8e3faa3331acc0119637b6a70ad02fef8247e4f138d130d7cca7b8d8
235-25-7(2),2,unet_pixel,3407,retained_segment_count,annotation_mask_same_extractor,94,94,0.0,0.0,0.0,valid,ok,ok,,zero_length_angle_vector,2131528edadfa652c430e59c756f4b7a69ff50f6d858967b29f0984a2a5a1f3d,895d839e8e3faa3331acc0119637b6a70ad02fef8247e4f138d130d7cca7b8d8
235-25-7(2),2,unet_pixel,3407,junction_region_count,annotation_mask_same_extractor,74,64,-10.0,10.0,13.513513513513514,valid,ok,ok,,zero_length_angle_vector,2131528edadfa652c430e59c756f4b7a69ff50f6d858967b29f0984a2a5a1f3d,895d839e8e3faa3331acc0119637b6a70ad02fef8247e4f138d130d7cca7b8d8
235-25-7(2),2,unet_pixel,3407,mean_local_acute_angle_deg,annotation_mask_same_extractor,51.18427192297171,51.24619725740372,0.061925334432011425,0.061925334432011425,0.12098508410006137,valid,ok,ok,,zero_length_angle_vector,2131528edadfa652c430e59c756f4b7a69ff50f6d858967b29f0984a2a5a1f3d,895d839e8e3faa3331acc0119637b6a70ad02fef8247e4f138d130d7cca7b8d8
235-25-7(3),2,unet_pixel,3407,dominant_path_length,annotation_mask_same_extractor,3042.988165628605,680.0193359837572,-2362.968829644848,2362.968829644848,77.6529089509856,valid,ok,ok,zero_length_angle_vector,zero_length_angle_vector,2c8b120debe12fd303a7f06497770c03ad10375f80aac91a1feeabe828c5d6e3,0abb46f642d8f6e8f67a51b9f0452e68e6df0e6d72248bde2166750ec75ab861
235-25-7(3),2,unet_pixel,3407,retained_segment_count,annotation_mask_same_extractor,86,114,28.0,28.0,32.55813953488372,valid,ok,ok,zero_length_angle_vector,zero_length_angle_vector,2c8b120debe12fd303a7f06497770c03ad10375f80aac91a1feeabe828c5d6e3,0abb46f642d8f6e8f67a51b9f0452e68e6df0e6d72248bde2166750ec75ab861
235-25-7(3),2,unet_pixel,3407,junction_region_count,annotation_mask_same_extractor,69,84,15.0,15.0,21.73913043478261,valid,ok,ok,zero_length_angle_vector,zero_length_angle_vector,2c8b120debe12fd303a7f06497770c03ad10375f80aac91a1feeabe828c5d6e3,0abb46f642d8f6e8f67a51b9f0452e68e6df0e6d72248bde2166750ec75ab861
235-25-7(3),2,unet_pixel,3407,mean_local_acute_angle_deg,annotation_mask_same_extractor,40.34148473985392,52.25905282876712,11.9175680889132,11.9175680889132,29.541719066030474,valid,ok,ok,zero_length_angle_vector,zero_length_angle_vector,2c8b120debe12fd303a7f06497770c03ad10375f80aac91a1feeabe828c5d6e3,0abb46f642d8f6e8f67a51b9f0452e68e6df0e6d72248bde2166750ec75ab861
235-25-9(1),4,unet_pixel,3407,dominant_path_length,annotation_mask_same_extractor,3126.4490603852128,1181.6559876977192,-1944.7930726874936,1944.7930726874936,62.204534125621535,valid,ok,ok,,zero_length_angle_vector,a44aabe48936de7e267908875859f9c440963c013122db96ca7e12819915e47a,d213449964014d26466fbbcc89c7f4d1cfd30bfa5f1cc629e7c7a8de39c69c51
235-25-9(1),4,unet_pixel,3407,retained_segment_count,annotation_mask_same_extractor,81,81,0.0,0.0,0.0,valid,ok,ok,,zero_length_angle_vector,a44aabe48936de7e267908875859f9c440963c013122db96ca7e12819915e47a,d213449964014d26466fbbcc89c7f4d1cfd30bfa5f1cc629e7c7a8de39c69c51
235-25-9(1),4,unet_pixel,3407,junction_region_count,annotation_mask_same_extractor,71,70,-1.0,1.0,1.4084507042253522,valid,ok,ok,,zero_length_angle_vector,a44aabe48936de7e267908875859f9c440963c013122db96ca7e12819915e47a,d213449964014d26466fbbcc89c7f4d1cfd30bfa5f1cc629e7c7a8de39c69c51
235-25-9(1),4,unet_pixel,3407,mean_local_acute_angle_deg,annotation_mask_same_extractor,56.36650915301412,55.682955386385046,-0.6835537666290747,0.6835537666290747,1.2126948730734421,valid,ok,ok,,zero_length_angle_vector,a44aabe48936de7e267908875859f9c440963c013122db96ca7e12819915e47a,d213449964014d26466fbbcc89c7f4d1cfd30bfa5f1cc629e7c7a8de39c69c51
235-25-9(2),4,unet_pixel,3407,dominant_path_length,annotation_mask_same_extractor,1133.901586977666,812.3107499061567,-321.5908370715093,321.5908370715093,28.36144165991396,valid,ok,ok,,zero_length_angle_vector,078e2f40e0375f4163f04a89f798c84e04ad144ea99252428ef60b382a208150,e34c287a35fcc6615e6a164df4310f5c0f94360ef40f47e67a774acb70233756
235-25-9(2),4,unet_pixel,3407,retained_segment_count,annotation_mask_same_extractor,72,71,-1.0,1.0,1.3888888888888888,valid,ok,ok,,zero_length_angle_vector,078e2f40e0375f4163f04a89f798c84e04ad144ea99252428ef60b382a208150,e34c287a35fcc6615e6a164df4310f5c0f94360ef40f47e67a774acb70233756
235-25-9(2),4,unet_pixel,3407,junction_region_count,annotation_mask_same_extractor,58,53,-5.0,5.0,8.620689655172415,valid,ok,ok,,zero_length_angle_vector,078e2f40e0375f4163f04a89f798c84e04ad144ea99252428ef60b382a208150,e34c287a35fcc6615e6a164df4310f5c0f94360ef40f47e67a774acb70233756
235-25-9(2),4,unet_pixel,3407,mean_local_acute_angle_deg,annotation_mask_same_extractor,48.80355339734289,49.617858617384535,0.8143052200416463,0.8143052200416463,1.6685367424208526,valid,ok,ok,,zero_length_angle_vector,078e2f40e0375f4163f04a89f798c84e04ad144ea99252428ef60b382a208150,e34c287a35fcc6615e6a164df4310f5c0f94360ef40f47e67a774acb70233756
235-25-9(3),1,unet_pixel,3407,dominant_path_length,annotation_mask_same_extractor,3014.9961748553196,904.9554108468295,-2110.04076400849,2110.04076400849,69.9848570822729,valid,ok,ok,,zero_length_angle_vector,04c79fb7e355280d60cd560ee7fce5e6be4db79fc76c2cc62ba5beb9dc7281f5,11a01643443f80dec809fabaca933df2586edaa67c98c44141760f939c2e6bcd
235-25-9(3),1,unet_pixel,3407,retained_segment_count,annotation_mask_same_extractor,162,180,18.0,18.0,11.11111111111111,valid,ok,ok,,zero_length_angle_vector,04c79fb7e355280d60cd560ee7fce5e6be4db79fc76c2cc62ba5beb9dc7281f5,11a01643443f80dec809fabaca933df2586edaa67c98c44141760f939c2e6bcd
235-25-9(3),1,unet_pixel,3407,junction_region_count,annotation_mask_same_extractor,148,130,-18.0,18.0,12.162162162162163,valid,ok,ok,,zero_length_angle_vector,04c79fb7e355280d60cd560ee7fce5e6be4db79fc76c2cc62ba5beb9dc7281f5,11a01643443f80dec809fabaca933df2586edaa67c98c44141760f939c2e6bcd
235-25-9(3),1,unet_pixel,3407,mean_local_acute_angle_deg,annotation_mask_same_extractor,63.95431651066043,48.399986195156295,-15.554330315504139,15.554330315504139,24.32100155884148,valid,ok,ok,,zero_length_angle_vector,04c79fb7e355280d60cd560ee7fce5e6be4db79fc76c2cc62ba5beb9dc7281f5,11a01643443f80dec809fabaca933df2586edaa67c98c44141760f939c2e6bcd
447-1-1,1,unet_pixel,3407,dominant_path_length,annotation_mask_same_extractor,3911.385135248214,4044.943576475377,133.55844122716326,133.55844122716326,3.41460727105534,valid,ok,ok,,,67a3ba2f50251e390c617a86eba391a70dc650351761a8b7c955b3e97cd90123,202ef3d49ef10b0ae46ea9a10275fb69d45605ee4ab0e0ba0bb4ee4507bb3331
447-1-1,1,unet_pixel,3407,retained_segment_count,annotation_mask_same_extractor,293,226,-67.0,67.0,22.866894197952217,valid,ok,ok,,,67a3ba2f50251e390c617a86eba391a70dc650351761a8b7c955b3e97cd90123,202ef3d49ef10b0ae46ea9a10275fb69d45605ee4ab0e0ba0bb4ee4507bb3331
447-1-1,1,unet_pixel,3407,junction_region_count,annotation_mask_same_extractor,271,194,-77.0,77.0,28.413284132841326,valid,ok,ok,,,67a3ba2f50251e390c617a86eba391a70dc650351761a8b7c955b3e97cd90123,202ef3d49ef10b0ae46ea9a10275fb69d45605ee4ab0e0ba0bb4ee4507bb3331
447-1-1,1,unet_pixel,3407,mean_local_acute_angle_deg,annotation_mask_same_extractor,61.706177398538195,55.45238116312056,-6.2537962354176315,6.2537962354176315,10.134797680022523,valid,ok,ok,,,67a3ba2f50251e390c617a86eba391a70dc650351761a8b7c955b3e97cd90123,202ef3d49ef10b0ae46ea9a10275fb69d45605ee4ab0e0ba0bb4ee4507bb3331
447-1-1(1),1,unet_pixel,3407,dominant_path_length,annotation_mask_same_extractor,3219.268252793949,884.4335495461304,-2334.8347032478187,2334.8347032478187,72.52687629312825,valid,ok,ok,,zero_length_angle_vector,0d1ba7e5e04b19e049d833c898b8b5dfd329ae106055ed93825b5e45ffe6aa84,a9e87c43e8f9471d00b666c59e430ecbd403a114e7b8f036a06c7e86b842ccdb
447-1-1(1),1,unet_pixel,3407,retained_segment_count,annotation_mask_same_extractor,138,140,2.0,2.0,1.4492753623188406,valid,ok,ok,,zero_length_angle_vector,0d1ba7e5e04b19e049d833c898b8b5dfd329ae106055ed93825b5e45ffe6aa84,a9e87c43e8f9471d00b666c59e430ecbd403a114e7b8f036a06c7e86b842ccdb
447-1-1(1),1,unet_pixel,3407,junction_region_count,annotation_mask_same_extractor,130,108,-22.0,22.0,16.923076923076923,valid,ok,ok,,zero_length_angle_vector,0d1ba7e5e04b19e049d833c898b8b5dfd329ae106055ed93825b5e45ffe6aa84,a9e87c43e8f9471d00b666c59e430ecbd403a114e7b8f036a06c7e86b842ccdb
447-1-1(1),1,unet_pixel,3407,mean_local_acute_angle_deg,annotation_mask_same_extractor,67.79905715669001,49.475724641764465,-18.323332514925546,18.323332514925546,27.025940010608995,valid,ok,ok,,zero_length_angle_vector,0d1ba7e5e04b19e049d833c898b8b5dfd329ae106055ed93825b5e45ffe6aa84,a9e87c43e8f9471d00b666c59e430ecbd403a114e7b8f036a06c7e86b842ccdb
7-1-3(1),4,unet_pixel,3407,dominant_path_length,annotation_mask_same_extractor,3591.411613906912,1351.9158723275414,-2239.4957415793706,2239.4957415793706,62.356977766275534,valid,ok,ok,,zero_length_angle_vector,bba8ccc94987683932ee1142fbfdf5f18f0e90a532fe1e011e5e0387316a0102,ed4495ee9fdb80cded1b52b647ee67749eaea01522afb3709d2d74da77b2f7e2
7-1-3(1),4,unet_pixel,3407,retained_segment_count,annotation_mask_same_extractor,415,397,-18.0,18.0,4.337349397590361,valid,ok,ok,,zero_length_angle_vector,bba8ccc94987683932ee1142fbfdf5f18f0e90a532fe1e011e5e0387316a0102,ed4495ee9fdb80cded1b52b647ee67749eaea01522afb3709d2d74da77b2f7e2
7-1-3(1),4,unet_pixel,3407,junction_region_count,annotation_mask_same_extractor,370,302,-68.0,68.0,18.37837837837838,valid,ok,ok,,zero_length_angle_vector,bba8ccc94987683932ee1142fbfdf5f18f0e90a532fe1e011e5e0387316a0102,ed4495ee9fdb80cded1b52b647ee67749eaea01522afb3709d2d74da77b2f7e2
7-1-3(1),4,unet_pixel,3407,mean_local_acute_angle_deg,annotation_mask_same_extractor,52.19068191429416,44.248951125510246,-7.941730788783914,7.941730788783914,15.216759960763811,valid,ok,ok,,zero_length_angle_vector,bba8ccc94987683932ee1142fbfdf5f18f0e90a532fe1e011e5e0387316a0102,ed4495ee9fdb80cded1b52b647ee67749eaea01522afb3709d2d74da77b2f7e2
7-1-3(2),4,unet_pixel,3407,dominant_path_length,annotation_mask_same_extractor,2479.356564548581,2248.8885271170566,-230.4680374315244,230.4680374315244,9.29547773510689,valid,ok,ok,,zero_length_angle_vector,28862657685f711ee260dae48d326375279a0325e0e0c82a6692a9516004f3bb,3650c96df1448a9aa77566477dccba471672d7e54bf1af2bc6ad2099cee32f52
7-1-3(2),4,unet_pixel,3407,retained_segment_count,annotation_mask_same_extractor,239,189,-50.0,50.0,20.920502092050206,valid,ok,ok,,zero_length_angle_vector,28862657685f711ee260dae48d326375279a0325e0e0c82a6692a9516004f3bb,3650c96df1448a9aa77566477dccba471672d7e54bf1af2bc6ad2099cee32f52
7-1-3(2),4,unet_pixel,3407,junction_region_count,annotation_mask_same_extractor,201,143,-58.0,58.0,28.855721393034827,valid,ok,ok,,zero_length_angle_vector,28862657685f711ee260dae48d326375279a0325e0e0c82a6692a9516004f3bb,3650c96df1448a9aa77566477dccba471672d7e54bf1af2bc6ad2099cee32f52
7-1-3(2),4,unet_pixel,3407,mean_local_acute_angle_deg,annotation_mask_same_extractor,52.02063707468777,44.28294890765003,-7.737688167037739,7.737688167037739,14.874266449156478,valid,ok,ok,,zero_length_angle_vector,28862657685f711ee260dae48d326375279a0325e0e0c82a6692a9516004f3bb,3650c96df1448a9aa77566477dccba471672d7e54bf1af2bc6ad2099cee32f52
7-1-3(3),0,unet_pixel,3407,dominant_path_length,annotation_mask_same_extractor,3139.476405595674,1672.1707063234808,-1467.3056992721931,1467.3056992721931,46.73727430016444,valid,ok,ok,zero_length_angle_vector,zero_length_angle_vector,eb3582ff4719e2750a945bfec7af39008d621c1fbaba7f242e61cf5fb5af1392,27ec5319543416c8ed8cbdcb37b47dc07ef1917cf312165f4c7a34c0fe922b51
7-1-3(3),0,unet_pixel,3407,retained_segment_count,annotation_mask_same_extractor,234,276,42.0,42.0,17.94871794871795,valid,ok,ok,zero_length_angle_vector,zero_length_angle_vector,eb3582ff4719e2750a945bfec7af39008d621c1fbaba7f242e61cf5fb5af1392,27ec5319543416c8ed8cbdcb37b47dc07ef1917cf312165f4c7a34c0fe922b51
7-1-3(3),0,unet_pixel,3407,junction_region_count,annotation_mask_same_extractor,206,228,22.0,22.0,10.679611650485436,valid,ok,ok,zero_length_angle_vector,zero_length_angle_vector,eb3582ff4719e2750a945bfec7af39008d621c1fbaba7f242e61cf5fb5af1392,27ec5319543416c8ed8cbdcb37b47dc07ef1917cf312165f4c7a34c0fe922b51
7-1-3(3),0,unet_pixel,3407,mean_local_acute_angle_deg,annotation_mask_same_extractor,55.62685066639042,48.362931005829665,-7.263919660560752,7.263919660560752,13.058297519168368,valid,ok,ok,zero_length_angle_vector,zero_length_angle_vector,eb3582ff4719e2750a945bfec7af39008d621c1fbaba7f242e61cf5fb5af1392,27ec5319543416c8ed8cbdcb37b47dc07ef1917cf312165f4c7a34c0fe922b51
7-1-6(1),0,unet_pixel,3407,dominant_path_length,annotation_mask_same_extractor,3188.726188957766,2040.7068529740545,-1148.0193359837117,1148.0193359837117,36.002443231381406,valid,ok,ok,,zero_length_angle_vector,cba0254b9e9151f7e11554a8e70e85d3aae5e2a96042767c54979c286faeb9a4,813ded6d0392cd8bc5221de08044435e726459f4733d812b176666afe50b0b33
7-1-6(1),0,unet_pixel,3407,retained_segment_count,annotation_mask_same_extractor,300,296,-4.0,4.0,1.3333333333333335,valid,ok,ok,,zero_length_angle_vector,cba0254b9e9151f7e11554a8e70e85d3aae5e2a96042767c54979c286faeb9a4,813ded6d0392cd8bc5221de08044435e726459f4733d812b176666afe50b0b33
7-1-6(1),0,unet_pixel,3407,junction_region_count,annotation_mask_same_extractor,268,272,4.0,4.0,1.4925373134328357,valid,ok,ok,,zero_length_angle_vector,cba0254b9e9151f7e11554a8e70e85d3aae5e2a96042767c54979c286faeb9a4,813ded6d0392cd8bc5221de08044435e726459f4733d812b176666afe50b0b33
7-1-6(1),0,unet_pixel,3407,mean_local_acute_angle_deg,annotation_mask_same_extractor,57.71657823171459,53.1344793502515,-4.582098881463089,4.582098881463089,7.938964889892379,valid,ok,ok,,zero_length_angle_vector,cba0254b9e9151f7e11554a8e70e85d3aae5e2a96042767c54979c286faeb9a4,813ded6d0392cd8bc5221de08044435e726459f4733d812b176666afe50b0b33
7-1-6(2),3,unet_pixel,3407,dominant_path_length,annotation_mask_same_extractor,4815.678641211786,1249.3595231414374,-3566.319118070349,3566.319118070349,74.05641829067197,valid,ok,ok,zero_length_angle_vector,,e3aea5a1ab8ea31c284842492594be58ed37bba1e364b53dc239f9c47cd34693,3d7c64bac1bbdcb08fbede1f88e5b0e7a6a219d614bee09895e00ae4649bd4bd
7-1-6(2),3,unet_pixel,3407,retained_segment_count,annotation_mask_same_extractor,436,402,-34.0,34.0,7.79816513761468,valid,ok,ok,zero_length_angle_vector,,e3aea5a1ab8ea31c284842492594be58ed37bba1e364b53dc239f9c47cd34693,3d7c64bac1bbdcb08fbede1f88e5b0e7a6a219d614bee09895e00ae4649bd4bd
7-1-6(2),3,unet_pixel,3407,junction_region_count,annotation_mask_same_extractor,321,300,-21.0,21.0,6.5420560747663545,valid,ok,ok,zero_length_angle_vector,,e3aea5a1ab8ea31c284842492594be58ed37bba1e364b53dc239f9c47cd34693,3d7c64bac1bbdcb08fbede1f88e5b0e7a6a219d614bee09895e00ae4649bd4bd
7-1-6(2),3,unet_pixel,3407,mean_local_acute_angle_deg,annotation_mask_same_extractor,45.76167325566849,42.678441964998925,-3.0832312906695662,3.0832312906695662,6.737584251877518,valid,ok,ok,zero_length_angle_vector,,e3aea5a1ab8ea31c284842492594be58ed37bba1e364b53dc239f9c47cd34693,3d7c64bac1bbdcb08fbede1f88e5b0e7a6a219d614bee09895e00ae4649bd4bd
7-1-6(3),2,unet_pixel,3407,dominant_path_length,annotation_mask_same_extractor,3149.346463280794,1095.6660889654843,-2053.6803743153096,2053.6803743153096,65.20973155096796,valid,ok,ok,zero_length_angle_vector,zero_length_angle_vector,175aad97304bc1efcc5da1ef9c37712fdcee8d0161a6f80fd823a18cef9139a0,04b62a620cfb30db32fae447240eb25815b8e192cb158a82363d89799f275604
7-1-6(3),2,unet_pixel,3407,retained_segment_count,annotation_mask_same_extractor,113,231,118.0,118.0,104.42477876106196,valid,ok,ok,zero_length_angle_vector,zero_length_angle_vector,175aad97304bc1efcc5da1ef9c37712fdcee8d0161a6f80fd823a18cef9139a0,04b62a620cfb30db32fae447240eb25815b8e192cb158a82363d89799f275604
7-1-6(3),2,unet_pixel,3407,junction_region_count,annotation_mask_same_extractor,82,185,103.0,103.0,125.60975609756098,valid,ok,ok,zero_length_angle_vector,zero_length_angle_vector,175aad97304bc1efcc5da1ef9c37712fdcee8d0161a6f80fd823a18cef9139a0,04b62a620cfb30db32fae447240eb25815b8e192cb158a82363d89799f275604
7-1-6(3),2,unet_pixel,3407,mean_local_acute_angle_deg,annotation_mask_same_extractor,52.34419986077857,42.171830141602896,-10.172369719175677,10.172369719175677,19.433613936656652,valid,ok,ok,zero_length_angle_vector,zero_length_angle_vector,175aad97304bc1efcc5da1ef9c37712fdcee8d0161a6f80fd823a18cef9139a0,04b62a620cfb30db32fae447240eb25815b8e192cb158a82363d89799f275604
7-1-6(4),0,unet_pixel,3407,dominant_path_length,annotation_mask_same_extractor,2934.7922061357463,3735.936433800478,801.1442276647317,801.1442276647317,27.298158485966606,valid,ok,ok,,,c0fc24472241d6b39ede8026e685b39939da6b7eb296c7092ba9ef7c6acbe239,4093121d8ac652cc365ce9e8eb5b8ee97762dc3d1bd37f4946cd52b8c8d2fb5e
7-1-6(4),0,unet_pixel,3407,retained_segment_count,annotation_mask_same_extractor,402,474,72.0,72.0,17.91044776119403,valid,ok,ok,,,c0fc24472241d6b39ede8026e685b39939da6b7eb296c7092ba9ef7c6acbe239,4093121d8ac652cc365ce9e8eb5b8ee97762dc3d1bd37f4946cd52b8c8d2fb5e
7-1-6(4),0,unet_pixel,3407,junction_region_count,annotation_mask_same_extractor,320,450,130.0,130.0,40.625,valid,ok,ok,,,c0fc24472241d6b39ede8026e685b39939da6b7eb296c7092ba9ef7c6acbe239,4093121d8ac652cc365ce9e8eb5b8ee97762dc3d1bd37f4946cd52b8c8d2fb5e
7-1-6(4),0,unet_pixel,3407,mean_local_acute_angle_deg,annotation_mask_same_extractor,45.58572184508618,46.14668314638939,0.560961301303216,0.560961301303216,1.2305636032473701,valid,ok,ok,,,c0fc24472241d6b39ede8026e685b39939da6b7eb296c7092ba9ef7c6acbe239,4093121d8ac652cc365ce9e8eb5b8ee97762dc3d1bd37f4946cd52b8c8d2fb5e
DN50-235-25-6(2),1,unet_pixel,3407,dominant_path_length,annotation_mask_same_extractor,1654.4398256692953,968.3128419472118,-686.1269837220834,686.1269837220834,41.47186093302089,valid,ok,ok,,zero_length_angle_vector,26158010911e4857cbb5605c765e186f4f05e7d62b2dcff5cd35f9038e6d54e6,e7c0eca01f110236fa61c218d84b76189cd25343c795f13e819933921632330b
DN50-235-25-6(2),1,unet_pixel,3407,retained_segment_count,annotation_mask_same_extractor,104,90,-14.0,14.0,13.461538461538462,valid,ok,ok,,zero_length_angle_vector,26158010911e4857cbb5605c765e186f4f05e7d62b2dcff5cd35f9038e6d54e6,e7c0eca01f110236fa61c218d84b76189cd25343c795f13e819933921632330b
DN50-235-25-6(2),1,unet_pixel,3407,junction_region_count,annotation_mask_same_extractor,97,69,-28.0,28.0,28.865979381443296,valid,ok,ok,,zero_length_angle_vector,26158010911e4857cbb5605c765e186f4f05e7d62b2dcff5cd35f9038e6d54e6,e7c0eca01f110236fa61c218d84b76189cd25343c795f13e819933921632330b
DN50-235-25-6(2),1,unet_pixel,3407,mean_local_acute_angle_deg,annotation_mask_same_extractor,48.376302759478975,54.21878868091667,5.842485921437692,5.842485921437692,12.07716503364429,valid,ok,ok,,zero_length_angle_vector,26158010911e4857cbb5605c765e186f4f05e7d62b2dcff5cd35f9038e6d54e6,e7c0eca01f110236fa61c218d84b76189cd25343c795f13e819933921632330b
DN50-235-25-6(3),1,unet_pixel,3407,dominant_path_length,annotation_mask_same_extractor,956.9015869776664,900.5655839020964,-56.336003075570034,56.336003075570034,5.887335107626369,valid,ok,ok,,zero_length_angle_vector,1c99a68f93f5396eb9701167417e60c3f506eddaae41784653661a85b4318891,ca80f6750bc3cb382f9fdb45689f44588860bfc68af411778af83daf2504657d
DN50-235-25-6(3),1,unet_pixel,3407,retained_segment_count,annotation_mask_same_extractor,110,84,-26.0,26.0,23.636363636363637,valid,ok,ok,,zero_length_angle_vector,1c99a68f93f5396eb9701167417e60c3f506eddaae41784653661a85b4318891,ca80f6750bc3cb382f9fdb45689f44588860bfc68af411778af83daf2504657d
DN50-235-25-6(3),1,unet_pixel,3407,junction_region_count,annotation_mask_same_extractor,90,66,-24.0,24.0,26.666666666666668,valid,ok,ok,,zero_length_angle_vector,1c99a68f93f5396eb9701167417e60c3f506eddaae41784653661a85b4318891,ca80f6750bc3cb382f9fdb45689f44588860bfc68af411778af83daf2504657d
DN50-235-25-6(3),1,unet_pixel,3407,mean_local_acute_angle_deg,annotation_mask_same_extractor,55.84661373210531,47.528512892163654,-8.318100839941657,8.318100839941657,14.894548270810763,valid,ok,ok,,zero_length_angle_vector,1c99a68f93f5396eb9701167417e60c3f506eddaae41784653661a85b4318891,ca80f6750bc3cb382f9fdb45689f44588860bfc68af411778af83daf2504657d
DN50-235-25-7(1),0,unet_pixel,3407,dominant_path_length,annotation_mask_same_extractor,835.1076477383253,801.7787873376926,-33.32886040063272,33.32886040063272,3.990965774399909,valid,ok,ok,,,1d15d42a8683193e72d4801bf8661ed463c57674766c0904ac6147226c6fad64,768b1311a4e7945657f72e04662cfb109c4ae4971acf4b50175144f55b051b21
DN50-235-25-7(1),0,unet_pixel,3407,retained_segment_count,annotation_mask_same_extractor,86,78,-8.0,8.0,9.30232558139535,valid,ok,ok,,,1d15d42a8683193e72d4801bf8661ed463c57674766c0904ac6147226c6fad64,768b1311a4e7945657f72e04662cfb109c4ae4971acf4b50175144f55b051b21
DN50-235-25-7(1),0,unet_pixel,3407,junction_region_count,annotation_mask_same_extractor,71,62,-9.0,9.0,12.676056338028168,valid,ok,ok,,,1d15d42a8683193e72d4801bf8661ed463c57674766c0904ac6147226c6fad64,768b1311a4e7945657f72e04662cfb109c4ae4971acf4b50175144f55b051b21
DN50-235-25-7(1),0,unet_pixel,3407,mean_local_acute_angle_deg,annotation_mask_same_extractor,53.845303485648856,48.72338709539803,-5.121916390250824,5.121916390250824,9.512280660867564,valid,ok,ok,,,1d15d42a8683193e72d4801bf8661ed463c57674766c0904ac6147226c6fad64,768b1311a4e7945657f72e04662cfb109c4ae4971acf4b50175144f55b051b21
W82-447-1-13-3(1),3,unet_pixel,3407,dominant_path_length,annotation_mask_same_extractor,2963.730373039836,1469.9474016201189,-1493.7829714197173,1493.7829714197173,50.40212109064346,valid,ok,ok,,zero_length_angle_vector,e400970fc4f5749000b5101345fe28f7835a0cd40cd105ff701d3d5565a3fd20,be0cf9583ec6587fca4e0b4a1a6f466a1c9025d5430fef8fb1d612b75e45fd31
W82-447-1-13-3(1),3,unet_pixel,3407,retained_segment_count,annotation_mask_same_extractor,76,207,131.0,131.0,172.36842105263156,valid,ok,ok,,zero_length_angle_vector,e400970fc4f5749000b5101345fe28f7835a0cd40cd105ff701d3d5565a3fd20,be0cf9583ec6587fca4e0b4a1a6f466a1c9025d5430fef8fb1d612b75e45fd31
W82-447-1-13-3(1),3,unet_pixel,3407,junction_region_count,annotation_mask_same_extractor,50,157,107.0,107.0,214.0,valid,ok,ok,,zero_length_angle_vector,e400970fc4f5749000b5101345fe28f7835a0cd40cd105ff701d3d5565a3fd20,be0cf9583ec6587fca4e0b4a1a6f466a1c9025d5430fef8fb1d612b75e45fd31
W82-447-1-13-3(1),3,unet_pixel,3407,mean_local_acute_angle_deg,annotation_mask_same_extractor,45.41755671898957,46.98265705990534,1.5651003409157696,1.5651003409157696,3.446024960346192,valid,ok,ok,,zero_length_angle_vector,e400970fc4f5749000b5101345fe28f7835a0cd40cd105ff701d3d5565a3fd20,be0cf9583ec6587fca4e0b4a1a6f466a1c9025d5430fef8fb1d612b75e45fd31
W82-447-1-13-7(1),4,unet_pixel,3407,dominant_path_length,annotation_mask_same_extractor,2599.841845922817,1400.1950929411207,-1199.6467529816962,1199.6467529816962,46.14306654318352,valid,ok,ok,,zero_length_angle_vector,d7caafd48ba702bb9ca2578cb356a3cab186bfab19d8fbb7f0fc5a6ba0ddb53b,5510fb7906573e68c4d374d884983f5ca537ff05a5a81562e07b4dd585226550
W82-447-1-13-7(1),4,unet_pixel,3407,retained_segment_count,annotation_mask_same_extractor,161,136,-25.0,25.0,15.527950310559005,valid,ok,ok,,zero_length_angle_vector,d7caafd48ba702bb9ca2578cb356a3cab186bfab19d8fbb7f0fc5a6ba0ddb53b,5510fb7906573e68c4d374d884983f5ca537ff05a5a81562e07b4dd585226550
W82-447-1-13-7(1),4,unet_pixel,3407,junction_region_count,annotation_mask_same_extractor,124,114,-10.0,10.0,8.064516129032258,valid,ok,ok,,zero_length_angle_vector,d7caafd48ba702bb9ca2578cb356a3cab186bfab19d8fbb7f0fc5a6ba0ddb53b,5510fb7906573e68c4d374d884983f5ca537ff05a5a81562e07b4dd585226550
W82-447-1-13-7(1),4,unet_pixel,3407,mean_local_acute_angle_deg,annotation_mask_same_extractor,45.765543776284055,52.95238059636115,7.186836820077097,7.186836820077097,15.703597569404067,valid,ok,ok,,zero_length_angle_vector,d7caafd48ba702bb9ca2578cb356a3cab186bfab19d8fbb7f0fc5a6ba0ddb53b,5510fb7906573e68c4d374d884983f5ca537ff05a5a81562e07b4dd585226550
W82-447-1-13-7(2),3,unet_pixel,3407,dominant_path_length,annotation_mask_same_extractor,2569.818684794427,704.6660889654843,-1865.1525958289428,1865.1525958289428,72.5791514734101,valid,ok,ok,zero_length_angle_vector,zero_length_angle_vector,8401bb2188e5c3832e902ef0e29c7a72c6580cd0868364d9f97716efdec87255,036d22813c09c8f7d575c7e14cb0721a26523ef73c075110f6d7ec92b95bb322
W82-447-1-13-7(2),3,unet_pixel,3407,retained_segment_count,annotation_mask_same_extractor,37,44,7.0,7.0,18.91891891891892,valid,ok,ok,zero_length_angle_vector,zero_length_angle_vector,8401bb2188e5c3832e902ef0e29c7a72c6580cd0868364d9f97716efdec87255,036d22813c09c8f7d575c7e14cb0721a26523ef73c075110f6d7ec92b95bb322
W82-447-1-13-7(2),3,unet_pixel,3407,junction_region_count,annotation_mask_same_extractor,28,33,5.0,5.0,17.857142857142858,valid,ok,ok,zero_length_angle_vector,zero_length_angle_vector,8401bb2188e5c3832e902ef0e29c7a72c6580cd0868364d9f97716efdec87255,036d22813c09c8f7d575c7e14cb0721a26523ef73c075110f6d7ec92b95bb322
W82-447-1-13-7(2),3,unet_pixel,3407,mean_local_acute_angle_deg,annotation_mask_same_extractor,56.21991760625045,52.51020932792683,-3.7097082783236175,3.7097082783236175,6.598565839789096,valid,ok,ok,zero_length_angle_vector,zero_length_angle_vector,8401bb2188e5c3832e902ef0e29c7a72c6580cd0868364d9f97716efdec87255,036d22813c09c8f7d575c7e14cb0721a26523ef73c075110f6d7ec92b95bb322
W82-447-1-13-7(3),2,unet_pixel,3407,dominant_path_length,annotation_mask_same_extractor,3607.1963184303277,2015.5870119269086,-1591.609306503419,1591.609306503419,44.123168411194435,valid,ok,ok,zero_length_angle_vector,zero_length_angle_vector,4b63fae36f1e264804fc841b3fbba41c7e9f5be06b268aa37989d57f23a39479,82a67ed8844b31842f6e49835ed14b014e661fe04987325aee5568f78a79d14f
W82-447-1-13-7(3),2,unet_pixel,3407,retained_segment_count,annotation_mask_same_extractor,125,411,286.0,286.0,228.79999999999998,valid,ok,ok,zero_length_angle_vector,zero_length_angle_vector,4b63fae36f1e264804fc841b3fbba41c7e9f5be06b268aa37989d57f23a39479,82a67ed8844b31842f6e49835ed14b014e661fe04987325aee5568f78a79d14f
W82-447-1-13-7(3),2,unet_pixel,3407,junction_region_count,annotation_mask_same_extractor,86,321,235.0,235.0,273.25581395348837,valid,ok,ok,zero_length_angle_vector,zero_length_angle_vector,4b63fae36f1e264804fc841b3fbba41c7e9f5be06b268aa37989d57f23a39479,82a67ed8844b31842f6e49835ed14b014e661fe04987325aee5568f78a79d14f
W82-447-1-13-7(3),2,unet_pixel,3407,mean_local_acute_angle_deg,annotation_mask_same_extractor,42.04523834094305,42.22708824337733,0.1818499024342799,0.1818499024342799,0.4325101000966311,valid,ok,ok,zero_length_angle_vector,zero_length_angle_vector,4b63fae36f1e264804fc841b3fbba41c7e9f5be06b268aa37989d57f23a39479,82a67ed8844b31842f6e49835ed14b014e661fe04987325aee5568f78a79d14f
10-1-1,3,unet_pixel,2026,dominant_path_length,annotation_mask_same_extractor,3519.0348468227903,3374.071067811865,-144.96377901092546,144.96377901092546,4.119418684978583,valid,ok,ok,zero_length_angle_vector,,8664187dcbcab44c4dae8da26d028efb21268d9709753c186a39d03660a06fc7,72a1df3944926efd4c6e215f5bbd13621f4b753571394dff92f770cd68f4f547
10-1-1,3,unet_pixel,2026,retained_segment_count,annotation_mask_same_extractor,134,174,40.0,40.0,29.850746268656714,valid,ok,ok,zero_length_angle_vector,,8664187dcbcab44c4dae8da26d028efb21268d9709753c186a39d03660a06fc7,72a1df3944926efd4c6e215f5bbd13621f4b753571394dff92f770cd68f4f547
10-1-1,3,unet_pixel,2026,junction_region_count,annotation_mask_same_extractor,121,126,5.0,5.0,4.132231404958678,valid,ok,ok,zero_length_angle_vector,,8664187dcbcab44c4dae8da26d028efb21268d9709753c186a39d03660a06fc7,72a1df3944926efd4c6e215f5bbd13621f4b753571394dff92f770cd68f4f547
10-1-1,3,unet_pixel,2026,mean_local_acute_angle_deg,annotation_mask_same_extractor,64.6739875375559,44.38527428933033,-20.28871324822557,20.28871324822557,31.370747375742063,valid,ok,ok,zero_length_angle_vector,,8664187dcbcab44c4dae8da26d028efb21268d9709753c186a39d03660a06fc7,72a1df3944926efd4c6e215f5bbd13621f4b753571394dff92f770cd68f4f547
10-1-1(1),3,unet_pixel,2026,dominant_path_length,annotation_mask_same_extractor,2848.0794359760534,3503.556349186103,655.4769132100496,655.4769132100496,23.01469913129069,valid,ok,ok,,,c95c0337715266ccd3aad838a4ef3ab80e74ba76f5d714ecb44e5a5615b3ce7c,969e04b99d1b4da083b1cafb090f5a984999d9c2ee3c862996e5e0e3a1754794
10-1-1(1),3,unet_pixel,2026,retained_segment_count,annotation_mask_same_extractor,35,82,47.0,47.0,134.28571428571428,valid,ok,ok,,,c95c0337715266ccd3aad838a4ef3ab80e74ba76f5d714ecb44e5a5615b3ce7c,969e04b99d1b4da083b1cafb090f5a984999d9c2ee3c862996e5e0e3a1754794
10-1-1(1),3,unet_pixel,2026,junction_region_count,annotation_mask_same_extractor,28,64,36.0,36.0,128.57142857142858,valid,ok,ok,,,c95c0337715266ccd3aad838a4ef3ab80e74ba76f5d714ecb44e5a5615b3ce7c,969e04b99d1b4da083b1cafb090f5a984999d9c2ee3c862996e5e0e3a1754794
10-1-1(1),3,unet_pixel,2026,mean_local_acute_angle_deg,annotation_mask_same_extractor,45.23478785039287,33.597388627469,-11.637399222923868,11.637399222923868,25.726658122975582,valid,ok,ok,,,c95c0337715266ccd3aad838a4ef3ab80e74ba76f5d714ecb44e5a5615b3ce7c,969e04b99d1b4da083b1cafb090f5a984999d9c2ee3c862996e5e0e3a1754794
10-1-1(2),1,unet_pixel,2026,dominant_path_length,annotation_mask_same_extractor,1262.4823227814104,406.0731598529197,-856.4091629284908,856.4091629284908,67.8353389568031,valid,ok,ok,,zero_length_angle_vector,6c74e98b918771eb646a7e1d44c8ef0b3c96078814c8b8db61045d1816697d12,36507177470d663596c157c230f84d03e5e6340885382ec8e2a2eb3d2718a9f3
10-1-1(2),1,unet_pixel,2026,retained_segment_count,annotation_mask_same_extractor,25,54,29.0,29.0,115.99999999999999,valid,ok,ok,,zero_length_angle_vector,6c74e98b918771eb646a7e1d44c8ef0b3c96078814c8b8db61045d1816697d12,36507177470d663596c157c230f84d03e5e6340885382ec8e2a2eb3d2718a9f3
10-1-1(2),1,unet_pixel,2026,junction_region_count,annotation_mask_same_extractor,23,42,19.0,19.0,82.6086956521739,valid,ok,ok,,zero_length_angle_vector,6c74e98b918771eb646a7e1d44c8ef0b3c96078814c8b8db61045d1816697d12,36507177470d663596c157c230f84d03e5e6340885382ec8e2a2eb3d2718a9f3
10-1-1(2),1,unet_pixel,2026,mean_local_acute_angle_deg,annotation_mask_same_extractor,46.29442229680335,43.83317393288332,-2.4612483639200278,2.4612483639200278,5.316511669895011,valid,ok,ok,,zero_length_angle_vector,6c74e98b918771eb646a7e1d44c8ef0b3c96078814c8b8db61045d1816697d12,36507177470d663596c157c230f84d03e5e6340885382ec8e2a2eb3d2718a9f3
10-1-1(3),2,unet_pixel,2026,dominant_path_length,annotation_mask_same_extractor,2611.2834046956673,1700.0722933011475,-911.2111113945198,911.2111113945198,34.89514427104925,valid,ok,ok,,,49a1138291b2427ae244c26c8d481f7bf7c311eb24e2003613787dba24d6ff37,909301ef04ceab9f4aae65e28d2f45e9b88221d58080b2f2a70f178745a74381
10-1-1(3),2,unet_pixel,2026,retained_segment_count,annotation_mask_same_extractor,36,158,122.0,122.0,338.88888888888886,valid,ok,ok,,,49a1138291b2427ae244c26c8d481f7bf7c311eb24e2003613787dba24d6ff37,909301ef04ceab9f4aae65e28d2f45e9b88221d58080b2f2a70f178745a74381
10-1-1(3),2,unet_pixel,2026,junction_region_count,annotation_mask_same_extractor,23,160,137.0,137.0,595.6521739130435,valid,ok,ok,,,49a1138291b2427ae244c26c8d481f7bf7c311eb24e2003613787dba24d6ff37,909301ef04ceab9f4aae65e28d2f45e9b88221d58080b2f2a70f178745a74381
10-1-1(3),2,unet_pixel,2026,mean_local_acute_angle_deg,annotation_mask_same_extractor,44.403113779145116,37.416174669813806,-6.98693910933131,6.98693910933131,15.735245830018519,valid,ok,ok,,,49a1138291b2427ae244c26c8d481f7bf7c311eb24e2003613787dba24d6ff37,909301ef04ceab9f4aae65e28d2f45e9b88221d58080b2f2a70f178745a74381
10-1-2,2,unet_pixel,2026,dominant_path_length,annotation_mask_same_extractor,3713.5222202381024,3316.7038943811294,-396.81832585697293,396.81832585697293,10.685766835980584,valid,ok,ok,zero_length_angle_vector,zero_length_angle_vector,353a8fded79e4327f12b6866ba2014151a10168db01aad99108b5fae01f5e4ac,4b475fb4a9cd0ff82b66e565da8d2737307141abf1f42e4e37d59222384f8f0f
10-1-2,2,unet_pixel,2026,retained_segment_count,annotation_mask_same_extractor,171,415,244.0,244.0,142.69005847953215,valid,ok,ok,zero_length_angle_vector,zero_length_angle_vector,353a8fded79e4327f12b6866ba2014151a10168db01aad99108b5fae01f5e4ac,4b475fb4a9cd0ff82b66e565da8d2737307141abf1f42e4e37d59222384f8f0f
10-1-2,2,unet_pixel,2026,junction_region_count,annotation_mask_same_extractor,124,428,304.0,304.0,245.16129032258064,valid,ok,ok,zero_length_angle_vector,zero_length_angle_vector,353a8fded79e4327f12b6866ba2014151a10168db01aad99108b5fae01f5e4ac,4b475fb4a9cd0ff82b66e565da8d2737307141abf1f42e4e37d59222384f8f0f
10-1-2,2,unet_pixel,2026,mean_local_acute_angle_deg,annotation_mask_same_extractor,58.66827912377103,54.94359960165482,-3.7246795221162117,3.7246795221162117,6.348711054330308,valid,ok,ok,zero_length_angle_vector,zero_length_angle_vector,353a8fded79e4327f12b6866ba2014151a10168db01aad99108b5fae01f5e4ac,4b475fb4a9cd0ff82b66e565da8d2737307141abf1f42e4e37d59222384f8f0f
10-1-2(1),4,unet_pixel,2026,dominant_path_length,annotation_mask_same_extractor,3355.4095218658804,3229.828427124746,-125.58109474113417,125.58109474113417,3.7426458357101184,valid,ok,ok,zero_length_angle_vector,,dca0abd7cde7ab357484642e540a2d1fa449818245a1cd800eb7c824264f02ad,921c7cf697fcb5b77dc96fda440045ff7c0c25477b56ac0a1dc28bcbbb921a92
10-1-2(1),4,unet_pixel,2026,retained_segment_count,annotation_mask_same_extractor,118,246,128.0,128.0,108.47457627118644,valid,ok,ok,zero_length_angle_vector,,dca0abd7cde7ab357484642e540a2d1fa449818245a1cd800eb7c824264f02ad,921c7cf697fcb5b77dc96fda440045ff7c0c25477b56ac0a1dc28bcbbb921a92
10-1-2(1),4,unet_pixel,2026,junction_region_count,annotation_mask_same_extractor,111,213,102.0,102.0,91.8918918918919,valid,ok,ok,zero_length_angle_vector,,dca0abd7cde7ab357484642e540a2d1fa449818245a1cd800eb7c824264f02ad,921c7cf697fcb5b77dc96fda440045ff7c0c25477b56ac0a1dc28bcbbb921a92
10-1-2(1),4,unet_pixel,2026,mean_local_acute_angle_deg,annotation_mask_same_extractor,64.3632990483418,45.80426288336565,-18.55903616497615,18.55903616497615,28.834811825038493,valid,ok,ok,zero_length_angle_vector,,dca0abd7cde7ab357484642e540a2d1fa449818245a1cd800eb7c824264f02ad,921c7cf697fcb5b77dc96fda440045ff7c0c25477b56ac0a1dc28bcbbb921a92
10-1-2(2),1,unet_pixel,2026,dominant_path_length,annotation_mask_same_extractor,3058.3027406794067,698.9554108468291,-2359.3473298325775,2359.3473298325775,77.14564351168337,valid,ok,ok,,zero_length_angle_vector,4b38a74ce55736e7f197e42aeba61399727ea00792e40e895bf41a3d30fe7957,d64318133c509757ff404969d1c4a11af93347bb748d215a6e39a1cacfbba957
10-1-2(2),1,unet_pixel,2026,retained_segment_count,annotation_mask_same_extractor,191,146,-45.0,45.0,23.56020942408377,valid,ok,ok,,zero_length_angle_vector,4b38a74ce55736e7f197e42aeba61399727ea00792e40e895bf41a3d30fe7957,d64318133c509757ff404969d1c4a11af93347bb748d215a6e39a1cacfbba957
10-1-2(2),1,unet_pixel,2026,junction_region_count,annotation_mask_same_extractor,175,119,-56.0,56.0,32.0,valid,ok,ok,,zero_length_angle_vector,4b38a74ce55736e7f197e42aeba61399727ea00792e40e895bf41a3d30fe7957,d64318133c509757ff404969d1c4a11af93347bb748d215a6e39a1cacfbba957
10-1-2(2),1,unet_pixel,2026,mean_local_acute_angle_deg,annotation_mask_same_extractor,65.94127676600104,51.93480800857291,-14.00646875742813,14.00646875742813,21.24082129487943,valid,ok,ok,,zero_length_angle_vector,4b38a74ce55736e7f197e42aeba61399727ea00792e40e895bf41a3d30fe7957,d64318133c509757ff404969d1c4a11af93347bb748d215a6e39a1cacfbba957
10-1-2(3),0,unet_pixel,2026,dominant_path_length,annotation_mask_same_extractor,2345.481456229622,3243.3797256769603,897.8982694473384,897.8982694473384,38.28204512393444,valid,ok,ok,,,0508c3be24e6c021d5aacff3b5010997bb235211f0adc484cda889c0830022b8,db5dcd6c7def23bca4f2949be21c8ae1282b11a7544cc3374b6cf158061c8b10
10-1-2(3),0,unet_pixel,2026,retained_segment_count,annotation_mask_same_extractor,115,153,38.0,38.0,33.04347826086956,valid,ok,ok,,,0508c3be24e6c021d5aacff3b5010997bb235211f0adc484cda889c0830022b8,db5dcd6c7def23bca4f2949be21c8ae1282b11a7544cc3374b6cf158061c8b10
10-1-2(3),0,unet_pixel,2026,junction_region_count,annotation_mask_same_extractor,84,123,39.0,39.0,46.42857142857143,valid,ok,ok,,,0508c3be24e6c021d5aacff3b5010997bb235211f0adc484cda889c0830022b8,db5dcd6c7def23bca4f2949be21c8ae1282b11a7544cc3374b6cf158061c8b10
10-1-2(3),0,unet_pixel,2026,mean_local_acute_angle_deg,annotation_mask_same_extractor,50.491311152922826,49.8340326120655,-0.6572785408573267,0.6572785408573267,1.301765642145101,valid,ok,ok,,,0508c3be24e6c021d5aacff3b5010997bb235211f0adc484cda889c0830022b8,db5dcd6c7def23bca4f2949be21c8ae1282b11a7544cc3374b6cf158061c8b10
10-1-3,0,unet_pixel,2026,dominant_path_length,annotation_mask_same_extractor,2813.8023074034836,3234.9238815542467,421.1215741507631,421.1215741507631,14.96628149897869,valid,ok,ok,,,2cd8dd3611b047ab44310b595f5423ee107fb5f6bbd6f0ce078f5a1c70656dd8,3173b37e5b2dc09eb2c1bd31a678fba599e79733dbe01c4c6e1fcdbb2685a034
10-1-3,0,unet_pixel,2026,retained_segment_count,annotation_mask_same_extractor,172,179,7.0,7.0,4.069767441860465,valid,ok,ok,,,2cd8dd3611b047ab44310b595f5423ee107fb5f6bbd6f0ce078f5a1c70656dd8,3173b37e5b2dc09eb2c1bd31a678fba599e79733dbe01c4c6e1fcdbb2685a034
10-1-3,0,unet_pixel,2026,junction_region_count,annotation_mask_same_extractor,123,147,24.0,24.0,19.51219512195122,valid,ok,ok,,,2cd8dd3611b047ab44310b595f5423ee107fb5f6bbd6f0ce078f5a1c70656dd8,3173b37e5b2dc09eb2c1bd31a678fba599e79733dbe01c4c6e1fcdbb2685a034
10-1-3,0,unet_pixel,2026,mean_local_acute_angle_deg,annotation_mask_same_extractor,50.036178890454096,43.50536695261596,-6.530811937838138,6.530811937838138,13.052179608151665,valid,ok,ok,,,2cd8dd3611b047ab44310b595f5423ee107fb5f6bbd6f0ce078f5a1c70656dd8,3173b37e5b2dc09eb2c1bd31a678fba599e79733dbe01c4c6e1fcdbb2685a034
10-1-9(1),3,unet_pixel,2026,dominant_path_length,annotation_mask_same_extractor,3092.5058428472184,3222.7279220613573,130.22207921413883,130.22207921413883,4.210891937854693,valid,ok,ok,zero_length_angle_vector,,6bdc1df0f3e1a66f56d545bec926abaf60b6bca31c0f8ea06ad939681c464d8a,11b43cfcae244de3a0d686d94c53bd06afac4da8c0e081ca95073ed4ac8fb0c2
10-1-9(1),3,unet_pixel,2026,retained_segment_count,annotation_mask_same_extractor,106,250,144.0,144.0,135.8490566037736,valid,ok,ok,zero_length_angle_vector,,6bdc1df0f3e1a66f56d545bec926abaf60b6bca31c0f8ea06ad939681c464d8a,11b43cfcae244de3a0d686d94c53bd06afac4da8c0e081ca95073ed4ac8fb0c2
10-1-9(1),3,unet_pixel,2026,junction_region_count,annotation_mask_same_extractor,91,248,157.0,157.0,172.52747252747253,valid,ok,ok,zero_length_angle_vector,,6bdc1df0f3e1a66f56d545bec926abaf60b6bca31c0f8ea06ad939681c464d8a,11b43cfcae244de3a0d686d94c53bd06afac4da8c0e081ca95073ed4ac8fb0c2
10-1-9(1),3,unet_pixel,2026,mean_local_acute_angle_deg,annotation_mask_same_extractor,62.85401304883498,48.413472505765824,-14.440540543069154,14.440540543069154,22.97473119472809,valid,ok,ok,zero_length_angle_vector,,6bdc1df0f3e1a66f56d545bec926abaf60b6bca31c0f8ea06ad939681c464d8a,11b43cfcae244de3a0d686d94c53bd06afac4da8c0e081ca95073ed4ac8fb0c2
10-1-9(2),3,unet_pixel,2026,dominant_path_length,annotation_mask_same_extractor,3383.6256838943486,3228.556349186103,-155.0693347082456,155.0693347082456,4.58293408299733,valid,ok,ok,zero_length_angle_vector,,e68f65f812ffdebb564961ebaea365b072d4546ab06227eea2987e2d586b741c,49642bb5624571339c75c9b35001627566622ebb5a8298e0f82eeea989d783b9
10-1-9(2),3,unet_pixel,2026,retained_segment_count,annotation_mask_same_extractor,71,166,95.0,95.0,133.80281690140845,valid,ok,ok,zero_length_angle_vector,,e68f65f812ffdebb564961ebaea365b072d4546ab06227eea2987e2d586b741c,49642bb5624571339c75c9b35001627566622ebb5a8298e0f82eeea989d783b9
10-1-9(2),3,unet_pixel,2026,junction_region_count,annotation_mask_same_extractor,68,126,58.0,58.0,85.29411764705883,valid,ok,ok,zero_length_angle_vector,,e68f65f812ffdebb564961ebaea365b072d4546ab06227eea2987e2d586b741c,49642bb5624571339c75c9b35001627566622ebb5a8298e0f82eeea989d783b9
10-1-9(2),3,unet_pixel,2026,mean_local_acute_angle_deg,annotation_mask_same_extractor,74.17544013119233,47.45433294883785,-26.72110718235448,26.72110718235448,36.02419767930395,valid,ok,ok,zero_length_angle_vector,,e68f65f812ffdebb564961ebaea365b072d4546ab06227eea2987e2d586b741c,49642bb5624571339c75c9b35001627566622ebb5a8298e0f82eeea989d783b9
10-1-9(3),4,unet_pixel,2026,dominant_path_length,annotation_mask_same_extractor,3197.890619158038,3213.828427124746,15.937807966708078,15.937807966708078,0.49838502515462174,valid,ok,ok,zero_length_angle_vector,,a679e2e7ed9fdcb61509a97389dcfc4f21915719e2fb5feb5bf89f66c0d48f13,48c109dda7f9db74f25c26e7120ec80d085dfbbf2033bb8bd2b31ced335e8e97
10-1-9(3),4,unet_pixel,2026,retained_segment_count,annotation_mask_same_extractor,41,216,175.0,175.0,426.82926829268297,valid,ok,ok,zero_length_angle_vector,,a679e2e7ed9fdcb61509a97389dcfc4f21915719e2fb5feb5bf89f66c0d48f13,48c109dda7f9db74f25c26e7120ec80d085dfbbf2033bb8bd2b31ced335e8e97
10-1-9(3),4,unet_pixel,2026,junction_region_count,annotation_mask_same_extractor,28,172,144.0,144.0,514.2857142857143,valid,ok,ok,zero_length_angle_vector,,a679e2e7ed9fdcb61509a97389dcfc4f21915719e2fb5feb5bf89f66c0d48f13,48c109dda7f9db74f25c26e7120ec80d085dfbbf2033bb8bd2b31ced335e8e97
10-1-9(3),4,unet_pixel,2026,mean_local_acute_angle_deg,annotation_mask_same_extractor,72.9003576118845,44.599636279315945,-28.300721332568557,28.300721332568557,38.82110082811838,valid,ok,ok,zero_length_angle_vector,,a679e2e7ed9fdcb61509a97389dcfc4f21915719e2fb5feb5bf89f66c0d48f13,48c109dda7f9db74f25c26e7120ec80d085dfbbf2033bb8bd2b31ced335e8e97
10-2-1,0,unet_pixel,2026,dominant_path_length,annotation_mask_same_extractor,3683.691701072309,3234.0954544295,-449.5962466428091,449.5962466428091,12.205045457846902,valid,ok,ok,,,fa084051c73ad9c7523229d0a267965c6c54c6c2f9b135b697a09f5f4d254434,f7bee8e740e743e6f467559f89f8ccaffe35da0cb10430e163e92d0a8fae1486
10-2-1,0,unet_pixel,2026,retained_segment_count,annotation_mask_same_extractor,226,305,79.0,79.0,34.95575221238938,valid,ok,ok,,,fa084051c73ad9c7523229d0a267965c6c54c6c2f9b135b697a09f5f4d254434,f7bee8e740e743e6f467559f89f8ccaffe35da0cb10430e163e92d0a8fae1486
10-2-1,0,unet_pixel,2026,junction_region_count,annotation_mask_same_extractor,188,227,39.0,39.0,20.74468085106383,valid,ok,ok,,,fa084051c73ad9c7523229d0a267965c6c54c6c2f9b135b697a09f5f4d254434,f7bee8e740e743e6f467559f89f8ccaffe35da0cb10430e163e92d0a8fae1486
10-2-1,0,unet_pixel,2026,mean_local_acute_angle_deg,annotation_mask_same_extractor,56.550116513732696,44.001532732136006,-12.54858378159669,12.54858378159669,22.190199694017213,valid,ok,ok,,,fa084051c73ad9c7523229d0a267965c6c54c6c2f9b135b697a09f5f4d254434,f7bee8e740e743e6f467559f89f8ccaffe35da0cb10430e163e92d0a8fae1486
10-2-2,3,unet_pixel,2026,dominant_path_length,annotation_mask_same_extractor,3768.2156544140043,3220.071067811865,-548.1445866021395,548.1445866021395,14.546529096869895,valid,ok,ok,,,888178f6e1d682dbadbaecc08afac163678dd08a3e69f328f11b072009899c8c,82afae2c6beb21899488565e0faaa6bafbb17d373d9cfac493409a35f728d563
10-2-2,3,unet_pixel,2026,retained_segment_count,annotation_mask_same_extractor,329,446,117.0,117.0,35.56231003039514,valid,ok,ok,,,888178f6e1d682dbadbaecc08afac163678dd08a3e69f328f11b072009899c8c,82afae2c6beb21899488565e0faaa6bafbb17d373d9cfac493409a35f728d563
10-2-2,3,unet_pixel,2026,junction_region_count,annotation_mask_same_extractor,293,334,41.0,41.0,13.993174061433447,valid,ok,ok,,,888178f6e1d682dbadbaecc08afac163678dd08a3e69f328f11b072009899c8c,82afae2c6beb21899488565e0faaa6bafbb17d373d9cfac493409a35f728d563
10-2-2,3,unet_pixel,2026,mean_local_acute_angle_deg,annotation_mask_same_extractor,59.493993970760265,47.53063049312147,-11.963363477638794,11.963363477638794,20.10852302758237,valid,ok,ok,,,888178f6e1d682dbadbaecc08afac163678dd08a3e69f328f11b072009899c8c,82afae2c6beb21899488565e0faaa6bafbb17d373d9cfac493409a35f728d563
10-2-3,3,unet_pixel,2026,dominant_path_length,annotation_mask_same_extractor,782.7442994522875,3375.4852813742377,2592.74098192195,2592.74098192195,331.23728703437104,valid,ok,ok,,,c128b6196f3a108faac4ed970bea2b3e2ee4f4c0090aafd759b5f39cfd31c0d6,bfaec16b66a0c33649e544aa0bb7fc7c157411595454f3c0ea11056337d00086
10-2-3,3,unet_pixel,2026,retained_segment_count,annotation_mask_same_extractor,27,77,50.0,50.0,185.1851851851852,valid,ok,ok,,,c128b6196f3a108faac4ed970bea2b3e2ee4f4c0090aafd759b5f39cfd31c0d6,bfaec16b66a0c33649e544aa0bb7fc7c157411595454f3c0ea11056337d00086
10-2-3,3,unet_pixel,2026,junction_region_count,annotation_mask_same_extractor,18,53,35.0,35.0,194.44444444444443,valid,ok,ok,,,c128b6196f3a108faac4ed970bea2b3e2ee4f4c0090aafd759b5f39cfd31c0d6,bfaec16b66a0c33649e544aa0bb7fc7c157411595454f3c0ea11056337d00086
10-2-3,3,unet_pixel,2026,mean_local_acute_angle_deg,annotation_mask_same_extractor,44.17449818904469,50.494711858323846,6.3202136692791555,6.3202136692791555,14.30738079294486,valid,ok,ok,,,c128b6196f3a108faac4ed970bea2b3e2ee4f4c0090aafd759b5f39cfd31c0d6,bfaec16b66a0c33649e544aa0bb7fc7c157411595454f3c0ea11056337d00086
10-2-4,0,unet_pixel,2026,dominant_path_length,annotation_mask_same_extractor,2714.1433611129814,3234.0954544295,519.9520933165186,519.9520933165186,19.15713446703505,valid,ok,ok,,,3c60314b040a032dd526925859d6800fc466b21b8dedb28d643c17c54668bc8b,fe77317970454ad0025afe04bff6be0b8ba0556cc06a86bd6fff67c6c035cd69
10-2-4,0,unet_pixel,2026,retained_segment_count,annotation_mask_same_extractor,104,179,75.0,75.0,72.11538461538461,valid,ok,ok,,,3c60314b040a032dd526925859d6800fc466b21b8dedb28d643c17c54668bc8b,fe77317970454ad0025afe04bff6be0b8ba0556cc06a86bd6fff67c6c035cd69
10-2-4,0,unet_pixel,2026,junction_region_count,annotation_mask_same_extractor,93,161,68.0,68.0,73.11827956989248,valid,ok,ok,,,3c60314b040a032dd526925859d6800fc466b21b8dedb28d643c17c54668bc8b,fe77317970454ad0025afe04bff6be0b8ba0556cc06a86bd6fff67c6c035cd69
10-2-4,0,unet_pixel,2026,mean_local_acute_angle_deg,annotation_mask_same_extractor,63.03310962332985,46.72751000803091,-16.305599615298938,16.305599615298938,25.868309072386143,valid,ok,ok,,,3c60314b040a032dd526925859d6800fc466b21b8dedb28d643c17c54668bc8b,fe77317970454ad0025afe04bff6be0b8ba0556cc06a86bd6fff67c6c035cd69
10-9-1,2,unet_pixel,2026,dominant_path_length,annotation_mask_same_extractor,2670.711903607907,1903.427632360475,-767.2842712474321,767.2842712474321,28.729578439774638,valid,ok,ok,,,f909c402c7b2db20640a01e33f844ebeccd8ec430131c4fad30fd8305345ea91,5b70faa963cd27ec78353be269e4dba9f6679fa92377f40ef026e1c0bc839fdd
10-9-1,2,unet_pixel,2026,retained_segment_count,annotation_mask_same_extractor,60,165,105.0,105.0,175.0,valid,ok,ok,,,f909c402c7b2db20640a01e33f844ebeccd8ec430131c4fad30fd8305345ea91,5b70faa963cd27ec78353be269e4dba9f6679fa92377f40ef026e1c0bc839fdd
10-9-1,2,unet_pixel,2026,junction_region_count,annotation_mask_same_extractor,47,210,163.0,163.0,346.8085106382979,valid,ok,ok,,,f909c402c7b2db20640a01e33f844ebeccd8ec430131c4fad30fd8305345ea91,5b70faa963cd27ec78353be269e4dba9f6679fa92377f40ef026e1c0bc839fdd
10-9-1,2,unet_pixel,2026,mean_local_acute_angle_deg,annotation_mask_same_extractor,45.79801641663758,52.09295308947636,6.29493667283878,6.29493667283878,13.744998507297677,valid,ok,ok,,,f909c402c7b2db20640a01e33f844ebeccd8ec430131c4fad30fd8305345ea91,5b70faa963cd27ec78353be269e4dba9f6679fa92377f40ef026e1c0bc839fdd
10-9-2,4,unet_pixel,2026,dominant_path_length,annotation_mask_same_extractor,3136.0378054156913,3206.828427124746,70.7906217090549,70.7906217090549,2.257326795831512,valid,ok,ok,,,97a6fbf3a148ba0641a27177bb2768e92fcab2d7f8bf002f6c2735617daf5cf2,754f91d1a8780a21ad138562d6c97ba36858320d43ed3d60dd4e09a981c093b1
10-9-2,4,unet_pixel,2026,retained_segment_count,annotation_mask_same_extractor,222,453,231.0,231.0,104.05405405405406,valid,ok,ok,,,97a6fbf3a148ba0641a27177bb2768e92fcab2d7f8bf002f6c2735617daf5cf2,754f91d1a8780a21ad138562d6c97ba36858320d43ed3d60dd4e09a981c093b1
10-9-2,4,unet_pixel,2026,junction_region_count,annotation_mask_same_extractor,205,363,158.0,158.0,77.07317073170732,valid,ok,ok,,,97a6fbf3a148ba0641a27177bb2768e92fcab2d7f8bf002f6c2735617daf5cf2,754f91d1a8780a21ad138562d6c97ba36858320d43ed3d60dd4e09a981c093b1
10-9-2,4,unet_pixel,2026,mean_local_acute_angle_deg,annotation_mask_same_extractor,60.533940641282705,45.58443122877007,-14.949509412512633,14.949509412512633,24.696078355614972,valid,ok,ok,,,97a6fbf3a148ba0641a27177bb2768e92fcab2d7f8bf002f6c2735617daf5cf2,754f91d1a8780a21ad138562d6c97ba36858320d43ed3d60dd4e09a981c093b1
10-9-3,0,unet_pixel,2026,dominant_path_length,annotation_mask_same_extractor,3235.23794899067,3232.2670273047543,-2.9709216859155276,2.9709216859155276,0.09183008275611988,valid,ok,ok,zero_length_angle_vector,,a23e4c9ae8b5cd333c9ee04c6a4a84de25c4388307e8463b068e3f8f45f8c58d,e4e2a179a0384aad9244e3ebd4cc840e0a37a6597e96b9a23db39f118f29e5df
10-9-3,0,unet_pixel,2026,retained_segment_count,annotation_mask_same_extractor,102,224,122.0,122.0,119.6078431372549,valid,ok,ok,zero_length_angle_vector,,a23e4c9ae8b5cd333c9ee04c6a4a84de25c4388307e8463b068e3f8f45f8c58d,e4e2a179a0384aad9244e3ebd4cc840e0a37a6597e96b9a23db39f118f29e5df
10-9-3,0,unet_pixel,2026,junction_region_count,annotation_mask_same_extractor,94,172,78.0,78.0,82.97872340425532,valid,ok,ok,zero_length_angle_vector,,a23e4c9ae8b5cd333c9ee04c6a4a84de25c4388307e8463b068e3f8f45f8c58d,e4e2a179a0384aad9244e3ebd4cc840e0a37a6597e96b9a23db39f118f29e5df
10-9-3,0,unet_pixel,2026,mean_local_acute_angle_deg,annotation_mask_same_extractor,62.02962831732245,48.16811652700937,-13.861511790313081,13.861511790313081,22.346598176281677,valid,ok,ok,zero_length_angle_vector,,a23e4c9ae8b5cd333c9ee04c6a4a84de25c4388307e8463b068e3f8f45f8c58d,e4e2a179a0384aad9244e3ebd4cc840e0a37a6597e96b9a23db39f118f29e5df
10-9-4,2,unet_pixel,2026,dominant_path_length,annotation_mask_same_extractor,3795.486865800912,1826.8590898655507,-1968.6277759353611,1968.6277759353611,51.86759552966988,valid,ok,ok,,zero_length_angle_vector,775edf7906167ea9e9ba868605a76fc739ed5aa32d5a1c9e3ec9a9a84e402ead,29bc534caf6d046e0537b2365a9a0f6641f406b6f5d6f1a740e9227512a06678
10-9-4,2,unet_pixel,2026,retained_segment_count,annotation_mask_same_extractor,82,188,106.0,106.0,129.26829268292684,valid,ok,ok,,zero_length_angle_vector,775edf7906167ea9e9ba868605a76fc739ed5aa32d5a1c9e3ec9a9a84e402ead,29bc534caf6d046e0537b2365a9a0f6641f406b6f5d6f1a740e9227512a06678
10-9-4,2,unet_pixel,2026,junction_region_count,annotation_mask_same_extractor,63,200,137.0,137.0,217.46031746031744,valid,ok,ok,,zero_length_angle_vector,775edf7906167ea9e9ba868605a76fc739ed5aa32d5a1c9e3ec9a9a84e402ead,29bc534caf6d046e0537b2365a9a0f6641f406b6f5d6f1a740e9227512a06678
10-9-4,2,unet_pixel,2026,mean_local_acute_angle_deg,annotation_mask_same_extractor,43.610163723088185,47.02662576354677,3.4164620404585833,3.4164620404585833,7.834095882217092,valid,ok,ok,,zero_length_angle_vector,775edf7906167ea9e9ba868605a76fc739ed5aa32d5a1c9e3ec9a9a84e402ead,29bc534caf6d046e0537b2365a9a0f6641f406b6f5d6f1a740e9227512a06678
235-10-11(1),3,unet_pixel,2026,dominant_path_length,annotation_mask_same_extractor,2994.397328557098,3368.669047558312,374.271719001214,374.271719001214,12.499066688039138,valid,ok,ok,,,9d52d033268cd4a5d237049ac4f43033746bfe49685933fe46cc01355c7ffcc7,a43b7c1a0716e28589c047a1620eb6423cf5998d15c18722a5137a8476a2de3d
235-10-11(1),3,unet_pixel,2026,retained_segment_count,annotation_mask_same_extractor,39,219,180.0,180.0,461.5384615384615,valid,ok,ok,,,9d52d033268cd4a5d237049ac4f43033746bfe49685933fe46cc01355c7ffcc7,a43b7c1a0716e28589c047a1620eb6423cf5998d15c18722a5137a8476a2de3d
235-10-11(1),3,unet_pixel,2026,junction_region_count,annotation_mask_same_extractor,31,209,178.0,178.0,574.1935483870968,valid,ok,ok,,,9d52d033268cd4a5d237049ac4f43033746bfe49685933fe46cc01355c7ffcc7,a43b7c1a0716e28589c047a1620eb6423cf5998d15c18722a5137a8476a2de3d
235-10-11(1),3,unet_pixel,2026,mean_local_acute_angle_deg,annotation_mask_same_extractor,53.361302278251465,44.83136970587751,-8.529932572373951,8.529932572373951,15.985240629800948,valid,ok,ok,,,9d52d033268cd4a5d237049ac4f43033746bfe49685933fe46cc01355c7ffcc7,a43b7c1a0716e28589c047a1620eb6423cf5998d15c18722a5137a8476a2de3d
235-10-11(2),1,unet_pixel,2026,dominant_path_length,annotation_mask_same_extractor,2805.9057710597435,688.6883835420697,-2117.217387517674,2117.217387517674,75.4557551203167,valid,ok,ok,,zero_length_angle_vector,5b712c674961fc82b6cbf219207fe1d3e1b0be3e2a6b4ba1f8eea53b3cdecde8,44f8fc06f37e8ae1e7ccfe61afad71143ad039816a89a022b1aa4c69809c4ea8
235-10-11(2),1,unet_pixel,2026,retained_segment_count,annotation_mask_same_extractor,44,276,232.0,232.0,527.2727272727273,valid,ok,ok,,zero_length_angle_vector,5b712c674961fc82b6cbf219207fe1d3e1b0be3e2a6b4ba1f8eea53b3cdecde8,44f8fc06f37e8ae1e7ccfe61afad71143ad039816a89a022b1aa4c69809c4ea8
235-10-11(2),1,unet_pixel,2026,junction_region_count,annotation_mask_same_extractor,32,248,216.0,216.0,675.0,valid,ok,ok,,zero_length_angle_vector,5b712c674961fc82b6cbf219207fe1d3e1b0be3e2a6b4ba1f8eea53b3cdecde8,44f8fc06f37e8ae1e7ccfe61afad71143ad039816a89a022b1aa4c69809c4ea8
235-10-11(2),1,unet_pixel,2026,mean_local_acute_angle_deg,annotation_mask_same_extractor,43.25362958365755,46.79009795017991,3.5364683665223637,3.5364683665223637,8.176119323541213,valid,ok,ok,,zero_length_angle_vector,5b712c674961fc82b6cbf219207fe1d3e1b0be3e2a6b4ba1f8eea53b3cdecde8,44f8fc06f37e8ae1e7ccfe61afad71143ad039816a89a022b1aa4c69809c4ea8
235-10-11(3),1,unet_pixel,2026,dominant_path_length,annotation_mask_same_extractor,3903.799348810616,1221.4133470106,-2682.386001800016,2682.386001800016,68.71218938589321,valid,ok,ok,zero_length_angle_vector,zero_length_angle_vector,fa60085f010979fe70bd85f42f583537392b69473bae643033aaace4f1bfd685,8e4784adb97225c6f9dc32f31b4df6ece351a2e42d86a3ceba9614a75829ae98
235-10-11(3),1,unet_pixel,2026,retained_segment_count,annotation_mask_same_extractor,195,330,135.0,135.0,69.23076923076923,valid,ok,ok,zero_length_angle_vector,zero_length_angle_vector,fa60085f010979fe70bd85f42f583537392b69473bae643033aaace4f1bfd685,8e4784adb97225c6f9dc32f31b4df6ece351a2e42d86a3ceba9614a75829ae98
235-10-11(3),1,unet_pixel,2026,junction_region_count,annotation_mask_same_extractor,171,283,112.0,112.0,65.49707602339181,valid,ok,ok,zero_length_angle_vector,zero_length_angle_vector,fa60085f010979fe70bd85f42f583537392b69473bae643033aaace4f1bfd685,8e4784adb97225c6f9dc32f31b4df6ece351a2e42d86a3ceba9614a75829ae98
235-10-11(3),1,unet_pixel,2026,mean_local_acute_angle_deg,annotation_mask_same_extractor,59.57250840324565,50.73666457184199,-8.835843831403658,8.835843831403658,14.832082899034448,valid,ok,ok,zero_length_angle_vector,zero_length_angle_vector,fa60085f010979fe70bd85f42f583537392b69473bae643033aaace4f1bfd685,8e4784adb97225c6f9dc32f31b4df6ece351a2e42d86a3ceba9614a75829ae98
235-10-12(1),4,unet_pixel,2026,dominant_path_length,annotation_mask_same_extractor,2001.4427842621224,3211.828427124746,1210.3856428626239,1210.3856428626239,60.475655481146326,valid,ok,ok,,,18b9363d37a62a519d147178d26a24d6b4b802b892db690b5190ad39f8a39884,0b12bb73085cd7611c525845049cc27bb756636ce65f2b304b0d3b515be3fdc7
235-10-12(1),4,unet_pixel,2026,retained_segment_count,annotation_mask_same_extractor,134,174,40.0,40.0,29.850746268656714,valid,ok,ok,,,18b9363d37a62a519d147178d26a24d6b4b802b892db690b5190ad39f8a39884,0b12bb73085cd7611c525845049cc27bb756636ce65f2b304b0d3b515be3fdc7
235-10-12(1),4,unet_pixel,2026,junction_region_count,annotation_mask_same_extractor,112,129,17.0,17.0,15.178571428571427,valid,ok,ok,,,18b9363d37a62a519d147178d26a24d6b4b802b892db690b5190ad39f8a39884,0b12bb73085cd7611c525845049cc27bb756636ce65f2b304b0d3b515be3fdc7
235-10-12(1),4,unet_pixel,2026,mean_local_acute_angle_deg,annotation_mask_same_extractor,53.181513697065846,43.204542260593726,-9.97697143647212,9.97697143647212,18.760224639906355,valid,ok,ok,,,18b9363d37a62a519d147178d26a24d6b4b802b892db690b5190ad39f8a39884,0b12bb73085cd7611c525845049cc27bb756636ce65f2b304b0d3b515be3fdc7
235-10-12(2),0,unet_pixel,2026,dominant_path_length,annotation_mask_same_extractor,3327.9141392239435,3237.5807358037373,-90.3334034202062,90.3334034202062,2.7144150852783597,valid,ok,ok,,,3f320f9a413c704ff148c35538663d08b34fdafa0044a66241f691b28db5db7b,c178995c243c6c325accd65e0002f94713416afb783d76dc2c6a91bf57a9d28b
235-10-12(2),0,unet_pixel,2026,retained_segment_count,annotation_mask_same_extractor,98,160,62.0,62.0,63.26530612244898,valid,ok,ok,,,3f320f9a413c704ff148c35538663d08b34fdafa0044a66241f691b28db5db7b,c178995c243c6c325accd65e0002f94713416afb783d76dc2c6a91bf57a9d28b
235-10-12(2),0,unet_pixel,2026,junction_region_count,annotation_mask_same_extractor,79,134,55.0,55.0,69.62025316455697,valid,ok,ok,,,3f320f9a413c704ff148c35538663d08b34fdafa0044a66241f691b28db5db7b,c178995c243c6c325accd65e0002f94713416afb783d76dc2c6a91bf57a9d28b
235-10-12(2),0,unet_pixel,2026,mean_local_acute_angle_deg,annotation_mask_same_extractor,62.31932305515474,47.76935892559967,-14.549964129555072,14.549964129555072,23.347436102086434,valid,ok,ok,,,3f320f9a413c704ff148c35538663d08b34fdafa0044a66241f691b28db5db7b,c178995c243c6c325accd65e0002f94713416afb783d76dc2c6a91bf57a9d28b
235-10-12(3),1,unet_pixel,2026,dominant_path_length,annotation_mask_same_extractor,3338.9221484506097,663.7249634685296,-2675.19718498208,2675.19718498208,80.1215801399705,valid,ok,ok,zero_length_angle_vector,zero_length_angle_vector,06cb03ea2bad65c89fe30627bf1d69fb7bd50a7bc6f48ee697c5830e39ef08b3,59c7f6f8758de502816517f0dbf8fb9d1e1e8d6321ff775c99fe6d8ec8db6fa0
235-10-12(3),1,unet_pixel,2026,retained_segment_count,annotation_mask_same_extractor,248,305,57.0,57.0,22.983870967741936,valid,ok,ok,zero_length_angle_vector,zero_length_angle_vector,06cb03ea2bad65c89fe30627bf1d69fb7bd50a7bc6f48ee697c5830e39ef08b3,59c7f6f8758de502816517f0dbf8fb9d1e1e8d6321ff775c99fe6d8ec8db6fa0
235-10-12(3),1,unet_pixel,2026,junction_region_count,annotation_mask_same_extractor,210,246,36.0,36.0,17.142857142857142,valid,ok,ok,zero_length_angle_vector,zero_length_angle_vector,06cb03ea2bad65c89fe30627bf1d69fb7bd50a7bc6f48ee697c5830e39ef08b3,59c7f6f8758de502816517f0dbf8fb9d1e1e8d6321ff775c99fe6d8ec8db6fa0
235-10-12(3),1,unet_pixel,2026,mean_local_acute_angle_deg,annotation_mask_same_extractor,56.12825058978015,50.434169100611975,-5.694081489168177,5.694081489168177,10.144769219308177,valid,ok,ok,zero_length_angle_vector,zero_length_angle_vector,06cb03ea2bad65c89fe30627bf1d69fb7bd50a7bc6f48ee697c5830e39ef08b3,59c7f6f8758de502816517f0dbf8fb9d1e1e8d6321ff775c99fe6d8ec8db6fa0
235-25-6(1),2,unet_pixel,2026,dominant_path_length,annotation_mask_same_extractor,2364.349421873661,1378.1189744953726,-986.2304473782883,986.2304473782883,41.7125505331076,valid,ok,ok,,zero_length_angle_vector,81d217e87b63701eb36c3a0b141a738b1f3dd596f793222514893c0a771fc94d,06ee68d99ebf78a337fc894689b35d8808924a23c1581c0940b0cb711b14ca26
235-25-6(1),2,unet_pixel,2026,retained_segment_count,annotation_mask_same_extractor,27,86,59.0,59.0,218.5185185185185,valid,ok,ok,,zero_length_angle_vector,81d217e87b63701eb36c3a0b141a738b1f3dd596f793222514893c0a771fc94d,06ee68d99ebf78a337fc894689b35d8808924a23c1581c0940b0cb711b14ca26
235-25-6(1),2,unet_pixel,2026,junction_region_count,annotation_mask_same_extractor,21,119,98.0,98.0,466.6666666666667,valid,ok,ok,,zero_length_angle_vector,81d217e87b63701eb36c3a0b141a738b1f3dd596f793222514893c0a771fc94d,06ee68d99ebf78a337fc894689b35d8808924a23c1581c0940b0cb711b14ca26
235-25-6(1),2,unet_pixel,2026,mean_local_acute_angle_deg,annotation_mask_same_extractor,63.4461979910307,49.560699876870515,-13.885498114160185,13.885498114160185,21.885469190956343,valid,ok,ok,,zero_length_angle_vector,81d217e87b63701eb36c3a0b141a738b1f3dd596f793222514893c0a771fc94d,06ee68d99ebf78a337fc894689b35d8808924a23c1581c0940b0cb711b14ca26
235-25-6(2),4,unet_pixel,2026,dominant_path_length,annotation_mask_same_extractor,1377.430590953303,3206.828427124746,1829.3978361714433,1829.3978361714433,132.81234264627005,valid,ok,ok,,,07fd844e7f853a14fb82235228caf5997075e001697d881b5a753f8be11ad9ff,e160e940446cc5d959625b411aac4bc685e2a668515bc5113a7049839800d13d
235-25-6(2),4,unet_pixel,2026,retained_segment_count,annotation_mask_same_extractor,90,155,65.0,65.0,72.22222222222221,valid,ok,ok,,,07fd844e7f853a14fb82235228caf5997075e001697d881b5a753f8be11ad9ff,e160e940446cc5d959625b411aac4bc685e2a668515bc5113a7049839800d13d
235-25-6(2),4,unet_pixel,2026,junction_region_count,annotation_mask_same_extractor,63,130,67.0,67.0,106.34920634920636,valid,ok,ok,,,07fd844e7f853a14fb82235228caf5997075e001697d881b5a753f8be11ad9ff,e160e940446cc5d959625b411aac4bc685e2a668515bc5113a7049839800d13d
235-25-6(2),4,unet_pixel,2026,mean_local_acute_angle_deg,annotation_mask_same_extractor,48.93734100767138,46.24775475427104,-2.6895862534003356,2.6895862534003356,5.49597954857972,valid,ok,ok,,,07fd844e7f853a14fb82235228caf5997075e001697d881b5a753f8be11ad9ff,e160e940446cc5d959625b411aac4bc685e2a668515bc5113a7049839800d13d
235-25-7(1),2,unet_pixel,2026,dominant_path_length,annotation_mask_same_extractor,2998.8439379638457,2083.339320605904,-915.5046173579417,915.5046173579417,30.528584891268157,valid,ok,ok,,,7497c2c9ff553aa7c2dd4141a59b027c8c75f67dc2bccba4cc857927d6dbf16d,570c5744689f592337dce7c9f02ae8458fa2ac5fcc6f7bb875d60d799dc706b6
235-25-7(1),2,unet_pixel,2026,retained_segment_count,annotation_mask_same_extractor,230,232,2.0,2.0,0.8695652173913043,valid,ok,ok,,,7497c2c9ff553aa7c2dd4141a59b027c8c75f67dc2bccba4cc857927d6dbf16d,570c5744689f592337dce7c9f02ae8458fa2ac5fcc6f7bb875d60d799dc706b6
235-25-7(1),2,unet_pixel,2026,junction_region_count,annotation_mask_same_extractor,208,243,35.0,35.0,16.826923076923077,valid,ok,ok,,,7497c2c9ff553aa7c2dd4141a59b027c8c75f67dc2bccba4cc857927d6dbf16d,570c5744689f592337dce7c9f02ae8458fa2ac5fcc6f7bb875d60d799dc706b6
235-25-7(1),2,unet_pixel,2026,mean_local_acute_angle_deg,annotation_mask_same_extractor,56.8053052093956,49.55255519255729,-7.252750016838306,7.252750016838306,12.767733559573765,valid,ok,ok,,,7497c2c9ff553aa7c2dd4141a59b027c8c75f67dc2bccba4cc857927d6dbf16d,570c5744689f592337dce7c9f02ae8458fa2ac5fcc6f7bb875d60d799dc706b6
235-25-7(2),2,unet_pixel,2026,dominant_path_length,annotation_mask_same_extractor,1249.092495836678,800.1248916810283,-448.9676041556496,448.9676041556496,35.94350343566177,valid,ok,ok,,,2131528edadfa652c430e59c756f4b7a69ff50f6d858967b29f0984a2a5a1f3d,f92fe8729adf864b0015b9fabf78a8713462709094e820cd34560e0c827be47b
235-25-7(2),2,unet_pixel,2026,retained_segment_count,annotation_mask_same_extractor,94,149,55.0,55.0,58.51063829787234,valid,ok,ok,,,2131528edadfa652c430e59c756f4b7a69ff50f6d858967b29f0984a2a5a1f3d,f92fe8729adf864b0015b9fabf78a8713462709094e820cd34560e0c827be47b
235-25-7(2),2,unet_pixel,2026,junction_region_count,annotation_mask_same_extractor,74,146,72.0,72.0,97.2972972972973,valid,ok,ok,,,2131528edadfa652c430e59c756f4b7a69ff50f6d858967b29f0984a2a5a1f3d,f92fe8729adf864b0015b9fabf78a8713462709094e820cd34560e0c827be47b
235-25-7(2),2,unet_pixel,2026,mean_local_acute_angle_deg,annotation_mask_same_extractor,51.18427192297171,43.753931964080614,-7.430339958891096,7.430339958891096,14.516842146496039,valid,ok,ok,,,2131528edadfa652c430e59c756f4b7a69ff50f6d858967b29f0984a2a5a1f3d,f92fe8729adf864b0015b9fabf78a8713462709094e820cd34560e0c827be47b
235-25-7(3),2,unet_pixel,2026,dominant_path_length,annotation_mask_same_extractor,3042.988165628605,2108.9251070435284,-934.0630585850768,934.0630585850768,30.695586303475576,valid,ok,ok,zero_length_angle_vector,zero_length_angle_vector,2c8b120debe12fd303a7f06497770c03ad10375f80aac91a1feeabe828c5d6e3,fbc5b56f899fb1a639b7fbe6e6eaf3b004746342555212cd1ca0a5e10c5f569b
235-25-7(3),2,unet_pixel,2026,retained_segment_count,annotation_mask_same_extractor,86,153,67.0,67.0,77.90697674418605,valid,ok,ok,zero_length_angle_vector,zero_length_angle_vector,2c8b120debe12fd303a7f06497770c03ad10375f80aac91a1feeabe828c5d6e3,fbc5b56f899fb1a639b7fbe6e6eaf3b004746342555212cd1ca0a5e10c5f569b
235-25-7(3),2,unet_pixel,2026,junction_region_count,annotation_mask_same_extractor,69,188,119.0,119.0,172.46376811594203,valid,ok,ok,zero_length_angle_vector,zero_length_angle_vector,2c8b120debe12fd303a7f06497770c03ad10375f80aac91a1feeabe828c5d6e3,fbc5b56f899fb1a639b7fbe6e6eaf3b004746342555212cd1ca0a5e10c5f569b
235-25-7(3),2,unet_pixel,2026,mean_local_acute_angle_deg,annotation_mask_same_extractor,40.34148473985392,56.3754483210132,16.033963581159284,16.033963581159284,39.745596089375226,valid,ok,ok,zero_length_angle_vector,zero_length_angle_vector,2c8b120debe12fd303a7f06497770c03ad10375f80aac91a1feeabe828c5d6e3,fbc5b56f899fb1a639b7fbe6e6eaf3b004746342555212cd1ca0a5e10c5f569b
235-25-9(1),4,unet_pixel,2026,dominant_path_length,annotation_mask_same_extractor,3126.4490603852128,3210.4852813742377,84.03622098902497,84.03622098902497,2.6879126883542055,valid,ok,ok,,,a44aabe48936de7e267908875859f9c440963c013122db96ca7e12819915e47a,1f2c9a1739ee03ae6e60ef40881fb6998c74a941cf5bf17882e0eb100b25cf5c
235-25-9(1),4,unet_pixel,2026,retained_segment_count,annotation_mask_same_extractor,81,155,74.0,74.0,91.35802469135803,valid,ok,ok,,,a44aabe48936de7e267908875859f9c440963c013122db96ca7e12819915e47a,1f2c9a1739ee03ae6e60ef40881fb6998c74a941cf5bf17882e0eb100b25cf5c
235-25-9(1),4,unet_pixel,2026,junction_region_count,annotation_mask_same_extractor,71,140,69.0,69.0,97.1830985915493,valid,ok,ok,,,a44aabe48936de7e267908875859f9c440963c013122db96ca7e12819915e47a,1f2c9a1739ee03ae6e60ef40881fb6998c74a941cf5bf17882e0eb100b25cf5c
235-25-9(1),4,unet_pixel,2026,mean_local_acute_angle_deg,annotation_mask_same_extractor,56.36650915301412,41.93542189508446,-14.431087257929661,14.431087257929661,25.602236992811854,valid,ok,ok,,,a44aabe48936de7e267908875859f9c440963c013122db96ca7e12819915e47a,1f2c9a1739ee03ae6e60ef40881fb6998c74a941cf5bf17882e0eb100b25cf5c
235-25-9(2),4,unet_pixel,2026,dominant_path_length,annotation_mask_same_extractor,1133.901586977666,3206.828427124746,2072.92684014708,2072.92684014708,182.8136466121649,valid,ok,ok,,,078e2f40e0375f4163f04a89f798c84e04ad144ea99252428ef60b382a208150,38dd599b26095edc9ebaea624b4b1208d0614ac3ed1b3dd061a72671dc406836
235-25-9(2),4,unet_pixel,2026,retained_segment_count,annotation_mask_same_extractor,72,105,33.0,33.0,45.83333333333333,valid,ok,ok,,,078e2f40e0375f4163f04a89f798c84e04ad144ea99252428ef60b382a208150,38dd599b26095edc9ebaea624b4b1208d0614ac3ed1b3dd061a72671dc406836
235-25-9(2),4,unet_pixel,2026,junction_region_count,annotation_mask_same_extractor,58,104,46.0,46.0,79.3103448275862,valid,ok,ok,,,078e2f40e0375f4163f04a89f798c84e04ad144ea99252428ef60b382a208150,38dd599b26095edc9ebaea624b4b1208d0614ac3ed1b3dd061a72671dc406836
235-25-9(2),4,unet_pixel,2026,mean_local_acute_angle_deg,annotation_mask_same_extractor,48.80355339734289,41.16512343888608,-7.638429958456811,7.638429958456811,15.651380743256874,valid,ok,ok,,,078e2f40e0375f4163f04a89f798c84e04ad144ea99252428ef60b382a208150,38dd599b26095edc9ebaea624b4b1208d0614ac3ed1b3dd061a72671dc406836
235-25-9(3),1,unet_pixel,2026,dominant_path_length,annotation_mask_same_extractor,3014.9961748553196,633.2152954766511,-2381.7808793786685,2381.7808793786685,78.99780766696868,valid,ok,ok,,zero_length_angle_vector,04c79fb7e355280d60cd560ee7fce5e6be4db79fc76c2cc62ba5beb9dc7281f5,1a2640576cd3494d902303cadbf106a1e225cb88062cd0dcabcf04a7e6e3ed3d
235-25-9(3),1,unet_pixel,2026,retained_segment_count,annotation_mask_same_extractor,162,135,-27.0,27.0,16.666666666666664,valid,ok,ok,,zero_length_angle_vector,04c79fb7e355280d60cd560ee7fce5e6be4db79fc76c2cc62ba5beb9dc7281f5,1a2640576cd3494d902303cadbf106a1e225cb88062cd0dcabcf04a7e6e3ed3d
235-25-9(3),1,unet_pixel,2026,junction_region_count,annotation_mask_same_extractor,148,112,-36.0,36.0,24.324324324324326,valid,ok,ok,,zero_length_angle_vector,04c79fb7e355280d60cd560ee7fce5e6be4db79fc76c2cc62ba5beb9dc7281f5,1a2640576cd3494d902303cadbf106a1e225cb88062cd0dcabcf04a7e6e3ed3d
235-25-9(3),1,unet_pixel,2026,mean_local_acute_angle_deg,annotation_mask_same_extractor,63.95431651066043,55.88468938193324,-8.069627128727191,8.069627128727191,12.617799030628493,valid,ok,ok,,zero_length_angle_vector,04c79fb7e355280d60cd560ee7fce5e6be4db79fc76c2cc62ba5beb9dc7281f5,1a2640576cd3494d902303cadbf106a1e225cb88062cd0dcabcf04a7e6e3ed3d
447-1-1,1,unet_pixel,2026,dominant_path_length,annotation_mask_same_extractor,3911.385135248214,1866.1362184380757,-2045.248916810138,2045.248916810138,52.289632600455946,valid,ok,ok,,zero_length_angle_vector,67a3ba2f50251e390c617a86eba391a70dc650351761a8b7c955b3e97cd90123,bbc22dab4acfc76fb638d42428a3a5791495c78ffb7338f7f9e6b7309ee8baac
447-1-1,1,unet_pixel,2026,retained_segment_count,annotation_mask_same_extractor,293,247,-46.0,46.0,15.699658703071673,valid,ok,ok,,zero_length_angle_vector,67a3ba2f50251e390c617a86eba391a70dc650351761a8b7c955b3e97cd90123,bbc22dab4acfc76fb638d42428a3a5791495c78ffb7338f7f9e6b7309ee8baac
447-1-1,1,unet_pixel,2026,junction_region_count,annotation_mask_same_extractor,271,228,-43.0,43.0,15.867158671586715,valid,ok,ok,,zero_length_angle_vector,67a3ba2f50251e390c617a86eba391a70dc650351761a8b7c955b3e97cd90123,bbc22dab4acfc76fb638d42428a3a5791495c78ffb7338f7f9e6b7309ee8baac
447-1-1,1,unet_pixel,2026,mean_local_acute_angle_deg,annotation_mask_same_extractor,61.706177398538195,56.94506953775869,-4.761107860779504,4.761107860779504,7.715771842467579,valid,ok,ok,,zero_length_angle_vector,67a3ba2f50251e390c617a86eba391a70dc650351761a8b7c955b3e97cd90123,bbc22dab4acfc76fb638d42428a3a5791495c78ffb7338f7f9e6b7309ee8baac
447-1-1(1),1,unet_pixel,2026,dominant_path_length,annotation_mask_same_extractor,3219.268252793949,657.8010819142779,-2561.4671708796714,2561.4671708796714,79.56675150188607,valid,ok,ok,,zero_length_angle_vector,0d1ba7e5e04b19e049d833c898b8b5dfd329ae106055ed93825b5e45ffe6aa84,52bcee0b1ba3c49f6cc655f0cf52c35bc51f7d39eda882038402578951bfb6e7
447-1-1(1),1,unet_pixel,2026,retained_segment_count,annotation_mask_same_extractor,138,103,-35.0,35.0,25.36231884057971,valid,ok,ok,,zero_length_angle_vector,0d1ba7e5e04b19e049d833c898b8b5dfd329ae106055ed93825b5e45ffe6aa84,52bcee0b1ba3c49f6cc655f0cf52c35bc51f7d39eda882038402578951bfb6e7
447-1-1(1),1,unet_pixel,2026,junction_region_count,annotation_mask_same_extractor,130,75,-55.0,55.0,42.30769230769231,valid,ok,ok,,zero_length_angle_vector,0d1ba7e5e04b19e049d833c898b8b5dfd329ae106055ed93825b5e45ffe6aa84,52bcee0b1ba3c49f6cc655f0cf52c35bc51f7d39eda882038402578951bfb6e7
447-1-1(1),1,unet_pixel,2026,mean_local_acute_angle_deg,annotation_mask_same_extractor,67.79905715669001,37.895346564677226,-29.903710592012786,29.903710592012786,44.10638118890428,valid,ok,ok,,zero_length_angle_vector,0d1ba7e5e04b19e049d833c898b8b5dfd329ae106055ed93825b5e45ffe6aa84,52bcee0b1ba3c49f6cc655f0cf52c35bc51f7d39eda882038402578951bfb6e7
7-1-3(1),4,unet_pixel,2026,dominant_path_length,annotation_mask_same_extractor,3591.411613906912,3215.828427124746,-375.58318678216574,375.58318678216574,10.45781512004379,valid,ok,ok,,,bba8ccc94987683932ee1142fbfdf5f18f0e90a532fe1e011e5e0387316a0102,747054afc8dc94baf3f682d4e5f43ca499517a83d01c59fc2012ff9d8fd8a1e7
7-1-3(1),4,unet_pixel,2026,retained_segment_count,annotation_mask_same_extractor,415,491,76.0,76.0,18.313253012048193,valid,ok,ok,,,bba8ccc94987683932ee1142fbfdf5f18f0e90a532fe1e011e5e0387316a0102,747054afc8dc94baf3f682d4e5f43ca499517a83d01c59fc2012ff9d8fd8a1e7
7-1-3(1),4,unet_pixel,2026,junction_region_count,annotation_mask_same_extractor,370,395,25.0,25.0,6.756756756756757,valid,ok,ok,,,bba8ccc94987683932ee1142fbfdf5f18f0e90a532fe1e011e5e0387316a0102,747054afc8dc94baf3f682d4e5f43ca499517a83d01c59fc2012ff9d8fd8a1e7
7-1-3(1),4,unet_pixel,2026,mean_local_acute_angle_deg,annotation_mask_same_extractor,52.19068191429416,44.260715521447324,-7.929966392846836,7.929966392846836,15.194218780028912,valid,ok,ok,,,bba8ccc94987683932ee1142fbfdf5f18f0e90a532fe1e011e5e0387316a0102,747054afc8dc94baf3f682d4e5f43ca499517a83d01c59fc2012ff9d8fd8a1e7
7-1-3(2),4,unet_pixel,2026,dominant_path_length,annotation_mask_same_extractor,2479.356564548581,3213.828427124746,734.4718625761652,734.4718625761652,29.6234867174053,valid,ok,ok,,,28862657685f711ee260dae48d326375279a0325e0e0c82a6692a9516004f3bb,dc29540639bada34e8aa890bdcb8fd05b2fcb474d52bcbdde7f04f764757f1c9
7-1-3(2),4,unet_pixel,2026,retained_segment_count,annotation_mask_same_extractor,239,262,23.0,23.0,9.623430962343097,valid,ok,ok,,,28862657685f711ee260dae48d326375279a0325e0e0c82a6692a9516004f3bb,dc29540639bada34e8aa890bdcb8fd05b2fcb474d52bcbdde7f04f764757f1c9
7-1-3(2),4,unet_pixel,2026,junction_region_count,annotation_mask_same_extractor,201,201,0.0,0.0,0.0,valid,ok,ok,,,28862657685f711ee260dae48d326375279a0325e0e0c82a6692a9516004f3bb,dc29540639bada34e8aa890bdcb8fd05b2fcb474d52bcbdde7f04f764757f1c9
7-1-3(2),4,unet_pixel,2026,mean_local_acute_angle_deg,annotation_mask_same_extractor,52.02063707468777,44.54623170499068,-7.474405369697088,7.474405369697088,14.368154236492403,valid,ok,ok,,,28862657685f711ee260dae48d326375279a0325e0e0c82a6692a9516004f3bb,dc29540639bada34e8aa890bdcb8fd05b2fcb474d52bcbdde7f04f764757f1c9
7-1-3(3),0,unet_pixel,2026,dominant_path_length,annotation_mask_same_extractor,3139.476405595674,3233.923881554246,94.44747595857189,94.44747595857189,3.0083830472569435,valid,ok,ok,zero_length_angle_vector,,eb3582ff4719e2750a945bfec7af39008d621c1fbaba7f242e61cf5fb5af1392,94118cdf97edcfa21f7c10eb6a8358de28527d08199a13101452e23fa9aec5b7
7-1-3(3),0,unet_pixel,2026,retained_segment_count,annotation_mask_same_extractor,234,357,123.0,123.0,52.56410256410257,valid,ok,ok,zero_length_angle_vector,,eb3582ff4719e2750a945bfec7af39008d621c1fbaba7f242e61cf5fb5af1392,94118cdf97edcfa21f7c10eb6a8358de28527d08199a13101452e23fa9aec5b7
7-1-3(3),0,unet_pixel,2026,junction_region_count,annotation_mask_same_extractor,206,292,86.0,86.0,41.74757281553398,valid,ok,ok,zero_length_angle_vector,,eb3582ff4719e2750a945bfec7af39008d621c1fbaba7f242e61cf5fb5af1392,94118cdf97edcfa21f7c10eb6a8358de28527d08199a13101452e23fa9aec5b7
7-1-3(3),0,unet_pixel,2026,mean_local_acute_angle_deg,annotation_mask_same_extractor,55.62685066639042,44.14020588686854,-11.486644779521875,11.486644779521875,20.649460902272637,valid,ok,ok,zero_length_angle_vector,,eb3582ff4719e2750a945bfec7af39008d621c1fbaba7f242e61cf5fb5af1392,94118cdf97edcfa21f7c10eb6a8358de28527d08199a13101452e23fa9aec5b7
7-1-6(1),0,unet_pixel,2026,dominant_path_length,annotation_mask_same_extractor,3188.726188957766,3232.6101730552627,43.88398409749652,43.88398409749652,1.3762230275356437,valid,ok,ok,,,cba0254b9e9151f7e11554a8e70e85d3aae5e2a96042767c54979c286faeb9a4,e06c02801af03c118bf015175178fb1bff77cf6ba2d6e24a38cc2963c34df09d
7-1-6(1),0,unet_pixel,2026,retained_segment_count,annotation_mask_same_extractor,300,374,74.0,74.0,24.666666666666668,valid,ok,ok,,,cba0254b9e9151f7e11554a8e70e85d3aae5e2a96042767c54979c286faeb9a4,e06c02801af03c118bf015175178fb1bff77cf6ba2d6e24a38cc2963c34df09d
7-1-6(1),0,unet_pixel,2026,junction_region_count,annotation_mask_same_extractor,268,299,31.0,31.0,11.567164179104477,valid,ok,ok,,,cba0254b9e9151f7e11554a8e70e85d3aae5e2a96042767c54979c286faeb9a4,e06c02801af03c118bf015175178fb1bff77cf6ba2d6e24a38cc2963c34df09d
7-1-6(1),0,unet_pixel,2026,mean_local_acute_angle_deg,annotation_mask_same_extractor,57.71657823171459,46.42867445862363,-11.28790377309096,11.28790377309096,19.55747225307336,valid,ok,ok,,,cba0254b9e9151f7e11554a8e70e85d3aae5e2a96042767c54979c286faeb9a4,e06c02801af03c118bf015175178fb1bff77cf6ba2d6e24a38cc2963c34df09d
7-1-6(2),3,unet_pixel,2026,dominant_path_length,annotation_mask_same_extractor,4815.678641211786,3377.2132034355964,-1438.46543777619,1438.46543777619,29.87046156830398,valid,ok,ok,zero_length_angle_vector,,e3aea5a1ab8ea31c284842492594be58ed37bba1e364b53dc239f9c47cd34693,3cc88a2cab6c2479cc2e3d4840b8ceb6e934c4d4c4335695d8aca913d5330efc
7-1-6(2),3,unet_pixel,2026,retained_segment_count,annotation_mask_same_extractor,436,630,194.0,194.0,44.4954128440367,valid,ok,ok,zero_length_angle_vector,,e3aea5a1ab8ea31c284842492594be58ed37bba1e364b53dc239f9c47cd34693,3cc88a2cab6c2479cc2e3d4840b8ceb6e934c4d4c4335695d8aca913d5330efc
7-1-6(2),3,unet_pixel,2026,junction_region_count,annotation_mask_same_extractor,321,514,193.0,193.0,60.12461059190031,valid,ok,ok,zero_length_angle_vector,,e3aea5a1ab8ea31c284842492594be58ed37bba1e364b53dc239f9c47cd34693,3cc88a2cab6c2479cc2e3d4840b8ceb6e934c4d4c4335695d8aca913d5330efc
7-1-6(2),3,unet_pixel,2026,mean_local_acute_angle_deg,annotation_mask_same_extractor,45.76167325566849,44.17533991572285,-1.5863333399456394,1.5863333399456394,3.4665107874942938,valid,ok,ok,zero_length_angle_vector,,e3aea5a1ab8ea31c284842492594be58ed37bba1e364b53dc239f9c47cd34693,3cc88a2cab6c2479cc2e3d4840b8ceb6e934c4d4c4335695d8aca913d5330efc
7-1-6(3),2,unet_pixel,2026,dominant_path_length,annotation_mask_same_extractor,3149.346463280794,1787.8986283848385,-1361.4478348959556,1361.4478348959556,43.22953510417153,valid,ok,ok,zero_length_angle_vector,zero_length_angle_vector,175aad97304bc1efcc5da1ef9c37712fdcee8d0161a6f80fd823a18cef9139a0,5766470baff66de7861298f430d027c7c3aadaee9bf4e50865426967465f6207
7-1-6(3),2,unet_pixel,2026,retained_segment_count,annotation_mask_same_extractor,113,309,196.0,196.0,173.4513274336283,valid,ok,ok,zero_length_angle_vector,zero_length_angle_vector,175aad97304bc1efcc5da1ef9c37712fdcee8d0161a6f80fd823a18cef9139a0,5766470baff66de7861298f430d027c7c3aadaee9bf4e50865426967465f6207
7-1-6(3),2,unet_pixel,2026,junction_region_count,annotation_mask_same_extractor,82,324,242.0,242.0,295.1219512195122,valid,ok,ok,zero_length_angle_vector,zero_length_angle_vector,175aad97304bc1efcc5da1ef9c37712fdcee8d0161a6f80fd823a18cef9139a0,5766470baff66de7861298f430d027c7c3aadaee9bf4e50865426967465f6207
7-1-6(3),2,unet_pixel,2026,mean_local_acute_angle_deg,annotation_mask_same_extractor,52.34419986077857,49.32266613247463,-3.021533728303943,3.021533728303943,5.772432736273371,valid,ok,ok,zero_length_angle_vector,zero_length_angle_vector,175aad97304bc1efcc5da1ef9c37712fdcee8d0161a6f80fd823a18cef9139a0,5766470baff66de7861298f430d027c7c3aadaee9bf4e50865426967465f6207
7-1-6(4),0,unet_pixel,2026,dominant_path_length,annotation_mask_same_extractor,2934.7922061357463,3235.095454429499,300.30324829375286,300.30324829375286,10.232521664256545,valid,ok,ok,,,c0fc24472241d6b39ede8026e685b39939da6b7eb296c7092ba9ef7c6acbe239,519aee54c9b9df7a3d960a132247aed4b1f3318cf555abdab192bec2f02b7f48
7-1-6(4),0,unet_pixel,2026,retained_segment_count,annotation_mask_same_extractor,402,630,228.0,228.0,56.71641791044776,valid,ok,ok,,,c0fc24472241d6b39ede8026e685b39939da6b7eb296c7092ba9ef7c6acbe239,519aee54c9b9df7a3d960a132247aed4b1f3318cf555abdab192bec2f02b7f48
7-1-6(4),0,unet_pixel,2026,junction_region_count,annotation_mask_same_extractor,320,596,276.0,276.0,86.25,valid,ok,ok,,,c0fc24472241d6b39ede8026e685b39939da6b7eb296c7092ba9ef7c6acbe239,519aee54c9b9df7a3d960a132247aed4b1f3318cf555abdab192bec2f02b7f48
7-1-6(4),0,unet_pixel,2026,mean_local_acute_angle_deg,annotation_mask_same_extractor,45.58572184508618,44.41765676692653,-1.1680650781596498,1.1680650781596498,2.5623485400298844,valid,ok,ok,,,c0fc24472241d6b39ede8026e685b39939da6b7eb296c7092ba9ef7c6acbe239,519aee54c9b9df7a3d960a132247aed4b1f3318cf555abdab192bec2f02b7f48
DN50-235-25-6(2),1,unet_pixel,2026,dominant_path_length,annotation_mask_same_extractor,1654.4398256692953,499.75945135393516,-1154.68037431536,1154.68037431536,69.79282995972609,valid,ok,ok,,zero_length_angle_vector,26158010911e4857cbb5605c765e186f4f05e7d62b2dcff5cd35f9038e6d54e6,389c8366d53c188384e2aab5a35a610a0aed84725c1a5da186f206ce77bd768e
DN50-235-25-6(2),1,unet_pixel,2026,retained_segment_count,annotation_mask_same_extractor,104,116,12.0,12.0,11.538461538461538,valid,ok,ok,,zero_length_angle_vector,26158010911e4857cbb5605c765e186f4f05e7d62b2dcff5cd35f9038e6d54e6,389c8366d53c188384e2aab5a35a610a0aed84725c1a5da186f206ce77bd768e
DN50-235-25-6(2),1,unet_pixel,2026,junction_region_count,annotation_mask_same_extractor,97,106,9.0,9.0,9.278350515463918,valid,ok,ok,,zero_length_angle_vector,26158010911e4857cbb5605c765e186f4f05e7d62b2dcff5cd35f9038e6d54e6,389c8366d53c188384e2aab5a35a610a0aed84725c1a5da186f206ce77bd768e
DN50-235-25-6(2),1,unet_pixel,2026,mean_local_acute_angle_deg,annotation_mask_same_extractor,48.376302759478975,55.673345870722315,7.29704311124334,7.29704311124334,15.0839206285014,valid,ok,ok,,zero_length_angle_vector,26158010911e4857cbb5605c765e186f4f05e7d62b2dcff5cd35f9038e6d54e6,389c8366d53c188384e2aab5a35a610a0aed84725c1a5da186f206ce77bd768e
DN50-235-25-6(3),1,unet_pixel,2026,dominant_path_length,annotation_mask_same_extractor,956.9015869776664,600.1492782986684,-356.752308678998,356.752308678998,37.2820270688217,valid,ok,ok,,zero_length_angle_vector,1c99a68f93f5396eb9701167417e60c3f506eddaae41784653661a85b4318891,1e4c1f62c267cca4af5f4d8db3ec41852e92ffd22f9753692560110e0add281f
DN50-235-25-6(3),1,unet_pixel,2026,retained_segment_count,annotation_mask_same_extractor,110,107,-3.0,3.0,2.727272727272727,valid,ok,ok,,zero_length_angle_vector,1c99a68f93f5396eb9701167417e60c3f506eddaae41784653661a85b4318891,1e4c1f62c267cca4af5f4d8db3ec41852e92ffd22f9753692560110e0add281f
DN50-235-25-6(3),1,unet_pixel,2026,junction_region_count,annotation_mask_same_extractor,90,91,1.0,1.0,1.1111111111111112,valid,ok,ok,,zero_length_angle_vector,1c99a68f93f5396eb9701167417e60c3f506eddaae41784653661a85b4318891,1e4c1f62c267cca4af5f4d8db3ec41852e92ffd22f9753692560110e0add281f
DN50-235-25-6(3),1,unet_pixel,2026,mean_local_acute_angle_deg,annotation_mask_same_extractor,55.84661373210531,53.85133005514458,-1.9952836769607316,1.9952836769607316,3.57279258959559,valid,ok,ok,,zero_length_angle_vector,1c99a68f93f5396eb9701167417e60c3f506eddaae41784653661a85b4318891,1e4c1f62c267cca4af5f4d8db3ec41852e92ffd22f9753692560110e0add281f
DN50-235-25-7(1),0,unet_pixel,2026,dominant_path_length,annotation_mask_same_extractor,835.1076477383253,3237.409162928484,2402.3015151901586,2402.3015151901586,287.6636948178089,valid,ok,ok,,,1d15d42a8683193e72d4801bf8661ed463c57674766c0904ac6147226c6fad64,cfe1132bb45c8c8e4fadb1e608b1fe4d88ad472974267a6f92ea0a9e824a5f32
DN50-235-25-7(1),0,unet_pixel,2026,retained_segment_count,annotation_mask_same_extractor,86,121,35.0,35.0,40.69767441860465,valid,ok,ok,,,1d15d42a8683193e72d4801bf8661ed463c57674766c0904ac6147226c6fad64,cfe1132bb45c8c8e4fadb1e608b1fe4d88ad472974267a6f92ea0a9e824a5f32
DN50-235-25-7(1),0,unet_pixel,2026,junction_region_count,annotation_mask_same_extractor,71,108,37.0,37.0,52.112676056338024,valid,ok,ok,,,1d15d42a8683193e72d4801bf8661ed463c57674766c0904ac6147226c6fad64,cfe1132bb45c8c8e4fadb1e608b1fe4d88ad472974267a6f92ea0a9e824a5f32
DN50-235-25-7(1),0,unet_pixel,2026,mean_local_acute_angle_deg,annotation_mask_same_extractor,53.845303485648856,49.91925728156838,-3.926046204080478,3.926046204080478,7.291343812607296,valid,ok,ok,,,1d15d42a8683193e72d4801bf8661ed463c57674766c0904ac6147226c6fad64,cfe1132bb45c8c8e4fadb1e608b1fe4d88ad472974267a6f92ea0a9e824a5f32
W82-447-1-13-3(1),3,unet_pixel,2026,dominant_path_length,annotation_mask_same_extractor,2963.730373039836,3319.242640687119,355.5122676472829,355.5122676472829,11.995432205347392,valid,ok,ok,,,e400970fc4f5749000b5101345fe28f7835a0cd40cd105ff701d3d5565a3fd20,3169c00f4193695e958d79ea98ae8c821b1233fdf5b71f322c9ad68b0dc8c3c5
W82-447-1-13-3(1),3,unet_pixel,2026,retained_segment_count,annotation_mask_same_extractor,76,290,214.0,214.0,281.57894736842104,valid,ok,ok,,,e400970fc4f5749000b5101345fe28f7835a0cd40cd105ff701d3d5565a3fd20,3169c00f4193695e958d79ea98ae8c821b1233fdf5b71f322c9ad68b0dc8c3c5
W82-447-1-13-3(1),3,unet_pixel,2026,junction_region_count,annotation_mask_same_extractor,50,220,170.0,170.0,340.0,valid,ok,ok,,,e400970fc4f5749000b5101345fe28f7835a0cd40cd105ff701d3d5565a3fd20,3169c00f4193695e958d79ea98ae8c821b1233fdf5b71f322c9ad68b0dc8c3c5
W82-447-1-13-3(1),3,unet_pixel,2026,mean_local_acute_angle_deg,annotation_mask_same_extractor,45.41755671898957,46.444098988441645,1.0265422694520723,1.0265422694520723,2.260232261729887,valid,ok,ok,,,e400970fc4f5749000b5101345fe28f7835a0cd40cd105ff701d3d5565a3fd20,3169c00f4193695e958d79ea98ae8c821b1233fdf5b71f322c9ad68b0dc8c3c5
W82-447-1-13-7(1),4,unet_pixel,2026,dominant_path_length,annotation_mask_same_extractor,2599.841845922817,3208.485281374238,608.6434354514213,608.6434354514213,23.41078694482597,valid,ok,ok,,,d7caafd48ba702bb9ca2578cb356a3cab186bfab19d8fbb7f0fc5a6ba0ddb53b,46ba177596e4c7025e7bf166585bac77326728575573f4e594e333c583fb0e8a
W82-447-1-13-7(1),4,unet_pixel,2026,retained_segment_count,annotation_mask_same_extractor,161,230,69.0,69.0,42.857142857142854,valid,ok,ok,,,d7caafd48ba702bb9ca2578cb356a3cab186bfab19d8fbb7f0fc5a6ba0ddb53b,46ba177596e4c7025e7bf166585bac77326728575573f4e594e333c583fb0e8a
W82-447-1-13-7(1),4,unet_pixel,2026,junction_region_count,annotation_mask_same_extractor,124,187,63.0,63.0,50.806451612903224,valid,ok,ok,,,d7caafd48ba702bb9ca2578cb356a3cab186bfab19d8fbb7f0fc5a6ba0ddb53b,46ba177596e4c7025e7bf166585bac77326728575573f4e594e333c583fb0e8a
W82-447-1-13-7(1),4,unet_pixel,2026,mean_local_acute_angle_deg,annotation_mask_same_extractor,45.765543776284055,36.93996433042852,-8.825579445855531,8.825579445855531,19.28433209271512,valid,ok,ok,,,d7caafd48ba702bb9ca2578cb356a3cab186bfab19d8fbb7f0fc5a6ba0ddb53b,46ba177596e4c7025e7bf166585bac77326728575573f4e594e333c583fb0e8a
W82-447-1-13-7(2),3,unet_pixel,2026,dominant_path_length,annotation_mask_same_extractor,2569.818684794427,3346.828427124746,777.0097423303191,777.0097423303191,30.23597528214237,valid,ok,ok,zero_length_angle_vector,,8401bb2188e5c3832e902ef0e29c7a72c6580cd0868364d9f97716efdec87255,328800c783130a829c09bc207a496563a34df919f77211a0d76dba6022682e48
W82-447-1-13-7(2),3,unet_pixel,2026,retained_segment_count,annotation_mask_same_extractor,37,86,49.0,49.0,132.43243243243242,valid,ok,ok,zero_length_angle_vector,,8401bb2188e5c3832e902ef0e29c7a72c6580cd0868364d9f97716efdec87255,328800c783130a829c09bc207a496563a34df919f77211a0d76dba6022682e48
W82-447-1-13-7(2),3,unet_pixel,2026,junction_region_count,annotation_mask_same_extractor,28,71,43.0,43.0,153.57142857142858,valid,ok,ok,zero_length_angle_vector,,8401bb2188e5c3832e902ef0e29c7a72c6580cd0868364d9f97716efdec87255,328800c783130a829c09bc207a496563a34df919f77211a0d76dba6022682e48
W82-447-1-13-7(2),3,unet_pixel,2026,mean_local_acute_angle_deg,annotation_mask_same_extractor,56.21991760625045,42.26239963399405,-13.957517972256397,13.957517972256397,24.826642525539064,valid,ok,ok,zero_length_angle_vector,,8401bb2188e5c3832e902ef0e29c7a72c6580cd0868364d9f97716efdec87255,328800c783130a829c09bc207a496563a34df919f77211a0d76dba6022682e48
W82-447-1-13-7(3),2,unet_pixel,2026,dominant_path_length,annotation_mask_same_extractor,3607.1963184303277,2002.675323681477,-1604.5209947488506,1604.5209947488506,44.481110899089025,valid,ok,ok,zero_length_angle_vector,zero_length_angle_vector,4b63fae36f1e264804fc841b3fbba41c7e9f5be06b268aa37989d57f23a39479,46d1d06dbeb87dd4a2e535416e7dfb9269d3e49a7b9fbf4ca2a9ed421cb88140
W82-447-1-13-7(3),2,unet_pixel,2026,retained_segment_count,annotation_mask_same_extractor,125,583,458.0,458.0,366.40000000000003,valid,ok,ok,zero_length_angle_vector,zero_length_angle_vector,4b63fae36f1e264804fc841b3fbba41c7e9f5be06b268aa37989d57f23a39479,46d1d06dbeb87dd4a2e535416e7dfb9269d3e49a7b9fbf4ca2a9ed421cb88140
W82-447-1-13-7(3),2,unet_pixel,2026,junction_region_count,annotation_mask_same_extractor,86,561,475.0,475.0,552.3255813953489,valid,ok,ok,zero_length_angle_vector,zero_length_angle_vector,4b63fae36f1e264804fc841b3fbba41c7e9f5be06b268aa37989d57f23a39479,46d1d06dbeb87dd4a2e535416e7dfb9269d3e49a7b9fbf4ca2a9ed421cb88140
W82-447-1-13-7(3),2,unet_pixel,2026,mean_local_acute_angle_deg,annotation_mask_same_extractor,42.04523834094305,44.96580390189373,2.9205655609506778,2.9205655609506778,6.946245701517817,valid,ok,ok,zero_length_angle_vector,zero_length_angle_vector,4b63fae36f1e264804fc841b3fbba41c7e9f5be06b268aa37989d57f23a39479,46d1d06dbeb87dd4a2e535416e7dfb9269d3e49a7b9fbf4ca2a9ed421cb88140
