sample_name,fold,source,config,seed,mask_path,source_sha256,extractor,scale_status,length_unit,closing_kernel,pruning_iterations,min_component_pixels,dominant_path_length,retained_segment_count,junction_region_count,mean_local_acute_angle_deg,valid_angle_n,angle_failure_reason,path_status
10-1-1,3,oof_prediction,attunet_cl_fixed,42,external-data/10-1-1.png,db3a01e23d48b78d66f68316710ee1792a64f06ef0f86eb38a0fc49485c66a6c,fast_equivalent_v1,unknown,pixel,5,15,10,2569.133259845188,156,153,53.155881502558756,152,zero_length_angle_vector,ok
10-1-1(1),3,oof_prediction,attunet_cl_fixed,42,external-data/10-1-1(1).png,1fc2a76961250e144df90922b1bb3c12dc5e5a2526546b210b50a4d9458f97ad,fast_equivalent_v1,unknown,pixel,5,15,10,1146.957502887884,70,61,47.340412152481804,48,zero_length_angle_vector,ok
10-1-1(2),1,oof_prediction,attunet_cl_fixed,42,external-data/10-1-1(2).png,d3b79e749ee4dcf8a34ba0c4a235e2e70713bd6bc174a54e80f1782fc3a853b2,fast_equivalent_v1,unknown,pixel,5,15,10,492.2396820942911,53,55,54.75497325293418,51,zero_length_angle_vector,ok
10-1-1(3),2,oof_prediction,attunet_cl_fixed,42,external-data/10-1-1(3).png,23de8bd0d36543f31f0696f8dab86aefaaa4db233f97d4a9da74e6d816d9e13d,fast_equivalent_v1,unknown,pixel,5,15,10,2457.4246737676117,120,144,57.40869979709784,97,zero_length_angle_vector,ok
10-1-2,2,oof_prediction,attunet_cl_fixed,42,external-data/10-1-2.png,13c4c29c68730e6a21d34ec706a373db395392b7f4cf10c9cd36c8aa427e5770,fast_equivalent_v1,unknown,pixel,5,15,10,3317.047040131641,418,402,54.44356194489202,416,zero_length_angle_vector,ok
10-1-2(1),4,oof_prediction,attunet_cl_fixed,42,external-data/10-1-2(1).png,7d251ea4165f155720999685941106276efc846fdc68ed38bea9f3b2981411b1,fast_equivalent_v1,unknown,pixel,5,15,10,1812.8590898655505,221,257,48.15185911616971,215,zero_length_angle_vector,ok
10-1-2(2),1,oof_prediction,attunet_cl_fixed,42,external-data/10-1-2(2).png,8ae758abcd21dccd1d9a85e13f19ee8a25a8982d8fdf6291b819b9efb8416eb6,fast_equivalent_v1,unknown,pixel,5,15,10,848.8254685319182,330,340,50.18603774455012,202,zero_length_angle_vector,ok
10-1-2(3),0,oof_prediction,attunet_cl_fixed,42,external-data/10-1-2(3).png,30c762a345894140523158b792ed6550d84d5070d645a4b978c3b10a2f8c458b,fast_equivalent_v1,unknown,pixel,5,15,10,712.3940110268425,138,102,49.18421112740896,66,zero_length_angle_vector,ok
10-1-3,0,oof_prediction,attunet_cl_fixed,42,external-data/10-1-3.png,faea95bfee61f0c1f57c8e3a2b43776df0de0c9c18c48ef5276087de49759bc6,fast_equivalent_v1,unknown,pixel,5,15,10,934.555482634331,199,142,48.186477469752816,196,zero_length_angle_vector,ok
10-1-9(1),3,oof_prediction,attunet_cl_fixed,42,external-data/10-1-9(1).png,d3f9fb214511cd0447b7f5ebda06640c16d25ca0787a32a1e6cd17b81c3e6826,fast_equivalent_v1,unknown,pixel,5,15,10,733.8448045156757,213,193,49.982033050278375,104,zero_length_angle_vector,ok
10-1-9(2),3,oof_prediction,attunet_cl_fixed,42,external-data/10-1-9(2).png,abab4981f346f97815d329c91f3497588ea1c1da507ce66c2ae08728fdbcd97e,fast_equivalent_v1,unknown,pixel,5,15,10,1138.3401871576796,125,110,63.790433329814874,78,zero_length_angle_vector,ok
10-1-9(3),4,oof_prediction,attunet_cl_fixed,42,external-data/10-1-9(3).png,9111ea865a7169bca0c6f6466b1713917e40eab58518b765e16332c62293934e,fast_equivalent_v1,unknown,pixel,5,15,10,765.2152954766515,200,175,48.07249760725995,174,zero_length_angle_vector,ok
10-2-1,0,oof_prediction,attunet_cl_fixed,42,external-data/10-2-1.png,1c55ffdef1a1dd34a7f02b4e35658370c188731859e0df2f69a1806d3201c130,fast_equivalent_v1,unknown,pixel,5,15,10,1966.8784258493085,272,219,48.666657074501195,272,,ok
10-2-2,3,oof_prediction,attunet_cl_fixed,42,external-data/10-2-2.png,e39a04921b1a272138b8c655e547def5d0f6dd97514ff8809ecec2c867911958,fast_equivalent_v1,unknown,pixel,5,15,10,3438.326260745187,420,390,57.050652204047495,420,,ok
10-2-3,3,oof_prediction,attunet_cl_fixed,42,external-data/10-2-3.png,4e735afce94f246aaab384a9849f19bb36b936e64f0b16a49ac8a8465ef64265,fast_equivalent_v1,unknown,pixel,5,15,10,623.9676041556488,87,78,43.783364776449886,87,,ok
10-2-4,0,oof_prediction,attunet_cl_fixed,42,external-data/10-2-4.png,350718179e459ebf2b8cef2230b693eac7d3a228763a26f2b780d57e8180767b,fast_equivalent_v1,unknown,pixel,5,15,10,1076.707719525827,129,116,49.229220118691245,63,zero_length_angle_vector,ok
10-9-1,2,oof_prediction,attunet_cl_fixed,42,external-data/10-9-1.png,e45b69c0b3c4acdd331522bdf045e8dbb7f0fbfeefee76752393964a6fb046aa,fast_equivalent_v1,unknown,pixel,5,15,10,1956.599205235729,114,120,50.16300739526554,114,,ok
10-9-2,4,oof_prediction,attunet_cl_fixed,42,external-data/10-9-2.png,36a5f3ef5ab296a63b8c5b16ab8f76714bfa33eb198ca9b945c1fd695171a1b8,fast_equivalent_v1,unknown,pixel,5,15,10,3216.5495654486126,430,379,49.44974409200395,430,,ok
10-9-3,0,oof_prediction,attunet_cl_fixed,42,external-data/10-9-3.png,1c6f17382896ea045382d691852f7d833602185e9ab2cc054601617db959bd59,fast_equivalent_v1,unknown,pixel,5,15,10,2191.412480458811,170,142,58.07739537161816,142,zero_length_angle_vector,ok
10-9-4,2,oof_prediction,attunet_cl_fixed,42,external-data/10-9-4.png,104fddb79845164f727184ea5565c70704ce37039d48aab78ad01ac59100df48,fast_equivalent_v1,unknown,pixel,5,15,10,1773.2022356160583,188,180,48.35296580944072,166,zero_length_angle_vector,ok
235-10-11(1),3,oof_prediction,attunet_cl_fixed,42,external-data/235-10-11(1).png,9287d425dc5e792b89e80d5d65d57c68217f16135bcca72836660e41b1254d2b,fast_equivalent_v1,unknown,pixel,5,15,10,1445.8834764831904,214,186,50.008722949357214,212,zero_length_angle_vector,ok
235-10-11(2),1,oof_prediction,attunet_cl_fixed,42,external-data/235-10-11(2).png,46bf129f2578717812c47f72ee8bbbacf9d2bcd64d390e3a5fab47ae67fc1236,fast_equivalent_v1,unknown,pixel,5,15,10,748.4406922210677,202,230,46.07421286350898,183,zero_length_angle_vector,ok
235-10-11(3),1,oof_prediction,attunet_cl_fixed,42,external-data/235-10-11(3).png,84b10ecc4d22db3a6c475017c9f6e9dcd7890f4b5cb1504368b5dd1a229d0ac0,fast_equivalent_v1,unknown,pixel,5,15,10,1397.9818895055241,482,485,47.6573322699831,310,zero_length_angle_vector,ok
235-10-12(1),4,oof_prediction,attunet_cl_fixed,42,external-data/235-10-12(1).png,b85ed839e1c54e9e4387787b4237f9363603b3fb7399883d40256365c08caa0c,fast_equivalent_v1,unknown,pixel,5,15,10,2108.609306503493,154,147,53.20204419933791,152,zero_length_angle_vector,ok
235-10-12(2),0,oof_prediction,attunet_cl_fixed,42,external-data/235-10-12(2).png,160f43d63810e37d30054d57660c48c817f9c99cd8fd3caf8749cde9d12a1be8,fast_equivalent_v1,unknown,pixel,5,15,10,1737.983981546579,133,130,52.26669364373448,113,zero_length_angle_vector,ok
235-10-12(3),1,oof_prediction,attunet_cl_fixed,42,external-data/235-10-12(3).png,7fc3f12a45fe0ba49d57ca5a10d6cff2ba5ef8ba141048db2df327f5c5a80d87,fast_equivalent_v1,unknown,pixel,5,15,10,1241.9919907732894,530,581,45.50298287141935,371,zero_length_angle_vector,ok
235-25-6(1),2,oof_prediction,attunet_cl_fixed,42,external-data/235-25-6(1).png,74594bc44a6192d71ebdf055ee1214eb38638461c05f88512cc1d82ee38d82ff,fast_equivalent_v1,unknown,pixel,5,15,10,1360.9474016201189,79,71,52.80419625786737,73,zero_length_angle_vector,ok
235-25-6(2),4,oof_prediction,attunet_cl_fixed,42,external-data/235-25-6(2).png,1a882b8b1f39d23dc5b8e69adc4b4abf435638d2b52b79b03389caa064c832d7,fast_equivalent_v1,unknown,pixel,5,15,10,883.050865276335,130,114,50.90176821504278,128,zero_length_angle_vector,ok
235-25-7(1),2,oof_prediction,attunet_cl_fixed,42,external-data/235-25-7(1).png,9287a9b8cb1ecf4052275dfc3209ffd8b4ded39af73c4c88b05d8214c55eedde,fast_equivalent_v1,unknown,pixel,5,15,10,2101.7829714197987,233,222,49.01839478709768,233,,ok
235-25-7(2),2,oof_prediction,attunet_cl_fixed,42,external-data/235-25-7(2).png,f0d4db6dc69f3d3e76c94f7abceaf9044f558dde29eb018c3ae48124ff3ff38b,fast_equivalent_v1,unknown,pixel,5,15,10,1225.5138520739881,140,128,47.68707030196657,115,zero_length_angle_vector,ok
235-25-7(3),2,oof_prediction,attunet_cl_fixed,42,external-data/235-25-7(3).png,bd628381c3d785e70fbe225a1e6006e5699a7b29354a997d30f346998777ca90,fast_equivalent_v1,unknown,pixel,5,15,10,1209.2051942088858,158,154,54.62703113776467,104,zero_length_angle_vector,ok
235-25-9(1),4,oof_prediction,attunet_cl_fixed,42,external-data/235-25-9(1).png,70c61ebbd48247dc5c6e75ed3beb4131a1f423f80b25329e688d4245ed1f3590,fast_equivalent_v1,unknown,pixel,5,15,10,958.1757569573633,171,177,49.88862048101981,59,zero_length_angle_vector,ok
235-25-9(2),4,oof_prediction,attunet_cl_fixed,42,external-data/235-25-9(2).png,c29d91a7a9bf4cab1f133d614067132e97cf36037886d454106888a9cee92fbd,fast_equivalent_v1,unknown,pixel,5,15,10,804.5239533417533,82,77,51.6032589403582,74,zero_length_angle_vector,ok
235-25-9(3),1,oof_prediction,attunet_cl_fixed,42,external-data/235-25-9(3).png,1283037e3cec5a3c11ed68d8e2b4f8d5d6cb18d83fff8709b89e9c5610e57e39,fast_equivalent_v1,unknown,pixel,5,15,10,1032.3961030678972,243,221,46.24503775349887,243,,ok
447-1-1,1,oof_prediction,attunet_cl_fixed,42,external-data/447-1-1.png,9f5fee946f59b30cdfe2732f870951ecc247f04c2431bd1e13bcd15de1ab1728,fast_equivalent_v1,unknown,pixel,5,15,10,2506.3981951089163,444,475,54.31969087602116,334,zero_length_angle_vector,ok
447-1-1(1),1,oof_prediction,attunet_cl_fixed,42,external-data/447-1-1(1).png,e452ef6eff3ac8507f57752e7ed398d3b8557df18507591d4ebe183c9c182529,fast_equivalent_v1,unknown,pixel,5,15,10,867.2203461105339,222,217,50.38893554042401,153,zero_length_angle_vector,ok
7-1-3(1),4,oof_prediction,attunet_cl_fixed,42,external-data/7-1-3(1).png,1bff1188697cc6499060b02ac8a4367e1265bdd81f2dce3d5b9c34f181db6058,fast_equivalent_v1,unknown,pixel,5,15,10,2099.391052434012,515,481,47.392998619069715,511,zero_length_angle_vector,ok
7-1-3(2),4,oof_prediction,attunet_cl_fixed,42,external-data/7-1-3(2).png,f2ee05166fcae8c7add2a209805d759bfac904e691195151d99893408edccd2a,fast_equivalent_v1,unknown,pixel,5,15,10,2255.3321779309526,241,211,45.8434623759595,215,zero_length_angle_vector,ok
7-1-3(3),0,oof_prediction,attunet_cl_fixed,42,external-data/7-1-3(3).png,da8ad0a3d368cd223db5b91f3fb5992ffcf82567aec762e36f9db359378cbfdc,fast_equivalent_v1,unknown,pixel,5,15,10,1673.9696961967045,306,243,50.12220512612832,236,zero_length_angle_vector,ok
7-1-6(1),0,oof_prediction,attunet_cl_fixed,42,external-data/7-1-6(1).png,6a340d9fb8a4c346555c7dc5317fcb9fe68673af30cc1f4bbf8861b272bc913b,fast_equivalent_v1,unknown,pixel,5,15,10,2171.731239591685,288,247,51.81688408465072,246,zero_length_angle_vector,ok
7-1-6(2),3,oof_prediction,attunet_cl_fixed,42,external-data/7-1-6(2).png,f41f3cc3cdae1bc5d5bfa405eb82e21bc9a6dcffd1bd35179bc84b1c2baa5c72,fast_equivalent_v1,unknown,pixel,5,15,10,3406.835928737132,589,531,52.57819369647456,486,zero_length_angle_vector,ok
7-1-6(3),2,oof_prediction,attunet_cl_fixed,42,external-data/7-1-6(3).png,224da71080113888971d4be5b108ac01cbf9615a6ca51b2a74bb70e609b5b955,fast_equivalent_v1,unknown,pixel,5,15,10,2243.0378054157227,267,291,45.58597880385371,242,zero_length_angle_vector,ok
7-1-6(4),0,oof_prediction,attunet_cl_fixed,42,external-data/7-1-6(4).png,a2d00129ac97dc54b157db58286a26409020d30f4a92b7b3ba340dcb384dccf0,fast_equivalent_v1,unknown,pixel,5,15,10,4635.5365055879765,482,427,46.37569013048181,482,,ok
DN50-235-25-6(2),1,oof_prediction,attunet_cl_fixed,42,external-data/DN50-235-25-6(2).png,9820c7f16a80c0f0c1b93368d225e7b68507d3b6f12cfe636d9b67b82f0d6232,fast_equivalent_v1,unknown,pixel,5,15,10,968.3544725075546,210,240,56.23688821771573,208,zero_length_angle_vector,ok
DN50-235-25-6(3),1,oof_prediction,attunet_cl_fixed,42,external-data/DN50-235-25-6(3).png,f853d854cf1578c563e998b10e6ca4eeb3d15ae6e3d98e53018b800160356729,fast_equivalent_v1,unknown,pixel,5,15,10,921.1930009000661,164,162,49.88786167597589,156,zero_length_angle_vector,ok
DN50-235-25-7(1),0,oof_prediction,attunet_cl_fixed,42,external-data/DN50-235-25-7(1).png,223aba8ebecfebe9c1d1e17b299732cd1f66ca6ba8a79f8e8ec2fe2c32f0cba1,fast_equivalent_v1,unknown,pixel,5,15,10,731.1686142824257,75,62,54.32478612461065,69,zero_length_angle_vector,ok
W82-447-1-13-3(1),3,oof_prediction,attunet_cl_fixed,42,external-data/W82-447-1-13-3(1).png,e7adcbd495f8f9452f3ffe4250ea577a20be00fee18e1c080a344922cd5ac3b9,fast_equivalent_v1,unknown,pixel,5,15,10,1478.2905473706267,300,260,47.78312498209024,279,zero_length_angle_vector,ok
W82-447-1-13-7(1),4,oof_prediction,attunet_cl_fixed,42,external-data/W82-447-1-13-7(1).png,2feb0074b774452ee0d3844d45485d2576efa8e8d772ae1f9f5f17974fe1aeed,fast_equivalent_v1,unknown,pixel,5,15,10,1501.1189744953729,205,179,50.867594301544834,200,zero_length_angle_vector,ok
W82-447-1-13-7(2),3,oof_prediction,attunet_cl_fixed,42,external-data/W82-447-1-13-7(2).png,643afbf084167ac5bb46718326ba37a6376c23c0483f99976208b2db8287c22f,fast_equivalent_v1,unknown,pixel,5,15,10,578.9259735953062,46,47,51.0356769716431,34,zero_length_angle_vector,ok
W82-447-1-13-7(3),2,oof_prediction,attunet_cl_fixed,42,external-data/W82-447-1-13-7(3).png,fd901b2b10fd4df580ef47816b2cb83d9d0afb3394cc0ed3919943292a2b5223,fast_equivalent_v1,unknown,pixel,5,15,10,1996.5920625607914,593,539,44.23866152145848,512,zero_length_angle_vector,ok
10-1-1,3,oof_prediction,attunet_cl_fixed,3407,external-data/10-1-1.png,fa01c3dc6d6a9fb49dcb083b0e3b98bac5ff6bd33b8085f10f2e685b97a71b7c,fast_equivalent_v1,unknown,pixel,5,15,10,2555.748483534339,143,163,65.33633743581366,139,zero_length_angle_vector,ok
10-1-1(1),3,oof_prediction,attunet_cl_fixed,3407,external-data/10-1-1(1).png,07bb9f671ab3b05ec442acf4a411c3472c11b640a06e4ca13422e46bce9fe1bf,fast_equivalent_v1,unknown,pixel,5,15,10,1117.4945160902305,102,113,48.47470268924941,69,zero_length_angle_vector,ok
10-1-1(2),1,oof_prediction,attunet_cl_fixed,3407,external-data/10-1-1(2).png,f6f79361cc3ebd98cb88ac0a76ce2a63e6a1aae3b6d8218a08f822e309b2f754,fast_equivalent_v1,unknown,pixel,5,15,10,640.967604155649,49,78,46.03223560695636,48,zero_length_angle_vector,ok
10-1-1(3),2,oof_prediction,attunet_cl_fixed,3407,external-data/10-1-1(3).png,b39a26ce4fcc17789ed07064672b9edbeedc9a6c613e0f36dda86928d1b54982,fast_equivalent_v1,unknown,pixel,5,15,10,1684.2144289248786,103,111,56.59928761880738,75,zero_length_angle_vector,ok
10-1-2,2,oof_prediction,attunet_cl_fixed,3407,external-data/10-1-2.png,560120c31b178ab1e55e89916b368f619f0370846357fe79f4055e4ead7e4642,fast_equivalent_v1,unknown,pixel,5,15,10,3397.230806315706,306,279,52.73525963795463,305,zero_length_angle_vector,ok
10-1-2(1),4,oof_prediction,attunet_cl_fixed,3407,external-data/10-1-2(1).png,7dfa4aa1edda6f7907fbc0ab0ed9ec711b359b43961406c48cf9b0ce3e66e018,fast_equivalent_v1,unknown,pixel,5,15,10,1320.7220048757026,176,203,51.10343361538312,166,zero_length_angle_vector,ok
10-1-2(2),1,oof_prediction,attunet_cl_fixed,3407,external-data/10-1-2(2).png,a9afa3962751b800161f87d612476289668bae465ba421446857b911d64aec20,fast_equivalent_v1,unknown,pixel,5,15,10,1108.6021638285565,357,410,45.1228117320754,303,zero_length_angle_vector,ok
10-1-2(3),0,oof_prediction,attunet_cl_fixed,3407,external-data/10-1-2(3).png,1ce095c4df08cbdfe9ce3b9614d577da06c64ebca24a601e0f303c515f9324d4,fast_equivalent_v1,unknown,pixel,5,15,10,699.7909806465128,145,117,50.72915087497068,94,zero_length_angle_vector,ok
10-1-3,0,oof_prediction,attunet_cl_fixed,3407,external-data/10-1-3.png,1dc351649127e657b68d8f029915731591cce9ffe281b1f1ecefacb5665a12d0,fast_equivalent_v1,unknown,pixel,5,15,10,552.3696244092022,159,127,44.92298229123204,155,zero_length_angle_vector,ok
10-1-9(1),3,oof_prediction,attunet_cl_fixed,3407,external-data/10-1-9(1).png,897d35aa1d2e879af55c25911404d8e5475613aa1133e34cbcae49b42801c135,fast_equivalent_v1,unknown,pixel,5,15,10,1524.1656556895982,283,329,54.19165094485449,144,zero_length_angle_vector,ok
10-1-9(2),3,oof_prediction,attunet_cl_fixed,3407,external-data/10-1-9(2).png,c290c640dcb52aeceba989ecaeef7d8107145469f45e799d4b1be1c55e3332cb,fast_equivalent_v1,unknown,pixel,5,15,10,1720.9575028878842,157,166,61.925200099617626,96,zero_length_angle_vector,ok
10-1-9(3),4,oof_prediction,attunet_cl_fixed,3407,external-data/10-1-9(3).png,b3a1912fb92479d2bc29f62db87303cc4a26759d0f8577541bb0ab4d0a0b0c55,fast_equivalent_v1,unknown,pixel,5,15,10,761.2619766708766,176,132,53.86281240271229,102,zero_length_angle_vector,ok
10-2-1,0,oof_prediction,attunet_cl_fixed,3407,external-data/10-2-1.png,e7c3d7970da6e783805de7225ece1c871bde2b081328e8f89336b779917bcfee,fast_equivalent_v1,unknown,pixel,5,15,10,1921.1799410394733,245,190,46.44992012672732,245,,ok
10-2-2,3,oof_prediction,attunet_cl_fixed,3407,external-data/10-2-2.png,081be1183aaaf6b7193acc13c3b2f27907781ee30202aa92b72077ef3a43b4f1,fast_equivalent_v1,unknown,pixel,5,15,10,4840.408655314163,432,421,56.98693938730833,432,,ok
10-2-3,3,oof_prediction,attunet_cl_fixed,3407,external-data/10-2-3.png,99d6a7b4f0b6a401893f8ef095cb6094a04d45992d34e5dd183614300ef67bbf,fast_equivalent_v1,unknown,pixel,5,15,10,742.3940110268422,87,72,45.56342075038276,87,,ok
10-2-4,0,oof_prediction,attunet_cl_fixed,3407,external-data/10-2-4.png,cef321af2ee8398de00250f16a2698e31aa308b004b9eb81864978ba05a6225e,fast_equivalent_v1,unknown,pixel,5,15,10,1003.2396820942912,156,142,45.928183175536745,155,zero_length_angle_vector,ok
10-9-1,2,oof_prediction,attunet_cl_fixed,3407,external-data/10-9-1.png,2fe41664a7082102cf950361fbc7c8222b14497343e0d18352584e1d882976b9,fast_equivalent_v1,unknown,pixel,5,15,10,1953.459161653053,121,105,48.91996294234294,112,zero_length_angle_vector,ok
10-9-2,4,oof_prediction,attunet_cl_fixed,3407,external-data/10-9-2.png,7d3bd68f92aeac119a151bcfda3c1a08f4c1f98f5b89de3d365d11bec5006cde,fast_equivalent_v1,unknown,pixel,5,15,10,2841.311975395406,409,350,49.854655138513195,408,zero_length_angle_vector,ok
10-9-3,0,oof_prediction,attunet_cl_fixed,3407,external-data/10-9-3.png,7e995d7192a4e87e74f3831fd49ebabcac3ec8477e13eec73ac4c1c99af37622,fast_equivalent_v1,unknown,pixel,5,15,10,2108.6063479106597,184,160,58.53754373994708,159,zero_length_angle_vector,ok
10-9-4,2,oof_prediction,attunet_cl_fixed,3407,external-data/10-9-4.png,453f93f419c50f0e0ab838665fbccd2d88ac2368147ab90c3ff24cbdb2a2478b,fast_equivalent_v1,unknown,pixel,5,15,10,2011.4692629208178,147,108,48.722064294779216,130,zero_length_angle_vector,ok
235-10-11(1),3,oof_prediction,attunet_cl_fixed,3407,external-data/235-10-11(1).png,2039e0c38e797dc25f9ed29d7f0b25699a7d910460a3b6bf37f8e90d88146d02,fast_equivalent_v1,unknown,pixel,5,15,10,1954.5495654486756,262,278,54.686810669089404,261,zero_length_angle_vector,ok
235-10-11(2),1,oof_prediction,attunet_cl_fixed,3407,external-data/235-10-11(2).png,72a7b106808dc5f94cd8fa545844c66cbcd3c1a51653cc5bf8d99e7e081f0707,fast_equivalent_v1,unknown,pixel,5,15,10,1896.0966799187877,228,283,45.15514591588488,185,zero_length_angle_vector,ok
235-10-11(3),1,oof_prediction,attunet_cl_fixed,3407,external-data/235-10-11(3).png,e7265a79a4f927ac6955cc1b68cfd983856b3dea079e05dd1c4a8badfc0bd72a,fast_equivalent_v1,unknown,pixel,5,15,10,2082.152595829002,564,610,49.61028339425158,325,zero_length_angle_vector,ok
235-10-12(1),4,oof_prediction,attunet_cl_fixed,3407,external-data/235-10-12(1).png,7aece493d8ad55c060e0b54b3af966a7805f5893e448b8f0d8b32e4a03a04eaf,fast_equivalent_v1,unknown,pixel,5,15,10,1499.8670990922612,141,119,50.261753399176165,140,zero_length_angle_vector,ok
235-10-12(2),0,oof_prediction,attunet_cl_fixed,3407,external-data/235-10-12(2).png,324792c9dc3e3e133927ab2b0b22d4b0f623c27f43b0c1a699eb146cf494fcb6,fast_equivalent_v1,unknown,pixel,5,15,10,554.6711395993669,144,116,56.15847645953038,38,zero_length_angle_vector,ok
235-10-12(3),1,oof_prediction,attunet_cl_fixed,3407,external-data/235-10-12(3).png,0db95a61f380704411c69593fa857c96a76abae1dc2d5f615e478bf4e2e6d5e0,fast_equivalent_v1,unknown,pixel,5,15,10,1931.0184694319848,661,712,46.50239036191901,614,zero_length_angle_vector,ok
235-25-6(1),2,oof_prediction,attunet_cl_fixed,3407,external-data/235-25-6(1).png,e6f14294f6771cf8933f5fc97be1f63633c97ac0f5340f3cc91885812595d5a8,fast_equivalent_v1,unknown,pixel,5,15,10,1049.4427842621226,75,58,52.47733505105086,68,zero_length_angle_vector,ok
235-25-6(2),4,oof_prediction,attunet_cl_fixed,3407,external-data/235-25-6(2).png,2f1398df31be2bd4bef23fc0370da9702297b78b066d01ae00d2e69068a374c2,fast_equivalent_v1,unknown,pixel,5,15,10,898.8376618407385,135,117,51.610291175150245,132,zero_length_angle_vector,ok
235-25-7(1),2,oof_prediction,attunet_cl_fixed,3407,external-data/235-25-7(1).png,d0acc156477141bed3971724758c7b2ef7a564e04e3c6539e19e154e3f8eaef0,fast_equivalent_v1,unknown,pixel,5,15,10,2047.6113985445488,177,151,48.564118670134214,177,,ok
235-25-7(2),2,oof_prediction,attunet_cl_fixed,3407,external-data/235-25-7(2).png,2354997387cfb4e8ccdf94d121cf4971d1d607c5c8045a19d8a8226c3c6cc89e,fast_equivalent_v1,unknown,pixel,5,15,10,1177.6143571373768,119,102,46.26506408256184,113,zero_length_angle_vector,ok
235-25-7(3),2,oof_prediction,attunet_cl_fixed,3407,external-data/235-25-7(3).png,e38bcbcc6117c80073b918a9a4b3fca4b5bd6fa379ddd65bf18c7c496eb961e1,fast_equivalent_v1,unknown,pixel,5,15,10,1178.1930009000657,148,120,52.85629239554585,99,zero_length_angle_vector,ok
235-25-9(1),4,oof_prediction,attunet_cl_fixed,3407,external-data/235-25-9(1).png,2f46c1d610a9616ed0c4a53f9433d7c1d93b7b0cad66cd78b5b5101e98d434b8,fast_equivalent_v1,unknown,pixel,5,15,10,637.7472580451151,136,138,38.60986058410988,117,zero_length_angle_vector,ok
235-25-9(2),4,oof_prediction,attunet_cl_fixed,3407,external-data/235-25-9(2).png,1574cf158c3895a01821c686eefdf909ca1849fb83d383a0bb02f4cc44423516,fast_equivalent_v1,unknown,pixel,5,15,10,805.3229432149768,81,73,49.253599456044775,76,zero_length_angle_vector,ok
235-25-9(3),1,oof_prediction,attunet_cl_fixed,3407,external-data/235-25-9(3).png,7da1e819b2a5f4990ccf001cd830e05a8830dfebe36dfd06173bc3ecbcd167f8,fast_equivalent_v1,unknown,pixel,5,15,10,1507.106781186553,265,296,57.08586791011579,113,zero_length_angle_vector,ok
447-1-1,1,oof_prediction,attunet_cl_fixed,3407,external-data/447-1-1.png,fb309f640e6730508c2113ee3575b9aa583fb084aaa2fe45ac894ae886299d58,fast_equivalent_v1,unknown,pixel,5,15,10,4121.5049762953695,437,495,56.49704334517374,436,zero_length_angle_vector,ok
447-1-1(1),1,oof_prediction,attunet_cl_fixed,3407,external-data/447-1-1(1).png,be8130fdba5062d443970786948cd376ca670270ef62a201430ebf6e2dddb702,fast_equivalent_v1,unknown,pixel,5,15,10,1536.4154390516553,212,229,53.92050580260499,210,zero_length_angle_vector,ok
7-1-3(1),4,oof_prediction,attunet_cl_fixed,3407,external-data/7-1-3(1).png,4eaabf2cd0e9af6489b8e2e332795f5427b886a060562c22a1d5043ac7ad1e14,fast_equivalent_v1,unknown,pixel,5,15,10,2066.4621202458793,504,424,46.70686260453745,501,zero_length_angle_vector,ok
7-1-3(2),4,oof_prediction,attunet_cl_fixed,3407,external-data/7-1-3(2).png,f7091db37c9c5954d4bbe77b2f7adfb559b33244c6977334f904ffea48a2e49c,fast_equivalent_v1,unknown,pixel,5,15,10,2254.474313554683,227,172,45.439086769482415,203,zero_length_angle_vector,ok
7-1-3(3),0,oof_prediction,attunet_cl_fixed,3407,external-data/7-1-3(3).png,00b05c1421d2e6b9b5a37e7a51c2d5db34251ddd23ee79269b5f97a5b36d7da1,fast_equivalent_v1,unknown,pixel,5,15,10,1447.4305909533025,309,244,50.35892414825452,245,zero_length_angle_vector,ok
7-1-6(1),0,oof_prediction,attunet_cl_fixed,3407,external-data/7-1-6(1).png,20912b441fdac8150ec614506b28d1649cedf60cc68ea92478845b6f0783168b,fast_equivalent_v1,unknown,pixel,5,15,10,2565.750575575405,310,286,56.492643685323245,303,zero_length_angle_vector,ok
7-1-6(2),3,oof_prediction,attunet_cl_fixed,3407,external-data/7-1-6(2).png,c2a3a8b564400bdd0823116bc89335eb41b69709bbe205daa39c198dff16dd54,fast_equivalent_v1,unknown,pixel,5,15,10,4176.519261645268,664,611,46.54090934831358,664,,ok
7-1-6(3),2,oof_prediction,attunet_cl_fixed,3407,external-data/7-1-6(3).png,65f23fa36b3b8d60dd074cdf6ac988815b8c1192f5c1dbd52e4088e2a4335079,fast_equivalent_v1,unknown,pixel,5,15,10,1517.9036790187213,209,184,45.9205520936117,177,zero_length_angle_vector,ok
7-1-6(4),0,oof_prediction,attunet_cl_fixed,3407,external-data/7-1-6(4).png,b20ed1c3abff4f73f612d7012e3ecaf3e0b3fd0de71fe578bce8c84a7442aba8,fast_equivalent_v1,unknown,pixel,5,15,10,3706.3039661686266,594,584,46.0561200991257,594,,ok
DN50-235-25-6(2),1,oof_prediction,attunet_cl_fixed,3407,external-data/DN50-235-25-6(2).png,973ca4926f2a37d0ac58bcb4e2dc5f65e3ea1baadb98ed07bc9791ef3932ced2,fast_equivalent_v1,unknown,pixel,5,15,10,1232.5849198858539,209,246,46.81440247655636,209,,ok
DN50-235-25-6(3),1,oof_prediction,attunet_cl_fixed,3407,external-data/DN50-235-25-6(3).png,68731fb614cb53d15ef6622ae1a717d97ec13c4ac69683d8db7d3df5c0887bd8,fast_equivalent_v1,unknown,pixel,5,15,10,903.2813126546342,176,194,45.45391793548807,165,zero_length_angle_vector,ok
DN50-235-25-7(1),0,oof_prediction,attunet_cl_fixed,3407,external-data/DN50-235-25-7(1).png,82f0c7ede6a6a745937110a008c7d4eb2da1d6f8c5df679fbdef3956d5980b57,fast_equivalent_v1,unknown,pixel,5,15,10,721.6538956566643,104,102,55.07707832796885,100,zero_length_angle_vector,ok
W82-447-1-13-3(1),3,oof_prediction,attunet_cl_fixed,3407,external-data/W82-447-1-13-3(1).png,8ba3d9e90e61e2ad89d5cb1ac11f3835283343e15d4a6374ae6a9aec5d222056,fast_equivalent_v1,unknown,pixel,5,15,10,1440.6042558696113,328,277,46.407244151009856,321,zero_length_angle_vector,ok
W82-447-1-13-7(1),4,oof_prediction,attunet_cl_fixed,3407,external-data/W82-447-1-13-7(1).png,ab5775c579f266d2c7bb71f68c297cbd797e5debac7e31f0b5a20e178d1fd2e3,fast_equivalent_v1,unknown,pixel,5,15,10,1522.9352083112988,181,141,52.981121056430005,178,zero_length_angle_vector,ok
W82-447-1-13-7(2),3,oof_prediction,attunet_cl_fixed,3407,external-data/W82-447-1-13-7(2).png,8e611c27971f08de005d4d2b4aef4012da50b2c484d8139e814269d0def97fe6,fast_equivalent_v1,unknown,pixel,5,15,10,604.0975464705602,75,85,50.34426508997683,45,zero_length_angle_vector,ok
W82-447-1-13-7(3),2,oof_prediction,attunet_cl_fixed,3407,external-data/W82-447-1-13-7(3).png,beae99855c5f95043add0aa6a66df82698a030d3f553460af57071998eac285d,fast_equivalent_v1,unknown,pixel,5,15,10,1942.1189744953729,569,476,43.682899285759454,482,zero_length_angle_vector,ok
10-1-1,3,oof_prediction,attunet_cl_fixed,2026,external-data/10-1-1.png,3a3b8f69bb548e3d0da99bed1bf2ea0805976cd787453f31d47d4d5395027eec,fast_equivalent_v1,unknown,pixel,5,15,10,2609.417531092646,156,162,53.328853660269125,152,zero_length_angle_vector,ok
10-1-1(1),3,oof_prediction,attunet_cl_fixed,2026,external-data/10-1-1(1).png,d1406381cec2e3d25ffc943095fd53eb947bd864aa6e42135a447a64d80a1c76,fast_equivalent_v1,unknown,pixel,5,15,10,1088.0803025278574,96,89,50.77821392403446,64,zero_length_angle_vector,ok
10-1-1(2),1,oof_prediction,attunet_cl_fixed,2026,external-data/10-1-1(2).png,b14b06a6bb2fd1c160da1d4c38869f991b00c8765df14973b569ee555c70968c,fast_equivalent_v1,unknown,pixel,5,15,10,759.5777772109162,41,35,43.52660220674282,40,zero_length_angle_vector,ok
10-1-1(3),2,oof_prediction,attunet_cl_fixed,2026,external-data/10-1-1(3).png,6f6a5205aa81526a858ba4030021a49536da86628e1b3623dc2fb54d52091904,fast_equivalent_v1,unknown,pixel,5,15,10,2298.1525958289794,122,155,55.85724281961157,110,zero_length_angle_vector,ok
10-1-2,2,oof_prediction,attunet_cl_fixed,2026,external-data/10-1-2.png,0a5d6db7a513fa1bb3997c7c550dccc0b5e3d6ddc2a194f2bf075af5458c0a24,fast_equivalent_v1,unknown,pixel,5,15,10,3440.657213186893,399,377,56.28100956751605,399,,ok
10-1-2(1),4,oof_prediction,attunet_cl_fixed,2026,external-data/10-1-2(1).png,4d74e1528834caac9909b677ffe6c031b4e9c39c4259bbb2b07621db864914f7,fast_equivalent_v1,unknown,pixel,5,15,10,471.16147160748835,113,92,49.825247442251296,74,zero_length_angle_vector,ok
10-1-2(2),1,oof_prediction,attunet_cl_fixed,2026,external-data/10-1-2(2).png,da9ae79fb91a000354226bb621b32a31ff2b12e0e857216fc2c9f1bf10b00b9c,fast_equivalent_v1,unknown,pixel,5,15,10,1930.6235918533691,261,206,46.67880301629181,248,zero_length_angle_vector,ok
10-1-2(3),0,oof_prediction,attunet_cl_fixed,2026,external-data/10-1-2(3).png,fa871506e69b7145422087ae56e1329fd7e9928cce1ad61f4b82ce9b6368b501,fast_equivalent_v1,unknown,pixel,5,15,10,938.0092347159919,218,206,50.54249373342312,173,zero_length_angle_vector,ok
10-1-3,0,oof_prediction,attunet_cl_fixed,2026,external-data/10-1-3.png,5bef29cf922d0aa99e67b9672f39abe5b65107d1ef0b845529d67b704c79c5ca,fast_equivalent_v1,unknown,pixel,5,15,10,1079.3250352560317,252,249,44.64616136002479,252,,ok
10-1-9(1),3,oof_prediction,attunet_cl_fixed,2026,external-data/10-1-9(1).png,ee9dfccc141f00fa765d271fef44523d36bf17498c16fe0deb288b4ad317c907,fast_equivalent_v1,unknown,pixel,5,15,10,1508.7098115668823,292,346,52.973000372662305,148,zero_length_angle_vector,ok
10-1-9(2),3,oof_prediction,attunet_cl_fixed,2026,external-data/10-1-9(2).png,ad5d1bf38c0d9813db9df1864f6ae0d312deeaede6c0d905cb0dc4c2244b61a4,fast_equivalent_v1,unknown,pixel,5,15,10,2069.886435076018,162,169,64.205946276557,107,zero_length_angle_vector,ok
10-1-9(3),4,oof_prediction,attunet_cl_fixed,2026,external-data/10-1-9(3).png,285780bcfcb8a9fd68a2eebe9c1034e321544b22cbf1968139e82e30c4cfb6d0,fast_equivalent_v1,unknown,pixel,5,15,10,349.308657865102,119,96,52.0016827046703,110,zero_length_angle_vector,ok
10-2-1,0,oof_prediction,attunet_cl_fixed,2026,external-data/10-2-1.png,561a6641c9dfa4cac38357c7adf20f2fd912c42d6fcc5ea8cd9f752fb9a213c5,fast_equivalent_v1,unknown,pixel,5,15,10,1958.807358037443,328,305,44.82578912745004,328,,ok
10-2-2,3,oof_prediction,attunet_cl_fixed,2026,external-data/10-2-2.png,43f5e5da404b66ab92628040104d94bd90df323d50534926ac51e9465a3ef7ee,fast_equivalent_v1,unknown,pixel,5,15,10,4788.994441751782,404,390,56.02305003632932,404,,ok
10-2-3,3,oof_prediction,attunet_cl_fixed,2026,external-data/10-2-3.png,7b0829a8f8aa50daa26f4ff634b6c36ed0ae00a39af67023d1ba5f53529052d0,fast_equivalent_v1,unknown,pixel,5,15,10,619.239682094291,68,52,47.0979956574631,63,zero_length_angle_vector,ok
10-2-4,0,oof_prediction,attunet_cl_fixed,2026,external-data/10-2-4.png,7879e90d8e8a8fb5850127a2c16f00847bdfc907937b27bb77257d1225285485,fast_equivalent_v1,unknown,pixel,5,15,10,899.7127701597099,197,197,48.651097129149385,107,zero_length_angle_vector,ok
10-9-1,2,oof_prediction,attunet_cl_fixed,2026,external-data/10-9-1.png,9b5af5631285bcc6587d8fc091ad3c9b32b736e825cacdb02db9b8815b999fc0,fast_equivalent_v1,unknown,pixel,5,15,10,2738.586145375091,116,120,51.62788899643086,116,,ok
10-9-2,4,oof_prediction,attunet_cl_fixed,2026,external-data/10-9-2.png,314cfcdfd362a82a410a640b1964ca2de3477631ff0e4317b5643975150c5ffd,fast_equivalent_v1,unknown,pixel,5,15,10,2758.3515139147007,314,312,53.946785823146946,283,zero_length_angle_vector,ok
10-9-3,0,oof_prediction,attunet_cl_fixed,2026,external-data/10-9-3.png,2aa50278f62c267acbdc06fa6b85f46462a5ea6deb4ba7881e17cca0d7ffaf96,fast_equivalent_v1,unknown,pixel,5,15,10,2165.642927837114,257,251,57.50990669335376,225,zero_length_angle_vector,ok
10-9-4,2,oof_prediction,attunet_cl_fixed,2026,external-data/10-9-4.png,e381bbc89d9db6a1d079487d0f5f9afb60de9fb7c5fc39ba84d78cfc138fc78e,fast_equivalent_v1,unknown,pixel,5,15,10,1803.3149339882666,185,158,51.243597934676636,159,zero_length_angle_vector,ok
235-10-11(1),3,oof_prediction,attunet_cl_fixed,2026,external-data/235-10-11(1).png,3def9e5d77623b9814c2a8ba324aeb8486d1e7de43e62b18670c0c2748353213,fast_equivalent_v1,unknown,pixel,5,15,10,2173.7577182503815,260,285,52.65553431850476,252,zero_length_angle_vector,ok
235-10-11(2),1,oof_prediction,attunet_cl_fixed,2026,external-data/235-10-11(2).png,43cefe1fad414930f9b7d19df7874ad0e080b8f9255d2ad98004c8f3caad2a35,fast_equivalent_v1,unknown,pixel,5,15,10,1230.5088014401058,151,106,53.00541937088119,132,zero_length_angle_vector,ok
235-10-11(3),1,oof_prediction,attunet_cl_fixed,2026,external-data/235-10-11(3).png,fab0bd06c7a7b5273626e2d42a1158111929081905768f4842683dc180235958,fast_equivalent_v1,unknown,pixel,5,15,10,2069.324168704257,388,301,46.76801811047189,225,zero_length_angle_vector,ok
235-10-12(1),4,oof_prediction,attunet_cl_fixed,2026,external-data/235-10-12(1).png,aabc616837033913acd0fca0bc0fec686a0ccf3ee2eecf6dcd2873a5f1318bdd,fast_equivalent_v1,unknown,pixel,5,15,10,913.1513703397226,111,115,51.998471860744026,75,zero_length_angle_vector,ok
235-10-12(2),0,oof_prediction,attunet_cl_fixed,2026,external-data/235-10-12(2).png,a22d9834b0dadbeb118eaf1a5a4023162109df6cf8bf7714cd9a594af0a9e382,fast_equivalent_v1,unknown,pixel,5,15,10,1214.697618258062,207,241,49.320701950606946,185,zero_length_angle_vector,ok
235-10-12(3),1,oof_prediction,attunet_cl_fixed,2026,external-data/235-10-12(3).png,60340cee97918647f6cbf497852acdfc9f3bbfb4f167e96f9ee7dbb8266f1f43,fast_equivalent_v1,unknown,pixel,5,15,10,2678.0743853421723,431,347,49.24634710002989,430,zero_length_angle_vector,ok
235-25-6(1),2,oof_prediction,attunet_cl_fixed,2026,external-data/235-25-6(1).png,431c14ca5abb989745ad4de216e25952b0c2c55f0add265886f30316009fc1c9,fast_equivalent_v1,unknown,pixel,5,15,10,1359.3199846221491,72,61,54.1606757437289,62,zero_length_angle_vector,ok
235-25-6(2),4,oof_prediction,attunet_cl_fixed,2026,external-data/235-25-6(2).png,5bea97b94039ff47e5c25a620a152bcbc4a5a1d22d7854b8f2c90f2fe38839c0,fast_equivalent_v1,unknown,pixel,5,15,10,913.1463197058408,191,488,49.842581391722355,148,zero_length_angle_vector,ok
235-25-7(1),2,oof_prediction,attunet_cl_fixed,2026,external-data/235-25-7(1).png,0ac941a837afe3cfb57b9081a2ef21b5d72ba852021caf574c0e41ac8119e1c9,fast_equivalent_v1,unknown,pixel,5,15,10,2067.138310479128,237,223,49.85320215720261,237,,ok
235-25-7(2),2,oof_prediction,attunet_cl_fixed,2026,external-data/235-25-7(2).png,6813e45b28fc8094080c09a311b5b7bc5f6d830c4297f742dccb5280affa7ccf,fast_equivalent_v1,unknown,pixel,5,15,10,1211.40115370178,113,106,47.686969327436096,99,zero_length_angle_vector,ok
235-25-7(3),2,oof_prediction,attunet_cl_fixed,2026,external-data/235-25-7(3).png,05ff64380f0aca05ef3cd4abcbad06c6d200a9e66d7e7b17f47fc73cff7851e0,fast_equivalent_v1,unknown,pixel,5,15,10,1149.8498551495582,185,154,53.074700756002514,121,zero_length_angle_vector,ok
235-25-9(1),4,oof_prediction,attunet_cl_fixed,2026,external-data/235-25-9(1).png,fb7e5ffa8772dc4f1821034fb34466f6643f85c1306fe18fb509475df56d9f5d,fast_equivalent_v1,unknown,pixel,5,15,10,694.5533905932762,77,79,58.07246327379381,13,zero_length_angle_vector,ok
235-25-9(2),4,oof_prediction,attunet_cl_fixed,2026,external-data/235-25-9(2).png,c0537175179b83b5e32f4aeea31715e4b9dfb201e3fac95132eace493d3f30f3,fast_equivalent_v1,unknown,pixel,5,15,10,587.1980515339484,75,73,49.2755723306258,62,zero_length_angle_vector,ok
235-25-9(3),1,oof_prediction,attunet_cl_fixed,2026,external-data/235-25-9(3).png,2615749c4486d45ba44adc0f17d3373d135a000ec3b3e57dc583882e59db6dcd,fast_equivalent_v1,unknown,pixel,5,15,10,1506.3300858899145,216,173,61.710952089905106,90,zero_length_angle_vector,ok
447-1-1,1,oof_prediction,attunet_cl_fixed,2026,external-data/447-1-1.png,16a38f7236ac6d59fab373a00899ebae464fe7369d4f33f1c25f9b39530bea69,fast_equivalent_v1,unknown,pixel,5,15,10,4056.752667616372,320,287,56.7965250078331,319,zero_length_angle_vector,ok
447-1-1(1),1,oof_prediction,attunet_cl_fixed,2026,external-data/447-1-1(1).png,928ad63bfb0ee7ba71b13fd1b43f8b2db312638a12e598b8d0c7975b48b2c54d,fast_equivalent_v1,unknown,pixel,5,15,10,1658.2560594852216,196,140,43.20541607020128,196,,ok
7-1-3(1),4,oof_prediction,attunet_cl_fixed,2026,external-data/7-1-3(1).png,e6d721ceb5cbce233d233326c36b623d76e162be5f0ca0963598a8614ea00886,fast_equivalent_v1,unknown,pixel,5,15,10,1340.4894654563484,487,409,47.90494780276417,482,zero_length_angle_vector,ok
7-1-3(2),4,oof_prediction,attunet_cl_fixed,2026,external-data/7-1-3(2).png,2f7415fa843d8250ccac6ec100fa6adcb1ca53b44471c5f995add6784f55a90f,fast_equivalent_v1,unknown,pixel,5,15,10,1063.9696961967043,225,197,50.321208598823226,200,zero_length_angle_vector,ok
7-1-3(3),0,oof_prediction,attunet_cl_fixed,2026,external-data/7-1-3(3).png,b2b4d20578fc37b8b82a4c01521c23d9604eaba779141ac097df8e41bb0973c3,fast_equivalent_v1,unknown,pixel,5,15,10,1518.8225099390904,381,341,51.054111996013916,289,zero_length_angle_vector,ok
7-1-6(1),0,oof_prediction,attunet_cl_fixed,2026,external-data/7-1-6(1).png,32e8a0a1a4099cb70307a09236b9aa543bcc868195a9442ab70530e230a351d7,fast_equivalent_v1,unknown,pixel,5,15,10,2487.5840533340465,386,382,54.338412150305736,386,,ok
7-1-6(2),3,oof_prediction,attunet_cl_fixed,2026,external-data/7-1-6(2).png,689a265131bcac15bbbbfbd977d2fae3e1fb3dbce9a532a8bcfec6c36bdf4a14,fast_equivalent_v1,unknown,pixel,5,15,10,4162.117241391703,609,552,48.781110517149486,481,zero_length_angle_vector,ok
7-1-6(3),2,oof_prediction,attunet_cl_fixed,2026,external-data/7-1-6(3).png,b4a5f1d9485fdcc2e7d53cd2573860260708389154f888525ee5bd7fde77b4af,fast_equivalent_v1,unknown,pixel,5,15,10,1767.3839097590771,275,262,49.43239183242502,242,zero_length_angle_vector,ok
7-1-6(4),0,oof_prediction,attunet_cl_fixed,2026,external-data/7-1-6(4).png,a4cf2776b49bec138c60262896ddc7f9b2b2c08e6d1379624dc8f36da19fe318,fast_equivalent_v1,unknown,pixel,5,15,10,3257.66940649576,643,669,46.45729658393269,643,,ok
DN50-235-25-6(2),1,oof_prediction,attunet_cl_fixed,2026,external-data/DN50-235-25-6(2).png,bb604082fab85edea88538447911ed011e68a3822a66f082544c6a284e075e76,fast_equivalent_v1,unknown,pixel,5,15,10,1511.841845922848,134,106,45.41931786382178,133,zero_length_angle_vector,ok
DN50-235-25-6(3),1,oof_prediction,attunet_cl_fixed,2026,external-data/DN50-235-25-6(3).png,11ccf4d7eefbe4d73814282dabe13b294faae4d85e062e734d4234cca26e12ba,fast_equivalent_v1,unknown,pixel,5,15,10,933.0681092190378,127,98,48.36942930702609,126,zero_length_angle_vector,ok
DN50-235-25-7(1),0,oof_prediction,attunet_cl_fixed,2026,external-data/DN50-235-25-7(1).png,bbcf8efbbf388e11f18a31cc83ea3ffa90f2cd139cebe812e1b8fbd012910452,fast_equivalent_v1,unknown,pixel,5,15,10,767.1391770309028,137,136,51.58558888390889,127,zero_length_angle_vector,ok
W82-447-1-13-3(1),3,oof_prediction,attunet_cl_fixed,2026,external-data/W82-447-1-13-3(1).png,ef64b52ea998b0dcd4de1a7ba4d7572a18a5bf8f52e234cbe322bcea7e38ea3b,fast_equivalent_v1,unknown,pixel,5,15,10,1484.2905473706264,291,250,45.09311842365315,286,zero_length_angle_vector,ok
W82-447-1-13-7(1),4,oof_prediction,attunet_cl_fixed,2026,external-data/W82-447-1-13-7(1).png,8967b95e5d7eba6cf9d052dbdfe6ddab0471b250669e5f71ca4d23f51f3f63cf,fast_equivalent_v1,unknown,pixel,5,15,10,1466.8519471906131,201,441,56.121285420852395,164,zero_length_angle_vector,ok
W82-447-1-13-7(2),3,oof_prediction,attunet_cl_fixed,2026,external-data/W82-447-1-13-7(2).png,bfa052892d237dc1ab4a987486163d03f469eb0747b0fb03a204601b2a6dc202,fast_equivalent_v1,unknown,pixel,5,15,10,579.09754647056,79,88,51.24582419418112,57,zero_length_angle_vector,ok
W82-447-1-13-7(3),2,oof_prediction,attunet_cl_fixed,2026,external-data/W82-447-1-13-7(3).png,887197a7cdc8fdfc86b1613f22e6cf0c230bbbfa9e8c271750864bdc663d6ba3,fast_equivalent_v1,unknown,pixel,5,15,10,2224.2854967367384,591,595,45.904953533930225,591,,ok
10-1-1,3,oof_prediction,attunet_cl_schedule,42,external-data/10-1-1.png,ec3d76659931e56ca31248a165999008f9f99e84d110d5e7db48a5883a3548c7,fast_equivalent_v1,unknown,pixel,5,15,10,2610.6896090312916,175,171,55.181700890593085,171,zero_length_angle_vector,ok
10-1-1(1),3,oof_prediction,attunet_cl_schedule,42,external-data/10-1-1(1).png,a825607de754f2c0e7b7d3ecb04ec80b83b5270b7c848ab1674f52b3038b6545,fast_equivalent_v1,unknown,pixel,5,15,10,1085.151370339723,82,82,47.33033552444549,56,zero_length_angle_vector,ok
10-1-1(2),1,oof_prediction,attunet_cl_schedule,42,external-data/10-1-1(2).png,b09ade08b2e24481bd06e0a501d0d050c023d6f9803226a4534f69a57e20f565,fast_equivalent_v1,unknown,pixel,5,15,10,474.31074990615645,43,41,52.90311915297771,40,zero_length_angle_vector,ok
10-1-1(3),2,oof_prediction,attunet_cl_schedule,42,external-data/10-1-1(3).png,fd613c8abdbbc02703ee77eb4c19277dbaa091ec5340183d3f551c33b29c4995,fast_equivalent_v1,unknown,pixel,5,15,10,552.617315730204,207,358,51.51083540080598,98,zero_length_angle_vector,ok
10-1-2,2,oof_prediction,attunet_cl_schedule,42,external-data/10-1-2.png,e023772664a2759bb821c586aebc3c615c6ea798f6af29bb84e4322de148c482,fast_equivalent_v1,unknown,pixel,5,15,10,3272.556708123509,529,556,57.29420187784479,527,zero_length_angle_vector,ok
10-1-2(1),4,oof_prediction,attunet_cl_schedule,42,external-data/10-1-2(1).png,c1aa65c467cec64f43423372d9a089445e33d5bd37c7ef13e1c32b3ef2144a20,fast_equivalent_v1,unknown,pixel,5,15,10,1119.8204178980359,120,119,52.635339107653174,108,zero_length_angle_vector,ok
10-1-2(2),1,oof_prediction,attunet_cl_schedule,42,external-data/10-1-2(2).png,0c801222c37c0c136fd35c10a24830bdca4db90ca71f1ba03dbcbb093b5cb7e7,fast_equivalent_v1,unknown,pixel,5,15,10,846.4528855298878,268,226,48.4268024419429,154,zero_length_angle_vector,ok
10-1-2(3),0,oof_prediction,attunet_cl_schedule,42,external-data/10-1-2(3).png,61709f219f3018e58b2d08bea867b775e1354c870a71dad0bfdfee0333462023,fast_equivalent_v1,unknown,pixel,5,15,10,612.9381669041264,98,74,50.21833798362858,56,zero_length_angle_vector,ok
10-1-3,0,oof_prediction,attunet_cl_schedule,42,external-data/10-1-3.png,6323d663a9f4fe7d6c587fc45521f81013d315d2537aaa566b869db2a3ae7147,fast_equivalent_v1,unknown,pixel,5,15,10,329.2670273047591,118,108,40.95437227129139,41,zero_length_angle_vector,ok
10-1-9(1),3,oof_prediction,attunet_cl_schedule,42,external-data/10-1-9(1).png,7dbec3aae30727b5fcbbe5ddb4efc5dd87f476af6aa702c4a8ea6ddef1e97817,fast_equivalent_v1,unknown,pixel,5,15,10,1634.5748186180888,243,261,49.52490230885925,143,zero_length_angle_vector,ok
10-1-9(2),3,oof_prediction,attunet_cl_schedule,42,external-data/10-1-9(2).png,9efce22da71baf1538de788ee3cbea827d0bff2b91ea9a60de3bd1dfe84050bb,fast_equivalent_v1,unknown,pixel,5,15,10,1333.6782822743048,150,144,60.65942285575904,87,zero_length_angle_vector,ok
10-1-9(3),4,oof_prediction,attunet_cl_schedule,42,external-data/10-1-9(3).png,f0bfb73dfe6b84803c059b8f90fd475e806c6fccc44073b6fafe0c0298196322,fast_equivalent_v1,unknown,pixel,5,15,10,606.6833329081869,109,84,55.65337074609274,38,zero_length_angle_vector,ok
10-2-1,0,oof_prediction,attunet_cl_schedule,42,external-data/10-2-1.png,f1f36b2090d66405af51fdba18655bb71aa331e7d265fc110c57b686277096b5,fast_equivalent_v1,unknown,pixel,5,15,10,1745.795164728623,171,149,47.82717029108135,171,,ok
10-2-2,3,oof_prediction,attunet_cl_schedule,42,external-data/10-2-2.png,7e60943a86bbb2f987829ea1f8c4be90ae3db060747d89d71772a5c6110abc2d,fast_equivalent_v1,unknown,pixel,5,15,10,4804.065509563653,423,416,55.72802184828886,423,,ok
10-2-3,3,oof_prediction,attunet_cl_schedule,42,external-data/10-2-3.png,026938206f7274209577182066825ea4ab636026468dcf8b66f7004b3fd6fbbe,fast_equivalent_v1,unknown,pixel,5,15,10,620.5533905932757,84,70,47.27054898062051,82,zero_length_angle_vector,ok
10-2-4,0,oof_prediction,attunet_cl_schedule,42,external-data/10-2-4.png,12eba95b861baaf862fc10e6dab618589e6b12aa79f9dd8d99298d1bbc53a0f3,fast_equivalent_v1,unknown,pixel,5,15,10,914.7077195258272,78,73,53.91891897112145,51,zero_length_angle_vector,ok
10-9-1,2,oof_prediction,attunet_cl_schedule,42,external-data/10-9-1.png,fbb57c0b932c20be3ed14a80f9f124a5b0677f076654c7be3bb8f5450d20d2f3,fast_equivalent_v1,unknown,pixel,5,15,10,1649.8641404994332,181,212,52.05824182591987,171,zero_length_angle_vector,ok
10-9-2,4,oof_prediction,attunet_cl_schedule,42,external-data/10-9-2.png,968a143c441a16193ef36e5f3e580419ac8936bf0c4140f357b389b8b1ae38e2,fast_equivalent_v1,unknown,pixel,5,15,10,2431.294731452699,229,212,48.576708837742096,229,,ok
10-9-3,0,oof_prediction,attunet_cl_schedule,42,external-data/10-9-3.png,d8469dc18c4d08594819952d10d80979d61a764bb4f57bfbd380e199939de067,fast_equivalent_v1,unknown,pixel,5,15,10,1987.2632021601585,109,98,56.09915716850915,89,zero_length_angle_vector,ok
10-9-4,2,oof_prediction,attunet_cl_schedule,42,external-data/10-9-4.png,295c9961593fb054b93999c249de4caedc4e23d38b8e7b2a927d5f65ef478ab5,fast_equivalent_v1,unknown,pixel,5,15,10,1790.2854967367439,260,308,49.60758670313809,225,zero_length_angle_vector,ok
235-10-11(1),3,oof_prediction,attunet_cl_schedule,42,external-data/235-10-11(1).png,a185c6b846c22bb6648eaeb4b6bcae6a325d03162f8c6bde5f47ba22fc3c7845,fast_equivalent_v1,unknown,pixel,5,15,10,2190.787155501905,210,217,51.3147007596244,209,zero_length_angle_vector,ok
235-10-11(2),1,oof_prediction,attunet_cl_schedule,42,external-data/235-10-11(2).png,6bd2c26ff79b3b941aab3b0ccbdb05d8baed08563bbf3e6b6f0400d01fcf0b53,fast_equivalent_v1,unknown,pixel,5,15,10,1207.3300858899145,186,177,52.63693261606241,166,zero_length_angle_vector,ok
235-10-11(3),1,oof_prediction,attunet_cl_schedule,42,external-data/235-10-11(3).png,37b7bbf58ad4f5fadb07dcfe54a7f686d26693a2d29c76da7445953f3f7cd721,fast_equivalent_v1,unknown,pixel,5,15,10,1384.597113194674,437,424,48.85294158381668,249,zero_length_angle_vector,ok
235-10-12(1),4,oof_prediction,attunet_cl_schedule,42,external-data/235-10-12(1).png,eed60bb1ca4c2a50788258ca99201ca5a42a11a838cbd72787b3998ffb3977d6,fast_equivalent_v1,unknown,pixel,5,15,10,1124.917964368596,101,89,51.543265506515304,82,zero_length_angle_vector,ok
235-10-12(2),0,oof_prediction,attunet_cl_schedule,42,external-data/235-10-12(2).png,649e01203db06d30cc2b331e3f80610165a9fe717a2554220849478e5e6e3e7e,fast_equivalent_v1,unknown,pixel,5,15,10,1199.7564927611077,83,104,49.698874903870184,74,zero_length_angle_vector,ok
235-10-12(3),1,oof_prediction,attunet_cl_schedule,42,external-data/235-10-12(3).png,d9075879d9127179a5924393a062f932b14674a5ef7371727df0941db009e6b3,fast_equivalent_v1,unknown,pixel,5,15,10,1469.3321779309692,522,491,41.34799614008312,514,zero_length_angle_vector,ok
235-25-6(1),2,oof_prediction,attunet_cl_schedule,42,external-data/235-25-6(1).png,b804239628732c1f920783d10e7fdc0d8f7244b31c94ab60805b08e798e29839,fast_equivalent_v1,unknown,pixel,5,15,10,2122.59119600901,124,159,48.248370484039974,114,zero_length_angle_vector,ok
235-25-6(2),4,oof_prediction,attunet_cl_schedule,42,external-data/235-25-6(2).png,412e2a3d0db43cc1c9012c412261db9f688d93b6d3801bbebdf2a6f3fe6bc111,fast_equivalent_v1,unknown,pixel,5,15,10,945.5361466505738,84,70,51.449385463226186,82,zero_length_angle_vector,ok
235-25-7(1),2,oof_prediction,attunet_cl_schedule,42,external-data/235-25-7(1).png,a58ec0f05982bdb22a3cab5429a5d2818865a9980e2059e2479f0c2e353f30e0,fast_equivalent_v1,unknown,pixel,5,15,10,1083.2468247692286,350,441,48.464702444718256,350,,ok
235-25-7(2),2,oof_prediction,attunet_cl_schedule,42,external-data/235-25-7(2).png,44988301e6accb4306f2e0a3357fac4487d2b0f7cb8f0128da6169eb7c760ef6,fast_equivalent_v1,unknown,pixel,5,15,10,839.8843430349639,160,224,44.566091188630075,137,zero_length_angle_vector,ok
235-25-7(3),2,oof_prediction,attunet_cl_schedule,42,external-data/235-25-7(3).png,d7db8d6425e669c2ae0fe18f19c4ccf47f45110555141002e808662caf4a6c6e,fast_equivalent_v1,unknown,pixel,5,15,10,1642.567675943151,261,350,53.89859140134367,234,zero_length_angle_vector,ok
235-25-9(1),4,oof_prediction,attunet_cl_schedule,42,external-data/235-25-9(1).png,9dac857017485f492918bb6e251c6f7ee9d33d6dce1de455e0f01024b5d94051,fast_equivalent_v1,unknown,pixel,5,15,10,1201.3544725075544,68,85,61.08022183215082,21,zero_length_angle_vector,ok
235-25-9(2),4,oof_prediction,attunet_cl_schedule,42,external-data/235-25-9(2).png,c49ac3f91433c30186d30126cb9c35b23a59696a94ee40d6887c4ba66560b79a,fast_equivalent_v1,unknown,pixel,5,15,10,771.5950211536189,59,47,48.74029275001667,50,zero_length_angle_vector,ok
235-25-9(3),1,oof_prediction,attunet_cl_schedule,42,external-data/235-25-9(3).png,4bf2e85db5bc66d8343b34f260f73082fac30237f12c365b37a016c1fa59443d,fast_equivalent_v1,unknown,pixel,5,15,10,910.5117600329336,239,208,44.80377616945419,237,zero_length_angle_vector,ok
447-1-1,1,oof_prediction,attunet_cl_schedule,42,external-data/447-1-1.png,072a13dd9e7f761195b7092a42454fb63380380aea5dbfb67bafbb2ec676297b,fast_equivalent_v1,unknown,pixel,5,15,10,4084.705986422141,351,346,57.43707573573707,351,,ok
447-1-1(1),1,oof_prediction,attunet_cl_schedule,42,external-data/447-1-1(1).png,a2b3b8101a8875624dc484ad0cb4255fd36ab1ac5add47b2c07dda5c8b66614f,fast_equivalent_v1,unknown,pixel,5,15,10,959.3746750430851,200,165,51.28666052867387,137,zero_length_angle_vector,ok
7-1-3(1),4,oof_prediction,attunet_cl_schedule,42,external-data/7-1-3(1).png,e9253711a62dc3b5327940dfd47514121935abaa89786f59c11226da0efc0ac6,fast_equivalent_v1,unknown,pixel,5,15,10,1356.1585130146607,304,257,48.87339682238152,301,zero_length_angle_vector,ok
7-1-3(2),4,oof_prediction,attunet_cl_schedule,42,external-data/7-1-3(2).png,b5f7c18cc0664e8ddaa20359ed5966ef8359da568547c7f4def2a6273fc87a11,fast_equivalent_v1,unknown,pixel,5,15,10,1240.7026688919445,147,117,48.94322305980886,119,zero_length_angle_vector,ok
7-1-3(3),0,oof_prediction,attunet_cl_schedule,42,external-data/7-1-3(3).png,fdd21f404a0d22f0a1bd3dbe10069639efd545a3940ae69995f9d365b42e7b57,fast_equivalent_v1,unknown,pixel,5,15,10,1604.0702012600927,197,165,50.43446563189079,157,zero_length_angle_vector,ok
7-1-6(1),0,oof_prediction,attunet_cl_schedule,42,external-data/7-1-6(1).png,502aca81f76ed780a6493c613237560477a8397a2f99847099c1b8514f155e9c,fast_equivalent_v1,unknown,pixel,5,15,10,2521.5373721398155,194,182,52.47896616835171,166,zero_length_angle_vector,ok
7-1-6(2),3,oof_prediction,attunet_cl_schedule,42,external-data/7-1-6(2).png,76fd035288fc9925719050349750fa6076dd96dfbfaac6cb649da1ccc93a7a50,fast_equivalent_v1,unknown,pixel,5,15,10,3897.227847722862,619,570,50.61849826676996,512,zero_length_angle_vector,ok
7-1-6(3),2,oof_prediction,attunet_cl_schedule,42,external-data/7-1-6(3).png,e7132c2b29f29a82328cf167061da473607023c3e849d2540a7237c41dac5d57,fast_equivalent_v1,unknown,pixel,5,15,10,1218.6610383316017,451,566,48.389607046260636,363,zero_length_angle_vector,ok
7-1-6(4),0,oof_prediction,attunet_cl_schedule,42,external-data/7-1-6(4).png,b8a2deccbce3315993e8f6c8337c4fe007e18be6edc5bb667147758f0eedea49,fast_equivalent_v1,unknown,pixel,5,15,10,3171.69884374725,322,279,43.975358871007394,317,zero_length_angle_vector,ok
DN50-235-25-6(2),1,oof_prediction,attunet_cl_schedule,42,external-data/DN50-235-25-6(2).png,e0f797221fa5d9cec4eb0cd0e8ca5d7c87f3b7bea42cae38d23b91d04413b23a,fast_equivalent_v1,unknown,pixel,5,15,10,950.283404695689,159,164,58.35944667769335,158,zero_length_angle_vector,ok
DN50-235-25-6(3),1,oof_prediction,attunet_cl_schedule,42,external-data/DN50-235-25-6(3).png,8b1ad70023303c483eaf931e21b559164cb33ecec4f519d2166f77794672119d,fast_equivalent_v1,unknown,pixel,5,15,10,903.1635636485435,130,119,47.156727562271826,127,zero_length_angle_vector,ok
DN50-235-25-7(1),0,oof_prediction,attunet_cl_schedule,42,external-data/DN50-235-25-7(1).png,0ef93f482e8625934e72b45342cca77dd6fe2283bd77fa0d31430bafb527a8ea,fast_equivalent_v1,unknown,pixel,5,15,10,763.1219330882002,59,40,53.244699363673845,58,zero_length_angle_vector,ok
W82-447-1-13-3(1),3,oof_prediction,attunet_cl_schedule,42,external-data/W82-447-1-13-3(1).png,85bbf80b74e21b75033e3a8523f984a1d0f38ca2b16d5c69bf4da19dd34d44b1,fast_equivalent_v1,unknown,pixel,5,15,10,1497.775828744865,271,232,47.25512343347013,253,zero_length_angle_vector,ok
W82-447-1-13-7(1),4,oof_prediction,attunet_cl_schedule,42,external-data/W82-447-1-13-7(1).png,236969003bdd1adef397053774ee2b6a9ce791ced0c838cccfc0363c4991dcf0,fast_equivalent_v1,unknown,pixel,5,15,10,1438.6925676241794,138,105,51.958146300543845,135,zero_length_angle_vector,ok
W82-447-1-13-7(2),3,oof_prediction,attunet_cl_schedule,42,external-data/W82-447-1-13-7(2).png,876a01cc41f7aeac982850655c6753a204ed8cb321ef69daf891732d8f72030b,fast_equivalent_v1,unknown,pixel,5,15,10,577.9259735953062,62,60,45.524025405385665,44,zero_length_angle_vector,ok
W82-447-1-13-7(3),2,oof_prediction,attunet_cl_schedule,42,external-data/W82-447-1-13-7(3).png,b8ae0c3b0dddd2b1d188d5613db33d9a6ad83d353984905a75a51eeb225823c9,fast_equivalent_v1,unknown,pixel,5,15,10,2468.993216262535,878,1106,44.285540276167964,572,zero_length_angle_vector,ok
10-1-1,3,oof_prediction,attunet_cl_schedule,3407,external-data/10-1-1.png,7bf95908054a14c470a0d750191bda1d5f2e097787ff3af60bcfe42da23081a7,fast_equivalent_v1,unknown,pixel,5,15,10,2623.6896090312903,153,170,61.61872940829359,145,zero_length_angle_vector,ok
10-1-1(1),3,oof_prediction,attunet_cl_schedule,3407,external-data/10-1-1(1).png,3821cf552bf1f4a0e350cf5235b9d8f4b5c5291437b8baf411573492fa30f0a5,fast_equivalent_v1,unknown,pixel,5,15,10,1559.999133448227,90,99,47.18166666955935,72,zero_length_angle_vector,ok
10-1-1(2),1,oof_prediction,attunet_cl_schedule,3407,external-data/10-1-1(2).png,8dbf174a46db11cbf417b58192e5fc97a67c82ffb13b0462fe76d5e85f7aae83,fast_equivalent_v1,unknown,pixel,5,15,10,608.8670990922607,33,22,42.35942053907334,33,,ok
10-1-1(3),2,oof_prediction,attunet_cl_schedule,3407,external-data/10-1-1(3).png,7f3d5fbde47f1cf7a78ebd4d576c4669747377684ea9049b96d183387bf52be0,fast_equivalent_v1,unknown,pixel,5,15,10,1409.4326829943575,65,101,55.707078742763564,48,zero_length_angle_vector,ok
10-1-2,2,oof_prediction,attunet_cl_schedule,3407,external-data/10-1-2.png,1a1b2dea8047de60dc9c23a73c7e50c89c35bc0f7676628166d24dff965156b2,fast_equivalent_v1,unknown,pixel,5,15,10,2295.1576464628642,357,359,46.93840680825549,353,zero_length_angle_vector,ok
10-1-2(1),4,oof_prediction,attunet_cl_schedule,3407,external-data/10-1-2(1).png,8a03972dcdb8c7e16791c027640374a0a20bd756525e972492d5b2b284f314d9,fast_equivalent_v1,unknown,pixel,5,15,10,996.37676708414,192,170,47.21814896499622,111,zero_length_angle_vector,ok
10-1-2(2),1,oof_prediction,attunet_cl_schedule,3407,external-data/10-1-2(2).png,4fcbd8bccd71e13cec1a24d77090bf45f6962604a066c1fefe4380876fe935d5,fast_equivalent_v1,unknown,pixel,5,15,10,852.4823227814106,248,193,46.75621316914874,169,zero_length_angle_vector,ok
10-1-2(3),0,oof_prediction,attunet_cl_schedule,3407,external-data/10-1-2(3).png,48a4a8d7f4ec20c7173e97239d73636e7f689295cf0df298c98b55de4cdb9e32,fast_equivalent_v1,unknown,pixel,5,15,10,1297.619407771259,174,155,48.2772306475091,172,zero_length_angle_vector,ok
10-1-3,0,oof_prediction,attunet_cl_schedule,3407,external-data/10-1-3.png,1758f455176049f87079c0c2e65c55aadf57bffe465d3eb28d8464c15b0e4d8b,fast_equivalent_v1,unknown,pixel,5,15,10,2167.645886429939,247,227,49.87539983409004,242,zero_length_angle_vector,ok
10-1-9(1),3,oof_prediction,attunet_cl_schedule,3407,external-data/10-1-9(1).png,26379b35450c3ca8c2767dbb51c78130729928c43ba9c7cb14c4d4d27cbf7fff,fast_equivalent_v1,unknown,pixel,5,15,10,1360.4722215136458,324,347,52.16831940308042,148,zero_length_angle_vector,ok
10-1-9(2),3,oof_prediction,attunet_cl_schedule,3407,external-data/10-1-9(2).png,d74a9d7130ecf07ab38f5549b9cedbb22d6ab3bd4ed92d7b379ed733a74579d3,fast_equivalent_v1,unknown,pixel,5,15,10,2395.4448763031655,153,169,70.24001666992157,78,zero_length_angle_vector,ok
10-1-9(3),4,oof_prediction,attunet_cl_schedule,3407,external-data/10-1-9(3).png,4c0989b791be8bdb48eb2924a8d1c764e6bdba586d60b4c4a799090abd47c89a,fast_equivalent_v1,unknown,pixel,5,15,10,762.8721497261439,166,143,51.72743405211876,140,zero_length_angle_vector,ok
10-2-1,0,oof_prediction,attunet_cl_schedule,3407,external-data/10-2-1.png,7208a0fdd7499b2bf2f9712621de92e0e245d6becee0e0a9f33ad78fff31bdaf,fast_equivalent_v1,unknown,pixel,5,15,10,2556.339320605873,292,254,53.97838801132181,292,,ok
10-2-2,3,oof_prediction,attunet_cl_schedule,3407,external-data/10-2-2.png,a299ad7dc3cba378c5548955cb72ef7d884664f04020d5d9523d210bc5404e0b,fast_equivalent_v1,unknown,pixel,5,15,10,4796.33758750229,437,430,55.265592276003716,437,,ok
10-2-3,3,oof_prediction,attunet_cl_schedule,3407,external-data/10-2-3.png,127456b31604906112cf67742298e56d44a5dfe3b6888039640356c5d8e7bab7,fast_equivalent_v1,unknown,pixel,5,15,10,657.1391770309027,88,79,48.28207495315906,87,zero_length_angle_vector,ok
10-2-4,0,oof_prediction,attunet_cl_schedule,3407,external-data/10-2-4.png,a2e0a4e98339284242757b71396a187324d86f43d13c6eaada3b90c8087f3368,fast_equivalent_v1,unknown,pixel,5,15,10,1002.1635636485432,198,188,48.943688930976364,153,zero_length_angle_vector,ok
10-9-1,2,oof_prediction,attunet_cl_schedule,3407,external-data/10-9-1.png,7adc53b9e1f0b4eb4a2f6efd6ff57fbfc8855c32745324eba8e6b3bca68a033d,fast_equivalent_v1,unknown,pixel,5,15,10,1785.1900423072384,142,153,54.43775398149913,107,zero_length_angle_vector,ok
10-9-2,4,oof_prediction,attunet_cl_schedule,3407,external-data/10-9-2.png,b498926ac26cb28b787aa02334bc0f14b2a94e41f4c5191b23902dcb78fb7f78,fast_equivalent_v1,unknown,pixel,5,15,10,3107.1109652686055,451,390,49.736498552284004,449,zero_length_angle_vector,ok
10-9-3,0,oof_prediction,attunet_cl_schedule,3407,external-data/10-9-3.png,b97299506afeafa49df54f2584d983da53fecef6d765d3d7f9613019bca4d0e2,fast_equivalent_v1,unknown,pixel,5,15,10,2789.064284074392,212,202,58.0494826922645,202,zero_length_angle_vector,ok
10-9-4,2,oof_prediction,attunet_cl_schedule,3407,external-data/10-9-4.png,e90b247d08630fa62097e01b6daa20bf0c3f05b3a166784c5b2a21a47ab0f105,fast_equivalent_v1,unknown,pixel,5,15,10,1787.841845922848,142,133,50.80014796728425,129,zero_length_angle_vector,ok
235-10-11(1),3,oof_prediction,attunet_cl_schedule,3407,external-data/235-10-11(1).png,dde6bfee30b8c3420b870c398f7d4ce2f58073daa31718441f910a62fc9a169d,fast_equivalent_v1,unknown,pixel,5,15,10,2209.627775935469,247,276,46.71784461849517,242,zero_length_angle_vector,ok
235-10-11(2),1,oof_prediction,attunet_cl_schedule,3407,external-data/235-10-11(2).png,89af4eeca29085a3b19fcda2604b950272da089219626c8867eca6a88905419f,fast_equivalent_v1,unknown,pixel,5,15,10,747.6122650963216,149,117,49.38102553935629,111,zero_length_angle_vector,ok
235-10-11(3),1,oof_prediction,attunet_cl_schedule,3407,external-data/235-10-11(3).png,17f6c66d66114256015432d075609b7a762c0569c2b15f1140567d64729523da,fast_equivalent_v1,unknown,pixel,5,15,10,1493.0378054157418,388,317,46.92815871017055,220,zero_length_angle_vector,ok
235-10-12(1),4,oof_prediction,attunet_cl_schedule,3407,external-data/235-10-12(1).png,1dfd96c1376df5bd2913970d5f9d03445e69992aeadecc95627bab33fd093d89,fast_equivalent_v1,unknown,pixel,5,15,10,2102.680374315358,148,129,50.91949160870886,147,zero_length_angle_vector,ok
235-10-12(2),0,oof_prediction,attunet_cl_schedule,3407,external-data/235-10-12(2).png,a2dbcf0ae042144d8dd170354f561a5a7bd692f799bded0f47fea3f52c49c994,fast_equivalent_v1,unknown,pixel,5,15,10,2263.0794359760766,163,185,50.67420967008501,160,zero_length_angle_vector,ok
235-10-12(3),1,oof_prediction,attunet_cl_schedule,3407,external-data/235-10-12(3).png,0ed8fee65e316055116fa5b022272824d10020fba3931ddd537abac3905ffdc1,fast_equivalent_v1,unknown,pixel,5,15,10,1291.2712113868686,431,369,47.780022234150714,283,zero_length_angle_vector,ok
235-25-6(1),2,oof_prediction,attunet_cl_schedule,3407,external-data/235-25-6(1).png,2ee78218a8e35bad311747cf5fab6e5893eeb7b111f98fde9e83cbf3a1e8c79c,fast_equivalent_v1,unknown,pixel,5,15,10,1048.3006486383915,99,106,50.781929944762744,88,zero_length_angle_vector,ok
235-25-6(2),4,oof_prediction,attunet_cl_schedule,3407,external-data/235-25-6(2).png,a1ad8753971cb1c673cedac296da3ce40d1f724f2af5e5be3683c5fe4149565e,fast_equivalent_v1,unknown,pixel,5,15,10,872.2935059634544,125,111,49.79782857944291,123,zero_length_angle_vector,ok
235-25-7(1),2,oof_prediction,attunet_cl_schedule,3407,external-data/235-25-7(1).png,088267e410dc297ebf5cf012504ea8b6337c8909f85d400bbfb102c13d1fd857,fast_equivalent_v1,unknown,pixel,5,15,10,1073.3178925810942,216,230,47.57221709044907,144,zero_length_angle_vector,ok
235-25-7(2),2,oof_prediction,attunet_cl_schedule,3407,external-data/235-25-7(2).png,cfdb78b6bff3c17bf5ec8cc7ce25504276d152194e46d13899de5e28336b4f92,fast_equivalent_v1,unknown,pixel,5,15,10,624.4041122946077,134,127,50.19829389140223,125,zero_length_angle_vector,ok
235-25-7(3),2,oof_prediction,attunet_cl_schedule,3407,external-data/235-25-7(3).png,76b7d5c01dead482f10dc65a81a6a626d36b8199a7626b752e06fe43c8ae9000,fast_equivalent_v1,unknown,pixel,5,15,10,496.1614716074883,150,137,52.24734051674143,113,zero_length_angle_vector,ok
235-25-9(1),4,oof_prediction,attunet_cl_schedule,3407,external-data/235-25-9(1).png,929b7dadff02a106a39e51d508a444bc9c334671bd92ac16b4d5a67e091d91dd,fast_equivalent_v1,unknown,pixel,5,15,10,730.931024229189,140,118,36.03124323354164,123,zero_length_angle_vector,ok
235-25-9(2),4,oof_prediction,attunet_cl_schedule,3407,external-data/235-25-9(2).png,60547b49412ffe32980f43ade2e5a395551b4534542ced4fd134fdd728de74ca,fast_equivalent_v1,unknown,pixel,5,15,10,792.6660889654844,76,65,51.8448978333068,69,zero_length_angle_vector,ok
235-25-9(3),1,oof_prediction,attunet_cl_schedule,3407,external-data/235-25-9(3).png,359b3dbf18c4da7d2ca1fad79316b94cea6bf72731d3765ccb5b1c1b36dac318,fast_equivalent_v1,unknown,pixel,5,15,10,1473.7930726875682,213,172,45.95319241405088,213,,ok
447-1-1,1,oof_prediction,attunet_cl_schedule,3407,external-data/447-1-1.png,d681c3e29264092ffe0d2441caa623b9187c7b20986a4350a014859c08976681,fast_equivalent_v1,unknown,pixel,5,15,10,4084.8481220458716,315,286,56.70747608118172,315,,ok
447-1-1(1),1,oof_prediction,attunet_cl_schedule,3407,external-data/447-1-1(1).png,357d7dd6ac613017d8270b4a3237656ad47fcce0171b7544097badd07f84129f,fast_equivalent_v1,unknown,pixel,5,15,10,950.9898987322347,186,148,50.46496144884324,125,zero_length_angle_vector,ok
7-1-3(1),4,oof_prediction,attunet_cl_schedule,3407,external-data/7-1-3(1).png,f85ef48e3799c988fca2c1d2a8865ee7327ea83ac9644fce89b1dd5fb607db38,fast_equivalent_v1,unknown,pixel,5,15,10,3595.588237416103,555,496,48.018769816011925,552,zero_length_angle_vector,ok
7-1-3(2),4,oof_prediction,attunet_cl_schedule,3407,external-data/7-1-3(2).png,1920c5ac5d7613d9ad044df0d973239eb40111146504c9fd51e0270b51b5b8f6,fast_equivalent_v1,unknown,pixel,5,15,10,2253.5159441150254,251,196,46.95158375316102,224,zero_length_angle_vector,ok
7-1-3(3),0,oof_prediction,attunet_cl_schedule,3407,external-data/7-1-3(3).png,ff0ffe19930f0e3d210910e51edc5c3f8fed7cfbff864def564581af44e8e4d1,fast_equivalent_v1,unknown,pixel,5,15,10,1707.3077913133293,386,389,51.08834426094244,376,zero_length_angle_vector,ok
7-1-6(1),0,oof_prediction,attunet_cl_schedule,3407,external-data/7-1-6(1).png,6e208af886f786af6366e572c7cd0db27e7a453383be5c053c9ab7df33177950,fast_equivalent_v1,unknown,pixel,5,15,10,3334.946535068286,384,360,53.63013023612391,384,,ok
7-1-6(2),3,oof_prediction,attunet_cl_schedule,3407,external-data/7-1-6(2).png,bb739da0b9743759f813ceabb53bf69dd5113a5844dd342ae436d5e866373095,fast_equivalent_v1,unknown,pixel,5,15,10,3220.3729419394836,676,640,46.69749254362761,675,zero_length_angle_vector,ok
7-1-6(3),2,oof_prediction,attunet_cl_schedule,3407,external-data/7-1-6(3).png,32b9f0c030e8ce72a5714bdd04321efd65095f690c9df3217072e43534c9fef4,fast_equivalent_v1,unknown,pixel,5,15,10,1031.1930009000657,267,294,46.87657258196362,242,zero_length_angle_vector,ok
7-1-6(4),0,oof_prediction,attunet_cl_schedule,3407,external-data/7-1-6(4).png,1fe65b3d58f692ec509111793872271015e0bbb6a402665b94317d0ebaa9da53,fast_equivalent_v1,unknown,pixel,5,15,10,2953.253100892345,621,586,46.372448555778035,621,,ok
DN50-235-25-6(2),1,oof_prediction,attunet_cl_schedule,3407,external-data/DN50-235-25-6(2).png,dd8a7ab59b5eae7c4e09e3cd9d86c2d70fb1c1e801f42b929131758452038873,fast_equivalent_v1,unknown,pixel,5,15,10,1254.1585130146607,143,129,58.6257286289499,142,zero_length_angle_vector,ok
DN50-235-25-6(3),1,oof_prediction,attunet_cl_schedule,3407,external-data/DN50-235-25-6(3).png,f671defece1587580ad31b2966549f9fc53bc16cc2e850dc7effe00e2386d146,fast_equivalent_v1,unknown,pixel,5,15,10,904.5533905932764,109,89,47.224630629729,105,zero_length_angle_vector,ok
DN50-235-25-7(1),0,oof_prediction,attunet_cl_schedule,3407,external-data/DN50-235-25-7(1).png,ed75294aa33cd4ab8cf088c7025cdaa86d6cbd96bcaa1c877d7debe95645ca2b,fast_equivalent_v1,unknown,pixel,5,15,10,736.2102448427682,115,112,47.580981233592105,105,zero_length_angle_vector,ok
W82-447-1-13-3(1),3,oof_prediction,attunet_cl_schedule,3407,external-data/W82-447-1-13-3(1).png,5ea9fa18e9a435d2ecb6fe596b7587c6d94de3574fbd45e58765a1f458fe1018,fast_equivalent_v1,unknown,pixel,5,15,10,2132.2733034279213,334,300,44.789486819814115,327,zero_length_angle_vector,ok
W82-447-1-13-7(1),4,oof_prediction,attunet_cl_schedule,3407,external-data/W82-447-1-13-7(1).png,2b707e4c3ffe2858f5e8c92734ecbd05efd11177b5ede571465bb89669aea73d,fast_equivalent_v1,unknown,pixel,5,15,10,1477.7220048757022,186,165,44.66491281262723,174,zero_length_angle_vector,ok
W82-447-1-13-7(2),3,oof_prediction,attunet_cl_schedule,3407,external-data/W82-447-1-13-7(2).png,dacad6b23baac886aee1e17321e2ab610bfefb38944337a14e4720100365eec7,fast_equivalent_v1,unknown,pixel,5,15,10,729.2813126546339,82,98,48.80791898892212,55,zero_length_angle_vector,ok
W82-447-1-13-7(3),2,oof_prediction,attunet_cl_schedule,3407,external-data/W82-447-1-13-7(3).png,ca5382b85f0a45e37fb1b29c7e00d5028d9922de1e734c14917c127b9946a8f7,fast_equivalent_v1,unknown,pixel,5,15,10,889.2590180780488,602,655,39.938015270235454,435,zero_length_angle_vector,ok
10-1-1,3,oof_prediction,attunet_cl_schedule,2026,external-data/10-1-1.png,37a043646c6850ef2ecb13041bd0fd667652b3abf3880c79f54a89fd33766d7a,fast_equivalent_v1,unknown,pixel,5,15,10,2617.4053377838286,158,159,55.005946246333025,153,zero_length_angle_vector,ok
10-1-1(1),3,oof_prediction,attunet_cl_schedule,2026,external-data/10-1-1(1).png,b16e5cdda5f5c615722856bee60a255534c501c5cdad592356d84f5d8416683d,fast_equivalent_v1,unknown,pixel,5,15,10,1087.6660889654843,73,80,47.90763431683859,61,zero_length_angle_vector,ok
10-1-1(2),1,oof_prediction,attunet_cl_schedule,2026,external-data/10-1-1(2).png,056841b2eee22798bc61813c23950b4e344a32167f00b3028b91541742004f85,fast_equivalent_v1,unknown,pixel,5,15,10,657.3523804664995,53,68,52.047429887704865,45,zero_length_angle_vector,ok
10-1-1(3),2,oof_prediction,attunet_cl_schedule,2026,external-data/10-1-1(3).png,4d910f59c7da20a3c7e3f7a1f5dc656bd9ee3d90f4b90ae42cf2d90ab7b77ade,fast_equivalent_v1,unknown,pixel,5,15,10,2315.6673144547385,139,206,58.18781196374069,130,zero_length_angle_vector,ok
10-1-2,2,oof_prediction,attunet_cl_schedule,2026,external-data/10-1-2.png,b08357d27965f0f0cbf7e2fedfdff4d547aea138e0b62997d57fa171781e87b6,fast_equivalent_v1,unknown,pixel,5,15,10,3279.8754672563823,431,417,55.79225106324628,430,zero_length_angle_vector,ok
10-1-2(1),4,oof_prediction,attunet_cl_schedule,2026,external-data/10-1-2(1).png,ea1c0c5dd8762b54d7fe679fa0ae389a8d58a51ed71e0f7214fc7a6af4ad863f,fast_equivalent_v1,unknown,pixel,5,15,10,2008.9474016201193,294,355,48.771414618739925,283,zero_length_angle_vector,ok
10-1-2(2),1,oof_prediction,attunet_cl_schedule,2026,external-data/10-1-2(2).png,94d6c48ca1f75b9cd37849d1a548979dcf0c1455d22da968072a7f47c1fb0263,fast_equivalent_v1,unknown,pixel,5,15,10,1858.9007204258935,341,353,58.63182454373756,193,zero_length_angle_vector,ok
10-1-2(3),0,oof_prediction,attunet_cl_schedule,2026,external-data/10-1-2(3).png,54048758b0224f36d19a54c327eed41fa804ac879077f7adc4bb2b59648adde8,fast_equivalent_v1,unknown,pixel,5,15,10,709.151370339723,182,155,48.73123808811203,107,zero_length_angle_vector,ok
10-1-3,0,oof_prediction,attunet_cl_schedule,2026,external-data/10-1-3.png,2859d474a837dc0832ff5a7d65fcf7fd846d75a49027172a0ffe16026f698b67,fast_equivalent_v1,unknown,pixel,5,15,10,908.0996385116151,227,201,43.35196772534173,224,zero_length_angle_vector,ok
10-1-9(1),3,oof_prediction,attunet_cl_schedule,2026,external-data/10-1-9(1).png,76628f59586c933a3241f1673f7c7dde1b404a4b8cbcb65b4500e4de38764640,fast_equivalent_v1,unknown,pixel,5,15,10,1321.727055509585,239,264,55.14621601139444,114,zero_length_angle_vector,ok
10-1-9(2),3,oof_prediction,attunet_cl_schedule,2026,external-data/10-1-9(2).png,0836caccdce007fd0d704c1eef36f2136f9e9a227c5df1ed7fcb16e28963e760,fast_equivalent_v1,unknown,pixel,5,15,10,1773.7615433949904,141,141,61.46630875119354,96,zero_length_angle_vector,ok
10-1-9(3),4,oof_prediction,attunet_cl_schedule,2026,external-data/10-1-9(3).png,d796073d8c1a103ec645ddb48d1596433142348f8618eb7ee24eed77d0e39679,fast_equivalent_v1,unknown,pixel,5,15,10,1088.2367235014635,227,224,50.6111015531878,197,zero_length_angle_vector,ok
10-2-1,0,oof_prediction,attunet_cl_schedule,2026,external-data/10-2-1.png,e85cec8a7e76ca6b3c17c2b9e86b877146fb4844feaf3014cd689e7da482822e,fast_equivalent_v1,unknown,pixel,5,15,10,1944.079435976085,320,268,44.90307522237069,320,,ok
10-2-2,3,oof_prediction,attunet_cl_schedule,2026,external-data/10-2-2.png,6908d0635475562f972787def94e0eece19e191acaabab4323bd5a3c9a5d553f,fast_equivalent_v1,unknown,pixel,5,15,10,4792.379218062638,395,385,56.18997339086213,395,,ok
10-2-3,3,oof_prediction,attunet_cl_schedule,2026,external-data/10-2-3.png,d1e9c621ead2b0c4a83f5a708f5241561c666233367f7bd5d8adebd80da6c6e0,fast_equivalent_v1,unknown,pixel,5,15,10,654.2102448427682,68,51,48.52455574834353,66,zero_length_angle_vector,ok
10-2-4,0,oof_prediction,attunet_cl_schedule,2026,external-data/10-2-4.png,e1be809dfe3907381652f3817ef8d879dedfe9f32af3ec7ee867f7e399bc9608,fast_equivalent_v1,unknown,pixel,5,15,10,1090.0508652763347,173,170,49.26218189931306,94,zero_length_angle_vector,ok
10-9-1,2,oof_prediction,attunet_cl_schedule,2026,external-data/10-9-1.png,e5353ce0617a51e73474f2dee1291a5a46ad54eb1857f84c60b0a5250d4f4f7c,fast_equivalent_v1,unknown,pixel,5,15,10,2753.0297961889846,176,208,47.76574936744694,176,,ok
10-9-2,4,oof_prediction,attunet_cl_schedule,2026,external-data/10-9-2.png,2e8f9577c91c84bfc84259c7d82c78959724f1d6bc3ef4cc2205bb8dc10f1749,fast_equivalent_v1,unknown,pixel,5,15,10,3226.762768884209,479,434,50.77011184979663,479,,ok
10-9-3,0,oof_prediction,attunet_cl_schedule,2026,external-data/10-9-3.png,bcbfcca5da7e6969882c6d37d2dd2c6328058f07c27d3d4fd84a82305b81b5ee,fast_equivalent_v1,unknown,pixel,5,15,10,2157.199277023218,216,205,59.083868827258144,188,zero_length_angle_vector,ok
10-9-4,2,oof_prediction,attunet_cl_schedule,2026,external-data/10-9-4.png,6054213d3680bcef5f40b608466f5bf998dfd2433dfbd695dbe4d18c5628ff5d,fast_equivalent_v1,unknown,pixel,5,15,10,2026.9839815465791,201,188,47.02280852120611,175,zero_length_angle_vector,ok
235-10-11(1),3,oof_prediction,attunet_cl_schedule,2026,external-data/235-10-11(1).png,92db9b71865bc4ee7a040f1a8b4030639cd8e2b41214a26777777741fe1db90f,fast_equivalent_v1,unknown,pixel,5,15,10,1459.8124086713249,217,225,49.62972528835899,214,zero_length_angle_vector,ok
235-10-11(2),1,oof_prediction,attunet_cl_schedule,2026,external-data/235-10-11(2).png,5793ea196179d0100e1d12b0471b129244a2f701eb19ecb235936fc8d2983e13,fast_equivalent_v1,unknown,pixel,5,15,10,1276.1067811865526,236,276,50.344535095014564,183,zero_length_angle_vector,ok
235-10-11(3),1,oof_prediction,attunet_cl_schedule,2026,external-data/235-10-11(3).png,77747cac96de3c0d936da9b9eebe2e8f4c120876cd04bd94210e4d57662acdcc,fast_equivalent_v1,unknown,pixel,5,15,10,1948.5108934811608,490,505,47.953025447132006,489,zero_length_angle_vector,ok
235-10-12(1),4,oof_prediction,attunet_cl_schedule,2026,external-data/235-10-12(1).png,c0dbfb4da412f2a71f4e3e0fdb3ade47f62fb7786b4d1c5bb7c4ce9ff6329c4c,fast_equivalent_v1,unknown,pixel,5,15,10,1387.6143571373764,189,176,51.77175974781142,161,zero_length_angle_vector,ok
235-10-12(2),0,oof_prediction,attunet_cl_schedule,2026,external-data/235-10-12(2).png,5bc5ee534774b21857ef3bfc0289bf80f69432dc1c2c190dc12ec70358fe8389,fast_equivalent_v1,unknown,pixel,5,15,10,1687.7413408594598,168,194,53.422054237076885,157,zero_length_angle_vector,ok
235-10-12(3),1,oof_prediction,attunet_cl_schedule,2026,external-data/235-10-12(3).png,a1c36a5df535c20dd62f0420c15fb3b02988e891acea28e52029e54b8158385d,fast_equivalent_v1,unknown,pixel,5,15,10,1939.3321779309695,652,655,52.46026742137176,412,zero_length_angle_vector,ok
235-25-6(1),2,oof_prediction,attunet_cl_schedule,2026,external-data/235-25-6(1).png,51c3a4149f2dc132d21a6b5a4a56da4a09bddea46a2a90dc5eb3e5151e9adf34,fast_equivalent_v1,unknown,pixel,5,15,10,1817.5769106591436,100,118,51.23622809684668,97,zero_length_angle_vector,ok
235-25-6(2),4,oof_prediction,attunet_cl_schedule,2026,external-data/235-25-6(2).png,df603195f0bb0cef802a4f5598a4b907458467f351b9d7b0c412a5833f7a2a20,fast_equivalent_v1,unknown,pixel,5,15,10,910.4062043356627,123,129,50.20697822101698,119,zero_length_angle_vector,ok
235-25-7(1),2,oof_prediction,attunet_cl_schedule,2026,external-data/235-25-7(1).png,5ed1c5d82bd4882ac3ec0ec1cec8a161f626450d7abde6f3591b5a03b0e8e4bc,fast_equivalent_v1,unknown,pixel,5,15,10,2070.126117170307,267,274,50.85185491106945,267,,ok
235-25-7(2),2,oof_prediction,attunet_cl_schedule,2026,external-data/235-25-7(2).png,6800021ab2a9ee99f0bb4b1a2518636a26d55b7d3ac72459d3bce8beb94ad68d,fast_equivalent_v1,unknown,pixel,5,15,10,1180.6265504461967,154,162,44.53837252959939,136,zero_length_angle_vector,ok
235-25-7(3),2,oof_prediction,attunet_cl_schedule,2026,external-data/235-25-7(3).png,622f63ca29cf3f6824aa34feb261cbcb186ea22c34d4ff7ef5e404fbdd74e9d7,fast_equivalent_v1,unknown,pixel,5,15,10,2092.3860018001283,192,205,55.617411386833275,172,zero_length_angle_vector,ok
235-25-9(1),4,oof_prediction,attunet_cl_schedule,2026,external-data/235-25-9(1).png,53325e7761c5249844668fdcbc3aaa8fd258a7d14226029c3e32b84559e8a0da,fast_equivalent_v1,unknown,pixel,5,15,10,763.7594513539352,177,238,59.104072981449285,60,zero_length_angle_vector,ok
235-25-9(2),4,oof_prediction,attunet_cl_schedule,2026,external-data/235-25-9(2).png,19ab7a5e5ddfe0ba90504e121e1fdaea62ae06280d50702918abf52c50d27489,fast_equivalent_v1,unknown,pixel,5,15,10,804.3940110268423,93,115,52.31225052616287,79,zero_length_angle_vector,ok
235-25-9(3),1,oof_prediction,attunet_cl_schedule,2026,external-data/235-25-9(3).png,87dcb47f43028b00108546bf3cc10223dfb349f238ef6ae09035e03d8e04ef0d,fast_equivalent_v1,unknown,pixel,5,15,10,1078.5655839020965,276,262,44.30267699537121,275,zero_length_angle_vector,ok
447-1-1,1,oof_prediction,attunet_cl_schedule,2026,external-data/447-1-1.png,4daf43a697615812361ff1e17b19c6c1bd198432333a5f5c8d8438838b88a4db,fast_equivalent_v1,unknown,pixel,5,15,10,4086.7354236736624,392,417,56.05700815341002,391,zero_length_angle_vector,ok
447-1-1(1),1,oof_prediction,attunet_cl_schedule,2026,external-data/447-1-1(1).png,41b2a3f3db17c194cc9244b5686a559c9fda59aee977df498df5c6f204bf0ac3,fast_equivalent_v1,unknown,pixel,5,15,10,1771.246824769229,239,232,55.43676394535445,203,zero_length_angle_vector,ok
7-1-3(1),4,oof_prediction,attunet_cl_schedule,2026,external-data/7-1-3(1).png,b48762c77ad04204b4d0dfb0b0fc85e6a50359228152ec12f0fe53e7e6a02241,fast_equivalent_v1,unknown,pixel,5,15,10,2087.7758287448637,577,572,46.13459428874907,575,zero_length_angle_vector,ok
7-1-3(2),4,oof_prediction,attunet_cl_schedule,2026,external-data/7-1-3(2).png,236a25446be5220eb36e5079e6a57d885e3204570717e78e478b131b0470a9a9,fast_equivalent_v1,unknown,pixel,5,15,10,2263.788022053668,289,264,44.78059109915788,249,zero_length_angle_vector,ok
7-1-3(3),0,oof_prediction,attunet_cl_schedule,2026,external-data/7-1-3(3).png,3a05a1ce4bf9db72d99b650952f2efba2051d509968c716ee55aaa3b840a5e0b,fast_equivalent_v1,unknown,pixel,5,15,10,1682.2123368838236,338,292,51.43071577028165,259,zero_length_angle_vector,ok
7-1-6(1),0,oof_prediction,attunet_cl_schedule,2026,external-data/7-1-6(1).png,2f993dfed4b55d6d7d0e3faec837b45631480575fe954ce6a3f33a03f9cafcc2,fast_equivalent_v1,unknown,pixel,5,15,10,2233.4175310926944,374,366,53.32212998561391,327,zero_length_angle_vector,ok
7-1-6(2),3,oof_prediction,attunet_cl_schedule,2026,external-data/7-1-6(2).png,a558a94cf3eb8f877a61bd6ad54cba1730e87ff5a452ddf1d63d2ee133283caa,fast_equivalent_v1,unknown,pixel,5,15,10,3305.9170978167595,591,526,45.690390209216794,591,,ok
7-1-6(3),2,oof_prediction,attunet_cl_schedule,2026,external-data/7-1-6(3).png,65920c07d43eef1e33d1e54f8cb804e77c043e5a65b02307c15d392084d25dfd,fast_equivalent_v1,unknown,pixel,5,15,10,2192.4570696119836,301,330,46.5685079099489,271,zero_length_angle_vector,ok
7-1-6(4),0,oof_prediction,attunet_cl_schedule,2026,external-data/7-1-6(4).png,c5d4956c73a0b01fa428132a67cbe6cfd52c5bba09e045e462769aea2dae35d5,fast_equivalent_v1,unknown,pixel,5,15,10,3700.33340342015,619,590,45.720653100724405,619,,ok
DN50-235-25-6(2),1,oof_prediction,attunet_cl_schedule,2026,external-data/DN50-235-25-6(2).png,9efccf91b922e077abd20dff1d68c126851df1c99dfbf5e0d7fc3bb232766622,fast_equivalent_v1,unknown,pixel,5,15,10,1373.7981233214505,171,167,56.56258594233952,171,,ok
DN50-235-25-6(3),1,oof_prediction,attunet_cl_schedule,2026,external-data/DN50-235-25-6(3).png,cdcea9794055cfaa4d49fcccd6ef1ea19804a6deabee4e58144b7f94f0c49a96,fast_equivalent_v1,unknown,pixel,5,15,10,914.6955262170073,162,180,47.08120225373644,161,zero_length_angle_vector,ok
DN50-235-25-7(1),0,oof_prediction,attunet_cl_schedule,2026,external-data/DN50-235-25-7(1).png,9dd63f564fe3bc05a0fe9cde868a3f46e7c4165c0b0b239a147a9a9e1f120199,fast_equivalent_v1,unknown,pixel,5,15,10,773.7077195258271,103,96,49.759177272120425,101,zero_length_angle_vector,ok
W82-447-1-13-3(1),3,oof_prediction,attunet_cl_schedule,2026,external-data/W82-447-1-13-3(1).png,6366b4b586e5953d7c1fc295f0847006a6f0dcc35b9c66b009c8554ad2d26632,fast_equivalent_v1,unknown,pixel,5,15,10,1486.1189744953726,278,252,46.52443064579234,256,zero_length_angle_vector,ok
W82-447-1-13-7(1),4,oof_prediction,attunet_cl_schedule,2026,external-data/W82-447-1-13-7(1).png,9c6ec3e334036f800cdc4d0e0721cfad64490b57fd3741263d3d5e4df12bd66f,fast_equivalent_v1,unknown,pixel,5,15,10,1262.5088014401056,272,259,49.90836538795953,261,zero_length_angle_vector,ok
W82-447-1-13-7(2),3,oof_prediction,attunet_cl_schedule,2026,external-data/W82-447-1-13-7(2).png,a1ff2269f65896c2d1576d587ff2ac08862cd1a11a4c56aaed724cc29290760c,fast_equivalent_v1,unknown,pixel,5,15,10,830.4183976444822,66,75,51.24170466943531,41,zero_length_angle_vector,ok
W82-447-1-13-7(3),2,oof_prediction,attunet_cl_schedule,2026,external-data/W82-447-1-13-7(3).png,a7ca0c2f76322887f5340e85c1a6bd77c6ba0d588cdfb14eebeb6e8175e93276,fast_equivalent_v1,unknown,pixel,5,15,10,2831.6551211458836,632,630,48.154866606986324,632,,ok
10-1-1,3,oof_prediction,attunet_pixel,42,external-data/10-1-1.png,cb027f5560e63965ce8a14ba1e9e057c0d61001826509b31bfb59f9763422b95,fast_equivalent_v1,unknown,pixel,5,15,10,2565.0327547817983,115,103,58.86600775065504,110,zero_length_angle_vector,ok
10-1-1(1),3,oof_prediction,attunet_pixel,42,external-data/10-1-1(1).png,e2808495b3d5dbff74918e1ea9e3ae81497af111c752b019478784dd1d6fd487,fast_equivalent_v1,unknown,pixel,5,15,10,1050.7249634685297,47,35,43.10836039844949,31,zero_length_angle_vector,ok
10-1-1(2),1,oof_prediction,attunet_pixel,42,external-data/10-1-1(2).png,6ef335e76091af2af215e4fab86458f8206e2be7c47552277982342a8f21ad31,fast_equivalent_v1,unknown,pixel,5,15,10,995.3380951166249,34,17,44.12035354629417,34,,ok
10-1-1(3),2,oof_prediction,attunet_pixel,42,external-data/10-1-1(3).png,e2f79e57a0d723e0acfc7e4ab04d7524030fcd1b42b9fe0c5ee8bf1f8523c04b,fast_equivalent_v1,unknown,pixel,5,15,10,1678.4865068635206,73,51,64.64103622003555,49,zero_length_angle_vector,ok
10-1-2,2,oof_prediction,attunet_pixel,42,external-data/10-1-2.png,4da292392969566bb547a55d19d78ec7ded366c36ea997fdfa992caee345030b,fast_equivalent_v1,unknown,pixel,5,15,10,3299.3313113790987,304,275,54.154658772309126,303,zero_length_angle_vector,ok
10-1-2(1),4,oof_prediction,attunet_pixel,42,external-data/10-1-2(1).png,d4de41ab6e936d41ecfcec5c871291af16971de6f5d37c45ea0427dda5a42890,fast_equivalent_v1,unknown,pixel,5,15,10,1177.6021638285565,137,110,60.50386310911602,57,zero_length_angle_vector,ok
10-1-2(2),1,oof_prediction,attunet_pixel,42,external-data/10-1-2(2).png,9991ef36c72f5380ab501c3d6ff28354cd41726c45c294eb86d5da2237af1d37,fast_equivalent_v1,unknown,pixel,5,15,10,1242.4335495461305,212,143,42.01621246423441,212,,ok
10-1-2(3),0,oof_prediction,attunet_pixel,42,external-data/10-1-2(3).png,0bce24a28b341fc5906329976b0831fc259d21ee1224527bfcefb6c035d45c7f,fast_equivalent_v1,unknown,pixel,5,15,10,697.595021153619,124,81,47.8618113907766,68,zero_length_angle_vector,ok
10-1-3,0,oof_prediction,attunet_pixel,42,external-data/10-1-3.png,dc0e6d971073689749714846b1f2e90d37dda10130c2e6928f76d3f4afc85c60,fast_equivalent_v1,unknown,pixel,5,15,10,368.3380951166247,165,120,39.13283410863579,41,zero_length_angle_vector,ok
10-1-9(1),3,oof_prediction,attunet_pixel,42,external-data/10-1-9(1).png,f07389ae0fda0d4652f7616c37d01c66c061238421bb6a94fc4a4a4fbf36ddd5,fast_equivalent_v1,unknown,pixel,5,15,10,959.9503602129466,167,150,50.323774134065694,63,zero_length_angle_vector,ok
10-1-9(2),3,oof_prediction,attunet_pixel,42,external-data/10-1-9(2).png,e79fb24f06cc706649e35da21aa51bcf77ab6000a9849e73e6e0ae42f0f8419b,fast_equivalent_v1,unknown,pixel,5,15,10,1703.9158723275416,90,77,62.977858299571984,53,zero_length_angle_vector,ok
10-1-9(3),4,oof_prediction,attunet_pixel,42,external-data/10-1-9(3).png,c91f207f32f5715e6877b255b375871a6b019e8eebf64bf0e97dd6adec972536,fast_equivalent_v1,unknown,pixel,5,15,10,624.2691193458138,134,93,57.11876965023055,33,zero_length_angle_vector,ok
10-2-1,0,oof_prediction,attunet_pixel,42,external-data/10-2-1.png,059db2233784811265b9e65c64f49b7761af726a3cf1435a331d17edd62038b5,fast_equivalent_v1,unknown,pixel,5,15,10,1917.3220766632044,248,198,46.392444501094765,248,,ok
10-2-2,3,oof_prediction,attunet_pixel,42,external-data/10-2-2.png,2398c99bfa63a5809147f2b6d3cea90b0759db9ce7f0571b487f8b5c5a5d249b,fast_equivalent_v1,unknown,pixel,5,15,10,3305.7282809987564,296,269,56.698088342355064,293,zero_length_angle_vector,ok
10-2-3,3,oof_prediction,attunet_pixel,42,external-data/10-2-3.png,4fb354b1466158958a3406a9da44418874f212fdc7f5f66315b8c02040f0a745,fast_equivalent_v1,unknown,pixel,5,15,10,646.3107499061565,49,32,49.44474904257305,49,,ok
10-2-4,0,oof_prediction,attunet_pixel,42,external-data/10-2-4.png,e50dd28d59edc5aa57e9320819811c5c5e37cb536355abd7a1f5ae1761e8ef56,fast_equivalent_v1,unknown,pixel,5,15,10,982.695526217007,129,109,46.45410208571613,128,zero_length_angle_vector,ok
10-9-1,2,oof_prediction,attunet_pixel,42,external-data/10-9-1.png,75c82f23c4814465055455991656fbf6eb3bfde4393e03c34f88a05191b7f12c,fast_equivalent_v1,unknown,pixel,5,15,10,2043.5596667164411,95,73,48.250438247289914,90,zero_length_angle_vector,ok
10-9-2,4,oof_prediction,attunet_pixel,42,external-data/10-9-2.png,98354f523de63abf9748c4700ad5ffbad97a59c0f78daf864f2a7759d4b0a979,fast_equivalent_v1,unknown,pixel,5,15,10,3149.306924761497,291,245,49.895616742759906,290,zero_length_angle_vector,ok
10-9-3,0,oof_prediction,attunet_pixel,42,external-data/10-9-3.png,fe788e840b68598bf11a23885dc3b910b08ecea2876b19d69b13499d2ff268ba,fast_equivalent_v1,unknown,pixel,5,15,10,2198.454111019152,143,124,56.17824950454325,122,zero_length_angle_vector,ok
10-9-4,2,oof_prediction,attunet_pixel,42,external-data/10-9-4.png,5f073c8926d1c31e86bcaf7a28fae8fac9bc17d7247395aa55e64f04c7eb16fa,fast_equivalent_v1,unknown,pixel,5,15,10,1977.2560594852212,134,95,50.50922171849072,117,zero_length_angle_vector,ok
235-10-11(1),3,oof_prediction,attunet_pixel,42,external-data/235-10-11(1).png,a1bfbe3b8a3a262eadad404ecc93a9a5a5c9b9b9e667cc011b6ca3cb5616b420,fast_equivalent_v1,unknown,pixel,5,15,10,1435.6113985445484,143,106,49.20989300401178,141,zero_length_angle_vector,ok
235-10-11(2),1,oof_prediction,attunet_pixel,42,external-data/235-10-11(2).png,cc52a38fd3c4e8b6a7f54f8418f7f5c47ac37152112696e655d2f63d665ffb35,fast_equivalent_v1,unknown,pixel,5,15,10,720.3452377915621,86,51,51.14030620833837,57,zero_length_angle_vector,ok
235-10-11(3),1,oof_prediction,attunet_pixel,42,external-data/235-10-11(3).png,3454e938760950b7613a451c24167b5d584765f28ea3e61f42c39e1cc0bf481d,fast_equivalent_v1,unknown,pixel,5,15,10,1095.6021638285563,280,210,44.98264166634267,173,zero_length_angle_vector,ok
235-10-12(1),4,oof_prediction,attunet_pixel,42,external-data/235-10-12(1).png,1fd24183e686b7846e5f81482ba4f3dd621ff951c4122363c8c456961296e424,fast_equivalent_v1,unknown,pixel,5,15,10,1095.9768388716416,117,90,47.86819668850539,101,zero_length_angle_vector,ok
235-10-12(2),0,oof_prediction,attunet_pixel,42,external-data/235-10-12(2).png,95cc2f1fbee00301029d9b15c91d60e1d115994e95a54463aafdb5449f5e380d,fast_equivalent_v1,unknown,pixel,5,15,10,1372.0945878777325,123,123,50.48564276930797,108,zero_length_angle_vector,ok
235-10-12(3),1,oof_prediction,attunet_pixel,42,external-data/235-10-12(3).png,0a777e50f75deff60142e07ca6d1343a52b25c310bad7627516f82ed7c5f8bfa,fast_equivalent_v1,unknown,pixel,5,15,10,1385.8813844421356,309,242,44.45065671328535,305,zero_length_angle_vector,ok
235-25-6(1),2,oof_prediction,attunet_pixel,42,external-data/235-25-6(1).png,9a552aec71e4b26d70fa6451830132221b37193cfdb5ec8e536a8e7f472a1c3f,fast_equivalent_v1,unknown,pixel,5,15,10,1050.9869401394067,53,35,54.58156385266245,45,zero_length_angle_vector,ok
235-25-6(2),4,oof_prediction,attunet_pixel,42,external-data/235-25-6(2).png,941913775df4310a273b3f5385fe20db210481c6440d6d3391f408fbcda59bdf,fast_equivalent_v1,unknown,pixel,5,15,10,934.5605332682138,72,53,50.01067641397481,71,zero_length_angle_vector,ok
235-25-7(1),2,oof_prediction,attunet_pixel,42,external-data/235-25-7(1).png,de91250b81b077e1aead19b2c4ea66e4ce8b977aabac3ad94f25a4577903e6a6,fast_equivalent_v1,unknown,pixel,5,15,10,2070.2388155425174,158,135,49.91946629341327,158,,ok
235-25-7(2),2,oof_prediction,attunet_pixel,42,external-data/235-25-7(2).png,a93cf0c9db8b7a07390f9b229f0cfb14766248a8bc73e26e22395084d28648e5,fast_equivalent_v1,unknown,pixel,5,15,10,1214.2295808265262,65,52,49.16552811438579,58,zero_length_angle_vector,ok
235-25-7(3),2,oof_prediction,attunet_pixel,42,external-data/235-25-7(3).png,b3dc1abbdc51c7e12c2dd26dfbecc304596c70467c0492c5a68414590ddd0dc0,fast_equivalent_v1,unknown,pixel,5,15,10,1155.9503602129464,114,85,52.321040496188516,71,zero_length_angle_vector,ok
235-25-9(1),4,oof_prediction,attunet_pixel,42,external-data/235-25-9(1).png,be20ea77bab42165e8e06ac8e34bf84fbb041a51f4e611f0b280e4258292187e,fast_equivalent_v1,unknown,pixel,5,15,10,744.1736649163083,90,85,39.08970462117968,79,zero_length_angle_vector,ok
235-25-9(2),4,oof_prediction,attunet_pixel,42,external-data/235-25-9(2).png,c44a18c3bbea5cc3162ea1b955788a32705aaf794a6d4a86c1dc8b28f85548f2,fast_equivalent_v1,unknown,pixel,5,15,10,806.293505963454,43,32,46.524045423502756,37,zero_length_angle_vector,ok
235-25-9(3),1,oof_prediction,attunet_pixel,42,external-data/235-25-9(3).png,38b66a5af36f3011d0d4a3ebc5d8d3adc68a8abb4b966a6502946bd0fcaaa5d4,fast_equivalent_v1,unknown,pixel,5,15,10,718.4772721475282,166,118,45.09763179805125,138,zero_length_angle_vector,ok
447-1-1,1,oof_prediction,attunet_pixel,42,external-data/447-1-1.png,050a4aa7cde9bc0beee001e3da60bb30e9e04ca5bd299cbfbca1ded0b7696048,fast_equivalent_v1,unknown,pixel,5,15,10,2647.6824663563784,279,197,52.10121138291047,219,zero_length_angle_vector,ok
447-1-1(1),1,oof_prediction,attunet_pixel,42,external-data/447-1-1(1).png,6b89dcc2f60fbbd3d4ab5b427a6f3c976f17a8044f3599b73f9d048e46086147,fast_equivalent_v1,unknown,pixel,5,15,10,857.9777054234146,143,107,50.16827235313769,94,zero_length_angle_vector,ok
7-1-3(1),4,oof_prediction,attunet_pixel,42,external-data/7-1-3(1).png,c4507865012dca49ade83f6a11cd9cfa3d9234ba2dfc28fbf8ddac6ebc40079f,fast_equivalent_v1,unknown,pixel,5,15,10,3386.113057309645,298,231,46.860611138636024,295,zero_length_angle_vector,ok
7-1-3(2),4,oof_prediction,attunet_pixel,42,external-data/7-1-3(2).png,a83b07c910a4cf38e6e48d36e4bdf1334f95417215f3f9eb74ff17bfae17e34f,fast_equivalent_v1,unknown,pixel,5,15,10,2257.9423509862177,173,123,44.63955310283672,151,zero_length_angle_vector,ok
7-1-3(3),0,oof_prediction,attunet_pixel,42,external-data/7-1-3(3).png,28c925e0b36c9718e61a7c239d2d9eca376d02294a1b75e3ecb214a313378d82,fast_equivalent_v1,unknown,pixel,5,15,10,1685.0062761231648,287,238,51.6357334992706,224,zero_length_angle_vector,ok
7-1-6(1),0,oof_prediction,attunet_pixel,42,external-data/7-1-6(1).png,94fb8f6454a64fe15496c37d63cdad0b99ff88f6867f0e4a13ea355ab384d8c7,fast_equivalent_v1,unknown,pixel,5,15,10,2162.9028124669385,259,230,52.39471792606847,232,zero_length_angle_vector,ok
7-1-6(2),3,oof_prediction,attunet_pixel,42,external-data/7-1-6(2).png,c878e6788801e74117a8105af5d7382eee8984c3f0bcf792f00f65cf13a4f784,fast_equivalent_v1,unknown,pixel,5,15,10,3861.92633253271,453,368,48.69072220158252,366,zero_length_angle_vector,ok
7-1-6(3),2,oof_prediction,attunet_pixel,42,external-data/7-1-6(3).png,aa76a46e21b7671364bd8ae3729564ff4618867bb1e6f31b4b97dffd10474cf3,fast_equivalent_v1,unknown,pixel,5,15,10,1422.0336213336323,195,158,44.51539789334539,174,zero_length_angle_vector,ok
7-1-6(4),0,oof_prediction,attunet_pixel,42,external-data/7-1-6(4).png,a34060765d3dea123df6d9716adba23fb0197a29e6e09484723bb78c9febf01b,fast_equivalent_v1,unknown,pixel,5,15,10,3674.1790744876,460,420,46.49988863586174,460,,ok
DN50-235-25-6(2),1,oof_prediction,attunet_pixel,42,external-data/DN50-235-25-6(2).png,b5cb950d02719856b8aa4ac120c677e45e0d2012bc47341e62f754f5c76dbaa0,fast_equivalent_v1,unknown,pixel,5,15,10,965.9991334482269,107,72,47.60110289034358,106,zero_length_angle_vector,ok
DN50-235-25-6(3),1,oof_prediction,attunet_pixel,42,external-data/DN50-235-25-6(3).png,62989cdd5a2b6915f721b9321fb4260eccc0032f5d4a3deba3f98a49558600c3,fast_equivalent_v1,unknown,pixel,5,15,10,919.1219330882004,72,62,46.89652627561909,66,zero_length_angle_vector,ok
DN50-235-25-7(1),0,oof_prediction,attunet_pixel,42,external-data/DN50-235-25-7(1).png,b4cb2c70fac87c9bffa705fcf0db900423079bb54badeec7617585190dec8eed,fast_equivalent_v1,unknown,pixel,5,15,10,734.3818177180221,70,58,49.00250831724146,69,zero_length_angle_vector,ok
W82-447-1-13-3(1),3,oof_prediction,attunet_pixel,42,external-data/W82-447-1-13-3(1).png,3c526a13aef9542e95c70f81e75534166af39cd37c1f6614a3fcc6e3b8c892fe,fast_equivalent_v1,unknown,pixel,5,15,10,1486.3199846221494,206,152,45.13401443964012,196,zero_length_angle_vector,ok
W82-447-1-13-7(1),4,oof_prediction,attunet_pixel,42,external-data/W82-447-1-13-7(1).png,167b70e6732fcb97e77956e64541690c093b561df11ce459f9615065ba3a04a7,fast_equivalent_v1,unknown,pixel,5,15,10,1437.1240251292552,133,95,50.0177029232484,132,zero_length_angle_vector,ok
W82-447-1-13-7(2),3,oof_prediction,attunet_pixel,42,external-data/W82-447-1-13-7(2).png,6bfd272baeafde80870e49063199742e4fe3de58c4e1e87137c005ea15ca7844,fast_equivalent_v1,unknown,pixel,5,15,10,820.1168824543174,43,32,55.30446865231492,39,zero_length_angle_vector,ok
W82-447-1-13-7(3),2,oof_prediction,attunet_pixel,42,external-data/W82-447-1-13-7(3).png,11d04b0e97447db276f2f1ee839dcb4c649210040ded48b39de0087ef5b9e3d7,fast_equivalent_v1,unknown,pixel,5,15,10,1983.4204896855376,379,278,42.69925883312276,257,zero_length_angle_vector,ok
10-1-1,3,oof_prediction,attunet_pixel,3407,external-data/10-1-1.png,b8b04746754115584ca4454b53ca8b121ad9a26f61dace957af8c64490b20a2a,fast_equivalent_v1,unknown,pixel,5,15,10,3257.9482681718787,141,87,44.94631001731827,141,,ok
10-1-1(1),3,oof_prediction,attunet_pixel,3407,external-data/10-1-1(1).png,68e972beb1c96c5642f4c07b4984ac41d1475ebd52428c03056e461f558461ef,fast_equivalent_v1,unknown,pixel,5,15,10,3347.0752518939466,57,41,35.58266428130884,57,,ok
10-1-1(2),1,oof_prediction,attunet_pixel,3407,external-data/10-1-1(2).png,5af226f8bc705ea96f4496bda8c57fce86308f9f4227bf7db8e52d6b8f921f6b,fast_equivalent_v1,unknown,pixel,5,15,10,613.3818177180221,30,22,41.84617566944634,28,zero_length_angle_vector,ok
10-1-1(3),2,oof_prediction,attunet_pixel,3407,external-data/10-1-1(3).png,26b7ce8244751b9eb1eec4d643087ad35b9ed8ce16b12e408ad5523a0eb57592,fast_equivalent_v1,unknown,pixel,5,15,10,3328.6568542494924,145,140,44.45724613490513,145,,ok
10-1-2,2,oof_prediction,attunet_pixel,3407,external-data/10-1-2.png,ed76a1e94e0955fc8504b4b6e83683e17291cd32ecc4569610236a5e88f00a39,fast_equivalent_v1,unknown,pixel,5,15,10,3309.656854249492,465,355,43.665876261670654,465,,ok
10-1-2(1),4,oof_prediction,attunet_pixel,3407,external-data/10-1-2(1).png,4c36d7a2100c91566f78449364307d43f00ca0abf16ee71b23546ba606d18e1f,fast_equivalent_v1,unknown,pixel,5,15,10,899.0580079512723,199,173,44.11026463576019,195,zero_length_angle_vector,ok
10-1-2(2),1,oof_prediction,attunet_pixel,3407,external-data/10-1-2(2).png,7f8c668ed24f113fa403f54feb6cfa8f31caf474ae6f7cea6c83a2b34b439839,fast_equivalent_v1,unknown,pixel,5,15,10,839.2396820942913,228,200,48.52130727723871,139,zero_length_angle_vector,ok
10-1-2(3),0,oof_prediction,attunet_pixel,3407,external-data/10-1-2(3).png,24091d9a8ad66f27a80a0c1fa921a9b3aaef7682e92844ecc2841bc6bbcb72f9,fast_equivalent_v1,unknown,pixel,5,15,10,645.3818177180224,117,82,47.628570320287,64,zero_length_angle_vector,ok
10-1-3,0,oof_prediction,attunet_pixel,3407,external-data/10-1-3.png,1d97361de021eecc5e083c465c0340c4e9ef7818514206384cf295c394d7709d,fast_equivalent_v1,unknown,pixel,5,15,10,550.541197284456,164,125,47.11537759364241,161,zero_length_angle_vector,ok
10-1-9(1),3,oof_prediction,attunet_pixel,3407,external-data/10-1-9(1).png,4b639b6f7aa2bada387f7820d88c7b94f98aecd705101bcc4224d8893d3b714b,fast_equivalent_v1,unknown,pixel,5,15,10,3354.2884553295435,197,162,46.66825454210922,197,,ok
10-1-9(2),3,oof_prediction,attunet_pixel,3407,external-data/10-1-9(2).png,cdfca9dda72e4bbdd1dee24a30ba07adf9eed3ddb6b70422a288186c2f248784,fast_equivalent_v1,unknown,pixel,5,15,10,3346.418397644456,124,85,48.04096188091647,124,,ok
10-1-9(3),4,oof_prediction,attunet_pixel,3407,external-data/10-1-9(3).png,101ef9541eeee733f8c720d6b614ef1319026515367b85f590633c280f346df1,fast_equivalent_v1,unknown,pixel,5,15,10,835.8549057834409,147,126,49.692721251583805,129,zero_length_angle_vector,ok
10-2-1,0,oof_prediction,attunet_pixel,3407,external-data/10-2-1.png,27322b1073f681b3ace1aa2867f3a0c123c55c0ed00ba7a8c1a6d43fb8361c07,fast_equivalent_v1,unknown,pixel,5,15,10,1920.251008851339,221,161,48.99728816176738,221,,ok
10-2-2,3,oof_prediction,attunet_pixel,3407,external-data/10-2-2.png,8168d058419c61f56ea2a963a227138b1a00032363c1791de00b4b957b90f96e,fast_equivalent_v1,unknown,pixel,5,15,10,3267.889393668828,341,244,46.79320855379378,341,,ok
10-2-3,3,oof_prediction,attunet_pixel,3407,external-data/10-2-3.png,1ce3b8da45fbddb2dbe01bbcca365b6e9a348967be00440c0c0a65eb1f290566,fast_equivalent_v1,unknown,pixel,5,15,10,3332.5067093990133,61,38,51.86128177404108,61,,ok
10-2-4,0,oof_prediction,attunet_pixel,3407,external-data/10-2-4.png,6b8722ebb4bc2ced9957bcdce6826e9ffeedfae5e111a976a540667d716d57e4,fast_equivalent_v1,unknown,pixel,5,15,10,873.2152954766514,118,93,47.65840107516447,117,zero_length_angle_vector,ok
10-9-1,2,oof_prediction,attunet_pixel,3407,external-data/10-9-1.png,9e535139e843daab6629d39c1d461650b5af0174cb95b410efa1b4b4f435b2ad,fast_equivalent_v1,unknown,pixel,5,15,10,3335.828427124746,185,148,36.910024950392625,185,,ok
10-9-2,4,oof_prediction,attunet_pixel,3407,external-data/10-9-2.png,b2ebd31a093d22f1fee20324e4b8847ae199ce50da0756a00de23d6fdff77407,fast_equivalent_v1,unknown,pixel,5,15,10,3541.6521625530313,384,368,49.43589377725751,384,,ok
10-9-3,0,oof_prediction,attunet_pixel,3407,external-data/10-9-3.png,80c8aa7ecf8d17d539101d5f3d0bab498b85184bb274849511d750b864ab368b,fast_equivalent_v1,unknown,pixel,5,15,10,2219.637877203223,141,130,56.687597599272266,121,zero_length_angle_vector,ok
10-9-4,2,oof_prediction,attunet_pixel,3407,external-data/10-9-4.png,6175e3058ebe0d58a17dc994dfe7ce1cb1dda627b492ba5057ffb265f064d206,fast_equivalent_v1,unknown,pixel,5,15,10,3304.828427124746,203,147,46.250625043083176,203,,ok
235-10-11(1),3,oof_prediction,attunet_pixel,3407,external-data/235-10-11(1).png,b93bcab6bd23dfd10f37cb008645ef8405313c9f91807e848d1254e98c98c33f,fast_equivalent_v1,unknown,pixel,5,15,10,3330.2640687118983,159,129,46.44155496733368,159,,ok
235-10-11(2),1,oof_prediction,attunet_pixel,3407,external-data/235-10-11(2).png,c030aeec8abbb6fc30658fd02835688cf16316b0a7a80cce4035f6d87f287099,fast_equivalent_v1,unknown,pixel,5,15,10,1181.4183976444826,121,91,50.459688635912876,104,zero_length_angle_vector,ok
235-10-11(3),1,oof_prediction,attunet_pixel,3407,external-data/235-10-11(3).png,a8f3aeb8dc5e2384affbf435f24fbedf20a2662d356c2b838684548cd90ce84b,fast_equivalent_v1,unknown,pixel,5,15,10,2854.09581336696,337,278,49.4945039545336,194,zero_length_angle_vector,ok
235-10-12(1),4,oof_prediction,attunet_pixel,3407,external-data/235-10-12(1).png,899bd0629133394e8da48ab26626abe826ec3a0c9bda9a630b9bfc664ca8ae05,fast_equivalent_v1,unknown,pixel,5,15,10,1122.4032457428345,153,136,50.26447881408144,128,zero_length_angle_vector,ok
235-10-12(2),0,oof_prediction,attunet_pixel,3407,external-data/235-10-12(2).png,322cd0d8eac647f936e39b42512c96c0b19cfe2e8ab897248d18ea8532850df6,fast_equivalent_v1,unknown,pixel,5,15,10,1197.3128419472114,118,102,52.33218767043159,79,zero_length_angle_vector,ok
235-10-12(3),1,oof_prediction,attunet_pixel,3407,external-data/235-10-12(3).png,ba89d975f6380bafa5a8b37296cfa0f6a06140a7ec580acb5f2a3134a7e7d3cb,fast_equivalent_v1,unknown,pixel,5,15,10,1081.2590180780485,439,340,41.91728932270156,428,zero_length_angle_vector,ok
235-25-6(1),2,oof_prediction,attunet_pixel,3407,external-data/235-25-6(1).png,567607973554df8927232e20255f304d754959d782ebfb3ff0228584eee12c8f,fast_equivalent_v1,unknown,pixel,5,15,10,3275.828427124746,101,77,39.749503560372126,101,,ok
235-25-6(2),4,oof_prediction,attunet_pixel,3407,external-data/235-25-6(2).png,e616ba3dd6a7038c35dad453b0b8504eaa98d25ce64bfb367dc0790ad3142277,fast_equivalent_v1,unknown,pixel,5,15,10,961.986940139407,113,100,52.874807907762886,111,zero_length_angle_vector,ok
235-25-7(1),2,oof_prediction,attunet_pixel,3407,external-data/235-25-7(1).png,cf8501f662c0b5d44348fbc5ac75a9e0801b0915abebcbc3299d3c09f20d619a,fast_equivalent_v1,unknown,pixel,5,15,10,3283.828427124746,266,201,44.96964156645749,266,,ok
235-25-7(2),2,oof_prediction,attunet_pixel,3407,external-data/235-25-7(2).png,feae79167d606443a08666e17766df9b7dc68ae6f62586d9dd60f6716bba7266,fast_equivalent_v1,unknown,pixel,5,15,10,3253.828427124746,132,112,46.205057980243915,132,,ok
235-25-7(3),2,oof_prediction,attunet_pixel,3407,external-data/235-25-7(3).png,40cbdf2186cdd462fb690adc934b2b55d38e0527f2bf6c994eb9a4224496e5f4,fast_equivalent_v1,unknown,pixel,5,15,10,3275.828427124746,198,149,45.89719655190634,198,,ok
235-25-9(1),4,oof_prediction,attunet_pixel,3407,external-data/235-25-9(1).png,3e85defde98d715e74e89a32e650711c7f71e98bfbd40320a77945fc79bd3c6d,fast_equivalent_v1,unknown,pixel,5,15,10,747.7594513539352,121,132,37.48882007424252,115,zero_length_angle_vector,ok
235-25-9(2),4,oof_prediction,attunet_pixel,3407,external-data/235-25-9(2).png,82f21e47003c565b62ee72f7868d81d0c198b62deedd67634c2a00722a7c3055,fast_equivalent_v1,unknown,pixel,5,15,10,835.74935008617,66,58,46.515811870070614,59,zero_length_angle_vector,ok
235-25-9(3),1,oof_prediction,attunet_pixel,3407,external-data/235-25-9(3).png,4aa0ac44e69e22a5b893269163829aa142519e524d73a0690649ca5ee5817e04,fast_equivalent_v1,unknown,pixel,5,15,10,897.5411972844563,189,143,48.67545975653622,188,zero_length_angle_vector,ok
447-1-1,1,oof_prediction,attunet_pixel,3407,external-data/447-1-1.png,6a03befa6d072330a1b56e53cc14b1dcd618d44d5bf0a0e51884ee27219fb740,fast_equivalent_v1,unknown,pixel,5,15,10,2746.535280098761,298,248,55.84379904089115,228,zero_length_angle_vector,ok
447-1-1(1),1,oof_prediction,attunet_pixel,3407,external-data/447-1-1(1).png,377da4a4297f19c8d0e4eb34c17dfd68d3e3eefa37381c820234676bb3c7fed2,fast_equivalent_v1,unknown,pixel,5,15,10,957.3746750430852,160,128,52.588680344528036,104,zero_length_angle_vector,ok
7-1-3(1),4,oof_prediction,attunet_pixel,3407,external-data/7-1-3(1).png,2d55cb6c590bab7d5420aa7d044b5e7dc288e045a7765e0df569f4093aeb6e4d,fast_equivalent_v1,unknown,pixel,5,15,10,1642.0823945689124,517,434,49.52209231232433,509,zero_length_angle_vector,ok
7-1-3(2),4,oof_prediction,attunet_pixel,3407,external-data/7-1-3(2).png,41cd7f849faa862b61c88458625bd728b4ae0c04a97d3bb64f3fc9e7102d8d5d,fast_equivalent_v1,unknown,pixel,5,15,10,2249.0428560496066,221,200,46.43728618296307,193,zero_length_angle_vector,ok
7-1-3(3),0,oof_prediction,attunet_pixel,3407,external-data/7-1-3(3).png,0183331283ed5bed64dfc4ca7916cdef315cdfac1d745d0f01ed40a5b6cee058,fast_equivalent_v1,unknown,pixel,5,15,10,1652.4255403194202,281,232,52.22175294403037,225,zero_length_angle_vector,ok
7-1-6(1),0,oof_prediction,attunet_pixel,3407,external-data/7-1-6(1).png,9ab94156da759ab5f9add951e24abd6183efe49fd3247ef6ebd8870d6fb9fd68,fast_equivalent_v1,unknown,pixel,5,15,10,2063.3464632808436,243,221,53.05864556823722,216,zero_length_angle_vector,ok
7-1-6(2),3,oof_prediction,attunet_pixel,3407,external-data/7-1-6(2).png,66f35d7a8b229f4e6ecad8e0baf8763fcb34389e8b2fa5523a63f564d0b0b487,fast_equivalent_v1,unknown,pixel,5,15,10,3340.2051942088556,471,377,44.580191485564725,471,,ok
7-1-6(3),2,oof_prediction,attunet_pixel,3407,external-data/7-1-6(3).png,a15f5b9611c4277d8d5528588d7dd095edb0012c86e4b340c56dbf605b302ade,fast_equivalent_v1,unknown,pixel,5,15,10,3348.071067811865,305,248,41.366529787539115,305,,ok
7-1-6(4),0,oof_prediction,attunet_pixel,3407,external-data/7-1-6(4).png,9c0c97d31bc5e297bb6b41792331097422616b80334b7ae865207b0101bf2688,fast_equivalent_v1,unknown,pixel,5,15,10,3557.446101792333,410,379,47.717308318751414,410,,ok
DN50-235-25-6(2),1,oof_prediction,attunet_pixel,3407,external-data/DN50-235-25-6(2).png,c4845f1f0fa6ff82cafbc0186ed2e662426e0d2057bab8cf481ae1dbce459205,fast_equivalent_v1,unknown,pixel,5,15,10,928.8986283848386,112,81,50.47488786787175,110,zero_length_angle_vector,ok
DN50-235-25-6(3),1,oof_prediction,attunet_pixel,3407,external-data/DN50-235-25-6(3).png,7339e26816943ec2f6b4d5160b2bc1bee3f7a992e119c00b6f4ad7ef2fde930f,fast_equivalent_v1,unknown,pixel,5,15,10,912.0924958366777,98,79,45.49778928826122,88,zero_length_angle_vector,ok
DN50-235-25-7(1),0,oof_prediction,attunet_pixel,3407,external-data/DN50-235-25-7(1).png,f133a8479a0f7580f90de71d8b4ff3b617e927a24236311fe12771d505cf4d26,fast_equivalent_v1,unknown,pixel,5,15,10,793.4650788387079,67,54,46.51152904978945,67,,ok
W82-447-1-13-3(1),3,oof_prediction,attunet_pixel,3407,external-data/W82-447-1-13-3(1).png,2534ffaf6324e967c1355200bbe1cd099b50ad5beabb001163edad7e58e4bbc7,fast_equivalent_v1,unknown,pixel,5,15,10,3234.9949493661047,214,156,46.715156625942086,214,,ok
W82-447-1-13-7(1),4,oof_prediction,attunet_pixel,3407,external-data/W82-447-1-13-7(1).png,7bb5730874b94a61c4d8ded797fbf69286286e07b9a821a37be8a7239b25edb7,fast_equivalent_v1,unknown,pixel,5,15,10,1434.5504320004484,165,134,47.36456354345298,155,zero_length_angle_vector,ok
W82-447-1-13-7(2),3,oof_prediction,attunet_pixel,3407,external-data/W82-447-1-13-7(2).png,f7ca6629bf2ed0bc53142ee4e4f325e0f4a67a744547bbc49fe2c3036b0c5ffe,fast_equivalent_v1,unknown,pixel,5,15,10,3252.9777054234037,54,35,45.94184467543751,54,,ok
W82-447-1-13-7(3),2,oof_prediction,attunet_pixel,3407,external-data/W82-447-1-13-7(3).png,a66d523ea6e3f05efc3d5d57b8efb86b8568222cae10d00aa77e986c7f57b22a,fast_equivalent_v1,unknown,pixel,5,15,10,3251.485281374238,568,470,40.32585339915151,568,,ok
10-1-1,3,oof_prediction,attunet_pixel,2026,external-data/10-1-1.png,a83afb190649bef07e5c1ef5c4ec5a96d91f4a5850d4c0596739ac756f6c9db0,fast_equivalent_v1,unknown,pixel,5,15,10,2582.488598904514,104,89,55.10677495359738,100,zero_length_angle_vector,ok
10-1-1(1),3,oof_prediction,attunet_pixel,2026,external-data/10-1-1(1).png,1b1af990b01e833e343dd1dc72e0a801afd50fdc5104c153f57dd12c968b4039,fast_equivalent_v1,unknown,pixel,5,15,10,1166.0752518939748,49,31,54.597337437257586,34,zero_length_angle_vector,ok
10-1-1(2),1,oof_prediction,attunet_pixel,2026,external-data/10-1-1(2).png,6724fc2bebadba0d726a208414e88775413b36de61dab51ffd1bb3601f0c064e,fast_equivalent_v1,unknown,pixel,5,15,10,641.553390593276,86,73,37.154910319952954,81,zero_length_angle_vector,ok
10-1-1(3),2,oof_prediction,attunet_pixel,2026,external-data/10-1-1(3).png,b52c4ba2a61509dddbdb22a0c43cee1d9b6eb9adcf145baa893a7790da041b8b,fast_equivalent_v1,unknown,pixel,5,15,10,1274.7636354360452,70,74,50.28590745110747,50,zero_length_angle_vector,ok
10-1-2,2,oof_prediction,attunet_pixel,2026,external-data/10-1-2.png,d86e88116791b3d828dbf43d9b32cee2fd3a3a89eab99c1e516c2b6bb76f2699,fast_equivalent_v1,unknown,pixel,5,15,10,2856.922148450641,264,237,52.17347566624559,258,zero_length_angle_vector,ok
10-1-2(1),4,oof_prediction,attunet_pixel,2026,external-data/10-1-2(1).png,79af870f56290876129831549733e8c13d4e74e7396d477e4013e44ffcc23646,fast_equivalent_v1,unknown,pixel,5,15,10,796.3351365237968,106,94,49.0960914730816,95,zero_length_angle_vector,ok
10-1-2(2),1,oof_prediction,attunet_pixel,2026,external-data/10-1-2(2).png,c6cf1148c4fb29754bb162ca3516fe0dabb555a8dd211a6f13ca91db9b418597,fast_equivalent_v1,unknown,pixel,5,15,10,1106.7026688919445,424,509,54.69065694101226,270,zero_length_angle_vector,ok
10-1-2(3),0,oof_prediction,attunet_pixel,2026,external-data/10-1-2(3).png,82c6b9ccee3fe6dae889e8410583fffd513806524f00761f22e4716d1295436d,fast_equivalent_v1,unknown,pixel,5,15,10,669.0924958366777,127,80,46.273756757006346,75,zero_length_angle_vector,ok
10-1-3,0,oof_prediction,attunet_pixel,2026,external-data/10-1-3.png,7cb461cbfe63532847209984d1c1a0fa2e3ac9a39d88c46e03665933aa3c05ad,fast_equivalent_v1,unknown,pixel,5,15,10,870.8427124746211,168,111,43.65842580255841,136,zero_length_angle_vector,ok
10-1-9(1),3,oof_prediction,attunet_pixel,2026,external-data/10-1-9(1).png,31775fdec65202f3906bbadf63979b0913bb2ea0b06f37e5a8b60fe959c72a6b,fast_equivalent_v1,unknown,pixel,5,15,10,1008.778787337693,129,109,56.09983679999157,44,zero_length_angle_vector,ok
10-1-9(2),3,oof_prediction,attunet_pixel,2026,external-data/10-1-9(2).png,500b462cae48fbd7bd67c3858868c74c86d0a141192166fe756c6939620edbb8,fast_equivalent_v1,unknown,pixel,5,15,10,1215.168614282426,83,67,61.91557235951375,28,zero_length_angle_vector,ok
10-1-9(3),4,oof_prediction,attunet_pixel,2026,external-data/10-1-9(3).png,82dbbf0450b51176cf71590f09e24692565f918999819a34d0082c03b6078fe5,fast_equivalent_v1,unknown,pixel,5,15,10,656.8914857099012,113,88,45.208412357797286,89,zero_length_angle_vector,ok
10-2-1,0,oof_prediction,attunet_pixel,2026,external-data/10-2-1.png,77387b7993661e8c74a7ac46039a89d799db71ae186d6ffdb5fd857f4b446696,fast_equivalent_v1,unknown,pixel,5,15,10,1584.7148622007649,242,174,53.7704720980893,178,zero_length_angle_vector,ok
10-2-2,3,oof_prediction,attunet_pixel,2026,external-data/10-2-2.png,cd83af2081a742c3f609d14b32f2dd6e83f951260ef1a4176757d886752fa2a1,fast_equivalent_v1,unknown,pixel,5,15,10,3306.6277759353693,248,211,59.30458817104959,246,zero_length_angle_vector,ok
10-2-3,3,oof_prediction,attunet_pixel,2026,external-data/10-2-3.png,b9fdd6a1cd16d03eba0b53222d98060435b281c57c0578d23c314bbe78ca90cd,fast_equivalent_v1,unknown,pixel,5,15,10,619.7544007200523,50,29,46.961047680396774,50,,ok
10-2-4,0,oof_prediction,attunet_pixel,2026,external-data/10-2-4.png,01ff0df01c92c4b939404632d76cccc2b0ec3ab41118b7e9938a3eaeb95f5673,fast_equivalent_v1,unknown,pixel,5,15,10,877.9625535217666,127,97,40.55403592239875,70,zero_length_angle_vector,ok
10-9-1,2,oof_prediction,attunet_pixel,2026,external-data/10-9-1.png,f4f7604603ade836c52ffcd637d2d48946147e51241991aa31ee709d3f698809,fast_equivalent_v1,unknown,pixel,5,15,10,1700.7930726875682,94,76,53.363434812123586,77,zero_length_angle_vector,ok
10-9-2,4,oof_prediction,attunet_pixel,2026,external-data/10-9-2.png,6e3ad3c6fc8d27b63ef269679531abbc2c4235fc107d6dff120470b8d551ceec,fast_equivalent_v1,unknown,pixel,5,15,10,2432.19004230723,311,256,56.30762013723115,274,zero_length_angle_vector,ok
10-9-3,0,oof_prediction,attunet_pixel,2026,external-data/10-9-3.png,a3dc21d8c05c14809d39d54ddf06b368333c1fbd24e3a1d1b2951a1fe3f550c5,fast_equivalent_v1,unknown,pixel,5,15,10,2191.5962466428837,144,115,55.84183941324844,123,zero_length_angle_vector,ok
10-9-4,2,oof_prediction,attunet_pixel,2026,external-data/10-9-4.png,9034ab7b2b8c38b13d01d0842e6864562986f823dfbad5442604ec90794b86f1,fast_equivalent_v1,unknown,pixel,5,15,10,1791.8002153625052,126,100,52.47756298344022,119,zero_length_angle_vector,ok
235-10-11(1),3,oof_prediction,attunet_pixel,2026,external-data/235-10-11(1).png,4738ab79ce35f7c392039986ef2ca1bf2836b2e564eeca15bcc36660c31a4c38,fast_equivalent_v1,unknown,pixel,5,15,10,937.3300858899139,130,90,44.817904589968485,128,zero_length_angle_vector,ok
235-10-11(2),1,oof_prediction,attunet_pixel,2026,external-data/235-10-11(2).png,543f118e730d98c551f6f09f86087691add60b64f8c9559272011b3c27f7731b,fast_equivalent_v1,unknown,pixel,5,15,10,1292.7341981845225,238,281,52.97729285015432,204,zero_length_angle_vector,ok
235-10-11(3),1,oof_prediction,attunet_pixel,2026,external-data/235-10-11(3).png,135271fc895aea1895d9c8ae722b0cf538b880c3ec6aa4f30a7c3344963d3b23,fast_equivalent_v1,unknown,pixel,5,15,10,2300.5028842544193,580,671,46.45978347394367,486,zero_length_angle_vector,ok
235-10-12(1),4,oof_prediction,attunet_pixel,2026,external-data/235-10-12(1).png,b67121aa08e7810c05489d95f318b483e730f88132617908af1b4eb57e200507,fast_equivalent_v1,unknown,pixel,5,15,10,994.5655839020958,112,80,51.52918474789859,86,zero_length_angle_vector,ok
235-10-12(2),0,oof_prediction,attunet_pixel,2026,external-data/235-10-12(2).png,48c08bbc72744e65fbf48c3958f23fb0ca9c183c10d47c8ecee268b74cf1efe2,fast_equivalent_v1,unknown,pixel,5,15,10,998.589970519736,128,107,53.89692565923684,126,zero_length_angle_vector,ok
235-10-12(3),1,oof_prediction,attunet_pixel,2026,external-data/235-10-12(3).png,9360bf96f1e4ca98b0811b7bd99bb63ed7e9bd63e6bf25c95fe83cdc93277898,fast_equivalent_v1,unknown,pixel,5,15,10,1554.697618258062,746,863,53.166650810157684,513,zero_length_angle_vector,ok
235-25-6(1),2,oof_prediction,attunet_pixel,2026,external-data/235-25-6(1).png,31f530073be041a10ed5c52b7836425ecff410ebc3e74b0973b5601a2dfe7539,fast_equivalent_v1,unknown,pixel,5,15,10,1034.3717164502573,68,55,54.485546386075434,61,zero_length_angle_vector,ok
235-25-6(2),4,oof_prediction,attunet_pixel,2026,external-data/235-25-6(2).png,6a29dbb3abf0b2be9d1f91a40484272a633e15a1ccb9f199eebd47b0021dc46e,fast_equivalent_v1,unknown,pixel,5,15,10,733.6833329081875,111,95,53.18192839634191,110,zero_length_angle_vector,ok
235-25-7(1),2,oof_prediction,attunet_pixel,2026,external-data/235-25-7(1).png,9f71906a27c39816b65698489780fdc95c564dfe27004dc45f6708cf9f9af66d,fast_equivalent_v1,unknown,pixel,5,15,10,920.8254685319179,174,157,48.346715731119055,115,zero_length_angle_vector,ok
235-25-7(2),2,oof_prediction,attunet_pixel,2026,external-data/235-25-7(2).png,bfbe36fc3d8f43061c39eebbc202476f098e8ba05d9ba48691c971a5555517cb,fast_equivalent_v1,unknown,pixel,5,15,10,621.232539419354,85,76,47.82506095177264,84,zero_length_angle_vector,ok
235-25-7(3),2,oof_prediction,attunet_pixel,2026,external-data/235-25-7(3).png,f61ed9a62a0e5f4cd82dfb2a609c25a73630f78249de0911c5581a623317a509,fast_equivalent_v1,unknown,pixel,5,15,10,672.3624817342647,132,108,49.82317055069856,94,zero_length_angle_vector,ok
235-25-9(1),4,oof_prediction,attunet_pixel,2026,external-data/235-25-9(1).png,dbfa16b20f2658a0b3552a4d6bee30eac412dbf6d559d4f825a5e6bfc492b169,fast_equivalent_v1,unknown,pixel,5,15,10,659.7665940288726,78,73,54.2951274159353,16,zero_length_angle_vector,ok
235-25-9(2),4,oof_prediction,attunet_pixel,2026,external-data/235-25-9(2).png,0eaf765f697264a65054737af3e51dffdd60218af876f03cf384b48921df566e,fast_equivalent_v1,unknown,pixel,5,15,10,539.0142853498746,72,58,54.502743567450146,60,zero_length_angle_vector,ok
235-25-9(3),1,oof_prediction,attunet_pixel,2026,external-data/235-25-9(3).png,32192a3713c442e5b7820e5adf988313b137a10bbabc2ccc3683bb2e6244c6c4,fast_equivalent_v1,unknown,pixel,5,15,10,1513.8641404994337,304,359,48.795140042663185,304,,ok
447-1-1,1,oof_prediction,attunet_pixel,2026,external-data/447-1-1.png,bb69c257f49e125fc2422c60ccf04d73d3dcab750f587e61f3190b5c6ed88af9,fast_equivalent_v1,unknown,pixel,5,15,10,3962.296823493658,476,575,55.47300523753962,469,zero_length_angle_vector,ok
447-1-1(1),1,oof_prediction,attunet_pixel,2026,external-data/447-1-1(1).png,98d597afa5f456731480822c27f482de20916f3a5f63e13294f7db96238b0778,fast_equivalent_v1,unknown,pixel,5,15,10,1881.0580079512727,261,303,54.30852322561277,224,zero_length_angle_vector,ok
7-1-3(1),4,oof_prediction,attunet_pixel,2026,external-data/7-1-3(1).png,9f19c5d4319896e9211662fda5a5c244b4408f4bed7e97d8aeadc6fa22a9c4b6,fast_equivalent_v1,unknown,pixel,5,15,10,1337.0163773909296,420,321,48.23025689910268,417,zero_length_angle_vector,ok
7-1-3(2),4,oof_prediction,attunet_pixel,2026,external-data/7-1-3(2).png,18e20a88ab3704e520c7e56ad1f767db77112d788a69bbef65c830aeacd2a4e1,fast_equivalent_v1,unknown,pixel,5,15,10,2062.4987001723384,193,148,47.594573592452825,140,zero_length_angle_vector,ok
7-1-3(3),0,oof_prediction,attunet_pixel,2026,external-data/7-1-3(3).png,50ec072fe6a4103cf186317da242aa8771deead7393df255cce165f2a26d66fd,fast_equivalent_v1,unknown,pixel,5,15,10,1639.4621202458804,300,235,48.9207295678717,233,zero_length_angle_vector,ok
7-1-6(1),0,oof_prediction,attunet_pixel,2026,external-data/7-1-6(1).png,045152d92c0d705cadf400aa6628d84882826694b7827b676a7dc454cc9ffe98,fast_equivalent_v1,unknown,pixel,5,15,10,2061.8906191581277,262,224,49.89117922724882,228,zero_length_angle_vector,ok
7-1-6(2),3,oof_prediction,attunet_pixel,2026,external-data/7-1-6(2).png,eb6c3c465a59d6d2b2f3dd1e4e9d1dfc8f3146310aea3da688296540721015fa,fast_equivalent_v1,unknown,pixel,5,15,10,3909.1273426594785,391,319,48.25337407831294,335,zero_length_angle_vector,ok
7-1-6(3),2,oof_prediction,attunet_pixel,2026,external-data/7-1-6(3).png,38df62bf836b1cbff7fda0a02575890bd7c034ce961a9bfeb851924526ff09cd,fast_equivalent_v1,unknown,pixel,5,15,10,1116.565583902096,200,170,43.957260338174386,188,zero_length_angle_vector,ok
7-1-6(4),0,oof_prediction,attunet_pixel,2026,external-data/7-1-6(4).png,4f39f19294f26b12811dae44d3a4de9f2809935739546bfe2410fd4a7a00ba8d,fast_equivalent_v1,unknown,pixel,5,15,10,3746.978064360816,415,376,45.302359589838815,415,,ok
DN50-235-25-6(2),1,oof_prediction,attunet_pixel,2026,external-data/DN50-235-25-6(2).png,344deddf246642b6e5d2d3c4214060f74b74326e341d2ced21889bfe2072805d,fast_equivalent_v1,unknown,pixel,5,15,10,1022.9747468305866,225,237,50.29766791809763,221,zero_length_angle_vector,ok
DN50-235-25-6(3),1,oof_prediction,attunet_pixel,2026,external-data/DN50-235-25-6(3).png,3935ddf7e98de5ba4845737039a8352ffafb4e8880a4b38d4a57465e688ec80e,fast_equivalent_v1,unknown,pixel,5,15,10,905.8792924010812,181,211,48.5669624004581,176,zero_length_angle_vector,ok
DN50-235-25-7(1),0,oof_prediction,attunet_pixel,2026,external-data/DN50-235-25-7(1).png,53cab103275a6613a6077d01e82131dca35be621f994331c46468d3a23bcecb6,fast_equivalent_v1,unknown,pixel,5,15,10,756.1219330882003,65,50,53.54303783596368,60,zero_length_angle_vector,ok
W82-447-1-13-3(1),3,oof_prediction,attunet_pixel,2026,external-data/W82-447-1-13-3(1).png,921840b503cf448c949da5252fa22baef033354e5d868c92648a5ef4e4348b02,fast_equivalent_v1,unknown,pixel,5,15,10,1497.1606050557155,163,114,49.07212789908311,135,zero_length_angle_vector,ok
W82-447-1-13-7(1),4,oof_prediction,attunet_pixel,2026,external-data/W82-447-1-13-7(1).png,4a33193c76b2326ddf6c9512af699ba1f17cef143662265f4c1fd10a6f1469cb,fast_equivalent_v1,unknown,pixel,5,15,10,1481.5626253092685,143,114,54.045362889382496,137,zero_length_angle_vector,ok
W82-447-1-13-7(2),3,oof_prediction,attunet_pixel,2026,external-data/W82-447-1-13-7(2).png,fdea53eb8d7363e21b94c01f5cf20edafd3402ef84c984965fee7f4f6fa8dc07,fast_equivalent_v1,unknown,pixel,5,15,10,803.8448045156754,40,27,45.87268856413774,29,zero_length_angle_vector,ok
W82-447-1-13-7(3),2,oof_prediction,attunet_pixel,2026,external-data/W82-447-1-13-7(3).png,872bb1cea5d39f3dfacd5f90f3dd474ff71c62f44cb03c0216a593eeec8c1553,fast_equivalent_v1,unknown,pixel,5,15,10,2073.5453813665645,474,460,43.56943659750192,378,zero_length_angle_vector,ok
10-1-1,3,oof_prediction,unet_pixel,42,external-data/10-1-1.png,e8c0dba3625c86f5a2b232218817cf2952350c88caee6221313617ff41a92405,fast_equivalent_v1,unknown,pixel,5,15,10,2619.010460205208,88,77,55.35560844275426,85,zero_length_angle_vector,ok
10-1-1(1),3,oof_prediction,unet_pixel,42,external-data/10-1-1(1).png,5fd946ead9a9f57de16c0b0f406ee536d46e5e736da27460147f64e60149195c,fast_equivalent_v1,unknown,pixel,5,15,10,1057.7249634685297,52,35,42.23634529387548,34,zero_length_angle_vector,ok
10-1-1(2),1,oof_prediction,unet_pixel,42,external-data/10-1-1(2).png,a805c2c3c2ae1dadcd22f1c30f41adbc2c8c088effa9b2d546c3e8fb6fd529db,fast_equivalent_v1,unknown,pixel,5,15,10,407.6568542494924,61,32,32.448175117535904,61,,ok
10-1-1(3),2,oof_prediction,unet_pixel,42,external-data/10-1-1(3).png,98e1183a588c9c9f36925d62e03abccb55a29bdbdeec3df5251c463af137ed28,fast_equivalent_v1,unknown,pixel,5,15,10,1304.663130372657,109,106,45.43025059938505,87,zero_length_angle_vector,ok
10-1-2,2,oof_prediction,unet_pixel,42,external-data/10-1-2.png,47e6fc083f3c85df4982907b6fa5da620a816196fd7ef8c9e4c19c25905e09d7,fast_equivalent_v1,unknown,pixel,5,15,10,3402.586145375029,263,252,54.621231921682906,262,zero_length_angle_vector,ok
10-1-2(1),4,oof_prediction,unet_pixel,42,external-data/10-1-2(1).png,b89078cef72cb5a817a77624f2bcb2e50dcb7b0757305acbe4bcfcd132eaad53,fast_equivalent_v1,unknown,pixel,5,15,10,1033.9747468305868,110,85,50.53594495040268,101,zero_length_angle_vector,ok
10-1-2(2),1,oof_prediction,unet_pixel,42,external-data/10-1-2(2).png,aeb8ee8a96328d51436a87001fda5a8c21af2658060a05ef2b3b790795b45d1b,fast_equivalent_v1,unknown,pixel,5,15,10,1152.7737367038103,304,220,42.952969497853424,304,,ok
10-1-2(3),0,oof_prediction,unet_pixel,42,external-data/10-1-2(3).png,dd3a1d86c6e4f85464f0616a674eb2799483c77f5143db62a1712dd8d50d954f,fast_equivalent_v1,unknown,pixel,5,15,10,690.0803025278575,93,63,51.37810666800066,49,zero_length_angle_vector,ok
10-1-3,0,oof_prediction,unet_pixel,42,external-data/10-1-3.png,747917927ef52c446a863199eb1c7db0851c6295e9a5085c7d9d50021e004068,fast_equivalent_v1,unknown,pixel,5,15,10,476.4335495461301,148,110,47.33012760384923,142,zero_length_angle_vector,ok
10-1-9(1),3,oof_prediction,unet_pixel,42,external-data/10-1-9(1).png,87936e1324d492a0a9fd5576c09630e1f2cc6d2c1fbdd1f02b4e70b7285d5387,fast_equivalent_v1,unknown,pixel,5,15,10,1017.1219330882005,146,117,58.413012643497275,45,zero_length_angle_vector,ok
10-1-9(2),3,oof_prediction,unet_pixel,42,external-data/10-1-9(2).png,d3d1cd840257a9aa2a5320233aee0e16429d3c3088755cbb2a7826d0af035974,fast_equivalent_v1,unknown,pixel,5,15,10,1752.4356415871855,87,80,68.39802832889296,47,zero_length_angle_vector,ok
10-1-9(3),4,oof_prediction,unet_pixel,42,external-data/10-1-9(3).png,c235465946e4df7b1fd35a1417f0c2b4a1b9881283522f778ae7ce37c2a44c2a,fast_equivalent_v1,unknown,pixel,5,15,10,675.102597104443,113,85,48.2710962698127,91,zero_length_angle_vector,ok
10-2-1,0,oof_prediction,unet_pixel,42,external-data/10-2-1.png,17e6fc8f5e94d3ba6f8a8ec5ae8f4a130fb65d8586203892e9290476f2697392,fast_equivalent_v1,unknown,pixel,5,15,10,1912.4103884177728,209,153,48.600372737379296,209,,ok
10-2-2,3,oof_prediction,unet_pixel,42,external-data/10-2-2.png,8bf07804b9ec9b17eca30f1bf3ab334035a7b66955ea528e5278569d0148243f,fast_equivalent_v1,unknown,pixel,5,15,10,3510.1963184302826,296,252,56.98700307339557,296,,ok
10-2-3,3,oof_prediction,unet_pixel,42,external-data/10-2-3.png,8b465d333a2a774bb2c4a42de132d037c187ba95738022e820b037ced299ce96,fast_equivalent_v1,unknown,pixel,5,15,10,611.3401871576792,54,29,49.03299702538402,54,,ok
10-2-4,0,oof_prediction,unet_pixel,42,external-data/10-2-4.png,1809346d224d69cd109fbe2e2ca51bf31997a34687ebd92dcf00b4a4ef504c9f,fast_equivalent_v1,unknown,pixel,5,15,10,805.1930009000661,102,88,45.00219270968344,58,zero_length_angle_vector,ok
10-9-1,2,oof_prediction,unet_pixel,42,external-data/10-9-1.png,ae0235512389f88446449071c64364a4fefb2744c437d3208a02e807282d5d1b,fast_equivalent_v1,unknown,pixel,5,15,10,1310.2783540618059,129,107,44.10179893272326,129,,ok
10-9-2,4,oof_prediction,unet_pixel,42,external-data/10-9-2.png,35b18c9b63e6a025f376e59b58635ac37868bba25b30c0401378fcb8a6160f8e,fast_equivalent_v1,unknown,pixel,5,15,10,2545.9423509862227,295,256,53.655364384886965,294,zero_length_angle_vector,ok
10-9-3,0,oof_prediction,unet_pixel,42,external-data/10-9-3.png,773c98f6590997796e9134c9d1b46daefe1ee0947a61500effdc9e78933c78c8,fast_equivalent_v1,unknown,pixel,5,15,10,2175.701802340158,127,108,58.83574349871321,110,zero_length_angle_vector,ok
10-9-4,2,oof_prediction,unet_pixel,42,external-data/10-9-4.png,3c1d7fbe1fc0d91125a5660aa17b20d1ad7a3b9307bf75af66c261e37cdfa0b0,fast_equivalent_v1,unknown,pixel,5,15,10,2008.8834764831909,156,108,46.42432032879442,145,zero_length_angle_vector,ok
235-10-11(1),3,oof_prediction,unet_pixel,42,external-data/235-10-11(1).png,356a769bccfb8d07b47f2f5bb7d55e28d3225be34d497f97a6de61769261a0a4,fast_equivalent_v1,unknown,pixel,5,15,10,937.1879502661828,154,105,48.872103651994045,148,zero_length_angle_vector,ok
235-10-11(2),1,oof_prediction,unet_pixel,42,external-data/235-10-11(2).png,d1e3e9bfe74ed402b61323a806ede4ed6801467f28df429f72c23e34f5a35b0c,fast_equivalent_v1,unknown,pixel,5,15,10,2550.8742417671583,182,142,45.21432093938628,139,zero_length_angle_vector,ok
235-10-11(3),1,oof_prediction,unet_pixel,42,external-data/235-10-11(3).png,b93941d7018f040a5e4d92c6cad4cbe77f03e22e548dc6f105c21ed82f587ca1,fast_equivalent_v1,unknown,pixel,5,15,10,2305.4793641885567,435,365,45.8904348112645,240,zero_length_angle_vector,ok
235-10-12(1),4,oof_prediction,unet_pixel,42,external-data/235-10-12(1).png,8121e9b64b02087e4c7214fca865908dec3a6d7d5fe2d7f84d481ddcaab5e488,fast_equivalent_v1,unknown,pixel,5,15,10,1000.4823227814103,110,83,49.89229923332189,81,zero_length_angle_vector,ok
235-10-12(2),0,oof_prediction,unet_pixel,42,external-data/235-10-12(2).png,e045b458bebfea235288794ffb171f5a6934b6fd59125bbc71a84267140c3104,fast_equivalent_v1,unknown,pixel,5,15,10,1656.3271272970865,96,83,52.20501418133082,82,zero_length_angle_vector,ok
235-10-12(3),1,oof_prediction,unet_pixel,42,external-data/235-10-12(3).png,d34ff0a3b8ee4a47cee829c6027df5a90b47c9e144f589172f7949722b8075c5,fast_equivalent_v1,unknown,pixel,5,15,10,1316.070201260092,513,449,48.572886711022846,484,zero_length_angle_vector,ok
235-25-6(1),2,oof_prediction,unet_pixel,42,external-data/235-25-6(1).png,af7b5262542d15482ef4d9a14eb7ba5de1d26f3695d3c37f8b35386e8ba9d599,fast_equivalent_v1,unknown,pixel,5,15,10,961.6660889654843,49,41,52.824957209856784,42,zero_length_angle_vector,ok
235-25-6(2),4,oof_prediction,unet_pixel,42,external-data/235-25-6(2).png,a30b5ceb759472e5aeaf8bff15a1aabfbd2664d01e0c2c24e578e91cba20d8b5,fast_equivalent_v1,unknown,pixel,5,15,10,834.0975464705604,106,92,50.96517551250943,105,zero_length_angle_vector,ok
235-25-7(1),2,oof_prediction,unet_pixel,42,external-data/235-25-7(1).png,2d5ba997f5cc43539c9ad5517344bddc2115acd890b482a626a5787a4a4e200d,fast_equivalent_v1,unknown,pixel,5,15,10,2020.5108934811606,155,144,49.81807646159431,155,,ok
235-25-7(2),2,oof_prediction,unet_pixel,42,external-data/235-25-7(2).png,237df89eb2897ddd08f5e0b3492d281f76f1c11ee02e544c02c1f9061bb75c8f,fast_equivalent_v1,unknown,pixel,5,15,10,832.9503602129466,73,61,48.16808736802864,66,zero_length_angle_vector,ok
235-25-7(3),2,oof_prediction,unet_pixel,42,external-data/235-25-7(3).png,841627d112520fc9964ab435f0493861824864b4559d145d08940420830a9d63,fast_equivalent_v1,unknown,pixel,5,15,10,708.6761902332496,125,93,51.00513458654362,79,zero_length_angle_vector,ok
235-25-9(1),4,oof_prediction,unet_pixel,42,external-data/235-25-9(1).png,f4b2f640d78954cbc5975db5729aff4a5b8f7d2bc920c138eddf380c113fc429,fast_equivalent_v1,unknown,pixel,5,15,10,872.3940110268422,88,80,60.727907266202706,20,zero_length_angle_vector,ok
235-25-9(2),4,oof_prediction,unet_pixel,42,external-data/235-25-9(2).png,4982b6d66c65dfe52fad56ea9dc7aec986e5d4b315b8dadb8260dd437bdfc41f,fast_equivalent_v1,unknown,pixel,5,15,10,588.3401871576795,78,58,50.87539103967339,70,zero_length_angle_vector,ok
235-25-9(3),1,oof_prediction,unet_pixel,42,external-data/235-25-9(3).png,0bde528b7b749babc11802e562773fbbeae7c9a6b4ee281d50535c2e858022cd,fast_equivalent_v1,unknown,pixel,5,15,10,909.8549057834412,205,179,48.42275618016333,205,,ok
447-1-1,1,oof_prediction,unet_pixel,42,external-data/447-1-1.png,d9beeec971786c6609ef3f698ad78babef160a79d555567dcc148ada86b9adea,fast_equivalent_v1,unknown,pixel,5,15,10,5283.274528917164,351,336,56.190102326458856,349,zero_length_angle_vector,ok
447-1-1(1),1,oof_prediction,unet_pixel,42,external-data/447-1-1(1).png,e840bac328197ab700895cb22607e5262f506e8816ef746913ca0ee4676747e2,fast_equivalent_v1,unknown,pixel,5,15,10,958.7178207935926,201,163,50.76588300248265,139,zero_length_angle_vector,ok
7-1-3(1),4,oof_prediction,unet_pixel,42,external-data/7-1-3(1).png,356693477c44de19793feb711ba9be9d210b4f66e093936f90de577a2709889a,fast_equivalent_v1,unknown,pixel,5,15,10,1335.945309579064,324,233,45.270640385860105,322,zero_length_angle_vector,ok
7-1-3(2),4,oof_prediction,unet_pixel,42,external-data/7-1-3(2).png,c36b1b52622cb312f8a8ce62f63d12e3c15dbbee90b966a5a42c958b5a5bee07,fast_equivalent_v1,unknown,pixel,5,15,10,2028.6803743153594,179,130,44.54590862242678,133,zero_length_angle_vector,ok
7-1-3(3),0,oof_prediction,unet_pixel,42,external-data/7-1-3(3).png,4906c7880ade6909a3564dec4045f15f4fa1ce479665d0246cf38001cc0f3b16,fast_equivalent_v1,unknown,pixel,5,15,10,1011.1097397793803,247,187,49.225995198233505,194,zero_length_angle_vector,ok
7-1-6(1),0,oof_prediction,unet_pixel,42,external-data/7-1-6(1).png,78994473417dbbf1917f50d88643eaf278870bd723b5476efbcba81c11f8bc1e,fast_equivalent_v1,unknown,pixel,5,15,10,2183.446968344223,235,196,50.15122624903388,207,zero_length_angle_vector,ok
7-1-6(2),3,oof_prediction,unet_pixel,42,external-data/7-1-6(2).png,b1bc334d9cad9a56b48a5be510943ce364bf61a889edd8a235a238a03cf0d2d9,fast_equivalent_v1,unknown,pixel,5,15,10,3069.1353518862547,429,357,48.6671543434996,348,zero_length_angle_vector,ok
7-1-6(3),2,oof_prediction,unet_pixel,42,external-data/7-1-6(3).png,19e835ca3dd6e0ec94d0fd54a8bbedb0dc2d3cf9ac9fe0efeca0ceeffd2b9b28,fast_equivalent_v1,unknown,pixel,5,15,10,1112.3523804664994,191,182,44.44981313898687,164,zero_length_angle_vector,ok
7-1-6(4),0,oof_prediction,unet_pixel,42,external-data/7-1-6(4).png,3642ab5983a48737dd1e9086c5d1b6c69c352dde7080caa401280e8bbbacfb08,fast_equivalent_v1,unknown,pixel,5,15,10,3758.245091665569,345,327,46.864716698219524,345,,ok
DN50-235-25-6(2),1,oof_prediction,unet_pixel,42,external-data/DN50-235-25-6(2).png,fcb4c99d62d8f129a60385f9eae9eb86c2c31a402c43159df188886fadc3868a,fast_equivalent_v1,unknown,pixel,5,15,10,1876.66818100654,168,131,43.64822160909813,167,zero_length_angle_vector,ok
DN50-235-25-6(3),1,oof_prediction,unet_pixel,42,external-data/DN50-235-25-6(3).png,bd7d02a206b18a29f9f752ca65fc59b365e35687e5778bad9a0def98ab49481d,fast_equivalent_v1,unknown,pixel,5,15,10,2127.7321061434563,121,102,48.48890578359592,119,zero_length_angle_vector,ok
DN50-235-25-7(1),0,oof_prediction,unet_pixel,42,external-data/DN50-235-25-7(1).png,0c207a6201f739b707296892cf50f5c890dd40b6e4d896bbd0cd74c92ec3a40c,fast_equivalent_v1,unknown,pixel,5,15,10,772.3940110268422,57,41,43.339790308162875,55,zero_length_angle_vector,ok
W82-447-1-13-3(1),3,oof_prediction,unet_pixel,42,external-data/W82-447-1-13-3(1).png,a87f7fecd79d4089aafe625c47c996db5d184b3c37857733ce2e8785381b7583,fast_equivalent_v1,unknown,pixel,5,15,10,2151.6164491784307,202,149,43.64121914205775,197,zero_length_angle_vector,ok
W82-447-1-13-7(1),4,oof_prediction,unet_pixel,42,external-data/W82-447-1-13-7(1).png,5fd206a137a602f71f1c7fa9bf0c9a4d8ba05c84ac2ea2125cbb07d0ec2a4697,fast_equivalent_v1,unknown,pixel,5,15,10,1433.0529573173897,130,99,52.09920057047163,128,zero_length_angle_vector,ok
W82-447-1-13-7(2),3,oof_prediction,unet_pixel,42,external-data/W82-447-1-13-7(2).png,6e85cc4fe7d1750082a87dafd9032a51a95c37c1c11d0e92f503a00fbbcf513f,fast_equivalent_v1,unknown,pixel,5,15,10,1038.472221513645,45,30,50.88162994847387,31,zero_length_angle_vector,ok
W82-447-1-13-7(3),2,oof_prediction,unet_pixel,42,external-data/W82-447-1-13-7(3).png,aa9d4eb4a09eaa0996bfee84c610714b91cb04ca34742c4d92b9be15872b5867,fast_equivalent_v1,unknown,pixel,5,15,10,1951.0895372438501,380,292,42.26105237274252,294,zero_length_angle_vector,ok
10-1-1,3,oof_prediction,unet_pixel,3407,external-data/10-1-1.png,2164f6106fae30eee260a2a853f7deb50822833727610a09d1c4cd35865e54b8,fast_equivalent_v1,unknown,pixel,5,15,10,2591.488598904514,103,91,57.923670450787945,101,zero_length_angle_vector,ok
10-1-1(1),3,oof_prediction,unet_pixel,3407,external-data/10-1-1(1).png,a4488989837acd7d097543ae7dbe57f26d3c7dd19a0481b58eb173cf0981e2d4,fast_equivalent_v1,unknown,pixel,5,15,10,1102.3523804664994,53,34,48.54189740488772,34,zero_length_angle_vector,ok
10-1-1(2),1,oof_prediction,unet_pixel,3407,external-data/10-1-1(2).png,c7091f48d5b3314855ae60af35b2b124e5248a8444b5d952f68016dd9a0ae9f5,fast_equivalent_v1,unknown,pixel,5,15,10,593.3818177180221,27,16,43.10021693920599,27,,ok
10-1-1(3),2,oof_prediction,unet_pixel,3407,external-data/10-1-1(3).png,850d42a9ca81552c195dafbe0a19943c7973ecec4062e8d7f97cd19b72535ab2,fast_equivalent_v1,unknown,pixel,5,15,10,783.9705627484773,101,60,37.53241819864374,101,,ok
10-1-2,2,oof_prediction,unet_pixel,3407,external-data/10-1-2.png,28a2ce30cc56089608cf118051722f9a5b6855a6153dbd6a6720ce88f0a67b81,fast_equivalent_v1,unknown,pixel,5,15,10,2451.9860735875973,309,275,46.61982210422423,308,zero_length_angle_vector,ok
10-1-2(1),4,oof_prediction,unet_pixel,3407,external-data/10-1-2(1).png,571ace2a8337edaea9135e86445ad88afefa8beeb050018cbf0aad9e66baf249,fast_equivalent_v1,unknown,pixel,5,15,10,1040.9747468305868,119,96,53.76793056976709,73,zero_length_angle_vector,ok
10-1-2(2),1,oof_prediction,unet_pixel,3407,external-data/10-1-2(2).png,8833e311a8ea98e7c4f6699a0474c4afba53c770655b8801fc962c8ed68daad3,fast_equivalent_v1,unknown,pixel,5,15,10,1121.3889603929597,210,167,45.65347927058377,150,zero_length_angle_vector,ok
10-1-2(3),0,oof_prediction,unet_pixel,3407,external-data/10-1-2(3).png,546d60e6db5270a60bba40a4be199ef69b676c43b4c6c5a3d0518fdd8425eadf,fast_equivalent_v1,unknown,pixel,5,15,10,699.3523804664997,160,118,47.51907438318582,89,zero_length_angle_vector,ok
10-1-3,0,oof_prediction,unet_pixel,3407,external-data/10-1-3.png,6899c05481b12130682679725d9f1447022416a7d692a6544a017be6db5178ee,fast_equivalent_v1,unknown,pixel,5,15,10,779.3351365237968,181,139,46.24586111923756,178,zero_length_angle_vector,ok
10-1-9(1),3,oof_prediction,unet_pixel,3407,external-data/10-1-9(1).png,13c899bebcc58df8220e4a04a62928d6b6df5860132c1972724fe220d887e78c,fast_equivalent_v1,unknown,pixel,5,15,10,953.7909806465129,147,120,56.61467276312387,53,zero_length_angle_vector,ok
10-1-9(2),3,oof_prediction,unet_pixel,3407,external-data/10-1-9(2).png,df1d643c69c4767d61f489413e690fc2ed8b09a0ee2f7721ce54a36ff90d2020,fast_equivalent_v1,unknown,pixel,5,15,10,1014.5411972844563,78,73,51.82927016654874,20,zero_length_angle_vector,ok
10-1-9(3),4,oof_prediction,unet_pixel,3407,external-data/10-1-9(3).png,a197ecaa5a062b184ec48e4eeb2cd579b4793745d91a6714c5a9db733bd64be6,fast_equivalent_v1,unknown,pixel,5,15,10,669.1320343559659,130,89,48.91464992892395,105,zero_length_angle_vector,ok
10-2-1,0,oof_prediction,unet_pixel,3407,external-data/10-2-1.png,92a1fe829845880dc9007f14089a2a91f1e5efe6668c692a3b76b22ea620abb7,fast_equivalent_v1,unknown,pixel,5,15,10,1930.3220766632044,255,196,47.54246945084632,255,,ok
10-2-2,3,oof_prediction,unet_pixel,3407,external-data/10-2-2.png,ff22a575a4963d154afb75ec2b2893aea2ba48130bf927633f9c2aefee0a14a6,fast_equivalent_v1,unknown,pixel,5,15,10,3436.108006675709,250,225,57.389211076580004,250,,ok
10-2-3,3,oof_prediction,unet_pixel,3407,external-data/10-2-3.png,f6d2c1f200f5a06e1470ced5ae00bd7ce62059d99f15b1433afb71619f7130e4,fast_equivalent_v1,unknown,pixel,5,15,10,629.1686142824254,39,27,45.78380307576373,39,,ok
10-2-4,0,oof_prediction,unet_pixel,3407,external-data/10-2-4.png,8d5fc5bd9adf5551d63c7b4d81ea855002afc6de47671ef2e0fa6a77c0cea68b,fast_equivalent_v1,unknown,pixel,5,15,10,1084.8792924010809,145,134,50.23357729523239,88,zero_length_angle_vector,ok
10-9-1,2,oof_prediction,unet_pixel,3407,external-data/10-9-1.png,f60f20e2622691564e42202b518dcfc144a7d36a5a2a4043649939ccb017376f,fast_equivalent_v1,unknown,pixel,5,15,10,1584.1900423072384,123,86,50.586070557861404,100,zero_length_angle_vector,ok
10-9-2,4,oof_prediction,unet_pixel,3407,external-data/10-9-2.png,498427ce355825ad0d39c4f926b646303cd0945d1d4591f9cbcb4bb6d33a4ac6,fast_equivalent_v1,unknown,pixel,5,15,10,2550.0012254892663,298,267,53.346073437192004,297,zero_length_angle_vector,ok
10-9-3,0,oof_prediction,unet_pixel,3407,external-data/10-9-3.png,bd7b7d0b1b9c7dfcec22430ca2c0d9d050a19c375b772ff04233125ccbe072ea,fast_equivalent_v1,unknown,pixel,5,15,10,2160.8145007123676,165,141,57.81220375875936,143,zero_length_angle_vector,ok
10-9-4,2,oof_prediction,unet_pixel,3407,external-data/10-9-4.png,4595b3307910062e7e4dd32ccc8181a91e9b7e9560c31f6816b96461a5cf545f,fast_equivalent_v1,unknown,pixel,5,15,10,1803.3860018001324,138,100,47.595298849709295,121,zero_length_angle_vector,ok
235-10-11(1),3,oof_prediction,unet_pixel,3407,external-data/235-10-11(1).png,2201c1489303393f769b842e455c7e1f0f2f07e7bf8568b0c872b1295c9fb94d,fast_equivalent_v1,unknown,pixel,5,15,10,1410.3271272970862,133,97,47.99220916183119,130,zero_length_angle_vector,ok
235-10-11(2),1,oof_prediction,unet_pixel,3407,external-data/235-10-11(2).png,e001902bb8a39beb6a16529bb29c813bebadc5ba38f3f294889f931c4f26e665,fast_equivalent_v1,unknown,pixel,5,15,10,1220.1046891454978,92,58,56.88518452037802,82,zero_length_angle_vector,ok
235-10-11(3),1,oof_prediction,unet_pixel,3407,external-data/235-10-11(3).png,87a8ffd2d991bbeb0dc48e42e005f64cac0be2c98d89dc15c703d8ab814b5bd8,fast_equivalent_v1,unknown,pixel,5,15,10,1494.3098833543838,303,221,49.141557075204254,164,zero_length_angle_vector,ok
235-10-12(1),4,oof_prediction,unet_pixel,3407,external-data/235-10-12(1).png,2b8b2978a1a6182c16545a8aaf981417bebab03deffb281adef6654749c89838,fast_equivalent_v1,unknown,pixel,5,15,10,1093.876333808253,114,92,51.85260945441214,99,zero_length_angle_vector,ok
235-10-12(2),0,oof_prediction,unet_pixel,3407,external-data/235-10-12(2).png,38c78b47386f83fd98365aa110b7d9951b6309665f02aa70a9b984554672ae5b,fast_equivalent_v1,unknown,pixel,5,15,10,1183.1412690719578,145,129,49.63644606593792,109,zero_length_angle_vector,ok
235-10-12(3),1,oof_prediction,unet_pixel,3407,external-data/235-10-12(3).png,b2120b77548fea8dba7dfb8665b38c8265253e5ecbacd834e576f964e60893bf,fast_equivalent_v1,unknown,pixel,5,15,10,1677.4032457428345,347,270,46.08292302064929,341,zero_length_angle_vector,ok
235-25-6(1),2,oof_prediction,unet_pixel,3407,external-data/235-25-6(1).png,c152124dd0368c5ac3ebdea8998a70837266f55f7df8e339931451ecfbd3e97d,fast_equivalent_v1,unknown,pixel,5,15,10,944.5239533417532,57,43,58.37080635632608,48,zero_length_angle_vector,ok
235-25-6(2),4,oof_prediction,unet_pixel,3407,external-data/235-25-6(2).png,d42f670eb92b24f2d8d0981503200f2c0b78429800a025f3e23d72c64c7f4694,fast_equivalent_v1,unknown,pixel,5,15,10,825.1686142824259,127,113,50.356114228154794,122,zero_length_angle_vector,ok
235-25-7(1),2,oof_prediction,unet_pixel,3407,external-data/235-25-7(1).png,1996d283853465a775342fa53a77e8eca9ae4d933b73ccb42da6c344015cb54d,fast_equivalent_v1,unknown,pixel,5,15,10,2014.9545442950564,153,141,50.874861208703436,153,,ok
235-25-7(2),2,oof_prediction,unet_pixel,3407,external-data/235-25-7(2).png,895d839e8e3faa3331acc0119637b6a70ad02fef8247e4f138d130d7cca7b8d8,fast_equivalent_v1,unknown,pixel,5,15,10,742.0142853498749,94,64,51.24619725740372,77,zero_length_angle_vector,ok
235-25-7(3),2,oof_prediction,unet_pixel,3407,external-data/235-25-7(3).png,0abb46f642d8f6e8f67a51b9f0452e68e6df0e6d72248bde2166750ec75ab861,fast_equivalent_v1,unknown,pixel,5,15,10,680.0193359837572,114,84,52.25905282876712,79,zero_length_angle_vector,ok
235-25-9(1),4,oof_prediction,unet_pixel,3407,external-data/235-25-9(1).png,d213449964014d26466fbbcc89c7f4d1cfd30bfa5f1cc629e7c7a8de39c69c51,fast_equivalent_v1,unknown,pixel,5,15,10,1181.6559876977192,81,70,55.682955386385046,14,zero_length_angle_vector,ok
235-25-9(2),4,oof_prediction,unet_pixel,3407,external-data/235-25-9(2).png,e34c287a35fcc6615e6a164df4310f5c0f94360ef40f47e67a774acb70233756,fast_equivalent_v1,unknown,pixel,5,15,10,812.3107499061567,71,53,49.617858617384535,67,zero_length_angle_vector,ok
235-25-9(3),1,oof_prediction,unet_pixel,3407,external-data/235-25-9(3).png,11a01643443f80dec809fabaca933df2586edaa67c98c44141760f939c2e6bcd,fast_equivalent_v1,unknown,pixel,5,15,10,904.9554108468295,180,130,48.399986195156295,177,zero_length_angle_vector,ok
447-1-1,1,oof_prediction,unet_pixel,3407,external-data/447-1-1.png,202ef3d49ef10b0ae46ea9a10275fb69d45605ee4ab0e0ba0bb4ee4507bb3331,fast_equivalent_v1,unknown,pixel,5,15,10,4044.943576475377,226,194,55.45238116312056,226,,ok
447-1-1(1),1,oof_prediction,unet_pixel,3407,external-data/447-1-1(1).png,a9e87c43e8f9471d00b666c59e430ecbd403a114e7b8f036a06c7e86b842ccdb,fast_equivalent_v1,unknown,pixel,5,15,10,884.4335495461304,140,108,49.475724641764465,92,zero_length_angle_vector,ok
7-1-3(1),4,oof_prediction,unet_pixel,3407,external-data/7-1-3(1).png,ed4495ee9fdb80cded1b52b647ee67749eaea01522afb3709d2d74da77b2f7e2,fast_equivalent_v1,unknown,pixel,5,15,10,1351.9158723275414,397,302,44.248951125510246,396,zero_length_angle_vector,ok
7-1-3(2),4,oof_prediction,unet_pixel,3407,external-data/7-1-3(2).png,3650c96df1448a9aa77566477dccba471672d7e54bf1af2bc6ad2099cee32f52,fast_equivalent_v1,unknown,pixel,5,15,10,2248.8885271170566,189,143,44.28294890765003,170,zero_length_angle_vector,ok
7-1-3(3),0,oof_prediction,unet_pixel,3407,external-data/7-1-3(3).png,27ec5319543416c8ed8cbdcb37b47dc07ef1917cf312165f4c7a34c0fe922b51,fast_equivalent_v1,unknown,pixel,5,15,10,1672.1707063234808,276,228,48.362931005829665,213,zero_length_angle_vector,ok
7-1-6(1),0,oof_prediction,unet_pixel,3407,external-data/7-1-6(1).png,813ded6d0392cd8bc5221de08044435e726459f4733d812b176666afe50b0b33,fast_equivalent_v1,unknown,pixel,5,15,10,2040.7068529740545,296,272,53.1344793502515,260,zero_length_angle_vector,ok
7-1-6(2),3,oof_prediction,unet_pixel,3407,external-data/7-1-6(2).png,3d7c64bac1bbdcb08fbede1f88e5b0e7a6a219d614bee09895e00ae4649bd4bd,fast_equivalent_v1,unknown,pixel,5,15,10,1249.3595231414374,402,300,42.678441964998925,402,,ok
7-1-6(3),2,oof_prediction,unet_pixel,3407,external-data/7-1-6(3).png,04b62a620cfb30db32fae447240eb25815b8e192cb158a82363d89799f275604,fast_equivalent_v1,unknown,pixel,5,15,10,1095.6660889654843,231,185,42.171830141602896,197,zero_length_angle_vector,ok
7-1-6(4),0,oof_prediction,unet_pixel,3407,external-data/7-1-6(4).png,4093121d8ac652cc365ce9e8eb5b8ee97762dc3d1bd37f4946cd52b8c8d2fb5e,fast_equivalent_v1,unknown,pixel,5,15,10,3735.936433800478,474,450,46.14668314638939,474,,ok
DN50-235-25-6(2),1,oof_prediction,unet_pixel,3407,external-data/DN50-235-25-6(2).png,e7c0eca01f110236fa61c218d84b76189cd25343c795f13e819933921632330b,fast_equivalent_v1,unknown,pixel,5,15,10,968.3128419472118,90,69,54.21878868091667,89,zero_length_angle_vector,ok
DN50-235-25-6(3),1,oof_prediction,unet_pixel,3407,external-data/DN50-235-25-6(3).png,ca80f6750bc3cb382f9fdb45689f44588860bfc68af411778af83daf2504657d,fast_equivalent_v1,unknown,pixel,5,15,10,900.5655839020964,84,66,47.528512892163654,78,zero_length_angle_vector,ok
DN50-235-25-7(1),0,oof_prediction,unet_pixel,3407,external-data/DN50-235-25-7(1).png,768b1311a4e7945657f72e04662cfb109c4ae4971acf4b50175144f55b051b21,fast_equivalent_v1,unknown,pixel,5,15,10,801.7787873376926,78,62,48.72338709539803,78,,ok
W82-447-1-13-3(1),3,oof_prediction,unet_pixel,3407,external-data/W82-447-1-13-3(1).png,be0cf9583ec6587fca4e0b4a1a6f466a1c9025d5430fef8fb1d612b75e45fd31,fast_equivalent_v1,unknown,pixel,5,15,10,1469.9474016201189,207,157,46.98265705990534,176,zero_length_angle_vector,ok
W82-447-1-13-7(1),4,oof_prediction,unet_pixel,3407,external-data/W82-447-1-13-7(1).png,5510fb7906573e68c4d374d884983f5ca537ff05a5a81562e07b4dd585226550,fast_equivalent_v1,unknown,pixel,5,15,10,1400.1950929411207,136,114,52.95238059636115,135,zero_length_angle_vector,ok
W82-447-1-13-7(2),3,oof_prediction,unet_pixel,3407,external-data/W82-447-1-13-7(2).png,036d22813c09c8f7d575c7e14cb0721a26523ef73c075110f6d7ec92b95bb322,fast_equivalent_v1,unknown,pixel,5,15,10,704.6660889654843,44,33,52.51020932792683,35,zero_length_angle_vector,ok
W82-447-1-13-7(3),2,oof_prediction,unet_pixel,3407,external-data/W82-447-1-13-7(3).png,82a67ed8844b31842f6e49835ed14b014e661fe04987325aee5568f78a79d14f,fast_equivalent_v1,unknown,pixel,5,15,10,2015.5870119269086,411,321,42.22708824337733,321,zero_length_angle_vector,ok
10-1-1,3,oof_prediction,unet_pixel,2026,external-data/10-1-1.png,72a1df3944926efd4c6e215f5bbd13621f4b753571394dff92f770cd68f4f547,fast_equivalent_v1,unknown,pixel,5,15,10,3374.071067811865,174,126,44.38527428933033,174,,ok
10-1-1(1),3,oof_prediction,unet_pixel,2026,external-data/10-1-1(1).png,969e04b99d1b4da083b1cafb090f5a984999d9c2ee3c862996e5e0e3a1754794,fast_equivalent_v1,unknown,pixel,5,15,10,3503.556349186103,82,64,33.597388627469,82,,ok
10-1-1(2),1,oof_prediction,unet_pixel,2026,external-data/10-1-1(2).png,36507177470d663596c157c230f84d03e5e6340885382ec8e2a2eb3d2718a9f3,fast_equivalent_v1,unknown,pixel,5,15,10,406.0731598529197,54,42,43.83317393288332,37,zero_length_angle_vector,ok
10-1-1(3),2,oof_prediction,unet_pixel,2026,external-data/10-1-1(3).png,909301ef04ceab9f4aae65e28d2f45e9b88221d58080b2f2a70f178745a74381,fast_equivalent_v1,unknown,pixel,5,15,10,1700.0722933011475,158,160,37.416174669813806,158,,ok
10-1-2,2,oof_prediction,unet_pixel,2026,external-data/10-1-2.png,4b475fb4a9cd0ff82b66e565da8d2737307141abf1f42e4e37d59222384f8f0f,fast_equivalent_v1,unknown,pixel,5,15,10,3316.7038943811294,415,428,54.94359960165482,414,zero_length_angle_vector,ok
10-1-2(1),4,oof_prediction,unet_pixel,2026,external-data/10-1-2(1).png,921c7cf697fcb5b77dc96fda440045ff7c0c25477b56ac0a1dc28bcbbb921a92,fast_equivalent_v1,unknown,pixel,5,15,10,3229.828427124746,246,213,45.80426288336565,246,,ok
10-1-2(2),1,oof_prediction,unet_pixel,2026,external-data/10-1-2(2).png,d64318133c509757ff404969d1c4a11af93347bb748d215a6e39a1cacfbba957,fast_equivalent_v1,unknown,pixel,5,15,10,698.9554108468291,146,119,51.93480800857291,112,zero_length_angle_vector,ok
10-1-2(3),0,oof_prediction,unet_pixel,2026,external-data/10-1-2(3).png,db5dcd6c7def23bca4f2949be21c8ae1282b11a7544cc3374b6cf158061c8b10,fast_equivalent_v1,unknown,pixel,5,15,10,3243.3797256769603,153,123,49.8340326120655,153,,ok
10-1-3,0,oof_prediction,unet_pixel,2026,external-data/10-1-3.png,3173b37e5b2dc09eb2c1bd31a678fba599e79733dbe01c4c6e1fcdbb2685a034,fast_equivalent_v1,unknown,pixel,5,15,10,3234.9238815542467,179,147,43.50536695261596,179,,ok
10-1-9(1),3,oof_prediction,unet_pixel,2026,external-data/10-1-9(1).png,11b43cfcae244de3a0d686d94c53bd06afac4da8c0e081ca95073ed4ac8fb0c2,fast_equivalent_v1,unknown,pixel,5,15,10,3222.7279220613573,250,248,48.413472505765824,250,,ok
10-1-9(2),3,oof_prediction,unet_pixel,2026,external-data/10-1-9(2).png,49642bb5624571339c75c9b35001627566622ebb5a8298e0f82eeea989d783b9,fast_equivalent_v1,unknown,pixel,5,15,10,3228.556349186103,166,126,47.45433294883785,166,,ok
10-1-9(3),4,oof_prediction,unet_pixel,2026,external-data/10-1-9(3).png,48c109dda7f9db74f25c26e7120ec80d085dfbbf2033bb8bd2b31ced335e8e97,fast_equivalent_v1,unknown,pixel,5,15,10,3213.828427124746,216,172,44.599636279315945,216,,ok
10-2-1,0,oof_prediction,unet_pixel,2026,external-data/10-2-1.png,f7bee8e740e743e6f467559f89f8ccaffe35da0cb10430e163e92d0a8fae1486,fast_equivalent_v1,unknown,pixel,5,15,10,3234.0954544295,305,227,44.001532732136006,305,,ok
10-2-2,3,oof_prediction,unet_pixel,2026,external-data/10-2-2.png,82afae2c6beb21899488565e0faaa6bafbb17d373d9cfac493409a35f728d563,fast_equivalent_v1,unknown,pixel,5,15,10,3220.071067811865,446,334,47.53063049312147,446,,ok
10-2-3,3,oof_prediction,unet_pixel,2026,external-data/10-2-3.png,bfaec16b66a0c33649e544aa0bb7fc7c157411595454f3c0ea11056337d00086,fast_equivalent_v1,unknown,pixel,5,15,10,3375.4852813742377,77,53,50.494711858323846,77,,ok
10-2-4,0,oof_prediction,unet_pixel,2026,external-data/10-2-4.png,fe77317970454ad0025afe04bff6be0b8ba0556cc06a86bd6fff67c6c035cd69,fast_equivalent_v1,unknown,pixel,5,15,10,3234.0954544295,179,161,46.72751000803091,179,,ok
10-9-1,2,oof_prediction,unet_pixel,2026,external-data/10-9-1.png,5b70faa963cd27ec78353be269e4dba9f6679fa92377f40ef026e1c0bc839fdd,fast_equivalent_v1,unknown,pixel,5,15,10,1903.427632360475,165,210,52.09295308947636,165,,ok
10-9-2,4,oof_prediction,unet_pixel,2026,external-data/10-9-2.png,754f91d1a8780a21ad138562d6c97ba36858320d43ed3d60dd4e09a981c093b1,fast_equivalent_v1,unknown,pixel,5,15,10,3206.828427124746,453,363,45.58443122877007,453,,ok
10-9-3,0,oof_prediction,unet_pixel,2026,external-data/10-9-3.png,e4e2a179a0384aad9244e3ebd4cc840e0a37a6597e96b9a23db39f118f29e5df,fast_equivalent_v1,unknown,pixel,5,15,10,3232.2670273047543,224,172,48.16811652700937,224,,ok
10-9-4,2,oof_prediction,unet_pixel,2026,external-data/10-9-4.png,29bc534caf6d046e0537b2365a9a0f6641f406b6f5d6f1a740e9227512a06678,fast_equivalent_v1,unknown,pixel,5,15,10,1826.8590898655507,188,200,47.02662576354677,162,zero_length_angle_vector,ok
235-10-11(1),3,oof_prediction,unet_pixel,2026,external-data/235-10-11(1).png,a43b7c1a0716e28589c047a1620eb6423cf5998d15c18722a5137a8476a2de3d,fast_equivalent_v1,unknown,pixel,5,15,10,3368.669047558312,219,209,44.83136970587751,219,,ok
235-10-11(2),1,oof_prediction,unet_pixel,2026,external-data/235-10-11(2).png,44f8fc06f37e8ae1e7ccfe61afad71143ad039816a89a022b1aa4c69809c4ea8,fast_equivalent_v1,unknown,pixel,5,15,10,688.6883835420697,276,248,46.79009795017991,257,zero_length_angle_vector,ok
235-10-11(3),1,oof_prediction,unet_pixel,2026,external-data/235-10-11(3).png,8e4784adb97225c6f9dc32f31b4df6ece351a2e42d86a3ceba9614a75829ae98,fast_equivalent_v1,unknown,pixel,5,15,10,1221.4133470106,330,283,50.73666457184199,167,zero_length_angle_vector,ok
235-10-12(1),4,oof_prediction,unet_pixel,2026,external-data/235-10-12(1).png,0b12bb73085cd7611c525845049cc27bb756636ce65f2b304b0d3b515be3fdc7,fast_equivalent_v1,unknown,pixel,5,15,10,3211.828427124746,174,129,43.204542260593726,174,,ok
235-10-12(2),0,oof_prediction,unet_pixel,2026,external-data/235-10-12(2).png,c178995c243c6c325accd65e0002f94713416afb783d76dc2c6a91bf57a9d28b,fast_equivalent_v1,unknown,pixel,5,15,10,3237.5807358037373,160,134,47.76935892559967,160,,ok
235-10-12(3),1,oof_prediction,unet_pixel,2026,external-data/235-10-12(3).png,59c7f6f8758de502816517f0dbf8fb9d1e1e8d6321ff775c99fe6d8ec8db6fa0,fast_equivalent_v1,unknown,pixel,5,15,10,663.7249634685296,305,246,50.434169100611975,94,zero_length_angle_vector,ok
235-25-6(1),2,oof_prediction,unet_pixel,2026,external-data/235-25-6(1).png,06ee68d99ebf78a337fc894689b35d8808924a23c1581c0940b0cb711b14ca26,fast_equivalent_v1,unknown,pixel,5,15,10,1378.1189744953726,86,119,49.560699876870515,76,zero_length_angle_vector,ok
235-25-6(2),4,oof_prediction,unet_pixel,2026,external-data/235-25-6(2).png,e160e940446cc5d959625b411aac4bc685e2a668515bc5113a7049839800d13d,fast_equivalent_v1,unknown,pixel,5,15,10,3206.828427124746,155,130,46.24775475427104,155,,ok
235-25-7(1),2,oof_prediction,unet_pixel,2026,external-data/235-25-7(1).png,570c5744689f592337dce7c9f02ae8458fa2ac5fcc6f7bb875d60d799dc706b6,fast_equivalent_v1,unknown,pixel,5,15,10,2083.339320605904,232,243,49.55255519255729,232,,ok
235-25-7(2),2,oof_prediction,unet_pixel,2026,external-data/235-25-7(2).png,f92fe8729adf864b0015b9fabf78a8713462709094e820cd34560e0c827be47b,fast_equivalent_v1,unknown,pixel,5,15,10,800.1248916810283,149,146,43.753931964080614,149,,ok
235-25-7(3),2,oof_prediction,unet_pixel,2026,external-data/235-25-7(3).png,fbc5b56f899fb1a639b7fbe6e6eaf3b004746342555212cd1ca0a5e10c5f569b,fast_equivalent_v1,unknown,pixel,5,15,10,2108.9251070435284,153,188,56.3754483210132,131,zero_length_angle_vector,ok
235-25-9(1),4,oof_prediction,unet_pixel,2026,external-data/235-25-9(1).png,1f2c9a1739ee03ae6e60ef40881fb6998c74a941cf5bf17882e0eb100b25cf5c,fast_equivalent_v1,unknown,pixel,5,15,10,3210.4852813742377,155,140,41.93542189508446,155,,ok
235-25-9(2),4,oof_prediction,unet_pixel,2026,external-data/235-25-9(2).png,38dd599b26095edc9ebaea624b4b1208d0614ac3ed1b3dd061a72671dc406836,fast_equivalent_v1,unknown,pixel,5,15,10,3206.828427124746,105,104,41.16512343888608,105,,ok
235-25-9(3),1,oof_prediction,unet_pixel,2026,external-data/235-25-9(3).png,1a2640576cd3494d902303cadbf106a1e225cb88062cd0dcabcf04a7e6e3ed3d,fast_equivalent_v1,unknown,pixel,5,15,10,633.2152954766511,135,112,55.88468938193324,34,zero_length_angle_vector,ok
447-1-1,1,oof_prediction,unet_pixel,2026,external-data/447-1-1.png,bbc22dab4acfc76fb638d42428a3a5791495c78ffb7338f7f9e6b7309ee8baac,fast_equivalent_v1,unknown,pixel,5,15,10,1866.1362184380757,247,228,56.94506953775869,173,zero_length_angle_vector,ok
447-1-1(1),1,oof_prediction,unet_pixel,2026,external-data/447-1-1(1).png,52bcee0b1ba3c49f6cc655f0cf52c35bc51f7d39eda882038402578951bfb6e7,fast_equivalent_v1,unknown,pixel,5,15,10,657.8010819142779,103,75,37.895346564677226,92,zero_length_angle_vector,ok
7-1-3(1),4,oof_prediction,unet_pixel,2026,external-data/7-1-3(1).png,747054afc8dc94baf3f682d4e5f43ca499517a83d01c59fc2012ff9d8fd8a1e7,fast_equivalent_v1,unknown,pixel,5,15,10,3215.828427124746,491,395,44.260715521447324,491,,ok
7-1-3(2),4,oof_prediction,unet_pixel,2026,external-data/7-1-3(2).png,dc29540639bada34e8aa890bdcb8fd05b2fcb474d52bcbdde7f04f764757f1c9,fast_equivalent_v1,unknown,pixel,5,15,10,3213.828427124746,262,201,44.54623170499068,262,,ok
7-1-3(3),0,oof_prediction,unet_pixel,2026,external-data/7-1-3(3).png,94118cdf97edcfa21f7c10eb6a8358de28527d08199a13101452e23fa9aec5b7,fast_equivalent_v1,unknown,pixel,5,15,10,3233.923881554246,357,292,44.14020588686854,357,,ok
7-1-6(1),0,oof_prediction,unet_pixel,2026,external-data/7-1-6(1).png,e06c02801af03c118bf015175178fb1bff77cf6ba2d6e24a38cc2963c34df09d,fast_equivalent_v1,unknown,pixel,5,15,10,3232.6101730552627,374,299,46.42867445862363,374,,ok
7-1-6(2),3,oof_prediction,unet_pixel,2026,external-data/7-1-6(2).png,3cc88a2cab6c2479cc2e3d4840b8ceb6e934c4d4c4335695d8aca913d5330efc,fast_equivalent_v1,unknown,pixel,5,15,10,3377.2132034355964,630,514,44.17533991572285,630,,ok
7-1-6(3),2,oof_prediction,unet_pixel,2026,external-data/7-1-6(3).png,5766470baff66de7861298f430d027c7c3aadaee9bf4e50865426967465f6207,fast_equivalent_v1,unknown,pixel,5,15,10,1787.8986283848385,309,324,49.32266613247463,286,zero_length_angle_vector,ok
7-1-6(4),0,oof_prediction,unet_pixel,2026,external-data/7-1-6(4).png,519aee54c9b9df7a3d960a132247aed4b1f3318cf555abdab192bec2f02b7f48,fast_equivalent_v1,unknown,pixel,5,15,10,3235.095454429499,630,596,44.41765676692653,630,,ok
DN50-235-25-6(2),1,oof_prediction,unet_pixel,2026,external-data/DN50-235-25-6(2).png,389c8366d53c188384e2aab5a35a610a0aed84725c1a5da186f206ce77bd768e,fast_equivalent_v1,unknown,pixel,5,15,10,499.75945135393516,116,106,55.673345870722315,56,zero_length_angle_vector,ok
DN50-235-25-6(3),1,oof_prediction,unet_pixel,2026,external-data/DN50-235-25-6(3).png,1e4c1f62c267cca4af5f4d8db3ec41852e92ffd22f9753692560110e0add281f,fast_equivalent_v1,unknown,pixel,5,15,10,600.1492782986684,107,91,53.85133005514458,93,zero_length_angle_vector,ok
DN50-235-25-7(1),0,oof_prediction,unet_pixel,2026,external-data/DN50-235-25-7(1).png,cfe1132bb45c8c8e4fadb1e608b1fe4d88ad472974267a6f92ea0a9e824a5f32,fast_equivalent_v1,unknown,pixel,5,15,10,3237.409162928484,121,108,49.91925728156838,121,,ok
W82-447-1-13-3(1),3,oof_prediction,unet_pixel,2026,external-data/W82-447-1-13-3(1).png,3169c00f4193695e958d79ea98ae8c821b1233fdf5b71f322c9ad68b0dc8c3c5,fast_equivalent_v1,unknown,pixel,5,15,10,3319.242640687119,290,220,46.444098988441645,290,,ok
W82-447-1-13-7(1),4,oof_prediction,unet_pixel,2026,external-data/W82-447-1-13-7(1).png,46ba177596e4c7025e7bf166585bac77326728575573f4e594e333c583fb0e8a,fast_equivalent_v1,unknown,pixel,5,15,10,3208.485281374238,230,187,36.93996433042852,230,,ok
W82-447-1-13-7(2),3,oof_prediction,unet_pixel,2026,external-data/W82-447-1-13-7(2).png,328800c783130a829c09bc207a496563a34df919f77211a0d76dba6022682e48,fast_equivalent_v1,unknown,pixel,5,15,10,3346.828427124746,86,71,42.26239963399405,86,,ok
W82-447-1-13-7(3),2,oof_prediction,unet_pixel,2026,external-data/W82-447-1-13-7(3).png,46d1d06dbeb87dd4a2e535416e7dfb9269d3e49a7b9fbf4ca2a9ed421cb88140,fast_equivalent_v1,unknown,pixel,5,15,10,2002.675323681477,583,561,44.96580390189373,396,zero_length_angle_vector,ok
