sample_name,fold,source,config,seed,mask_path,source_sha256,extractor,scale_status,length_unit,closing_kernel,pruning_iterations,min_component_pixels,dominant_path_length,retained_segment_count,junction_region_count,mean_local_acute_angle_deg,valid_angle_n,angle_failure_reason,path_status
10-1-1,3,annotation_mask,annotation,reference,external-data/10-1-1_mask.png,8664187dcbcab44c4dae8da26d028efb21268d9709753c186a39d03660a06fc7,grid_equivalent_v1,unknown,pixel,3,5,5,3519.0348468227903,153,121,66.33300384958784,150,zero_length_angle_vector,ok
10-1-1,3,annotation_mask,annotation,reference,external-data/10-1-1_mask.png,8664187dcbcab44c4dae8da26d028efb21268d9709753c186a39d03660a06fc7,grid_equivalent_v1,unknown,pixel,3,5,10,3519.0348468227903,139,121,66.26715138737005,138,zero_length_angle_vector,ok
10-1-1,3,annotation_mask,annotation,reference,external-data/10-1-1_mask.png,8664187dcbcab44c4dae8da26d028efb21268d9709753c186a39d03660a06fc7,grid_equivalent_v1,unknown,pixel,3,5,20,3519.0348468227903,112,121,67.2656156167616,111,zero_length_angle_vector,ok
10-1-1,3,annotation_mask,annotation,reference,external-data/10-1-1_mask.png,8664187dcbcab44c4dae8da26d028efb21268d9709753c186a39d03660a06fc7,grid_equivalent_v1,unknown,pixel,3,10,5,3519.0348468227903,143,119,66.04617497177507,142,zero_length_angle_vector,ok
10-1-1,3,annotation_mask,annotation,reference,external-data/10-1-1_mask.png,8664187dcbcab44c4dae8da26d028efb21268d9709753c186a39d03660a06fc7,grid_equivalent_v1,unknown,pixel,3,10,10,3519.0348468227903,134,119,65.70586866596497,133,zero_length_angle_vector,ok
10-1-1,3,annotation_mask,annotation,reference,external-data/10-1-1_mask.png,8664187dcbcab44c4dae8da26d028efb21268d9709753c186a39d03660a06fc7,grid_equivalent_v1,unknown,pixel,3,10,20,3519.0348468227903,111,119,67.48284951253048,110,zero_length_angle_vector,ok
10-1-1,3,annotation_mask,annotation,reference,external-data/10-1-1_mask.png,8664187dcbcab44c4dae8da26d028efb21268d9709753c186a39d03660a06fc7,grid_equivalent_v1,unknown,pixel,3,15,5,3519.0348468227903,140,119,65.17726994258351,139,zero_length_angle_vector,ok
10-1-1,3,annotation_mask,annotation,reference,external-data/10-1-1_mask.png,8664187dcbcab44c4dae8da26d028efb21268d9709753c186a39d03660a06fc7,grid_equivalent_v1,unknown,pixel,3,15,10,3519.0348468227903,130,119,65.12838021102294,129,zero_length_angle_vector,ok
10-1-1,3,annotation_mask,annotation,reference,external-data/10-1-1_mask.png,8664187dcbcab44c4dae8da26d028efb21268d9709753c186a39d03660a06fc7,grid_equivalent_v1,unknown,pixel,3,15,20,3519.0348468227903,100,119,67.34345040624443,99,zero_length_angle_vector,ok
10-1-1,3,annotation_mask,annotation,reference,external-data/10-1-1_mask.png,8664187dcbcab44c4dae8da26d028efb21268d9709753c186a39d03660a06fc7,grid_equivalent_v1,unknown,pixel,3,20,5,3519.0348468227903,135,119,64.80739687189813,133,zero_length_angle_vector,ok
10-1-1,3,annotation_mask,annotation,reference,external-data/10-1-1_mask.png,8664187dcbcab44c4dae8da26d028efb21268d9709753c186a39d03660a06fc7,grid_equivalent_v1,unknown,pixel,3,20,10,3519.0348468227903,127,119,64.95940661685977,126,zero_length_angle_vector,ok
10-1-1,3,annotation_mask,annotation,reference,external-data/10-1-1_mask.png,8664187dcbcab44c4dae8da26d028efb21268d9709753c186a39d03660a06fc7,grid_equivalent_v1,unknown,pixel,3,20,20,3519.0348468227903,94,119,67.0455869076224,93,zero_length_angle_vector,ok
10-1-1,3,annotation_mask,annotation,reference,external-data/10-1-1_mask.png,8664187dcbcab44c4dae8da26d028efb21268d9709753c186a39d03660a06fc7,grid_equivalent_v1,unknown,pixel,5,5,5,3519.0348468227903,150,122,65.17990690412313,148,zero_length_angle_vector,ok
10-1-1,3,annotation_mask,annotation,reference,external-data/10-1-1_mask.png,8664187dcbcab44c4dae8da26d028efb21268d9709753c186a39d03660a06fc7,grid_equivalent_v1,unknown,pixel,5,5,10,3519.0348468227903,142,122,65.55714049114461,141,zero_length_angle_vector,ok
10-1-1,3,annotation_mask,annotation,reference,external-data/10-1-1_mask.png,8664187dcbcab44c4dae8da26d028efb21268d9709753c186a39d03660a06fc7,grid_equivalent_v1,unknown,pixel,5,5,20,3519.0348468227903,120,122,66.4171443049905,119,zero_length_angle_vector,ok
10-1-1,3,annotation_mask,annotation,reference,external-data/10-1-1_mask.png,8664187dcbcab44c4dae8da26d028efb21268d9709753c186a39d03660a06fc7,grid_equivalent_v1,unknown,pixel,5,10,5,3519.0348468227903,142,121,64.84225878008561,141,zero_length_angle_vector,ok
10-1-1,3,annotation_mask,annotation,reference,external-data/10-1-1_mask.png,8664187dcbcab44c4dae8da26d028efb21268d9709753c186a39d03660a06fc7,grid_equivalent_v1,unknown,pixel,5,10,10,3519.0348468227903,138,121,65.02651464047977,137,zero_length_angle_vector,ok
10-1-1,3,annotation_mask,annotation,reference,external-data/10-1-1_mask.png,8664187dcbcab44c4dae8da26d028efb21268d9709753c186a39d03660a06fc7,grid_equivalent_v1,unknown,pixel,5,10,20,3519.0348468227903,117,121,67.09299103002216,116,zero_length_angle_vector,ok
10-1-1,3,annotation_mask,annotation,reference,external-data/10-1-1_mask.png,8664187dcbcab44c4dae8da26d028efb21268d9709753c186a39d03660a06fc7,grid_equivalent_v1,unknown,pixel,5,15,5,3519.0348468227903,140,121,64.68462686149287,139,zero_length_angle_vector,ok
10-1-1,3,annotation_mask,annotation,reference,external-data/10-1-1_mask.png,8664187dcbcab44c4dae8da26d028efb21268d9709753c186a39d03660a06fc7,grid_equivalent_v1,unknown,pixel,5,15,10,3519.0348468227903,134,121,64.6739875375559,133,zero_length_angle_vector,ok
10-1-1,3,annotation_mask,annotation,reference,external-data/10-1-1_mask.png,8664187dcbcab44c4dae8da26d028efb21268d9709753c186a39d03660a06fc7,grid_equivalent_v1,unknown,pixel,5,15,20,3519.0348468227903,110,121,67.23497786749262,109,zero_length_angle_vector,ok
10-1-1,3,annotation_mask,annotation,reference,external-data/10-1-1_mask.png,8664187dcbcab44c4dae8da26d028efb21268d9709753c186a39d03660a06fc7,grid_equivalent_v1,unknown,pixel,5,20,5,3519.0348468227903,135,121,64.31543256947202,133,zero_length_angle_vector,ok
10-1-1,3,annotation_mask,annotation,reference,external-data/10-1-1_mask.png,8664187dcbcab44c4dae8da26d028efb21268d9709753c186a39d03660a06fc7,grid_equivalent_v1,unknown,pixel,5,20,10,3519.0348468227903,129,121,65.3376656778772,128,zero_length_angle_vector,ok
10-1-1,3,annotation_mask,annotation,reference,external-data/10-1-1_mask.png,8664187dcbcab44c4dae8da26d028efb21268d9709753c186a39d03660a06fc7,grid_equivalent_v1,unknown,pixel,5,20,20,3519.0348468227903,103,121,67.58437706960999,102,zero_length_angle_vector,ok
10-1-1,3,annotation_mask,annotation,reference,external-data/10-1-1_mask.png,8664187dcbcab44c4dae8da26d028efb21268d9709753c186a39d03660a06fc7,grid_equivalent_v1,unknown,pixel,7,5,5,3519.0348468227903,143,113,65.55196433737707,141,zero_length_angle_vector,ok
10-1-1,3,annotation_mask,annotation,reference,external-data/10-1-1_mask.png,8664187dcbcab44c4dae8da26d028efb21268d9709753c186a39d03660a06fc7,grid_equivalent_v1,unknown,pixel,7,5,10,3519.0348468227903,136,113,66.22739212990838,135,zero_length_angle_vector,ok
10-1-1,3,annotation_mask,annotation,reference,external-data/10-1-1_mask.png,8664187dcbcab44c4dae8da26d028efb21268d9709753c186a39d03660a06fc7,grid_equivalent_v1,unknown,pixel,7,5,20,3519.0348468227903,117,113,66.8150650015966,116,zero_length_angle_vector,ok
10-1-1,3,annotation_mask,annotation,reference,external-data/10-1-1_mask.png,8664187dcbcab44c4dae8da26d028efb21268d9709753c186a39d03660a06fc7,grid_equivalent_v1,unknown,pixel,7,10,5,3519.0348468227903,136,112,64.74677429818335,135,zero_length_angle_vector,ok
10-1-1,3,annotation_mask,annotation,reference,external-data/10-1-1_mask.png,8664187dcbcab44c4dae8da26d028efb21268d9709753c186a39d03660a06fc7,grid_equivalent_v1,unknown,pixel,7,10,10,3519.0348468227903,132,112,65.19993109448848,131,zero_length_angle_vector,ok
10-1-1,3,annotation_mask,annotation,reference,external-data/10-1-1_mask.png,8664187dcbcab44c4dae8da26d028efb21268d9709753c186a39d03660a06fc7,grid_equivalent_v1,unknown,pixel,7,10,20,3519.0348468227903,113,112,66.91470610184622,112,zero_length_angle_vector,ok
10-1-1,3,annotation_mask,annotation,reference,external-data/10-1-1_mask.png,8664187dcbcab44c4dae8da26d028efb21268d9709753c186a39d03660a06fc7,grid_equivalent_v1,unknown,pixel,7,15,5,3519.0348468227903,134,112,64.7511368360585,133,zero_length_angle_vector,ok
10-1-1,3,annotation_mask,annotation,reference,external-data/10-1-1_mask.png,8664187dcbcab44c4dae8da26d028efb21268d9709753c186a39d03660a06fc7,grid_equivalent_v1,unknown,pixel,7,15,10,3519.0348468227903,128,112,64.76909205651016,127,zero_length_angle_vector,ok
10-1-1,3,annotation_mask,annotation,reference,external-data/10-1-1_mask.png,8664187dcbcab44c4dae8da26d028efb21268d9709753c186a39d03660a06fc7,grid_equivalent_v1,unknown,pixel,7,15,20,3519.0348468227903,106,112,66.38116064988932,105,zero_length_angle_vector,ok
10-1-1,3,annotation_mask,annotation,reference,external-data/10-1-1_mask.png,8664187dcbcab44c4dae8da26d028efb21268d9709753c186a39d03660a06fc7,grid_equivalent_v1,unknown,pixel,7,20,5,3519.0348468227903,130,112,65.28921422680801,128,zero_length_angle_vector,ok
10-1-1,3,annotation_mask,annotation,reference,external-data/10-1-1_mask.png,8664187dcbcab44c4dae8da26d028efb21268d9709753c186a39d03660a06fc7,grid_equivalent_v1,unknown,pixel,7,20,10,3519.0348468227903,124,112,66.45779571295034,123,zero_length_angle_vector,ok
10-1-1,3,annotation_mask,annotation,reference,external-data/10-1-1_mask.png,8664187dcbcab44c4dae8da26d028efb21268d9709753c186a39d03660a06fc7,grid_equivalent_v1,unknown,pixel,7,20,20,3519.0348468227903,101,112,67.82809082428287,100,zero_length_angle_vector,ok
10-1-1(1),3,annotation_mask,annotation,reference,external-data/10-1-1(1)_mask.png,c95c0337715266ccd3aad838a4ef3ab80e74ba76f5d714ecb44e5a5615b3ce7c,grid_equivalent_v1,unknown,pixel,3,5,5,2848.0794359760534,49,26,48.275967186424054,45,zero_length_angle_vector,ok
10-1-1(1),3,annotation_mask,annotation,reference,external-data/10-1-1(1)_mask.png,c95c0337715266ccd3aad838a4ef3ab80e74ba76f5d714ecb44e5a5615b3ce7c,grid_equivalent_v1,unknown,pixel,3,5,10,2848.0794359760534,43,26,49.046129641073506,43,,ok
10-1-1(1),3,annotation_mask,annotation,reference,external-data/10-1-1(1)_mask.png,c95c0337715266ccd3aad838a4ef3ab80e74ba76f5d714ecb44e5a5615b3ce7c,grid_equivalent_v1,unknown,pixel,3,5,20,2848.0794359760534,34,26,47.333618488451236,34,,ok
10-1-1(1),3,annotation_mask,annotation,reference,external-data/10-1-1(1)_mask.png,c95c0337715266ccd3aad838a4ef3ab80e74ba76f5d714ecb44e5a5615b3ce7c,grid_equivalent_v1,unknown,pixel,3,10,5,2848.0794359760534,48,26,48.60167480943404,44,zero_length_angle_vector,ok
10-1-1(1),3,annotation_mask,annotation,reference,external-data/10-1-1(1)_mask.png,c95c0337715266ccd3aad838a4ef3ab80e74ba76f5d714ecb44e5a5615b3ce7c,grid_equivalent_v1,unknown,pixel,3,10,10,2848.0794359760534,41,26,49.620425564565146,41,,ok
10-1-1(1),3,annotation_mask,annotation,reference,external-data/10-1-1(1)_mask.png,c95c0337715266ccd3aad838a4ef3ab80e74ba76f5d714ecb44e5a5615b3ce7c,grid_equivalent_v1,unknown,pixel,3,10,20,2848.0794359760534,33,26,47.616949884268465,33,,ok
10-1-1(1),3,annotation_mask,annotation,reference,external-data/10-1-1(1)_mask.png,c95c0337715266ccd3aad838a4ef3ab80e74ba76f5d714ecb44e5a5615b3ce7c,grid_equivalent_v1,unknown,pixel,3,15,5,2848.0794359760534,46,26,46.052272729389486,41,zero_length_angle_vector,ok
10-1-1(1),3,annotation_mask,annotation,reference,external-data/10-1-1(1)_mask.png,c95c0337715266ccd3aad838a4ef3ab80e74ba76f5d714ecb44e5a5615b3ce7c,grid_equivalent_v1,unknown,pixel,3,15,10,2848.0794359760534,38,26,46.70906819450844,38,,ok
10-1-1(1),3,annotation_mask,annotation,reference,external-data/10-1-1(1)_mask.png,c95c0337715266ccd3aad838a4ef3ab80e74ba76f5d714ecb44e5a5615b3ce7c,grid_equivalent_v1,unknown,pixel,3,15,20,2848.0794359760534,32,26,44.00438988583703,32,,ok
10-1-1(1),3,annotation_mask,annotation,reference,external-data/10-1-1(1)_mask.png,c95c0337715266ccd3aad838a4ef3ab80e74ba76f5d714ecb44e5a5615b3ce7c,grid_equivalent_v1,unknown,pixel,3,20,5,2848.0794359760534,44,26,42.446196146470534,39,zero_length_angle_vector,ok
10-1-1(1),3,annotation_mask,annotation,reference,external-data/10-1-1(1)_mask.png,c95c0337715266ccd3aad838a4ef3ab80e74ba76f5d714ecb44e5a5615b3ce7c,grid_equivalent_v1,unknown,pixel,3,20,10,2848.0794359760534,37,26,41.72703284833252,37,,ok
10-1-1(1),3,annotation_mask,annotation,reference,external-data/10-1-1(1)_mask.png,c95c0337715266ccd3aad838a4ef3ab80e74ba76f5d714ecb44e5a5615b3ce7c,grid_equivalent_v1,unknown,pixel,3,20,20,2848.0794359760534,30,26,40.00052645218887,30,,ok
10-1-1(1),3,annotation_mask,annotation,reference,external-data/10-1-1(1)_mask.png,c95c0337715266ccd3aad838a4ef3ab80e74ba76f5d714ecb44e5a5615b3ce7c,grid_equivalent_v1,unknown,pixel,5,5,5,2848.0794359760534,43,28,46.957706128956055,43,,ok
10-1-1(1),3,annotation_mask,annotation,reference,external-data/10-1-1(1)_mask.png,c95c0337715266ccd3aad838a4ef3ab80e74ba76f5d714ecb44e5a5615b3ce7c,grid_equivalent_v1,unknown,pixel,5,5,10,2848.0794359760534,39,28,45.90606722890286,39,,ok
10-1-1(1),3,annotation_mask,annotation,reference,external-data/10-1-1(1)_mask.png,c95c0337715266ccd3aad838a4ef3ab80e74ba76f5d714ecb44e5a5615b3ce7c,grid_equivalent_v1,unknown,pixel,5,5,20,2848.0794359760534,31,28,44.81010480331435,31,,ok
10-1-1(1),3,annotation_mask,annotation,reference,external-data/10-1-1(1)_mask.png,c95c0337715266ccd3aad838a4ef3ab80e74ba76f5d714ecb44e5a5615b3ce7c,grid_equivalent_v1,unknown,pixel,5,10,5,2848.0794359760534,42,28,46.59162497402566,42,,ok
10-1-1(1),3,annotation_mask,annotation,reference,external-data/10-1-1(1)_mask.png,c95c0337715266ccd3aad838a4ef3ab80e74ba76f5d714ecb44e5a5615b3ce7c,grid_equivalent_v1,unknown,pixel,5,10,10,2848.0794359760534,37,28,44.256539227691675,37,,ok
10-1-1(1),3,annotation_mask,annotation,reference,external-data/10-1-1(1)_mask.png,c95c0337715266ccd3aad838a4ef3ab80e74ba76f5d714ecb44e5a5615b3ce7c,grid_equivalent_v1,unknown,pixel,5,10,20,2848.0794359760534,29,28,45.337886958911675,29,,ok
10-1-1(1),3,annotation_mask,annotation,reference,external-data/10-1-1(1)_mask.png,c95c0337715266ccd3aad838a4ef3ab80e74ba76f5d714ecb44e5a5615b3ce7c,grid_equivalent_v1,unknown,pixel,5,15,5,2848.0794359760534,40,28,45.56384483484952,40,,ok
10-1-1(1),3,annotation_mask,annotation,reference,external-data/10-1-1(1)_mask.png,c95c0337715266ccd3aad838a4ef3ab80e74ba76f5d714ecb44e5a5615b3ce7c,grid_equivalent_v1,unknown,pixel,5,15,10,2848.0794359760534,35,28,45.23478785039287,35,,ok
10-1-1(1),3,annotation_mask,annotation,reference,external-data/10-1-1(1)_mask.png,c95c0337715266ccd3aad838a4ef3ab80e74ba76f5d714ecb44e5a5615b3ce7c,grid_equivalent_v1,unknown,pixel,5,15,20,2848.0794359760534,28,28,44.57978490201971,28,,ok
10-1-1(1),3,annotation_mask,annotation,reference,external-data/10-1-1(1)_mask.png,c95c0337715266ccd3aad838a4ef3ab80e74ba76f5d714ecb44e5a5615b3ce7c,grid_equivalent_v1,unknown,pixel,5,20,5,2848.0794359760534,37,27,45.443163457530574,36,zero_length_angle_vector,ok
10-1-1(1),3,annotation_mask,annotation,reference,external-data/10-1-1(1)_mask.png,c95c0337715266ccd3aad838a4ef3ab80e74ba76f5d714ecb44e5a5615b3ce7c,grid_equivalent_v1,unknown,pixel,5,20,10,2848.0794359760534,32,27,44.02602462732622,32,,ok
10-1-1(1),3,annotation_mask,annotation,reference,external-data/10-1-1(1)_mask.png,c95c0337715266ccd3aad838a4ef3ab80e74ba76f5d714ecb44e5a5615b3ce7c,grid_equivalent_v1,unknown,pixel,5,20,20,2848.0794359760534,27,27,44.46568158568977,27,,ok
10-1-1(1),3,annotation_mask,annotation,reference,external-data/10-1-1(1)_mask.png,c95c0337715266ccd3aad838a4ef3ab80e74ba76f5d714ecb44e5a5615b3ce7c,grid_equivalent_v1,unknown,pixel,7,5,5,2848.0794359760534,42,27,48.616405211416776,40,zero_length_angle_vector,ok
10-1-1(1),3,annotation_mask,annotation,reference,external-data/10-1-1(1)_mask.png,c95c0337715266ccd3aad838a4ef3ab80e74ba76f5d714ecb44e5a5615b3ce7c,grid_equivalent_v1,unknown,pixel,7,5,10,2848.0794359760534,38,27,49.94447205185953,38,,ok
10-1-1(1),3,annotation_mask,annotation,reference,external-data/10-1-1(1)_mask.png,c95c0337715266ccd3aad838a4ef3ab80e74ba76f5d714ecb44e5a5615b3ce7c,grid_equivalent_v1,unknown,pixel,7,5,20,2848.0794359760534,30,27,48.672206004391825,30,,ok
10-1-1(1),3,annotation_mask,annotation,reference,external-data/10-1-1(1)_mask.png,c95c0337715266ccd3aad838a4ef3ab80e74ba76f5d714ecb44e5a5615b3ce7c,grid_equivalent_v1,unknown,pixel,7,10,5,2848.0794359760534,42,27,48.65398128444887,40,zero_length_angle_vector,ok
10-1-1(1),3,annotation_mask,annotation,reference,external-data/10-1-1(1)_mask.png,c95c0337715266ccd3aad838a4ef3ab80e74ba76f5d714ecb44e5a5615b3ce7c,grid_equivalent_v1,unknown,pixel,7,10,10,2848.0794359760534,37,27,49.30098766833557,37,,ok
10-1-1(1),3,annotation_mask,annotation,reference,external-data/10-1-1(1)_mask.png,c95c0337715266ccd3aad838a4ef3ab80e74ba76f5d714ecb44e5a5615b3ce7c,grid_equivalent_v1,unknown,pixel,7,10,20,2848.0794359760534,29,27,48.29215610434759,29,,ok
10-1-1(1),3,annotation_mask,annotation,reference,external-data/10-1-1(1)_mask.png,c95c0337715266ccd3aad838a4ef3ab80e74ba76f5d714ecb44e5a5615b3ce7c,grid_equivalent_v1,unknown,pixel,7,15,5,2848.0794359760534,41,27,49.80589091458949,39,zero_length_angle_vector,ok
10-1-1(1),3,annotation_mask,annotation,reference,external-data/10-1-1(1)_mask.png,c95c0337715266ccd3aad838a4ef3ab80e74ba76f5d714ecb44e5a5615b3ce7c,grid_equivalent_v1,unknown,pixel,7,15,10,2848.0794359760534,35,27,49.51302641665311,35,,ok
10-1-1(1),3,annotation_mask,annotation,reference,external-data/10-1-1(1)_mask.png,c95c0337715266ccd3aad838a4ef3ab80e74ba76f5d714ecb44e5a5615b3ce7c,grid_equivalent_v1,unknown,pixel,7,15,20,2848.0794359760534,29,27,48.356920799626046,29,,ok
10-1-1(1),3,annotation_mask,annotation,reference,external-data/10-1-1(1)_mask.png,c95c0337715266ccd3aad838a4ef3ab80e74ba76f5d714ecb44e5a5615b3ce7c,grid_equivalent_v1,unknown,pixel,7,20,5,2848.0794359760534,39,27,48.120604957520904,37,zero_length_angle_vector,ok
10-1-1(1),3,annotation_mask,annotation,reference,external-data/10-1-1(1)_mask.png,c95c0337715266ccd3aad838a4ef3ab80e74ba76f5d714ecb44e5a5615b3ce7c,grid_equivalent_v1,unknown,pixel,7,20,10,2848.0794359760534,34,27,48.83186622056446,34,,ok
10-1-1(1),3,annotation_mask,annotation,reference,external-data/10-1-1(1)_mask.png,c95c0337715266ccd3aad838a4ef3ab80e74ba76f5d714ecb44e5a5615b3ce7c,grid_equivalent_v1,unknown,pixel,7,20,20,2848.0794359760534,28,27,48.24426749722561,28,,ok
10-1-1(2),1,annotation_mask,annotation,reference,external-data/10-1-1(2)_mask.png,6c74e98b918771eb646a7e1d44c8ef0b3c96078814c8b8db61045d1816697d12,grid_equivalent_v1,unknown,pixel,3,5,5,1262.4823227814104,29,22,44.97733862396718,29,,ok
10-1-1(2),1,annotation_mask,annotation,reference,external-data/10-1-1(2)_mask.png,6c74e98b918771eb646a7e1d44c8ef0b3c96078814c8b8db61045d1816697d12,grid_equivalent_v1,unknown,pixel,3,5,10,1262.4823227814104,28,22,43.91421209993235,28,,ok
10-1-1(2),1,annotation_mask,annotation,reference,external-data/10-1-1(2)_mask.png,6c74e98b918771eb646a7e1d44c8ef0b3c96078814c8b8db61045d1816697d12,grid_equivalent_v1,unknown,pixel,3,5,20,1262.4823227814104,20,22,47.25688314990343,20,,ok
10-1-1(2),1,annotation_mask,annotation,reference,external-data/10-1-1(2)_mask.png,6c74e98b918771eb646a7e1d44c8ef0b3c96078814c8b8db61045d1816697d12,grid_equivalent_v1,unknown,pixel,3,10,5,1262.4823227814104,28,22,42.87347753306644,28,,ok
10-1-1(2),1,annotation_mask,annotation,reference,external-data/10-1-1(2)_mask.png,6c74e98b918771eb646a7e1d44c8ef0b3c96078814c8b8db61045d1816697d12,grid_equivalent_v1,unknown,pixel,3,10,10,1262.4823227814104,26,22,42.161356688278,26,,ok
10-1-1(2),1,annotation_mask,annotation,reference,external-data/10-1-1(2)_mask.png,6c74e98b918771eb646a7e1d44c8ef0b3c96078814c8b8db61045d1816697d12,grid_equivalent_v1,unknown,pixel,3,10,20,1262.4823227814104,19,22,46.22786049932205,19,,ok
10-1-1(2),1,annotation_mask,annotation,reference,external-data/10-1-1(2)_mask.png,6c74e98b918771eb646a7e1d44c8ef0b3c96078814c8b8db61045d1816697d12,grid_equivalent_v1,unknown,pixel,3,15,5,1262.4823227814104,26,21,43.71985174562055,24,zero_length_angle_vector,ok
10-1-1(2),1,annotation_mask,annotation,reference,external-data/10-1-1(2)_mask.png,6c74e98b918771eb646a7e1d44c8ef0b3c96078814c8b8db61045d1816697d12,grid_equivalent_v1,unknown,pixel,3,15,10,1262.4823227814104,24,21,43.71985174562055,24,,ok
10-1-1(2),1,annotation_mask,annotation,reference,external-data/10-1-1(2)_mask.png,6c74e98b918771eb646a7e1d44c8ef0b3c96078814c8b8db61045d1816697d12,grid_equivalent_v1,unknown,pixel,3,15,20,1262.4823227814104,17,21,44.68513998031476,17,,ok
10-1-1(2),1,annotation_mask,annotation,reference,external-data/10-1-1(2)_mask.png,6c74e98b918771eb646a7e1d44c8ef0b3c96078814c8b8db61045d1816697d12,grid_equivalent_v1,unknown,pixel,3,20,5,1262.4823227814104,23,20,44.550115639759454,23,,ok
10-1-1(2),1,annotation_mask,annotation,reference,external-data/10-1-1(2)_mask.png,6c74e98b918771eb646a7e1d44c8ef0b3c96078814c8b8db61045d1816697d12,grid_equivalent_v1,unknown,pixel,3,20,10,1262.4823227814104,22,20,43.49177297893409,22,,ok
10-1-1(2),1,annotation_mask,annotation,reference,external-data/10-1-1(2)_mask.png,6c74e98b918771eb646a7e1d44c8ef0b3c96078814c8b8db61045d1816697d12,grid_equivalent_v1,unknown,pixel,3,20,20,1262.4823227814104,16,20,45.56984102319717,16,,ok
10-1-1(2),1,annotation_mask,annotation,reference,external-data/10-1-1(2)_mask.png,6c74e98b918771eb646a7e1d44c8ef0b3c96078814c8b8db61045d1816697d12,grid_equivalent_v1,unknown,pixel,5,5,5,1262.4823227814104,30,23,46.68554282035347,29,zero_length_angle_vector,ok
10-1-1(2),1,annotation_mask,annotation,reference,external-data/10-1-1(2)_mask.png,6c74e98b918771eb646a7e1d44c8ef0b3c96078814c8b8db61045d1816697d12,grid_equivalent_v1,unknown,pixel,5,5,10,1262.4823227814104,29,23,46.68554282035347,29,,ok
10-1-1(2),1,annotation_mask,annotation,reference,external-data/10-1-1(2)_mask.png,6c74e98b918771eb646a7e1d44c8ef0b3c96078814c8b8db61045d1816697d12,grid_equivalent_v1,unknown,pixel,5,5,20,1262.4823227814104,21,23,49.91513612242947,21,,ok
10-1-1(2),1,annotation_mask,annotation,reference,external-data/10-1-1(2)_mask.png,6c74e98b918771eb646a7e1d44c8ef0b3c96078814c8b8db61045d1816697d12,grid_equivalent_v1,unknown,pixel,5,10,5,1262.4823227814104,30,23,47.544668292106174,29,zero_length_angle_vector,ok
10-1-1(2),1,annotation_mask,annotation,reference,external-data/10-1-1(2)_mask.png,6c74e98b918771eb646a7e1d44c8ef0b3c96078814c8b8db61045d1816697d12,grid_equivalent_v1,unknown,pixel,5,10,10,1262.4823227814104,27,23,45.69686886390127,27,,ok
10-1-1(2),1,annotation_mask,annotation,reference,external-data/10-1-1(2)_mask.png,6c74e98b918771eb646a7e1d44c8ef0b3c96078814c8b8db61045d1816697d12,grid_equivalent_v1,unknown,pixel,5,10,20,1262.4823227814104,20,23,48.724915897052234,20,,ok
10-1-1(2),1,annotation_mask,annotation,reference,external-data/10-1-1(2)_mask.png,6c74e98b918771eb646a7e1d44c8ef0b3c96078814c8b8db61045d1816697d12,grid_equivalent_v1,unknown,pixel,5,15,5,1262.4823227814104,28,23,45.78996419536449,26,zero_length_angle_vector,ok
10-1-1(2),1,annotation_mask,annotation,reference,external-data/10-1-1(2)_mask.png,6c74e98b918771eb646a7e1d44c8ef0b3c96078814c8b8db61045d1816697d12,grid_equivalent_v1,unknown,pixel,5,15,10,1262.4823227814104,25,23,46.29442229680335,25,,ok
10-1-1(2),1,annotation_mask,annotation,reference,external-data/10-1-1(2)_mask.png,6c74e98b918771eb646a7e1d44c8ef0b3c96078814c8b8db61045d1816697d12,grid_equivalent_v1,unknown,pixel,5,15,20,1262.4823227814104,19,23,47.716270769174145,19,,ok
10-1-1(2),1,annotation_mask,annotation,reference,external-data/10-1-1(2)_mask.png,6c74e98b918771eb646a7e1d44c8ef0b3c96078814c8b8db61045d1816697d12,grid_equivalent_v1,unknown,pixel,5,20,5,1262.4823227814104,25,22,47.21304692558539,24,zero_length_angle_vector,ok
10-1-1(2),1,annotation_mask,annotation,reference,external-data/10-1-1(2)_mask.png,6c74e98b918771eb646a7e1d44c8ef0b3c96078814c8b8db61045d1816697d12,grid_equivalent_v1,unknown,pixel,5,20,10,1262.4823227814104,23,22,45.96301607312938,23,,ok
10-1-1(2),1,annotation_mask,annotation,reference,external-data/10-1-1(2)_mask.png,6c74e98b918771eb646a7e1d44c8ef0b3c96078814c8b8db61045d1816697d12,grid_equivalent_v1,unknown,pixel,5,20,20,1262.4823227814104,17,22,48.837452768198375,17,,ok
10-1-1(2),1,annotation_mask,annotation,reference,external-data/10-1-1(2)_mask.png,6c74e98b918771eb646a7e1d44c8ef0b3c96078814c8b8db61045d1816697d12,grid_equivalent_v1,unknown,pixel,7,5,5,1262.4823227814104,30,21,45.82416243050863,30,,ok
10-1-1(2),1,annotation_mask,annotation,reference,external-data/10-1-1(2)_mask.png,6c74e98b918771eb646a7e1d44c8ef0b3c96078814c8b8db61045d1816697d12,grid_equivalent_v1,unknown,pixel,7,5,10,1262.4823227814104,28,21,47.15223395382976,28,,ok
10-1-1(2),1,annotation_mask,annotation,reference,external-data/10-1-1(2)_mask.png,6c74e98b918771eb646a7e1d44c8ef0b3c96078814c8b8db61045d1816697d12,grid_equivalent_v1,unknown,pixel,7,5,20,1262.4823227814104,19,21,48.60239667832726,19,,ok
10-1-1(2),1,annotation_mask,annotation,reference,external-data/10-1-1(2)_mask.png,6c74e98b918771eb646a7e1d44c8ef0b3c96078814c8b8db61045d1816697d12,grid_equivalent_v1,unknown,pixel,7,10,5,1262.4823227814104,29,21,46.40525178022827,29,,ok
10-1-1(2),1,annotation_mask,annotation,reference,external-data/10-1-1(2)_mask.png,6c74e98b918771eb646a7e1d44c8ef0b3c96078814c8b8db61045d1816697d12,grid_equivalent_v1,unknown,pixel,7,10,10,1262.4823227814104,27,21,46.13971779558797,27,,ok
10-1-1(2),1,annotation_mask,annotation,reference,external-data/10-1-1(2)_mask.png,6c74e98b918771eb646a7e1d44c8ef0b3c96078814c8b8db61045d1816697d12,grid_equivalent_v1,unknown,pixel,7,10,20,1262.4823227814104,19,21,48.34551244428502,19,,ok
10-1-1(2),1,annotation_mask,annotation,reference,external-data/10-1-1(2)_mask.png,6c74e98b918771eb646a7e1d44c8ef0b3c96078814c8b8db61045d1816697d12,grid_equivalent_v1,unknown,pixel,7,15,5,1262.4823227814104,28,21,47.0638840924206,27,zero_length_angle_vector,ok
10-1-1(2),1,annotation_mask,annotation,reference,external-data/10-1-1(2)_mask.png,6c74e98b918771eb646a7e1d44c8ef0b3c96078814c8b8db61045d1816697d12,grid_equivalent_v1,unknown,pixel,7,15,10,1262.4823227814104,23,21,45.21593070197765,23,,ok
10-1-1(2),1,annotation_mask,annotation,reference,external-data/10-1-1(2)_mask.png,6c74e98b918771eb646a7e1d44c8ef0b3c96078814c8b8db61045d1816697d12,grid_equivalent_v1,unknown,pixel,7,15,20,1262.4823227814104,18,21,46.86391926476543,18,,ok
10-1-1(2),1,annotation_mask,annotation,reference,external-data/10-1-1(2)_mask.png,6c74e98b918771eb646a7e1d44c8ef0b3c96078814c8b8db61045d1816697d12,grid_equivalent_v1,unknown,pixel,7,20,5,1262.4823227814104,23,20,45.1581041224874,23,,ok
10-1-1(2),1,annotation_mask,annotation,reference,external-data/10-1-1(2)_mask.png,6c74e98b918771eb646a7e1d44c8ef0b3c96078814c8b8db61045d1816697d12,grid_equivalent_v1,unknown,pixel,7,20,10,1262.4823227814104,22,20,45.381819841269845,22,,ok
10-1-1(2),1,annotation_mask,annotation,reference,external-data/10-1-1(2)_mask.png,6c74e98b918771eb646a7e1d44c8ef0b3c96078814c8b8db61045d1816697d12,grid_equivalent_v1,unknown,pixel,7,20,20,1262.4823227814104,16,20,47.311511070514264,16,,ok
10-1-1(3),2,annotation_mask,annotation,reference,external-data/10-1-1(3)_mask.png,49a1138291b2427ae244c26c8d481f7bf7c311eb24e2003613787dba24d6ff37,grid_equivalent_v1,unknown,pixel,3,5,5,2611.2834046956673,40,21,47.12011148664248,39,zero_length_angle_vector,ok
10-1-1(3),2,annotation_mask,annotation,reference,external-data/10-1-1(3)_mask.png,49a1138291b2427ae244c26c8d481f7bf7c311eb24e2003613787dba24d6ff37,grid_equivalent_v1,unknown,pixel,3,5,10,2611.2834046956673,36,21,45.62303414655552,36,,ok
10-1-1(3),2,annotation_mask,annotation,reference,external-data/10-1-1(3)_mask.png,49a1138291b2427ae244c26c8d481f7bf7c311eb24e2003613787dba24d6ff37,grid_equivalent_v1,unknown,pixel,3,5,20,2611.2834046956673,31,21,49.07697660234829,31,,ok
10-1-1(3),2,annotation_mask,annotation,reference,external-data/10-1-1(3)_mask.png,49a1138291b2427ae244c26c8d481f7bf7c311eb24e2003613787dba24d6ff37,grid_equivalent_v1,unknown,pixel,3,10,5,2611.2834046956673,38,21,47.897165114488715,36,zero_length_angle_vector,ok
10-1-1(3),2,annotation_mask,annotation,reference,external-data/10-1-1(3)_mask.png,49a1138291b2427ae244c26c8d481f7bf7c311eb24e2003613787dba24d6ff37,grid_equivalent_v1,unknown,pixel,3,10,10,2611.2834046956673,34,21,46.440973460377286,34,,ok
10-1-1(3),2,annotation_mask,annotation,reference,external-data/10-1-1(3)_mask.png,49a1138291b2427ae244c26c8d481f7bf7c311eb24e2003613787dba24d6ff37,grid_equivalent_v1,unknown,pixel,3,10,20,2611.2834046956673,30,21,49.062784055794275,30,,ok
10-1-1(3),2,annotation_mask,annotation,reference,external-data/10-1-1(3)_mask.png,49a1138291b2427ae244c26c8d481f7bf7c311eb24e2003613787dba24d6ff37,grid_equivalent_v1,unknown,pixel,3,15,5,2611.2834046956673,36,21,48.03480354589663,35,zero_length_angle_vector,ok
10-1-1(3),2,annotation_mask,annotation,reference,external-data/10-1-1(3)_mask.png,49a1138291b2427ae244c26c8d481f7bf7c311eb24e2003613787dba24d6ff37,grid_equivalent_v1,unknown,pixel,3,15,10,2611.2834046956673,33,21,46.721800568223834,33,,ok
10-1-1(3),2,annotation_mask,annotation,reference,external-data/10-1-1(3)_mask.png,49a1138291b2427ae244c26c8d481f7bf7c311eb24e2003613787dba24d6ff37,grid_equivalent_v1,unknown,pixel,3,15,20,2611.2834046956673,30,21,49.670585136162565,30,,ok
10-1-1(3),2,annotation_mask,annotation,reference,external-data/10-1-1(3)_mask.png,49a1138291b2427ae244c26c8d481f7bf7c311eb24e2003613787dba24d6ff37,grid_equivalent_v1,unknown,pixel,3,20,5,2611.2834046956673,35,21,46.95644266537964,34,zero_length_angle_vector,ok
10-1-1(3),2,annotation_mask,annotation,reference,external-data/10-1-1(3)_mask.png,49a1138291b2427ae244c26c8d481f7bf7c311eb24e2003613787dba24d6ff37,grid_equivalent_v1,unknown,pixel,3,20,10,2611.2834046956673,33,21,46.45709399393897,33,,ok
10-1-1(3),2,annotation_mask,annotation,reference,external-data/10-1-1(3)_mask.png,49a1138291b2427ae244c26c8d481f7bf7c311eb24e2003613787dba24d6ff37,grid_equivalent_v1,unknown,pixel,3,20,20,2611.2834046956673,30,21,49.3794079044492,30,,ok
10-1-1(3),2,annotation_mask,annotation,reference,external-data/10-1-1(3)_mask.png,49a1138291b2427ae244c26c8d481f7bf7c311eb24e2003613787dba24d6ff37,grid_equivalent_v1,unknown,pixel,5,5,5,2611.2834046956673,45,24,44.4805691816284,45,,ok
10-1-1(3),2,annotation_mask,annotation,reference,external-data/10-1-1(3)_mask.png,49a1138291b2427ae244c26c8d481f7bf7c311eb24e2003613787dba24d6ff37,grid_equivalent_v1,unknown,pixel,5,5,10,2611.2834046956673,39,24,43.94358352203922,39,,ok
10-1-1(3),2,annotation_mask,annotation,reference,external-data/10-1-1(3)_mask.png,49a1138291b2427ae244c26c8d481f7bf7c311eb24e2003613787dba24d6ff37,grid_equivalent_v1,unknown,pixel,5,5,20,2611.2834046956673,33,24,48.02366111021648,33,,ok
10-1-1(3),2,annotation_mask,annotation,reference,external-data/10-1-1(3)_mask.png,49a1138291b2427ae244c26c8d481f7bf7c311eb24e2003613787dba24d6ff37,grid_equivalent_v1,unknown,pixel,5,10,5,2611.2834046956673,41,24,44.696057801243136,41,,ok
10-1-1(3),2,annotation_mask,annotation,reference,external-data/10-1-1(3)_mask.png,49a1138291b2427ae244c26c8d481f7bf7c311eb24e2003613787dba24d6ff37,grid_equivalent_v1,unknown,pixel,5,10,10,2611.2834046956673,38,24,43.78548164013128,38,,ok
10-1-1(3),2,annotation_mask,annotation,reference,external-data/10-1-1(3)_mask.png,49a1138291b2427ae244c26c8d481f7bf7c311eb24e2003613787dba24d6ff37,grid_equivalent_v1,unknown,pixel,5,10,20,2611.2834046956673,32,24,47.723373790125606,32,,ok
10-1-1(3),2,annotation_mask,annotation,reference,external-data/10-1-1(3)_mask.png,49a1138291b2427ae244c26c8d481f7bf7c311eb24e2003613787dba24d6ff37,grid_equivalent_v1,unknown,pixel,5,15,5,2611.2834046956673,39,23,45.24297057900762,39,,ok
10-1-1(3),2,annotation_mask,annotation,reference,external-data/10-1-1(3)_mask.png,49a1138291b2427ae244c26c8d481f7bf7c311eb24e2003613787dba24d6ff37,grid_equivalent_v1,unknown,pixel,5,15,10,2611.2834046956673,36,23,44.403113779145116,36,,ok
10-1-1(3),2,annotation_mask,annotation,reference,external-data/10-1-1(3)_mask.png,49a1138291b2427ae244c26c8d481f7bf7c311eb24e2003613787dba24d6ff37,grid_equivalent_v1,unknown,pixel,5,15,20,2611.2834046956673,33,23,46.90058483497551,33,,ok
10-1-1(3),2,annotation_mask,annotation,reference,external-data/10-1-1(3)_mask.png,49a1138291b2427ae244c26c8d481f7bf7c311eb24e2003613787dba24d6ff37,grid_equivalent_v1,unknown,pixel,5,20,5,2611.2834046956673,38,23,44.3627838172452,38,,ok
10-1-1(3),2,annotation_mask,annotation,reference,external-data/10-1-1(3)_mask.png,49a1138291b2427ae244c26c8d481f7bf7c311eb24e2003613787dba24d6ff37,grid_equivalent_v1,unknown,pixel,5,20,10,2611.2834046956673,36,23,44.32738291820327,36,,ok
10-1-1(3),2,annotation_mask,annotation,reference,external-data/10-1-1(3)_mask.png,49a1138291b2427ae244c26c8d481f7bf7c311eb24e2003613787dba24d6ff37,grid_equivalent_v1,unknown,pixel,5,20,20,2611.2834046956673,33,23,46.817969350311685,33,,ok
10-1-1(3),2,annotation_mask,annotation,reference,external-data/10-1-1(3)_mask.png,49a1138291b2427ae244c26c8d481f7bf7c311eb24e2003613787dba24d6ff37,grid_equivalent_v1,unknown,pixel,7,5,5,2611.2834046956673,45,24,46.577650950250295,43,zero_length_angle_vector,ok
10-1-1(3),2,annotation_mask,annotation,reference,external-data/10-1-1(3)_mask.png,49a1138291b2427ae244c26c8d481f7bf7c311eb24e2003613787dba24d6ff37,grid_equivalent_v1,unknown,pixel,7,5,10,2611.2834046956673,40,24,46.07586845572423,40,,ok
10-1-1(3),2,annotation_mask,annotation,reference,external-data/10-1-1(3)_mask.png,49a1138291b2427ae244c26c8d481f7bf7c311eb24e2003613787dba24d6ff37,grid_equivalent_v1,unknown,pixel,7,5,20,2611.2834046956673,34,24,48.35625098794698,34,,ok
10-1-1(3),2,annotation_mask,annotation,reference,external-data/10-1-1(3)_mask.png,49a1138291b2427ae244c26c8d481f7bf7c311eb24e2003613787dba24d6ff37,grid_equivalent_v1,unknown,pixel,7,10,5,2611.2834046956673,41,24,46.79433376801021,40,zero_length_angle_vector,ok
10-1-1(3),2,annotation_mask,annotation,reference,external-data/10-1-1(3)_mask.png,49a1138291b2427ae244c26c8d481f7bf7c311eb24e2003613787dba24d6ff37,grid_equivalent_v1,unknown,pixel,7,10,10,2611.2834046956673,39,24,46.064536245048174,39,,ok
10-1-1(3),2,annotation_mask,annotation,reference,external-data/10-1-1(3)_mask.png,49a1138291b2427ae244c26c8d481f7bf7c311eb24e2003613787dba24d6ff37,grid_equivalent_v1,unknown,pixel,7,10,20,2611.2834046956673,33,24,48.075141764759785,33,,ok
10-1-1(3),2,annotation_mask,annotation,reference,external-data/10-1-1(3)_mask.png,49a1138291b2427ae244c26c8d481f7bf7c311eb24e2003613787dba24d6ff37,grid_equivalent_v1,unknown,pixel,7,15,5,2611.2834046956673,40,24,47.059153620192596,39,zero_length_angle_vector,ok
10-1-1(3),2,annotation_mask,annotation,reference,external-data/10-1-1(3)_mask.png,49a1138291b2427ae244c26c8d481f7bf7c311eb24e2003613787dba24d6ff37,grid_equivalent_v1,unknown,pixel,7,15,10,2611.2834046956673,38,24,46.298506175143096,38,,ok
10-1-1(3),2,annotation_mask,annotation,reference,external-data/10-1-1(3)_mask.png,49a1138291b2427ae244c26c8d481f7bf7c311eb24e2003613787dba24d6ff37,grid_equivalent_v1,unknown,pixel,7,15,20,2611.2834046956673,33,24,48.627688201458234,33,,ok
10-1-1(3),2,annotation_mask,annotation,reference,external-data/10-1-1(3)_mask.png,49a1138291b2427ae244c26c8d481f7bf7c311eb24e2003613787dba24d6ff37,grid_equivalent_v1,unknown,pixel,7,20,5,2611.2834046956673,39,24,46.22676114898766,38,zero_length_angle_vector,ok
10-1-1(3),2,annotation_mask,annotation,reference,external-data/10-1-1(3)_mask.png,49a1138291b2427ae244c26c8d481f7bf7c311eb24e2003613787dba24d6ff37,grid_equivalent_v1,unknown,pixel,7,20,10,2611.2834046956673,38,24,46.22676114898766,38,,ok
10-1-1(3),2,annotation_mask,annotation,reference,external-data/10-1-1(3)_mask.png,49a1138291b2427ae244c26c8d481f7bf7c311eb24e2003613787dba24d6ff37,grid_equivalent_v1,unknown,pixel,7,20,20,2611.2834046956673,33,24,48.54507271679441,33,,ok
10-1-2,2,annotation_mask,annotation,reference,external-data/10-1-2_mask.png,353a8fded79e4327f12b6866ba2014151a10168db01aad99108b5fae01f5e4ac,grid_equivalent_v1,unknown,pixel,3,5,5,3713.5222202381024,181,102,59.50800436560402,175,zero_length_angle_vector,ok
10-1-2,2,annotation_mask,annotation,reference,external-data/10-1-2_mask.png,353a8fded79e4327f12b6866ba2014151a10168db01aad99108b5fae01f5e4ac,grid_equivalent_v1,unknown,pixel,3,5,10,3713.5222202381024,174,102,59.85450196596193,172,zero_length_angle_vector,ok
10-1-2,2,annotation_mask,annotation,reference,external-data/10-1-2_mask.png,353a8fded79e4327f12b6866ba2014151a10168db01aad99108b5fae01f5e4ac,grid_equivalent_v1,unknown,pixel,3,5,20,3713.5222202381024,157,102,60.44334471906239,155,zero_length_angle_vector,ok
10-1-2,2,annotation_mask,annotation,reference,external-data/10-1-2_mask.png,353a8fded79e4327f12b6866ba2014151a10168db01aad99108b5fae01f5e4ac,grid_equivalent_v1,unknown,pixel,3,10,5,3713.5222202381024,178,102,59.346636218311005,171,zero_length_angle_vector,ok
10-1-2,2,annotation_mask,annotation,reference,external-data/10-1-2_mask.png,353a8fded79e4327f12b6866ba2014151a10168db01aad99108b5fae01f5e4ac,grid_equivalent_v1,unknown,pixel,3,10,10,3713.5222202381024,168,102,59.65920871277729,166,zero_length_angle_vector,ok
10-1-2,2,annotation_mask,annotation,reference,external-data/10-1-2_mask.png,353a8fded79e4327f12b6866ba2014151a10168db01aad99108b5fae01f5e4ac,grid_equivalent_v1,unknown,pixel,3,10,20,3713.5222202381024,156,102,60.242495687074,154,zero_length_angle_vector,ok
10-1-2,2,annotation_mask,annotation,reference,external-data/10-1-2_mask.png,353a8fded79e4327f12b6866ba2014151a10168db01aad99108b5fae01f5e4ac,grid_equivalent_v1,unknown,pixel,3,15,5,3713.5222202381024,172,102,58.87987023684746,166,zero_length_angle_vector,ok
10-1-2,2,annotation_mask,annotation,reference,external-data/10-1-2_mask.png,353a8fded79e4327f12b6866ba2014151a10168db01aad99108b5fae01f5e4ac,grid_equivalent_v1,unknown,pixel,3,15,10,3713.5222202381024,167,102,59.15164979302274,165,zero_length_angle_vector,ok
10-1-2,2,annotation_mask,annotation,reference,external-data/10-1-2_mask.png,353a8fded79e4327f12b6866ba2014151a10168db01aad99108b5fae01f5e4ac,grid_equivalent_v1,unknown,pixel,3,15,20,3713.5222202381024,152,102,60.197762348037976,150,zero_length_angle_vector,ok
10-1-2,2,annotation_mask,annotation,reference,external-data/10-1-2_mask.png,353a8fded79e4327f12b6866ba2014151a10168db01aad99108b5fae01f5e4ac,grid_equivalent_v1,unknown,pixel,3,20,5,3713.5222202381024,171,102,58.74711299598997,166,zero_length_angle_vector,ok
10-1-2,2,annotation_mask,annotation,reference,external-data/10-1-2_mask.png,353a8fded79e4327f12b6866ba2014151a10168db01aad99108b5fae01f5e4ac,grid_equivalent_v1,unknown,pixel,3,20,10,3713.5222202381024,166,102,58.99731145015917,164,zero_length_angle_vector,ok
10-1-2,2,annotation_mask,annotation,reference,external-data/10-1-2_mask.png,353a8fded79e4327f12b6866ba2014151a10168db01aad99108b5fae01f5e4ac,grid_equivalent_v1,unknown,pixel,3,20,20,3713.5222202381024,149,102,60.453377143073766,147,zero_length_angle_vector,ok
10-1-2,2,annotation_mask,annotation,reference,external-data/10-1-2_mask.png,353a8fded79e4327f12b6866ba2014151a10168db01aad99108b5fae01f5e4ac,grid_equivalent_v1,unknown,pixel,5,5,5,3713.5222202381024,186,125,58.63492667853331,182,zero_length_angle_vector,ok
10-1-2,2,annotation_mask,annotation,reference,external-data/10-1-2_mask.png,353a8fded79e4327f12b6866ba2014151a10168db01aad99108b5fae01f5e4ac,grid_equivalent_v1,unknown,pixel,5,5,10,3713.5222202381024,176,125,59.08214324022234,174,zero_length_angle_vector,ok
10-1-2,2,annotation_mask,annotation,reference,external-data/10-1-2_mask.png,353a8fded79e4327f12b6866ba2014151a10168db01aad99108b5fae01f5e4ac,grid_equivalent_v1,unknown,pixel,5,5,20,3713.5222202381024,161,125,59.912940668622674,159,zero_length_angle_vector,ok
10-1-2,2,annotation_mask,annotation,reference,external-data/10-1-2_mask.png,353a8fded79e4327f12b6866ba2014151a10168db01aad99108b5fae01f5e4ac,grid_equivalent_v1,unknown,pixel,5,10,5,3713.5222202381024,181,124,58.77394663995463,176,zero_length_angle_vector,ok
10-1-2,2,annotation_mask,annotation,reference,external-data/10-1-2_mask.png,353a8fded79e4327f12b6866ba2014151a10168db01aad99108b5fae01f5e4ac,grid_equivalent_v1,unknown,pixel,5,10,10,3713.5222202381024,173,124,59.01895988936014,171,zero_length_angle_vector,ok
10-1-2,2,annotation_mask,annotation,reference,external-data/10-1-2_mask.png,353a8fded79e4327f12b6866ba2014151a10168db01aad99108b5fae01f5e4ac,grid_equivalent_v1,unknown,pixel,5,10,20,3713.5222202381024,158,124,59.82327472939363,156,zero_length_angle_vector,ok
10-1-2,2,annotation_mask,annotation,reference,external-data/10-1-2_mask.png,353a8fded79e4327f12b6866ba2014151a10168db01aad99108b5fae01f5e4ac,grid_equivalent_v1,unknown,pixel,5,15,5,3713.5222202381024,178,124,58.58693911307692,173,zero_length_angle_vector,ok
10-1-2,2,annotation_mask,annotation,reference,external-data/10-1-2_mask.png,353a8fded79e4327f12b6866ba2014151a10168db01aad99108b5fae01f5e4ac,grid_equivalent_v1,unknown,pixel,5,15,10,3713.5222202381024,171,124,58.66827912377103,169,zero_length_angle_vector,ok
10-1-2,2,annotation_mask,annotation,reference,external-data/10-1-2_mask.png,353a8fded79e4327f12b6866ba2014151a10168db01aad99108b5fae01f5e4ac,grid_equivalent_v1,unknown,pixel,5,15,20,3713.5222202381024,157,124,59.32316786297278,155,zero_length_angle_vector,ok
10-1-2,2,annotation_mask,annotation,reference,external-data/10-1-2_mask.png,353a8fded79e4327f12b6866ba2014151a10168db01aad99108b5fae01f5e4ac,grid_equivalent_v1,unknown,pixel,5,20,5,3713.5222202381024,176,124,58.30759881664985,172,zero_length_angle_vector,ok
10-1-2,2,annotation_mask,annotation,reference,external-data/10-1-2_mask.png,353a8fded79e4327f12b6866ba2014151a10168db01aad99108b5fae01f5e4ac,grid_equivalent_v1,unknown,pixel,5,20,10,3713.5222202381024,168,124,58.627510417962604,166,zero_length_angle_vector,ok
10-1-2,2,annotation_mask,annotation,reference,external-data/10-1-2_mask.png,353a8fded79e4327f12b6866ba2014151a10168db01aad99108b5fae01f5e4ac,grid_equivalent_v1,unknown,pixel,5,20,20,3713.5222202381024,153,124,59.71709241228158,151,zero_length_angle_vector,ok
10-1-2,2,annotation_mask,annotation,reference,external-data/10-1-2_mask.png,353a8fded79e4327f12b6866ba2014151a10168db01aad99108b5fae01f5e4ac,grid_equivalent_v1,unknown,pixel,7,5,5,3713.5222202381024,194,135,61.78676065512827,192,zero_length_angle_vector,ok
10-1-2,2,annotation_mask,annotation,reference,external-data/10-1-2_mask.png,353a8fded79e4327f12b6866ba2014151a10168db01aad99108b5fae01f5e4ac,grid_equivalent_v1,unknown,pixel,7,5,10,3713.5222202381024,183,135,62.67648055570511,183,,ok
10-1-2,2,annotation_mask,annotation,reference,external-data/10-1-2_mask.png,353a8fded79e4327f12b6866ba2014151a10168db01aad99108b5fae01f5e4ac,grid_equivalent_v1,unknown,pixel,7,5,20,3713.5222202381024,158,135,63.284562754294654,158,,ok
10-1-2,2,annotation_mask,annotation,reference,external-data/10-1-2_mask.png,353a8fded79e4327f12b6866ba2014151a10168db01aad99108b5fae01f5e4ac,grid_equivalent_v1,unknown,pixel,7,10,5,3713.5222202381024,189,135,61.83991642583615,187,zero_length_angle_vector,ok
10-1-2,2,annotation_mask,annotation,reference,external-data/10-1-2_mask.png,353a8fded79e4327f12b6866ba2014151a10168db01aad99108b5fae01f5e4ac,grid_equivalent_v1,unknown,pixel,7,10,10,3713.5222202381024,179,135,62.70804062096785,179,,ok
10-1-2,2,annotation_mask,annotation,reference,external-data/10-1-2_mask.png,353a8fded79e4327f12b6866ba2014151a10168db01aad99108b5fae01f5e4ac,grid_equivalent_v1,unknown,pixel,7,10,20,3713.5222202381024,156,135,63.53231203412413,156,,ok
10-1-2,2,annotation_mask,annotation,reference,external-data/10-1-2_mask.png,353a8fded79e4327f12b6866ba2014151a10168db01aad99108b5fae01f5e4ac,grid_equivalent_v1,unknown,pixel,7,15,5,3713.5222202381024,184,134,61.99766205842826,182,zero_length_angle_vector,ok
10-1-2,2,annotation_mask,annotation,reference,external-data/10-1-2_mask.png,353a8fded79e4327f12b6866ba2014151a10168db01aad99108b5fae01f5e4ac,grid_equivalent_v1,unknown,pixel,7,15,10,3713.5222202381024,176,134,62.59342716115779,176,,ok
10-1-2,2,annotation_mask,annotation,reference,external-data/10-1-2_mask.png,353a8fded79e4327f12b6866ba2014151a10168db01aad99108b5fae01f5e4ac,grid_equivalent_v1,unknown,pixel,7,15,20,3713.5222202381024,155,134,63.37717163823856,155,,ok
10-1-2,2,annotation_mask,annotation,reference,external-data/10-1-2_mask.png,353a8fded79e4327f12b6866ba2014151a10168db01aad99108b5fae01f5e4ac,grid_equivalent_v1,unknown,pixel,7,20,5,3713.5222202381024,182,134,61.65094805485955,180,zero_length_angle_vector,ok
10-1-2,2,annotation_mask,annotation,reference,external-data/10-1-2_mask.png,353a8fded79e4327f12b6866ba2014151a10168db01aad99108b5fae01f5e4ac,grid_equivalent_v1,unknown,pixel,7,20,10,3713.5222202381024,174,134,62.62884753250865,174,,ok
10-1-2,2,annotation_mask,annotation,reference,external-data/10-1-2_mask.png,353a8fded79e4327f12b6866ba2014151a10168db01aad99108b5fae01f5e4ac,grid_equivalent_v1,unknown,pixel,7,20,20,3713.5222202381024,150,134,63.146931699996834,150,,ok
10-1-2(1),4,annotation_mask,annotation,reference,external-data/10-1-2(1)_mask.png,dca0abd7cde7ab357484642e540a2d1fa449818245a1cd800eb7c824264f02ad,grid_equivalent_v1,unknown,pixel,3,5,5,3355.4095218658804,143,113,62.862467957426915,135,zero_length_angle_vector,ok
10-1-2(1),4,annotation_mask,annotation,reference,external-data/10-1-2(1)_mask.png,dca0abd7cde7ab357484642e540a2d1fa449818245a1cd800eb7c824264f02ad,grid_equivalent_v1,unknown,pixel,3,5,10,3355.4095218658804,124,113,63.419396423396044,123,zero_length_angle_vector,ok
10-1-2(1),4,annotation_mask,annotation,reference,external-data/10-1-2(1)_mask.png,dca0abd7cde7ab357484642e540a2d1fa449818245a1cd800eb7c824264f02ad,grid_equivalent_v1,unknown,pixel,3,5,20,3355.4095218658804,109,113,63.982555989437124,108,zero_length_angle_vector,ok
10-1-2(1),4,annotation_mask,annotation,reference,external-data/10-1-2(1)_mask.png,dca0abd7cde7ab357484642e540a2d1fa449818245a1cd800eb7c824264f02ad,grid_equivalent_v1,unknown,pixel,3,10,5,3355.4095218658804,135,111,63.23412384267605,129,zero_length_angle_vector,ok
10-1-2(1),4,annotation_mask,annotation,reference,external-data/10-1-2(1)_mask.png,dca0abd7cde7ab357484642e540a2d1fa449818245a1cd800eb7c824264f02ad,grid_equivalent_v1,unknown,pixel,3,10,10,3355.4095218658804,121,111,63.685892373841426,120,zero_length_angle_vector,ok
10-1-2(1),4,annotation_mask,annotation,reference,external-data/10-1-2(1)_mask.png,dca0abd7cde7ab357484642e540a2d1fa449818245a1cd800eb7c824264f02ad,grid_equivalent_v1,unknown,pixel,3,10,20,3355.4095218658804,101,111,65.46760081525956,100,zero_length_angle_vector,ok
10-1-2(1),4,annotation_mask,annotation,reference,external-data/10-1-2(1)_mask.png,dca0abd7cde7ab357484642e540a2d1fa449818245a1cd800eb7c824264f02ad,grid_equivalent_v1,unknown,pixel,3,15,5,3355.4095218658804,133,111,64.40874199739532,126,zero_length_angle_vector,ok
10-1-2(1),4,annotation_mask,annotation,reference,external-data/10-1-2(1)_mask.png,dca0abd7cde7ab357484642e540a2d1fa449818245a1cd800eb7c824264f02ad,grid_equivalent_v1,unknown,pixel,3,15,10,3355.4095218658804,117,111,64.99863917680774,116,zero_length_angle_vector,ok
10-1-2(1),4,annotation_mask,annotation,reference,external-data/10-1-2(1)_mask.png,dca0abd7cde7ab357484642e540a2d1fa449818245a1cd800eb7c824264f02ad,grid_equivalent_v1,unknown,pixel,3,15,20,3355.4095218658804,101,111,66.1730993002321,100,zero_length_angle_vector,ok
10-1-2(1),4,annotation_mask,annotation,reference,external-data/10-1-2(1)_mask.png,dca0abd7cde7ab357484642e540a2d1fa449818245a1cd800eb7c824264f02ad,grid_equivalent_v1,unknown,pixel,3,20,5,3355.4095218658804,129,111,64.83212242630292,122,zero_length_angle_vector,ok
10-1-2(1),4,annotation_mask,annotation,reference,external-data/10-1-2(1)_mask.png,dca0abd7cde7ab357484642e540a2d1fa449818245a1cd800eb7c824264f02ad,grid_equivalent_v1,unknown,pixel,3,20,10,3355.4095218658804,114,111,65.68816268125532,113,zero_length_angle_vector,ok
10-1-2(1),4,annotation_mask,annotation,reference,external-data/10-1-2(1)_mask.png,dca0abd7cde7ab357484642e540a2d1fa449818245a1cd800eb7c824264f02ad,grid_equivalent_v1,unknown,pixel,3,20,20,3355.4095218658804,94,111,66.2250807040084,93,zero_length_angle_vector,ok
10-1-2(1),4,annotation_mask,annotation,reference,external-data/10-1-2(1)_mask.png,dca0abd7cde7ab357484642e540a2d1fa449818245a1cd800eb7c824264f02ad,grid_equivalent_v1,unknown,pixel,5,5,5,3355.4095218658804,141,112,61.19234804617913,139,zero_length_angle_vector,ok
10-1-2(1),4,annotation_mask,annotation,reference,external-data/10-1-2(1)_mask.png,dca0abd7cde7ab357484642e540a2d1fa449818245a1cd800eb7c824264f02ad,grid_equivalent_v1,unknown,pixel,5,5,10,3355.4095218658804,128,112,63.13965428216461,127,zero_length_angle_vector,ok
10-1-2(1),4,annotation_mask,annotation,reference,external-data/10-1-2(1)_mask.png,dca0abd7cde7ab357484642e540a2d1fa449818245a1cd800eb7c824264f02ad,grid_equivalent_v1,unknown,pixel,5,5,20,3355.4095218658804,105,112,65.41384234360059,104,zero_length_angle_vector,ok
10-1-2(1),4,annotation_mask,annotation,reference,external-data/10-1-2(1)_mask.png,dca0abd7cde7ab357484642e540a2d1fa449818245a1cd800eb7c824264f02ad,grid_equivalent_v1,unknown,pixel,5,10,5,3355.4095218658804,135,112,61.45403403651229,133,zero_length_angle_vector,ok
10-1-2(1),4,annotation_mask,annotation,reference,external-data/10-1-2(1)_mask.png,dca0abd7cde7ab357484642e540a2d1fa449818245a1cd800eb7c824264f02ad,grid_equivalent_v1,unknown,pixel,5,10,10,3355.4095218658804,124,112,63.058473886497126,123,zero_length_angle_vector,ok
10-1-2(1),4,annotation_mask,annotation,reference,external-data/10-1-2(1)_mask.png,dca0abd7cde7ab357484642e540a2d1fa449818245a1cd800eb7c824264f02ad,grid_equivalent_v1,unknown,pixel,5,10,20,3355.4095218658804,100,112,65.84724628279959,99,zero_length_angle_vector,ok
10-1-2(1),4,annotation_mask,annotation,reference,external-data/10-1-2(1)_mask.png,dca0abd7cde7ab357484642e540a2d1fa449818245a1cd800eb7c824264f02ad,grid_equivalent_v1,unknown,pixel,5,15,5,3355.4095218658804,131,111,61.75692996397903,128,zero_length_angle_vector,ok
10-1-2(1),4,annotation_mask,annotation,reference,external-data/10-1-2(1)_mask.png,dca0abd7cde7ab357484642e540a2d1fa449818245a1cd800eb7c824264f02ad,grid_equivalent_v1,unknown,pixel,5,15,10,3355.4095218658804,118,111,64.3632990483418,117,zero_length_angle_vector,ok
10-1-2(1),4,annotation_mask,annotation,reference,external-data/10-1-2(1)_mask.png,dca0abd7cde7ab357484642e540a2d1fa449818245a1cd800eb7c824264f02ad,grid_equivalent_v1,unknown,pixel,5,15,20,3355.4095218658804,98,111,66.4413947630658,97,zero_length_angle_vector,ok
10-1-2(1),4,annotation_mask,annotation,reference,external-data/10-1-2(1)_mask.png,dca0abd7cde7ab357484642e540a2d1fa449818245a1cd800eb7c824264f02ad,grid_equivalent_v1,unknown,pixel,5,20,5,3355.4095218658804,125,111,62.7588642598925,123,zero_length_angle_vector,ok
10-1-2(1),4,annotation_mask,annotation,reference,external-data/10-1-2(1)_mask.png,dca0abd7cde7ab357484642e540a2d1fa449818245a1cd800eb7c824264f02ad,grid_equivalent_v1,unknown,pixel,5,20,10,3355.4095218658804,116,111,64.48500385113432,115,zero_length_angle_vector,ok
10-1-2(1),4,annotation_mask,annotation,reference,external-data/10-1-2(1)_mask.png,dca0abd7cde7ab357484642e540a2d1fa449818245a1cd800eb7c824264f02ad,grid_equivalent_v1,unknown,pixel,5,20,20,3355.4095218658804,96,111,67.04586222021301,95,zero_length_angle_vector,ok
10-1-2(1),4,annotation_mask,annotation,reference,external-data/10-1-2(1)_mask.png,dca0abd7cde7ab357484642e540a2d1fa449818245a1cd800eb7c824264f02ad,grid_equivalent_v1,unknown,pixel,7,5,5,3355.4095218658804,144,124,62.101796030350386,141,zero_length_angle_vector,ok
10-1-2(1),4,annotation_mask,annotation,reference,external-data/10-1-2(1)_mask.png,dca0abd7cde7ab357484642e540a2d1fa449818245a1cd800eb7c824264f02ad,grid_equivalent_v1,unknown,pixel,7,5,10,3355.4095218658804,133,124,63.14669787665766,132,zero_length_angle_vector,ok
10-1-2(1),4,annotation_mask,annotation,reference,external-data/10-1-2(1)_mask.png,dca0abd7cde7ab357484642e540a2d1fa449818245a1cd800eb7c824264f02ad,grid_equivalent_v1,unknown,pixel,7,5,20,3355.4095218658804,112,124,64.64421970567246,111,zero_length_angle_vector,ok
10-1-2(1),4,annotation_mask,annotation,reference,external-data/10-1-2(1)_mask.png,dca0abd7cde7ab357484642e540a2d1fa449818245a1cd800eb7c824264f02ad,grid_equivalent_v1,unknown,pixel,7,10,5,3355.4095218658804,139,122,63.117435670299884,137,zero_length_angle_vector,ok
10-1-2(1),4,annotation_mask,annotation,reference,external-data/10-1-2(1)_mask.png,dca0abd7cde7ab357484642e540a2d1fa449818245a1cd800eb7c824264f02ad,grid_equivalent_v1,unknown,pixel,7,10,10,3355.4095218658804,131,122,63.77253236021776,130,zero_length_angle_vector,ok
10-1-2(1),4,annotation_mask,annotation,reference,external-data/10-1-2(1)_mask.png,dca0abd7cde7ab357484642e540a2d1fa449818245a1cd800eb7c824264f02ad,grid_equivalent_v1,unknown,pixel,7,10,20,3355.4095218658804,106,122,65.9902764530259,105,zero_length_angle_vector,ok
10-1-2(1),4,annotation_mask,annotation,reference,external-data/10-1-2(1)_mask.png,dca0abd7cde7ab357484642e540a2d1fa449818245a1cd800eb7c824264f02ad,grid_equivalent_v1,unknown,pixel,7,15,5,3355.4095218658804,138,122,62.7195290026623,136,zero_length_angle_vector,ok
10-1-2(1),4,annotation_mask,annotation,reference,external-data/10-1-2(1)_mask.png,dca0abd7cde7ab357484642e540a2d1fa449818245a1cd800eb7c824264f02ad,grid_equivalent_v1,unknown,pixel,7,15,10,3355.4095218658804,125,122,64.63988967421201,124,zero_length_angle_vector,ok
10-1-2(1),4,annotation_mask,annotation,reference,external-data/10-1-2(1)_mask.png,dca0abd7cde7ab357484642e540a2d1fa449818245a1cd800eb7c824264f02ad,grid_equivalent_v1,unknown,pixel,7,15,20,3355.4095218658804,105,122,66.18417676082798,104,zero_length_angle_vector,ok
10-1-2(1),4,annotation_mask,annotation,reference,external-data/10-1-2(1)_mask.png,dca0abd7cde7ab357484642e540a2d1fa449818245a1cd800eb7c824264f02ad,grid_equivalent_v1,unknown,pixel,7,20,5,3355.4095218658804,132,122,63.842502470913956,130,zero_length_angle_vector,ok
10-1-2(1),4,annotation_mask,annotation,reference,external-data/10-1-2(1)_mask.png,dca0abd7cde7ab357484642e540a2d1fa449818245a1cd800eb7c824264f02ad,grid_equivalent_v1,unknown,pixel,7,20,10,3355.4095218658804,123,122,65.07982877416961,122,zero_length_angle_vector,ok
10-1-2(1),4,annotation_mask,annotation,reference,external-data/10-1-2(1)_mask.png,dca0abd7cde7ab357484642e540a2d1fa449818245a1cd800eb7c824264f02ad,grid_equivalent_v1,unknown,pixel,7,20,20,3355.4095218658804,104,122,66.18479189300574,103,zero_length_angle_vector,ok
10-1-2(2),1,annotation_mask,annotation,reference,external-data/10-1-2(2)_mask.png,4b38a74ce55736e7f197e42aeba61399727ea00792e40e895bf41a3d30fe7957,grid_equivalent_v1,unknown,pixel,3,5,5,3058.3027406794067,211,172,63.13730503573875,206,zero_length_angle_vector,ok
10-1-2(2),1,annotation_mask,annotation,reference,external-data/10-1-2(2)_mask.png,4b38a74ce55736e7f197e42aeba61399727ea00792e40e895bf41a3d30fe7957,grid_equivalent_v1,unknown,pixel,3,5,10,3058.3027406794067,194,172,63.515401654323306,194,,ok
10-1-2(2),1,annotation_mask,annotation,reference,external-data/10-1-2(2)_mask.png,4b38a74ce55736e7f197e42aeba61399727ea00792e40e895bf41a3d30fe7957,grid_equivalent_v1,unknown,pixel,3,5,20,3058.3027406794067,163,172,64.48509602804309,163,,ok
10-1-2(2),1,annotation_mask,annotation,reference,external-data/10-1-2(2)_mask.png,4b38a74ce55736e7f197e42aeba61399727ea00792e40e895bf41a3d30fe7957,grid_equivalent_v1,unknown,pixel,3,10,5,3058.3027406794067,206,170,63.39415074252679,200,zero_length_angle_vector,ok
10-1-2(2),1,annotation_mask,annotation,reference,external-data/10-1-2(2)_mask.png,4b38a74ce55736e7f197e42aeba61399727ea00792e40e895bf41a3d30fe7957,grid_equivalent_v1,unknown,pixel,3,10,10,3058.3027406794067,185,170,63.871643296693506,185,,ok
10-1-2(2),1,annotation_mask,annotation,reference,external-data/10-1-2(2)_mask.png,4b38a74ce55736e7f197e42aeba61399727ea00792e40e895bf41a3d30fe7957,grid_equivalent_v1,unknown,pixel,3,10,20,3058.3027406794067,159,170,64.98525367857403,159,,ok
10-1-2(2),1,annotation_mask,annotation,reference,external-data/10-1-2(2)_mask.png,4b38a74ce55736e7f197e42aeba61399727ea00792e40e895bf41a3d30fe7957,grid_equivalent_v1,unknown,pixel,3,15,5,3058.3027406794067,198,170,63.60346319336185,193,zero_length_angle_vector,ok
10-1-2(2),1,annotation_mask,annotation,reference,external-data/10-1-2(2)_mask.png,4b38a74ce55736e7f197e42aeba61399727ea00792e40e895bf41a3d30fe7957,grid_equivalent_v1,unknown,pixel,3,15,10,3058.3027406794067,182,170,63.582944693520226,182,,ok
10-1-2(2),1,annotation_mask,annotation,reference,external-data/10-1-2(2)_mask.png,4b38a74ce55736e7f197e42aeba61399727ea00792e40e895bf41a3d30fe7957,grid_equivalent_v1,unknown,pixel,3,15,20,3058.3027406794067,158,170,64.7170560761164,158,,ok
10-1-2(2),1,annotation_mask,annotation,reference,external-data/10-1-2(2)_mask.png,4b38a74ce55736e7f197e42aeba61399727ea00792e40e895bf41a3d30fe7957,grid_equivalent_v1,unknown,pixel,3,20,5,3058.3027406794067,195,170,63.59031401495163,189,zero_length_angle_vector,ok
10-1-2(2),1,annotation_mask,annotation,reference,external-data/10-1-2(2)_mask.png,4b38a74ce55736e7f197e42aeba61399727ea00792e40e895bf41a3d30fe7957,grid_equivalent_v1,unknown,pixel,3,20,10,3058.3027406794067,178,170,63.78264281706286,178,,ok
10-1-2(2),1,annotation_mask,annotation,reference,external-data/10-1-2(2)_mask.png,4b38a74ce55736e7f197e42aeba61399727ea00792e40e895bf41a3d30fe7957,grid_equivalent_v1,unknown,pixel,3,20,20,3058.3027406794067,154,170,64.73070939192267,154,,ok
10-1-2(2),1,annotation_mask,annotation,reference,external-data/10-1-2(2)_mask.png,4b38a74ce55736e7f197e42aeba61399727ea00792e40e895bf41a3d30fe7957,grid_equivalent_v1,unknown,pixel,5,5,5,3058.3027406794067,210,176,64.89179841049472,208,zero_length_angle_vector,ok
10-1-2(2),1,annotation_mask,annotation,reference,external-data/10-1-2(2)_mask.png,4b38a74ce55736e7f197e42aeba61399727ea00792e40e895bf41a3d30fe7957,grid_equivalent_v1,unknown,pixel,5,5,10,3058.3027406794067,197,176,65.56626562149138,197,,ok
10-1-2(2),1,annotation_mask,annotation,reference,external-data/10-1-2(2)_mask.png,4b38a74ce55736e7f197e42aeba61399727ea00792e40e895bf41a3d30fe7957,grid_equivalent_v1,unknown,pixel,5,5,20,3058.3027406794067,164,176,66.24737194857275,164,,ok
10-1-2(2),1,annotation_mask,annotation,reference,external-data/10-1-2(2)_mask.png,4b38a74ce55736e7f197e42aeba61399727ea00792e40e895bf41a3d30fe7957,grid_equivalent_v1,unknown,pixel,5,10,5,3058.3027406794067,204,175,65.54133208672312,201,zero_length_angle_vector,ok
10-1-2(2),1,annotation_mask,annotation,reference,external-data/10-1-2(2)_mask.png,4b38a74ce55736e7f197e42aeba61399727ea00792e40e895bf41a3d30fe7957,grid_equivalent_v1,unknown,pixel,5,10,10,3058.3027406794067,193,175,65.69453810003878,193,,ok
10-1-2(2),1,annotation_mask,annotation,reference,external-data/10-1-2(2)_mask.png,4b38a74ce55736e7f197e42aeba61399727ea00792e40e895bf41a3d30fe7957,grid_equivalent_v1,unknown,pixel,5,10,20,3058.3027406794067,161,175,66.1132455847158,161,,ok
10-1-2(2),1,annotation_mask,annotation,reference,external-data/10-1-2(2)_mask.png,4b38a74ce55736e7f197e42aeba61399727ea00792e40e895bf41a3d30fe7957,grid_equivalent_v1,unknown,pixel,5,15,5,3058.3027406794067,201,175,65.73251377956656,199,zero_length_angle_vector,ok
10-1-2(2),1,annotation_mask,annotation,reference,external-data/10-1-2(2)_mask.png,4b38a74ce55736e7f197e42aeba61399727ea00792e40e895bf41a3d30fe7957,grid_equivalent_v1,unknown,pixel,5,15,10,3058.3027406794067,191,175,65.94127676600104,191,,ok
10-1-2(2),1,annotation_mask,annotation,reference,external-data/10-1-2(2)_mask.png,4b38a74ce55736e7f197e42aeba61399727ea00792e40e895bf41a3d30fe7957,grid_equivalent_v1,unknown,pixel,5,15,20,3058.3027406794067,158,175,65.64977992325093,158,,ok
10-1-2(2),1,annotation_mask,annotation,reference,external-data/10-1-2(2)_mask.png,4b38a74ce55736e7f197e42aeba61399727ea00792e40e895bf41a3d30fe7957,grid_equivalent_v1,unknown,pixel,5,20,5,3058.3027406794067,199,174,65.79074113833876,196,zero_length_angle_vector,ok
10-1-2(2),1,annotation_mask,annotation,reference,external-data/10-1-2(2)_mask.png,4b38a74ce55736e7f197e42aeba61399727ea00792e40e895bf41a3d30fe7957,grid_equivalent_v1,unknown,pixel,5,20,10,3058.3027406794067,188,174,65.66894172756653,188,,ok
10-1-2(2),1,annotation_mask,annotation,reference,external-data/10-1-2(2)_mask.png,4b38a74ce55736e7f197e42aeba61399727ea00792e40e895bf41a3d30fe7957,grid_equivalent_v1,unknown,pixel,5,20,20,3058.3027406794067,155,174,66.12186383114457,155,,ok
10-1-2(2),1,annotation_mask,annotation,reference,external-data/10-1-2(2)_mask.png,4b38a74ce55736e7f197e42aeba61399727ea00792e40e895bf41a3d30fe7957,grid_equivalent_v1,unknown,pixel,7,5,5,3058.3027406794067,203,172,64.01936914060549,201,zero_length_angle_vector,ok
10-1-2(2),1,annotation_mask,annotation,reference,external-data/10-1-2(2)_mask.png,4b38a74ce55736e7f197e42aeba61399727ea00792e40e895bf41a3d30fe7957,grid_equivalent_v1,unknown,pixel,7,5,10,3058.3027406794067,190,172,65.62838131791536,190,,ok
10-1-2(2),1,annotation_mask,annotation,reference,external-data/10-1-2(2)_mask.png,4b38a74ce55736e7f197e42aeba61399727ea00792e40e895bf41a3d30fe7957,grid_equivalent_v1,unknown,pixel,7,5,20,3058.3027406794067,161,172,66.7933406567338,161,,ok
10-1-2(2),1,annotation_mask,annotation,reference,external-data/10-1-2(2)_mask.png,4b38a74ce55736e7f197e42aeba61399727ea00792e40e895bf41a3d30fe7957,grid_equivalent_v1,unknown,pixel,7,10,5,3058.3027406794067,196,170,64.90125809937602,194,zero_length_angle_vector,ok
10-1-2(2),1,annotation_mask,annotation,reference,external-data/10-1-2(2)_mask.png,4b38a74ce55736e7f197e42aeba61399727ea00792e40e895bf41a3d30fe7957,grid_equivalent_v1,unknown,pixel,7,10,10,3058.3027406794067,183,170,66.02969332000266,183,,ok
10-1-2(2),1,annotation_mask,annotation,reference,external-data/10-1-2(2)_mask.png,4b38a74ce55736e7f197e42aeba61399727ea00792e40e895bf41a3d30fe7957,grid_equivalent_v1,unknown,pixel,7,10,20,3058.3027406794067,158,170,66.69963185330346,158,,ok
10-1-2(2),1,annotation_mask,annotation,reference,external-data/10-1-2(2)_mask.png,4b38a74ce55736e7f197e42aeba61399727ea00792e40e895bf41a3d30fe7957,grid_equivalent_v1,unknown,pixel,7,15,5,3058.3027406794067,190,170,65.30516053084915,189,zero_length_angle_vector,ok
10-1-2(2),1,annotation_mask,annotation,reference,external-data/10-1-2(2)_mask.png,4b38a74ce55736e7f197e42aeba61399727ea00792e40e895bf41a3d30fe7957,grid_equivalent_v1,unknown,pixel,7,15,10,3058.3027406794067,183,170,66.11581067686605,183,,ok
10-1-2(2),1,annotation_mask,annotation,reference,external-data/10-1-2(2)_mask.png,4b38a74ce55736e7f197e42aeba61399727ea00792e40e895bf41a3d30fe7957,grid_equivalent_v1,unknown,pixel,7,15,20,3058.3027406794067,155,170,66.4846019606618,155,,ok
10-1-2(2),1,annotation_mask,annotation,reference,external-data/10-1-2(2)_mask.png,4b38a74ce55736e7f197e42aeba61399727ea00792e40e895bf41a3d30fe7957,grid_equivalent_v1,unknown,pixel,7,20,5,3058.3027406794067,190,169,65.23286059809865,188,zero_length_angle_vector,ok
10-1-2(2),1,annotation_mask,annotation,reference,external-data/10-1-2(2)_mask.png,4b38a74ce55736e7f197e42aeba61399727ea00792e40e895bf41a3d30fe7957,grid_equivalent_v1,unknown,pixel,7,20,10,3058.3027406794067,180,169,65.8818375266748,180,,ok
10-1-2(2),1,annotation_mask,annotation,reference,external-data/10-1-2(2)_mask.png,4b38a74ce55736e7f197e42aeba61399727ea00792e40e895bf41a3d30fe7957,grid_equivalent_v1,unknown,pixel,7,20,20,3058.3027406794067,153,169,66.76291621476044,153,,ok
10-1-2(3),0,annotation_mask,annotation,reference,external-data/10-1-2(3)_mask.png,0508c3be24e6c021d5aacff3b5010997bb235211f0adc484cda889c0830022b8,grid_equivalent_v1,unknown,pixel,3,5,5,2345.481456229622,128,76,52.889064239631395,124,zero_length_angle_vector,ok
10-1-2(3),0,annotation_mask,annotation,reference,external-data/10-1-2(3)_mask.png,0508c3be24e6c021d5aacff3b5010997bb235211f0adc484cda889c0830022b8,grid_equivalent_v1,unknown,pixel,3,5,10,2345.481456229622,114,76,51.8333316515545,114,,ok
10-1-2(3),0,annotation_mask,annotation,reference,external-data/10-1-2(3)_mask.png,0508c3be24e6c021d5aacff3b5010997bb235211f0adc484cda889c0830022b8,grid_equivalent_v1,unknown,pixel,3,5,20,2345.481456229622,99,76,51.74956010519547,99,,ok
10-1-2(3),0,annotation_mask,annotation,reference,external-data/10-1-2(3)_mask.png,0508c3be24e6c021d5aacff3b5010997bb235211f0adc484cda889c0830022b8,grid_equivalent_v1,unknown,pixel,3,10,5,2345.481456229622,126,75,52.44379576828639,122,zero_length_angle_vector,ok
10-1-2(3),0,annotation_mask,annotation,reference,external-data/10-1-2(3)_mask.png,0508c3be24e6c021d5aacff3b5010997bb235211f0adc484cda889c0830022b8,grid_equivalent_v1,unknown,pixel,3,10,10,2345.481456229622,108,75,51.52115039000532,108,,ok
10-1-2(3),0,annotation_mask,annotation,reference,external-data/10-1-2(3)_mask.png,0508c3be24e6c021d5aacff3b5010997bb235211f0adc484cda889c0830022b8,grid_equivalent_v1,unknown,pixel,3,10,20,2345.481456229622,96,75,51.92052680435169,96,,ok
10-1-2(3),0,annotation_mask,annotation,reference,external-data/10-1-2(3)_mask.png,0508c3be24e6c021d5aacff3b5010997bb235211f0adc484cda889c0830022b8,grid_equivalent_v1,unknown,pixel,3,15,5,2345.481456229622,120,75,52.4994087229625,117,zero_length_angle_vector,ok
10-1-2(3),0,annotation_mask,annotation,reference,external-data/10-1-2(3)_mask.png,0508c3be24e6c021d5aacff3b5010997bb235211f0adc484cda889c0830022b8,grid_equivalent_v1,unknown,pixel,3,15,10,2345.481456229622,106,75,51.305511004097056,106,,ok
10-1-2(3),0,annotation_mask,annotation,reference,external-data/10-1-2(3)_mask.png,0508c3be24e6c021d5aacff3b5010997bb235211f0adc484cda889c0830022b8,grid_equivalent_v1,unknown,pixel,3,15,20,2345.481456229622,92,75,52.35516540976899,92,,ok
10-1-2(3),0,annotation_mask,annotation,reference,external-data/10-1-2(3)_mask.png,0508c3be24e6c021d5aacff3b5010997bb235211f0adc484cda889c0830022b8,grid_equivalent_v1,unknown,pixel,3,20,5,2345.481456229622,117,73,52.71102555891631,112,zero_length_angle_vector,ok
10-1-2(3),0,annotation_mask,annotation,reference,external-data/10-1-2(3)_mask.png,0508c3be24e6c021d5aacff3b5010997bb235211f0adc484cda889c0830022b8,grid_equivalent_v1,unknown,pixel,3,20,10,2345.481456229622,101,73,51.87456568747288,101,,ok
10-1-2(3),0,annotation_mask,annotation,reference,external-data/10-1-2(3)_mask.png,0508c3be24e6c021d5aacff3b5010997bb235211f0adc484cda889c0830022b8,grid_equivalent_v1,unknown,pixel,3,20,20,2345.481456229622,90,73,51.757825988361695,90,,ok
10-1-2(3),0,annotation_mask,annotation,reference,external-data/10-1-2(3)_mask.png,0508c3be24e6c021d5aacff3b5010997bb235211f0adc484cda889c0830022b8,grid_equivalent_v1,unknown,pixel,5,5,5,2345.481456229622,136,85,50.39353985575471,132,zero_length_angle_vector,ok
10-1-2(3),0,annotation_mask,annotation,reference,external-data/10-1-2(3)_mask.png,0508c3be24e6c021d5aacff3b5010997bb235211f0adc484cda889c0830022b8,grid_equivalent_v1,unknown,pixel,5,5,10,2345.481456229622,122,85,49.63338026352353,122,,ok
10-1-2(3),0,annotation_mask,annotation,reference,external-data/10-1-2(3)_mask.png,0508c3be24e6c021d5aacff3b5010997bb235211f0adc484cda889c0830022b8,grid_equivalent_v1,unknown,pixel,5,5,20,2345.481456229622,98,85,49.51996491579996,98,,ok
10-1-2(3),0,annotation_mask,annotation,reference,external-data/10-1-2(3)_mask.png,0508c3be24e6c021d5aacff3b5010997bb235211f0adc484cda889c0830022b8,grid_equivalent_v1,unknown,pixel,5,10,5,2345.481456229622,131,84,50.3085432166348,127,zero_length_angle_vector,ok
10-1-2(3),0,annotation_mask,annotation,reference,external-data/10-1-2(3)_mask.png,0508c3be24e6c021d5aacff3b5010997bb235211f0adc484cda889c0830022b8,grid_equivalent_v1,unknown,pixel,5,10,10,2345.481456229622,117,84,49.74118681725625,117,,ok
10-1-2(3),0,annotation_mask,annotation,reference,external-data/10-1-2(3)_mask.png,0508c3be24e6c021d5aacff3b5010997bb235211f0adc484cda889c0830022b8,grid_equivalent_v1,unknown,pixel,5,10,20,2345.481456229622,94,84,50.27805483743757,94,,ok
10-1-2(3),0,annotation_mask,annotation,reference,external-data/10-1-2(3)_mask.png,0508c3be24e6c021d5aacff3b5010997bb235211f0adc484cda889c0830022b8,grid_equivalent_v1,unknown,pixel,5,15,5,2345.481456229622,126,84,51.146196316158395,123,zero_length_angle_vector,ok
10-1-2(3),0,annotation_mask,annotation,reference,external-data/10-1-2(3)_mask.png,0508c3be24e6c021d5aacff3b5010997bb235211f0adc484cda889c0830022b8,grid_equivalent_v1,unknown,pixel,5,15,10,2345.481456229622,115,84,50.491311152922826,115,,ok
10-1-2(3),0,annotation_mask,annotation,reference,external-data/10-1-2(3)_mask.png,0508c3be24e6c021d5aacff3b5010997bb235211f0adc484cda889c0830022b8,grid_equivalent_v1,unknown,pixel,5,15,20,2345.481456229622,93,84,50.59278309314041,93,,ok
10-1-2(3),0,annotation_mask,annotation,reference,external-data/10-1-2(3)_mask.png,0508c3be24e6c021d5aacff3b5010997bb235211f0adc484cda889c0830022b8,grid_equivalent_v1,unknown,pixel,5,20,5,2345.481456229622,124,83,51.16253685078738,118,zero_length_angle_vector,ok
10-1-2(3),0,annotation_mask,annotation,reference,external-data/10-1-2(3)_mask.png,0508c3be24e6c021d5aacff3b5010997bb235211f0adc484cda889c0830022b8,grid_equivalent_v1,unknown,pixel,5,20,10,2345.481456229622,109,83,50.81144909535551,109,,ok
10-1-2(3),0,annotation_mask,annotation,reference,external-data/10-1-2(3)_mask.png,0508c3be24e6c021d5aacff3b5010997bb235211f0adc484cda889c0830022b8,grid_equivalent_v1,unknown,pixel,5,20,20,2345.481456229622,91,83,50.00472900519319,91,,ok
10-1-2(3),0,annotation_mask,annotation,reference,external-data/10-1-2(3)_mask.png,0508c3be24e6c021d5aacff3b5010997bb235211f0adc484cda889c0830022b8,grid_equivalent_v1,unknown,pixel,7,5,5,2345.481456229622,138,90,50.13025955036859,135,zero_length_angle_vector,ok
10-1-2(3),0,annotation_mask,annotation,reference,external-data/10-1-2(3)_mask.png,0508c3be24e6c021d5aacff3b5010997bb235211f0adc484cda889c0830022b8,grid_equivalent_v1,unknown,pixel,7,5,10,2345.481456229622,126,90,50.00813713336685,126,,ok
10-1-2(3),0,annotation_mask,annotation,reference,external-data/10-1-2(3)_mask.png,0508c3be24e6c021d5aacff3b5010997bb235211f0adc484cda889c0830022b8,grid_equivalent_v1,unknown,pixel,7,5,20,2345.481456229622,100,90,49.619275375239674,100,,ok
10-1-2(3),0,annotation_mask,annotation,reference,external-data/10-1-2(3)_mask.png,0508c3be24e6c021d5aacff3b5010997bb235211f0adc484cda889c0830022b8,grid_equivalent_v1,unknown,pixel,7,10,5,2345.481456229622,133,88,50.446204201661665,130,zero_length_angle_vector,ok
10-1-2(3),0,annotation_mask,annotation,reference,external-data/10-1-2(3)_mask.png,0508c3be24e6c021d5aacff3b5010997bb235211f0adc484cda889c0830022b8,grid_equivalent_v1,unknown,pixel,7,10,10,2345.481456229622,120,88,50.28224662138347,120,,ok
10-1-2(3),0,annotation_mask,annotation,reference,external-data/10-1-2(3)_mask.png,0508c3be24e6c021d5aacff3b5010997bb235211f0adc484cda889c0830022b8,grid_equivalent_v1,unknown,pixel,7,10,20,2345.481456229622,97,88,50.127679408160816,97,,ok
10-1-2(3),0,annotation_mask,annotation,reference,external-data/10-1-2(3)_mask.png,0508c3be24e6c021d5aacff3b5010997bb235211f0adc484cda889c0830022b8,grid_equivalent_v1,unknown,pixel,7,15,5,2345.481456229622,128,88,50.776164347733896,124,zero_length_angle_vector,ok
10-1-2(3),0,annotation_mask,annotation,reference,external-data/10-1-2(3)_mask.png,0508c3be24e6c021d5aacff3b5010997bb235211f0adc484cda889c0830022b8,grid_equivalent_v1,unknown,pixel,7,15,10,2345.481456229622,118,88,50.6307000114198,118,,ok
10-1-2(3),0,annotation_mask,annotation,reference,external-data/10-1-2(3)_mask.png,0508c3be24e6c021d5aacff3b5010997bb235211f0adc484cda889c0830022b8,grid_equivalent_v1,unknown,pixel,7,15,20,2345.481456229622,96,88,50.276946582484925,96,,ok
10-1-2(3),0,annotation_mask,annotation,reference,external-data/10-1-2(3)_mask.png,0508c3be24e6c021d5aacff3b5010997bb235211f0adc484cda889c0830022b8,grid_equivalent_v1,unknown,pixel,7,20,5,2345.481456229622,126,87,50.43783585835541,122,zero_length_angle_vector,ok
10-1-2(3),0,annotation_mask,annotation,reference,external-data/10-1-2(3)_mask.png,0508c3be24e6c021d5aacff3b5010997bb235211f0adc484cda889c0830022b8,grid_equivalent_v1,unknown,pixel,7,20,10,2345.481456229622,115,87,50.31821040824254,115,,ok
10-1-2(3),0,annotation_mask,annotation,reference,external-data/10-1-2(3)_mask.png,0508c3be24e6c021d5aacff3b5010997bb235211f0adc484cda889c0830022b8,grid_equivalent_v1,unknown,pixel,7,20,20,2345.481456229622,94,87,50.100081740263576,94,,ok
10-1-3,0,annotation_mask,annotation,reference,external-data/10-1-3_mask.png,2cd8dd3611b047ab44310b595f5423ee107fb5f6bbd6f0ce078f5a1c70656dd8,grid_equivalent_v1,unknown,pixel,3,5,5,2813.8023074034836,186,115,50.818532283501334,183,zero_length_angle_vector,ok
10-1-3,0,annotation_mask,annotation,reference,external-data/10-1-3_mask.png,2cd8dd3611b047ab44310b595f5423ee107fb5f6bbd6f0ce078f5a1c70656dd8,grid_equivalent_v1,unknown,pixel,3,5,10,2813.8023074034836,170,115,50.75642177518853,170,,ok
10-1-3,0,annotation_mask,annotation,reference,external-data/10-1-3_mask.png,2cd8dd3611b047ab44310b595f5423ee107fb5f6bbd6f0ce078f5a1c70656dd8,grid_equivalent_v1,unknown,pixel,3,5,20,2813.8023074034836,145,115,51.07511139720793,145,,ok
10-1-3,0,annotation_mask,annotation,reference,external-data/10-1-3_mask.png,2cd8dd3611b047ab44310b595f5423ee107fb5f6bbd6f0ce078f5a1c70656dd8,grid_equivalent_v1,unknown,pixel,3,10,5,2813.8023074034836,182,115,51.485366371490905,177,zero_length_angle_vector,ok
10-1-3,0,annotation_mask,annotation,reference,external-data/10-1-3_mask.png,2cd8dd3611b047ab44310b595f5423ee107fb5f6bbd6f0ce078f5a1c70656dd8,grid_equivalent_v1,unknown,pixel,3,10,10,2813.8023074034836,165,115,51.287917970523004,165,,ok
10-1-3,0,annotation_mask,annotation,reference,external-data/10-1-3_mask.png,2cd8dd3611b047ab44310b595f5423ee107fb5f6bbd6f0ce078f5a1c70656dd8,grid_equivalent_v1,unknown,pixel,3,10,20,2813.8023074034836,143,115,50.99959322476899,143,,ok
10-1-3,0,annotation_mask,annotation,reference,external-data/10-1-3_mask.png,2cd8dd3611b047ab44310b595f5423ee107fb5f6bbd6f0ce078f5a1c70656dd8,grid_equivalent_v1,unknown,pixel,3,15,5,2813.8023074034836,176,114,51.054212328339204,172,zero_length_angle_vector,ok
10-1-3,0,annotation_mask,annotation,reference,external-data/10-1-3_mask.png,2cd8dd3611b047ab44310b595f5423ee107fb5f6bbd6f0ce078f5a1c70656dd8,grid_equivalent_v1,unknown,pixel,3,15,10,2813.8023074034836,162,114,50.963222373960036,162,,ok
10-1-3,0,annotation_mask,annotation,reference,external-data/10-1-3_mask.png,2cd8dd3611b047ab44310b595f5423ee107fb5f6bbd6f0ce078f5a1c70656dd8,grid_equivalent_v1,unknown,pixel,3,15,20,2813.8023074034836,140,114,50.51682522704393,140,,ok
10-1-3,0,annotation_mask,annotation,reference,external-data/10-1-3_mask.png,2cd8dd3611b047ab44310b595f5423ee107fb5f6bbd6f0ce078f5a1c70656dd8,grid_equivalent_v1,unknown,pixel,3,20,5,2813.8023074034836,173,113,51.20376492840579,170,zero_length_angle_vector,ok
10-1-3,0,annotation_mask,annotation,reference,external-data/10-1-3_mask.png,2cd8dd3611b047ab44310b595f5423ee107fb5f6bbd6f0ce078f5a1c70656dd8,grid_equivalent_v1,unknown,pixel,3,20,10,2813.8023074034836,160,113,50.732447474229474,160,,ok
10-1-3,0,annotation_mask,annotation,reference,external-data/10-1-3_mask.png,2cd8dd3611b047ab44310b595f5423ee107fb5f6bbd6f0ce078f5a1c70656dd8,grid_equivalent_v1,unknown,pixel,3,20,20,2813.8023074034836,137,113,49.810985594299886,137,,ok
10-1-3,0,annotation_mask,annotation,reference,external-data/10-1-3_mask.png,2cd8dd3611b047ab44310b595f5423ee107fb5f6bbd6f0ce078f5a1c70656dd8,grid_equivalent_v1,unknown,pixel,5,5,5,2813.8023074034836,190,125,50.06050965690088,187,zero_length_angle_vector,ok
10-1-3,0,annotation_mask,annotation,reference,external-data/10-1-3_mask.png,2cd8dd3611b047ab44310b595f5423ee107fb5f6bbd6f0ce078f5a1c70656dd8,grid_equivalent_v1,unknown,pixel,5,5,10,2813.8023074034836,177,125,49.59193802039555,177,,ok
10-1-3,0,annotation_mask,annotation,reference,external-data/10-1-3_mask.png,2cd8dd3611b047ab44310b595f5423ee107fb5f6bbd6f0ce078f5a1c70656dd8,grid_equivalent_v1,unknown,pixel,5,5,20,2813.8023074034836,152,125,50.44409028598431,152,,ok
10-1-3,0,annotation_mask,annotation,reference,external-data/10-1-3_mask.png,2cd8dd3611b047ab44310b595f5423ee107fb5f6bbd6f0ce078f5a1c70656dd8,grid_equivalent_v1,unknown,pixel,5,10,5,2813.8023074034836,184,123,50.54949509345248,181,zero_length_angle_vector,ok
10-1-3,0,annotation_mask,annotation,reference,external-data/10-1-3_mask.png,2cd8dd3611b047ab44310b595f5423ee107fb5f6bbd6f0ce078f5a1c70656dd8,grid_equivalent_v1,unknown,pixel,5,10,10,2813.8023074034836,175,123,50.07339342142053,175,,ok
10-1-3,0,annotation_mask,annotation,reference,external-data/10-1-3_mask.png,2cd8dd3611b047ab44310b595f5423ee107fb5f6bbd6f0ce078f5a1c70656dd8,grid_equivalent_v1,unknown,pixel,5,10,20,2813.8023074034836,149,123,50.80604492089373,149,,ok
10-1-3,0,annotation_mask,annotation,reference,external-data/10-1-3_mask.png,2cd8dd3611b047ab44310b595f5423ee107fb5f6bbd6f0ce078f5a1c70656dd8,grid_equivalent_v1,unknown,pixel,5,15,5,2813.8023074034836,183,123,50.36450024498867,180,zero_length_angle_vector,ok
10-1-3,0,annotation_mask,annotation,reference,external-data/10-1-3_mask.png,2cd8dd3611b047ab44310b595f5423ee107fb5f6bbd6f0ce078f5a1c70656dd8,grid_equivalent_v1,unknown,pixel,5,15,10,2813.8023074034836,172,123,50.036178890454096,172,,ok
10-1-3,0,annotation_mask,annotation,reference,external-data/10-1-3_mask.png,2cd8dd3611b047ab44310b595f5423ee107fb5f6bbd6f0ce078f5a1c70656dd8,grid_equivalent_v1,unknown,pixel,5,15,20,2813.8023074034836,146,123,50.575182410538815,146,,ok
10-1-3,0,annotation_mask,annotation,reference,external-data/10-1-3_mask.png,2cd8dd3611b047ab44310b595f5423ee107fb5f6bbd6f0ce078f5a1c70656dd8,grid_equivalent_v1,unknown,pixel,5,20,5,2813.8023074034836,180,123,50.420894600104226,178,zero_length_angle_vector,ok
10-1-3,0,annotation_mask,annotation,reference,external-data/10-1-3_mask.png,2cd8dd3611b047ab44310b595f5423ee107fb5f6bbd6f0ce078f5a1c70656dd8,grid_equivalent_v1,unknown,pixel,5,20,10,2813.8023074034836,170,123,49.888150218945476,170,,ok
10-1-3,0,annotation_mask,annotation,reference,external-data/10-1-3_mask.png,2cd8dd3611b047ab44310b595f5423ee107fb5f6bbd6f0ce078f5a1c70656dd8,grid_equivalent_v1,unknown,pixel,5,20,20,2813.8023074034836,143,123,50.568964907857556,143,,ok
10-1-3,0,annotation_mask,annotation,reference,external-data/10-1-3_mask.png,2cd8dd3611b047ab44310b595f5423ee107fb5f6bbd6f0ce078f5a1c70656dd8,grid_equivalent_v1,unknown,pixel,7,5,5,2813.8023074034836,196,133,51.43344067189311,191,zero_length_angle_vector,ok
10-1-3,0,annotation_mask,annotation,reference,external-data/10-1-3_mask.png,2cd8dd3611b047ab44310b595f5423ee107fb5f6bbd6f0ce078f5a1c70656dd8,grid_equivalent_v1,unknown,pixel,7,5,10,2813.8023074034836,184,133,51.09215996796689,184,,ok
10-1-3,0,annotation_mask,annotation,reference,external-data/10-1-3_mask.png,2cd8dd3611b047ab44310b595f5423ee107fb5f6bbd6f0ce078f5a1c70656dd8,grid_equivalent_v1,unknown,pixel,7,5,20,2813.8023074034836,157,133,51.89792498273506,157,,ok
10-1-3,0,annotation_mask,annotation,reference,external-data/10-1-3_mask.png,2cd8dd3611b047ab44310b595f5423ee107fb5f6bbd6f0ce078f5a1c70656dd8,grid_equivalent_v1,unknown,pixel,7,10,5,2813.8023074034836,190,131,51.486349737565405,186,zero_length_angle_vector,ok
10-1-3,0,annotation_mask,annotation,reference,external-data/10-1-3_mask.png,2cd8dd3611b047ab44310b595f5423ee107fb5f6bbd6f0ce078f5a1c70656dd8,grid_equivalent_v1,unknown,pixel,7,10,10,2813.8023074034836,182,131,51.45381908512946,182,,ok
10-1-3,0,annotation_mask,annotation,reference,external-data/10-1-3_mask.png,2cd8dd3611b047ab44310b595f5423ee107fb5f6bbd6f0ce078f5a1c70656dd8,grid_equivalent_v1,unknown,pixel,7,10,20,2813.8023074034836,154,131,51.89009440479704,154,,ok
10-1-3,0,annotation_mask,annotation,reference,external-data/10-1-3_mask.png,2cd8dd3611b047ab44310b595f5423ee107fb5f6bbd6f0ce078f5a1c70656dd8,grid_equivalent_v1,unknown,pixel,7,15,5,2813.8023074034836,189,131,51.14359511350154,185,zero_length_angle_vector,ok
10-1-3,0,annotation_mask,annotation,reference,external-data/10-1-3_mask.png,2cd8dd3611b047ab44310b595f5423ee107fb5f6bbd6f0ce078f5a1c70656dd8,grid_equivalent_v1,unknown,pixel,7,15,10,2813.8023074034836,178,131,51.38274541527538,178,,ok
10-1-3,0,annotation_mask,annotation,reference,external-data/10-1-3_mask.png,2cd8dd3611b047ab44310b595f5423ee107fb5f6bbd6f0ce078f5a1c70656dd8,grid_equivalent_v1,unknown,pixel,7,15,20,2813.8023074034836,151,131,51.86952209468805,151,,ok
10-1-3,0,annotation_mask,annotation,reference,external-data/10-1-3_mask.png,2cd8dd3611b047ab44310b595f5423ee107fb5f6bbd6f0ce078f5a1c70656dd8,grid_equivalent_v1,unknown,pixel,7,20,5,2813.8023074034836,185,131,51.127769237430904,181,zero_length_angle_vector,ok
10-1-3,0,annotation_mask,annotation,reference,external-data/10-1-3_mask.png,2cd8dd3611b047ab44310b595f5423ee107fb5f6bbd6f0ce078f5a1c70656dd8,grid_equivalent_v1,unknown,pixel,7,20,10,2813.8023074034836,176,131,50.929376061110275,176,,ok
10-1-3,0,annotation_mask,annotation,reference,external-data/10-1-3_mask.png,2cd8dd3611b047ab44310b595f5423ee107fb5f6bbd6f0ce078f5a1c70656dd8,grid_equivalent_v1,unknown,pixel,7,20,20,2813.8023074034836,149,131,51.56319159704138,149,,ok
10-1-9(1),3,annotation_mask,annotation,reference,external-data/10-1-9(1)_mask.png,6bdc1df0f3e1a66f56d545bec926abaf60b6bca31c0f8ea06ad939681c464d8a,grid_equivalent_v1,unknown,pixel,3,5,5,3092.5058428472184,108,70,59.325493503328225,99,zero_length_angle_vector,ok
10-1-9(1),3,annotation_mask,annotation,reference,external-data/10-1-9(1)_mask.png,6bdc1df0f3e1a66f56d545bec926abaf60b6bca31c0f8ea06ad939681c464d8a,grid_equivalent_v1,unknown,pixel,3,5,10,3092.5058428472184,98,70,59.601979932173464,92,zero_length_angle_vector,ok
10-1-9(1),3,annotation_mask,annotation,reference,external-data/10-1-9(1)_mask.png,6bdc1df0f3e1a66f56d545bec926abaf60b6bca31c0f8ea06ad939681c464d8a,grid_equivalent_v1,unknown,pixel,3,5,20,3092.5058428472184,86,70,61.70188998184481,80,zero_length_angle_vector,ok
10-1-9(1),3,annotation_mask,annotation,reference,external-data/10-1-9(1)_mask.png,6bdc1df0f3e1a66f56d545bec926abaf60b6bca31c0f8ea06ad939681c464d8a,grid_equivalent_v1,unknown,pixel,3,10,5,3092.5058428472184,100,67,59.85716403013026,92,zero_length_angle_vector,ok
10-1-9(1),3,annotation_mask,annotation,reference,external-data/10-1-9(1)_mask.png,6bdc1df0f3e1a66f56d545bec926abaf60b6bca31c0f8ea06ad939681c464d8a,grid_equivalent_v1,unknown,pixel,3,10,10,3092.5058428472184,94,67,59.75826897678814,88,zero_length_angle_vector,ok
10-1-9(1),3,annotation_mask,annotation,reference,external-data/10-1-9(1)_mask.png,6bdc1df0f3e1a66f56d545bec926abaf60b6bca31c0f8ea06ad939681c464d8a,grid_equivalent_v1,unknown,pixel,3,10,20,3092.5058428472184,85,67,62.67426562034622,79,zero_length_angle_vector,ok
10-1-9(1),3,annotation_mask,annotation,reference,external-data/10-1-9(1)_mask.png,6bdc1df0f3e1a66f56d545bec926abaf60b6bca31c0f8ea06ad939681c464d8a,grid_equivalent_v1,unknown,pixel,3,15,5,3092.5058428472184,97,65,60.04207598712676,89,zero_length_angle_vector,ok
10-1-9(1),3,annotation_mask,annotation,reference,external-data/10-1-9(1)_mask.png,6bdc1df0f3e1a66f56d545bec926abaf60b6bca31c0f8ea06ad939681c464d8a,grid_equivalent_v1,unknown,pixel,3,15,10,3092.5058428472184,93,65,60.19723715888445,87,zero_length_angle_vector,ok
10-1-9(1),3,annotation_mask,annotation,reference,external-data/10-1-9(1)_mask.png,6bdc1df0f3e1a66f56d545bec926abaf60b6bca31c0f8ea06ad939681c464d8a,grid_equivalent_v1,unknown,pixel,3,15,20,3092.5058428472184,84,65,64.02615230663407,78,zero_length_angle_vector,ok
10-1-9(1),3,annotation_mask,annotation,reference,external-data/10-1-9(1)_mask.png,6bdc1df0f3e1a66f56d545bec926abaf60b6bca31c0f8ea06ad939681c464d8a,grid_equivalent_v1,unknown,pixel,3,20,5,3092.5058428472184,97,65,60.13129452741153,89,zero_length_angle_vector,ok
10-1-9(1),3,annotation_mask,annotation,reference,external-data/10-1-9(1)_mask.png,6bdc1df0f3e1a66f56d545bec926abaf60b6bca31c0f8ea06ad939681c464d8a,grid_equivalent_v1,unknown,pixel,3,20,10,3092.5058428472184,92,65,60.98953584777083,86,zero_length_angle_vector,ok
10-1-9(1),3,annotation_mask,annotation,reference,external-data/10-1-9(1)_mask.png,6bdc1df0f3e1a66f56d545bec926abaf60b6bca31c0f8ea06ad939681c464d8a,grid_equivalent_v1,unknown,pixel,3,20,20,3092.5058428472184,84,65,64.24057214487277,78,zero_length_angle_vector,ok
10-1-9(1),3,annotation_mask,annotation,reference,external-data/10-1-9(1)_mask.png,6bdc1df0f3e1a66f56d545bec926abaf60b6bca31c0f8ea06ad939681c464d8a,grid_equivalent_v1,unknown,pixel,5,5,5,3092.5058428472184,114,92,62.32464104336181,109,zero_length_angle_vector,ok
10-1-9(1),3,annotation_mask,annotation,reference,external-data/10-1-9(1)_mask.png,6bdc1df0f3e1a66f56d545bec926abaf60b6bca31c0f8ea06ad939681c464d8a,grid_equivalent_v1,unknown,pixel,5,5,10,3092.5058428472184,108,92,62.57522493777261,105,zero_length_angle_vector,ok
10-1-9(1),3,annotation_mask,annotation,reference,external-data/10-1-9(1)_mask.png,6bdc1df0f3e1a66f56d545bec926abaf60b6bca31c0f8ea06ad939681c464d8a,grid_equivalent_v1,unknown,pixel,5,5,20,3092.5058428472184,95,92,62.39611748353933,92,zero_length_angle_vector,ok
10-1-9(1),3,annotation_mask,annotation,reference,external-data/10-1-9(1)_mask.png,6bdc1df0f3e1a66f56d545bec926abaf60b6bca31c0f8ea06ad939681c464d8a,grid_equivalent_v1,unknown,pixel,5,10,5,3092.5058428472184,110,91,63.113285190941276,106,zero_length_angle_vector,ok
10-1-9(1),3,annotation_mask,annotation,reference,external-data/10-1-9(1)_mask.png,6bdc1df0f3e1a66f56d545bec926abaf60b6bca31c0f8ea06ad939681c464d8a,grid_equivalent_v1,unknown,pixel,5,10,10,3092.5058428472184,106,91,63.14418127936611,104,zero_length_angle_vector,ok
10-1-9(1),3,annotation_mask,annotation,reference,external-data/10-1-9(1)_mask.png,6bdc1df0f3e1a66f56d545bec926abaf60b6bca31c0f8ea06ad939681c464d8a,grid_equivalent_v1,unknown,pixel,5,10,20,3092.5058428472184,93,91,63.49552263674452,91,zero_length_angle_vector,ok
10-1-9(1),3,annotation_mask,annotation,reference,external-data/10-1-9(1)_mask.png,6bdc1df0f3e1a66f56d545bec926abaf60b6bca31c0f8ea06ad939681c464d8a,grid_equivalent_v1,unknown,pixel,5,15,5,3092.5058428472184,109,91,62.828102963142975,104,zero_length_angle_vector,ok
10-1-9(1),3,annotation_mask,annotation,reference,external-data/10-1-9(1)_mask.png,6bdc1df0f3e1a66f56d545bec926abaf60b6bca31c0f8ea06ad939681c464d8a,grid_equivalent_v1,unknown,pixel,5,15,10,3092.5058428472184,106,91,62.85401304883498,102,zero_length_angle_vector,ok
10-1-9(1),3,annotation_mask,annotation,reference,external-data/10-1-9(1)_mask.png,6bdc1df0f3e1a66f56d545bec926abaf60b6bca31c0f8ea06ad939681c464d8a,grid_equivalent_v1,unknown,pixel,5,15,20,3092.5058428472184,92,91,63.57795015325939,88,zero_length_angle_vector,ok
10-1-9(1),3,annotation_mask,annotation,reference,external-data/10-1-9(1)_mask.png,6bdc1df0f3e1a66f56d545bec926abaf60b6bca31c0f8ea06ad939681c464d8a,grid_equivalent_v1,unknown,pixel,5,20,5,3092.5058428472184,109,91,63.06697773445952,106,zero_length_angle_vector,ok
10-1-9(1),3,annotation_mask,annotation,reference,external-data/10-1-9(1)_mask.png,6bdc1df0f3e1a66f56d545bec926abaf60b6bca31c0f8ea06ad939681c464d8a,grid_equivalent_v1,unknown,pixel,5,20,10,3092.5058428472184,104,91,63.45182610457852,102,zero_length_angle_vector,ok
10-1-9(1),3,annotation_mask,annotation,reference,external-data/10-1-9(1)_mask.png,6bdc1df0f3e1a66f56d545bec926abaf60b6bca31c0f8ea06ad939681c464d8a,grid_equivalent_v1,unknown,pixel,5,20,20,3092.5058428472184,91,91,64.95517615440576,89,zero_length_angle_vector,ok
10-1-9(1),3,annotation_mask,annotation,reference,external-data/10-1-9(1)_mask.png,6bdc1df0f3e1a66f56d545bec926abaf60b6bca31c0f8ea06ad939681c464d8a,grid_equivalent_v1,unknown,pixel,7,5,5,3092.5058428472184,118,95,62.50216387255084,110,zero_length_angle_vector,ok
10-1-9(1),3,annotation_mask,annotation,reference,external-data/10-1-9(1)_mask.png,6bdc1df0f3e1a66f56d545bec926abaf60b6bca31c0f8ea06ad939681c464d8a,grid_equivalent_v1,unknown,pixel,7,5,10,3092.5058428472184,108,95,64.01589371986856,103,zero_length_angle_vector,ok
10-1-9(1),3,annotation_mask,annotation,reference,external-data/10-1-9(1)_mask.png,6bdc1df0f3e1a66f56d545bec926abaf60b6bca31c0f8ea06ad939681c464d8a,grid_equivalent_v1,unknown,pixel,7,5,20,3092.5058428472184,103,95,63.62255270790517,98,zero_length_angle_vector,ok
10-1-9(1),3,annotation_mask,annotation,reference,external-data/10-1-9(1)_mask.png,6bdc1df0f3e1a66f56d545bec926abaf60b6bca31c0f8ea06ad939681c464d8a,grid_equivalent_v1,unknown,pixel,7,10,5,3092.5058428472184,114,93,62.308786546125475,109,zero_length_angle_vector,ok
10-1-9(1),3,annotation_mask,annotation,reference,external-data/10-1-9(1)_mask.png,6bdc1df0f3e1a66f56d545bec926abaf60b6bca31c0f8ea06ad939681c464d8a,grid_equivalent_v1,unknown,pixel,7,10,10,3092.5058428472184,106,93,62.966446826060114,104,zero_length_angle_vector,ok
10-1-9(1),3,annotation_mask,annotation,reference,external-data/10-1-9(1)_mask.png,6bdc1df0f3e1a66f56d545bec926abaf60b6bca31c0f8ea06ad939681c464d8a,grid_equivalent_v1,unknown,pixel,7,10,20,3092.5058428472184,99,93,63.47124859330142,97,zero_length_angle_vector,ok
10-1-9(1),3,annotation_mask,annotation,reference,external-data/10-1-9(1)_mask.png,6bdc1df0f3e1a66f56d545bec926abaf60b6bca31c0f8ea06ad939681c464d8a,grid_equivalent_v1,unknown,pixel,7,15,5,3092.5058428472184,113,93,62.30579081069489,105,zero_length_angle_vector,ok
10-1-9(1),3,annotation_mask,annotation,reference,external-data/10-1-9(1)_mask.png,6bdc1df0f3e1a66f56d545bec926abaf60b6bca31c0f8ea06ad939681c464d8a,grid_equivalent_v1,unknown,pixel,7,15,10,3092.5058428472184,106,93,62.98960771505537,100,zero_length_angle_vector,ok
10-1-9(1),3,annotation_mask,annotation,reference,external-data/10-1-9(1)_mask.png,6bdc1df0f3e1a66f56d545bec926abaf60b6bca31c0f8ea06ad939681c464d8a,grid_equivalent_v1,unknown,pixel,7,15,20,3092.5058428472184,96,93,64.33977664958071,90,zero_length_angle_vector,ok
10-1-9(1),3,annotation_mask,annotation,reference,external-data/10-1-9(1)_mask.png,6bdc1df0f3e1a66f56d545bec926abaf60b6bca31c0f8ea06ad939681c464d8a,grid_equivalent_v1,unknown,pixel,7,20,5,3092.5058428472184,113,93,61.69697332754891,109,zero_length_angle_vector,ok
10-1-9(1),3,annotation_mask,annotation,reference,external-data/10-1-9(1)_mask.png,6bdc1df0f3e1a66f56d545bec926abaf60b6bca31c0f8ea06ad939681c464d8a,grid_equivalent_v1,unknown,pixel,7,20,10,3092.5058428472184,103,93,63.92530147246533,100,zero_length_angle_vector,ok
10-1-9(1),3,annotation_mask,annotation,reference,external-data/10-1-9(1)_mask.png,6bdc1df0f3e1a66f56d545bec926abaf60b6bca31c0f8ea06ad939681c464d8a,grid_equivalent_v1,unknown,pixel,7,20,20,3092.5058428472184,96,93,64.64485089708528,93,zero_length_angle_vector,ok
10-1-9(2),3,annotation_mask,annotation,reference,external-data/10-1-9(2)_mask.png,e68f65f812ffdebb564961ebaea365b072d4546ab06227eea2987e2d586b741c,grid_equivalent_v1,unknown,pixel,3,5,5,3383.6256838943486,85,67,66.13679491666578,78,zero_length_angle_vector,ok
10-1-9(2),3,annotation_mask,annotation,reference,external-data/10-1-9(2)_mask.png,e68f65f812ffdebb564961ebaea365b072d4546ab06227eea2987e2d586b741c,grid_equivalent_v1,unknown,pixel,3,5,10,3383.6256838943486,72,67,67.30844713139,70,zero_length_angle_vector,ok
10-1-9(2),3,annotation_mask,annotation,reference,external-data/10-1-9(2)_mask.png,e68f65f812ffdebb564961ebaea365b072d4546ab06227eea2987e2d586b741c,grid_equivalent_v1,unknown,pixel,3,5,20,3383.6256838943486,66,67,69.50145894194549,64,zero_length_angle_vector,ok
10-1-9(2),3,annotation_mask,annotation,reference,external-data/10-1-9(2)_mask.png,e68f65f812ffdebb564961ebaea365b072d4546ab06227eea2987e2d586b741c,grid_equivalent_v1,unknown,pixel,3,10,5,3383.6256838943486,82,66,66.86223865532428,75,zero_length_angle_vector,ok
10-1-9(2),3,annotation_mask,annotation,reference,external-data/10-1-9(2)_mask.png,e68f65f812ffdebb564961ebaea365b072d4546ab06227eea2987e2d586b741c,grid_equivalent_v1,unknown,pixel,3,10,10,3383.6256838943486,71,66,67.9995318015119,69,zero_length_angle_vector,ok
10-1-9(2),3,annotation_mask,annotation,reference,external-data/10-1-9(2)_mask.png,e68f65f812ffdebb564961ebaea365b072d4546ab06227eea2987e2d586b741c,grid_equivalent_v1,unknown,pixel,3,10,20,3383.6256838943486,66,66,69.35585334156718,64,zero_length_angle_vector,ok
10-1-9(2),3,annotation_mask,annotation,reference,external-data/10-1-9(2)_mask.png,e68f65f812ffdebb564961ebaea365b072d4546ab06227eea2987e2d586b741c,grid_equivalent_v1,unknown,pixel,3,15,5,3383.6256838943486,81,66,67.68886651664594,74,zero_length_angle_vector,ok
10-1-9(2),3,annotation_mask,annotation,reference,external-data/10-1-9(2)_mask.png,e68f65f812ffdebb564961ebaea365b072d4546ab06227eea2987e2d586b741c,grid_equivalent_v1,unknown,pixel,3,15,10,3383.6256838943486,71,66,68.18421545231483,69,zero_length_angle_vector,ok
10-1-9(2),3,annotation_mask,annotation,reference,external-data/10-1-9(2)_mask.png,e68f65f812ffdebb564961ebaea365b072d4546ab06227eea2987e2d586b741c,grid_equivalent_v1,unknown,pixel,3,15,20,3383.6256838943486,64,66,69.70109770967731,62,zero_length_angle_vector,ok
10-1-9(2),3,annotation_mask,annotation,reference,external-data/10-1-9(2)_mask.png,e68f65f812ffdebb564961ebaea365b072d4546ab06227eea2987e2d586b741c,grid_equivalent_v1,unknown,pixel,3,20,5,3383.6256838943486,80,66,67.42850289875429,73,zero_length_angle_vector,ok
10-1-9(2),3,annotation_mask,annotation,reference,external-data/10-1-9(2)_mask.png,e68f65f812ffdebb564961ebaea365b072d4546ab06227eea2987e2d586b741c,grid_equivalent_v1,unknown,pixel,3,20,10,3383.6256838943486,70,66,67.91199199392628,68,zero_length_angle_vector,ok
10-1-9(2),3,annotation_mask,annotation,reference,external-data/10-1-9(2)_mask.png,e68f65f812ffdebb564961ebaea365b072d4546ab06227eea2987e2d586b741c,grid_equivalent_v1,unknown,pixel,3,20,20,3383.6256838943486,59,66,71.27537983673733,57,zero_length_angle_vector,ok
10-1-9(2),3,annotation_mask,annotation,reference,external-data/10-1-9(2)_mask.png,e68f65f812ffdebb564961ebaea365b072d4546ab06227eea2987e2d586b741c,grid_equivalent_v1,unknown,pixel,5,5,5,3383.6256838943486,80,69,71.29173559991295,77,zero_length_angle_vector,ok
10-1-9(2),3,annotation_mask,annotation,reference,external-data/10-1-9(2)_mask.png,e68f65f812ffdebb564961ebaea365b072d4546ab06227eea2987e2d586b741c,grid_equivalent_v1,unknown,pixel,5,5,10,3383.6256838943486,71,69,74.1907330809546,69,zero_length_angle_vector,ok
10-1-9(2),3,annotation_mask,annotation,reference,external-data/10-1-9(2)_mask.png,e68f65f812ffdebb564961ebaea365b072d4546ab06227eea2987e2d586b741c,grid_equivalent_v1,unknown,pixel,5,5,20,3383.6256838943486,66,69,74.60687625330516,64,zero_length_angle_vector,ok
10-1-9(2),3,annotation_mask,annotation,reference,external-data/10-1-9(2)_mask.png,e68f65f812ffdebb564961ebaea365b072d4546ab06227eea2987e2d586b741c,grid_equivalent_v1,unknown,pixel,5,10,5,3383.6256838943486,76,69,73.2222811349837,73,zero_length_angle_vector,ok
10-1-9(2),3,annotation_mask,annotation,reference,external-data/10-1-9(2)_mask.png,e68f65f812ffdebb564961ebaea365b072d4546ab06227eea2987e2d586b741c,grid_equivalent_v1,unknown,pixel,5,10,10,3383.6256838943486,71,69,73.98852325822872,69,zero_length_angle_vector,ok
10-1-9(2),3,annotation_mask,annotation,reference,external-data/10-1-9(2)_mask.png,e68f65f812ffdebb564961ebaea365b072d4546ab06227eea2987e2d586b741c,grid_equivalent_v1,unknown,pixel,5,10,20,3383.6256838943486,66,69,74.38886878817883,64,zero_length_angle_vector,ok
10-1-9(2),3,annotation_mask,annotation,reference,external-data/10-1-9(2)_mask.png,e68f65f812ffdebb564961ebaea365b072d4546ab06227eea2987e2d586b741c,grid_equivalent_v1,unknown,pixel,5,15,5,3383.6256838943486,76,68,73.39895598751096,73,zero_length_angle_vector,ok
10-1-9(2),3,annotation_mask,annotation,reference,external-data/10-1-9(2)_mask.png,e68f65f812ffdebb564961ebaea365b072d4546ab06227eea2987e2d586b741c,grid_equivalent_v1,unknown,pixel,5,15,10,3383.6256838943486,71,68,74.17544013119233,69,zero_length_angle_vector,ok
10-1-9(2),3,annotation_mask,annotation,reference,external-data/10-1-9(2)_mask.png,e68f65f812ffdebb564961ebaea365b072d4546ab06227eea2987e2d586b741c,grid_equivalent_v1,unknown,pixel,5,15,20,3383.6256838943486,65,68,74.62503636889072,63,zero_length_angle_vector,ok
10-1-9(2),3,annotation_mask,annotation,reference,external-data/10-1-9(2)_mask.png,e68f65f812ffdebb564961ebaea365b072d4546ab06227eea2987e2d586b741c,grid_equivalent_v1,unknown,pixel,5,20,5,3383.6256838943486,76,68,73.11443770738136,73,zero_length_angle_vector,ok
10-1-9(2),3,annotation_mask,annotation,reference,external-data/10-1-9(2)_mask.png,e68f65f812ffdebb564961ebaea365b072d4546ab06227eea2987e2d586b741c,grid_equivalent_v1,unknown,pixel,5,20,10,3383.6256838943486,71,68,73.8744280377219,69,zero_length_angle_vector,ok
10-1-9(2),3,annotation_mask,annotation,reference,external-data/10-1-9(2)_mask.png,e68f65f812ffdebb564961ebaea365b072d4546ab06227eea2987e2d586b741c,grid_equivalent_v1,unknown,pixel,5,20,20,3383.6256838943486,62,68,75.01483149076245,60,zero_length_angle_vector,ok
10-1-9(2),3,annotation_mask,annotation,reference,external-data/10-1-9(2)_mask.png,e68f65f812ffdebb564961ebaea365b072d4546ab06227eea2987e2d586b741c,grid_equivalent_v1,unknown,pixel,7,5,5,3383.6256838943486,81,73,73.49713979764991,77,zero_length_angle_vector,ok
10-1-9(2),3,annotation_mask,annotation,reference,external-data/10-1-9(2)_mask.png,e68f65f812ffdebb564961ebaea365b072d4546ab06227eea2987e2d586b741c,grid_equivalent_v1,unknown,pixel,7,5,10,3383.6256838943486,72,73,75.5549512902121,69,zero_length_angle_vector,ok
10-1-9(2),3,annotation_mask,annotation,reference,external-data/10-1-9(2)_mask.png,e68f65f812ffdebb564961ebaea365b072d4546ab06227eea2987e2d586b741c,grid_equivalent_v1,unknown,pixel,7,5,20,3383.6256838943486,68,73,75.68337661061165,65,zero_length_angle_vector,ok
10-1-9(2),3,annotation_mask,annotation,reference,external-data/10-1-9(2)_mask.png,e68f65f812ffdebb564961ebaea365b072d4546ab06227eea2987e2d586b741c,grid_equivalent_v1,unknown,pixel,7,10,5,3383.6256838943486,78,73,74.39659669866317,75,zero_length_angle_vector,ok
10-1-9(2),3,annotation_mask,annotation,reference,external-data/10-1-9(2)_mask.png,e68f65f812ffdebb564961ebaea365b072d4546ab06227eea2987e2d586b741c,grid_equivalent_v1,unknown,pixel,7,10,10,3383.6256838943486,72,73,75.52504085936488,69,zero_length_angle_vector,ok
10-1-9(2),3,annotation_mask,annotation,reference,external-data/10-1-9(2)_mask.png,e68f65f812ffdebb564961ebaea365b072d4546ab06227eea2987e2d586b741c,grid_equivalent_v1,unknown,pixel,7,10,20,3383.6256838943486,68,73,75.65162553786615,65,zero_length_angle_vector,ok
10-1-9(2),3,annotation_mask,annotation,reference,external-data/10-1-9(2)_mask.png,e68f65f812ffdebb564961ebaea365b072d4546ab06227eea2987e2d586b741c,grid_equivalent_v1,unknown,pixel,7,15,5,3383.6256838943486,78,73,74.5070602939914,75,zero_length_angle_vector,ok
10-1-9(2),3,annotation_mask,annotation,reference,external-data/10-1-9(2)_mask.png,e68f65f812ffdebb564961ebaea365b072d4546ab06227eea2987e2d586b741c,grid_equivalent_v1,unknown,pixel,7,15,10,3383.6256838943486,72,73,75.64510998472164,69,zero_length_angle_vector,ok
10-1-9(2),3,annotation_mask,annotation,reference,external-data/10-1-9(2)_mask.png,e68f65f812ffdebb564961ebaea365b072d4546ab06227eea2987e2d586b741c,grid_equivalent_v1,unknown,pixel,7,15,20,3383.6256838943486,66,73,76.64786330832251,63,zero_length_angle_vector,ok
10-1-9(2),3,annotation_mask,annotation,reference,external-data/10-1-9(2)_mask.png,e68f65f812ffdebb564961ebaea365b072d4546ab06227eea2987e2d586b741c,grid_equivalent_v1,unknown,pixel,7,20,5,3383.6256838943486,78,73,74.45160728787253,75,zero_length_angle_vector,ok
10-1-9(2),3,annotation_mask,annotation,reference,external-data/10-1-9(2)_mask.png,e68f65f812ffdebb564961ebaea365b072d4546ab06227eea2987e2d586b741c,grid_equivalent_v1,unknown,pixel,7,20,10,3383.6256838943486,72,73,75.5848349780707,69,zero_length_angle_vector,ok
10-1-9(2),3,annotation_mask,annotation,reference,external-data/10-1-9(2)_mask.png,e68f65f812ffdebb564961ebaea365b072d4546ab06227eea2987e2d586b741c,grid_equivalent_v1,unknown,pixel,7,20,20,3383.6256838943486,64,73,76.52088454830583,61,zero_length_angle_vector,ok
10-1-9(3),4,annotation_mask,annotation,reference,external-data/10-1-9(3)_mask.png,a679e2e7ed9fdcb61509a97389dcfc4f21915719e2fb5feb5bf89f66c0d48f13,grid_equivalent_v1,unknown,pixel,3,5,5,3197.890619158038,43,22,73.40488311544804,40,zero_length_angle_vector,ok
10-1-9(3),4,annotation_mask,annotation,reference,external-data/10-1-9(3)_mask.png,a679e2e7ed9fdcb61509a97389dcfc4f21915719e2fb5feb5bf89f66c0d48f13,grid_equivalent_v1,unknown,pixel,3,5,10,3197.890619158038,40,22,73.06090140353298,39,zero_length_angle_vector,ok
10-1-9(3),4,annotation_mask,annotation,reference,external-data/10-1-9(3)_mask.png,a679e2e7ed9fdcb61509a97389dcfc4f21915719e2fb5feb5bf89f66c0d48f13,grid_equivalent_v1,unknown,pixel,3,5,20,3197.890619158038,39,22,72.78670938130114,38,zero_length_angle_vector,ok
10-1-9(3),4,annotation_mask,annotation,reference,external-data/10-1-9(3)_mask.png,a679e2e7ed9fdcb61509a97389dcfc4f21915719e2fb5feb5bf89f66c0d48f13,grid_equivalent_v1,unknown,pixel,3,10,5,3197.890619158038,41,22,72.05807766981314,39,zero_length_angle_vector,ok
10-1-9(3),4,annotation_mask,annotation,reference,external-data/10-1-9(3)_mask.png,a679e2e7ed9fdcb61509a97389dcfc4f21915719e2fb5feb5bf89f66c0d48f13,grid_equivalent_v1,unknown,pixel,3,10,10,3197.890619158038,40,22,72.05807766981314,39,zero_length_angle_vector,ok
10-1-9(3),4,annotation_mask,annotation,reference,external-data/10-1-9(3)_mask.png,a679e2e7ed9fdcb61509a97389dcfc4f21915719e2fb5feb5bf89f66c0d48f13,grid_equivalent_v1,unknown,pixel,3,10,20,3197.890619158038,39,22,71.75749554932551,38,zero_length_angle_vector,ok
10-1-9(3),4,annotation_mask,annotation,reference,external-data/10-1-9(3)_mask.png,a679e2e7ed9fdcb61509a97389dcfc4f21915719e2fb5feb5bf89f66c0d48f13,grid_equivalent_v1,unknown,pixel,3,15,5,3197.890619158038,41,22,72.52315100582852,39,zero_length_angle_vector,ok
10-1-9(3),4,annotation_mask,annotation,reference,external-data/10-1-9(3)_mask.png,a679e2e7ed9fdcb61509a97389dcfc4f21915719e2fb5feb5bf89f66c0d48f13,grid_equivalent_v1,unknown,pixel,3,15,10,3197.890619158038,40,22,72.52315100582852,39,zero_length_angle_vector,ok
10-1-9(3),4,annotation_mask,annotation,reference,external-data/10-1-9(3)_mask.png,a679e2e7ed9fdcb61509a97389dcfc4f21915719e2fb5feb5bf89f66c0d48f13,grid_equivalent_v1,unknown,pixel,3,15,20,3197.890619158038,38,22,73.07065072879517,37,zero_length_angle_vector,ok
10-1-9(3),4,annotation_mask,annotation,reference,external-data/10-1-9(3)_mask.png,a679e2e7ed9fdcb61509a97389dcfc4f21915719e2fb5feb5bf89f66c0d48f13,grid_equivalent_v1,unknown,pixel,3,20,5,3197.890619158038,41,22,72.39916913797636,39,zero_length_angle_vector,ok
10-1-9(3),4,annotation_mask,annotation,reference,external-data/10-1-9(3)_mask.png,a679e2e7ed9fdcb61509a97389dcfc4f21915719e2fb5feb5bf89f66c0d48f13,grid_equivalent_v1,unknown,pixel,3,20,10,3197.890619158038,39,22,73.3563216577888,38,zero_length_angle_vector,ok
10-1-9(3),4,annotation_mask,annotation,reference,external-data/10-1-9(3)_mask.png,a679e2e7ed9fdcb61509a97389dcfc4f21915719e2fb5feb5bf89f66c0d48f13,grid_equivalent_v1,unknown,pixel,3,20,20,3197.890619158038,37,22,74.11728810537095,36,zero_length_angle_vector,ok
10-1-9(3),4,annotation_mask,annotation,reference,external-data/10-1-9(3)_mask.png,a679e2e7ed9fdcb61509a97389dcfc4f21915719e2fb5feb5bf89f66c0d48f13,grid_equivalent_v1,unknown,pixel,5,5,5,3197.890619158038,43,28,73.93340634588556,42,zero_length_angle_vector,ok
10-1-9(3),4,annotation_mask,annotation,reference,external-data/10-1-9(3)_mask.png,a679e2e7ed9fdcb61509a97389dcfc4f21915719e2fb5feb5bf89f66c0d48f13,grid_equivalent_v1,unknown,pixel,5,5,10,3197.890619158038,43,28,73.93340634588556,42,zero_length_angle_vector,ok
10-1-9(3),4,annotation_mask,annotation,reference,external-data/10-1-9(3)_mask.png,a679e2e7ed9fdcb61509a97389dcfc4f21915719e2fb5feb5bf89f66c0d48f13,grid_equivalent_v1,unknown,pixel,5,5,20,3197.890619158038,40,28,73.79433603299508,39,zero_length_angle_vector,ok
10-1-9(3),4,annotation_mask,annotation,reference,external-data/10-1-9(3)_mask.png,a679e2e7ed9fdcb61509a97389dcfc4f21915719e2fb5feb5bf89f66c0d48f13,grid_equivalent_v1,unknown,pixel,5,10,5,3197.890619158038,43,28,72.48081630694764,41,zero_length_angle_vector,ok
10-1-9(3),4,annotation_mask,annotation,reference,external-data/10-1-9(3)_mask.png,a679e2e7ed9fdcb61509a97389dcfc4f21915719e2fb5feb5bf89f66c0d48f13,grid_equivalent_v1,unknown,pixel,5,10,10,3197.890619158038,41,28,73.08367519803559,40,zero_length_angle_vector,ok
10-1-9(3),4,annotation_mask,annotation,reference,external-data/10-1-9(3)_mask.png,a679e2e7ed9fdcb61509a97389dcfc4f21915719e2fb5feb5bf89f66c0d48f13,grid_equivalent_v1,unknown,pixel,5,10,20,3197.890619158038,40,28,72.76720331234168,39,zero_length_angle_vector,ok
10-1-9(3),4,annotation_mask,annotation,reference,external-data/10-1-9(3)_mask.png,a679e2e7ed9fdcb61509a97389dcfc4f21915719e2fb5feb5bf89f66c0d48f13,grid_equivalent_v1,unknown,pixel,5,15,5,3197.890619158038,41,28,72.9003576118845,40,zero_length_angle_vector,ok
10-1-9(3),4,annotation_mask,annotation,reference,external-data/10-1-9(3)_mask.png,a679e2e7ed9fdcb61509a97389dcfc4f21915719e2fb5feb5bf89f66c0d48f13,grid_equivalent_v1,unknown,pixel,5,15,10,3197.890619158038,41,28,72.9003576118845,40,zero_length_angle_vector,ok
10-1-9(3),4,annotation_mask,annotation,reference,external-data/10-1-9(3)_mask.png,a679e2e7ed9fdcb61509a97389dcfc4f21915719e2fb5feb5bf89f66c0d48f13,grid_equivalent_v1,unknown,pixel,5,15,20,3197.890619158038,39,28,73.51222441702238,38,zero_length_angle_vector,ok
10-1-9(3),4,annotation_mask,annotation,reference,external-data/10-1-9(3)_mask.png,a679e2e7ed9fdcb61509a97389dcfc4f21915719e2fb5feb5bf89f66c0d48f13,grid_equivalent_v1,unknown,pixel,5,20,5,3197.890619158038,41,28,72.69848509550778,40,zero_length_angle_vector,ok
10-1-9(3),4,annotation_mask,annotation,reference,external-data/10-1-9(3)_mask.png,a679e2e7ed9fdcb61509a97389dcfc4f21915719e2fb5feb5bf89f66c0d48f13,grid_equivalent_v1,unknown,pixel,5,20,10,3197.890619158038,40,28,73.74607555282887,39,zero_length_angle_vector,ok
10-1-9(3),4,annotation_mask,annotation,reference,external-data/10-1-9(3)_mask.png,a679e2e7ed9fdcb61509a97389dcfc4f21915719e2fb5feb5bf89f66c0d48f13,grid_equivalent_v1,unknown,pixel,5,20,20,3197.890619158038,38,28,74.45495175313376,37,zero_length_angle_vector,ok
10-1-9(3),4,annotation_mask,annotation,reference,external-data/10-1-9(3)_mask.png,a679e2e7ed9fdcb61509a97389dcfc4f21915719e2fb5feb5bf89f66c0d48f13,grid_equivalent_v1,unknown,pixel,7,5,5,3197.890619158038,43,32,72.88904762009922,42,zero_length_angle_vector,ok
10-1-9(3),4,annotation_mask,annotation,reference,external-data/10-1-9(3)_mask.png,a679e2e7ed9fdcb61509a97389dcfc4f21915719e2fb5feb5bf89f66c0d48f13,grid_equivalent_v1,unknown,pixel,7,5,10,3197.890619158038,42,32,73.48715949709116,41,zero_length_angle_vector,ok
10-1-9(3),4,annotation_mask,annotation,reference,external-data/10-1-9(3)_mask.png,a679e2e7ed9fdcb61509a97389dcfc4f21915719e2fb5feb5bf89f66c0d48f13,grid_equivalent_v1,unknown,pixel,7,5,20,3197.890619158038,40,32,73.36908406707377,39,zero_length_angle_vector,ok
10-1-9(3),4,annotation_mask,annotation,reference,external-data/10-1-9(3)_mask.png,a679e2e7ed9fdcb61509a97389dcfc4f21915719e2fb5feb5bf89f66c0d48f13,grid_equivalent_v1,unknown,pixel,7,10,5,3197.890619158038,42,32,73.06940146286125,40,zero_length_angle_vector,ok
10-1-9(3),4,annotation_mask,annotation,reference,external-data/10-1-9(3)_mask.png,a679e2e7ed9fdcb61509a97389dcfc4f21915719e2fb5feb5bf89f66c0d48f13,grid_equivalent_v1,unknown,pixel,7,10,10,3197.890619158038,41,32,73.06940146286125,40,zero_length_angle_vector,ok
10-1-9(3),4,annotation_mask,annotation,reference,external-data/10-1-9(3)_mask.png,a679e2e7ed9fdcb61509a97389dcfc4f21915719e2fb5feb5bf89f66c0d48f13,grid_equivalent_v1,unknown,pixel,7,10,20,3197.890619158038,40,32,72.75256358395772,39,zero_length_angle_vector,ok
10-1-9(3),4,annotation_mask,annotation,reference,external-data/10-1-9(3)_mask.png,a679e2e7ed9fdcb61509a97389dcfc4f21915719e2fb5feb5bf89f66c0d48f13,grid_equivalent_v1,unknown,pixel,7,15,5,3197.890619158038,41,31,72.70728131968265,40,zero_length_angle_vector,ok
10-1-9(3),4,annotation_mask,annotation,reference,external-data/10-1-9(3)_mask.png,a679e2e7ed9fdcb61509a97389dcfc4f21915719e2fb5feb5bf89f66c0d48f13,grid_equivalent_v1,unknown,pixel,7,15,10,3197.890619158038,41,31,72.70728131968265,40,zero_length_angle_vector,ok
10-1-9(3),4,annotation_mask,annotation,reference,external-data/10-1-9(3)_mask.png,a679e2e7ed9fdcb61509a97389dcfc4f21915719e2fb5feb5bf89f66c0d48f13,grid_equivalent_v1,unknown,pixel,7,15,20,3197.890619158038,39,31,73.30898621470465,38,zero_length_angle_vector,ok
10-1-9(3),4,annotation_mask,annotation,reference,external-data/10-1-9(3)_mask.png,a679e2e7ed9fdcb61509a97389dcfc4f21915719e2fb5feb5bf89f66c0d48f13,grid_equivalent_v1,unknown,pixel,7,20,5,3197.890619158038,41,31,72.44697615682783,40,zero_length_angle_vector,ok
10-1-9(3),4,annotation_mask,annotation,reference,external-data/10-1-9(3)_mask.png,a679e2e7ed9fdcb61509a97389dcfc4f21915719e2fb5feb5bf89f66c0d48f13,grid_equivalent_v1,unknown,pixel,7,20,10,3197.890619158038,40,31,73.4881176670033,39,zero_length_angle_vector,ok
10-1-9(3),4,annotation_mask,annotation,reference,external-data/10-1-9(3)_mask.png,a679e2e7ed9fdcb61509a97389dcfc4f21915719e2fb5feb5bf89f66c0d48f13,grid_equivalent_v1,unknown,pixel,7,20,20,3197.890619158038,38,31,74.18305019780405,37,zero_length_angle_vector,ok
10-2-1,0,annotation_mask,annotation,reference,external-data/10-2-1_mask.png,fa084051c73ad9c7523229d0a267965c6c54c6c2f9b135b697a09f5f4d254434,grid_equivalent_v1,unknown,pixel,3,5,5,3683.691701072309,253,181,57.257571323529795,245,zero_length_angle_vector,ok
10-2-1,0,annotation_mask,annotation,reference,external-data/10-2-1_mask.png,fa084051c73ad9c7523229d0a267965c6c54c6c2f9b135b697a09f5f4d254434,grid_equivalent_v1,unknown,pixel,3,5,10,3683.691701072309,231,181,56.97667220200021,231,,ok
10-2-1,0,annotation_mask,annotation,reference,external-data/10-2-1_mask.png,fa084051c73ad9c7523229d0a267965c6c54c6c2f9b135b697a09f5f4d254434,grid_equivalent_v1,unknown,pixel,3,5,20,3683.691701072309,198,181,58.47792665087127,198,,ok
10-2-1,0,annotation_mask,annotation,reference,external-data/10-2-1_mask.png,fa084051c73ad9c7523229d0a267965c6c54c6c2f9b135b697a09f5f4d254434,grid_equivalent_v1,unknown,pixel,3,10,5,3683.691701072309,248,179,56.85608691851541,240,zero_length_angle_vector,ok
10-2-1,0,annotation_mask,annotation,reference,external-data/10-2-1_mask.png,fa084051c73ad9c7523229d0a267965c6c54c6c2f9b135b697a09f5f4d254434,grid_equivalent_v1,unknown,pixel,3,10,10,3683.691701072309,225,179,56.626145741102604,225,,ok
10-2-1,0,annotation_mask,annotation,reference,external-data/10-2-1_mask.png,fa084051c73ad9c7523229d0a267965c6c54c6c2f9b135b697a09f5f4d254434,grid_equivalent_v1,unknown,pixel,3,10,20,3683.691701072309,192,179,58.64943122578517,192,,ok
10-2-1,0,annotation_mask,annotation,reference,external-data/10-2-1_mask.png,fa084051c73ad9c7523229d0a267965c6c54c6c2f9b135b697a09f5f4d254434,grid_equivalent_v1,unknown,pixel,3,15,5,3683.691701072309,243,179,56.65837053261297,233,zero_length_angle_vector,ok
10-2-1,0,annotation_mask,annotation,reference,external-data/10-2-1_mask.png,fa084051c73ad9c7523229d0a267965c6c54c6c2f9b135b697a09f5f4d254434,grid_equivalent_v1,unknown,pixel,3,15,10,3683.691701072309,219,179,56.29797291641281,219,,ok
10-2-1,0,annotation_mask,annotation,reference,external-data/10-2-1_mask.png,fa084051c73ad9c7523229d0a267965c6c54c6c2f9b135b697a09f5f4d254434,grid_equivalent_v1,unknown,pixel,3,15,20,3683.691701072309,187,179,58.91378154224723,187,,ok
10-2-1,0,annotation_mask,annotation,reference,external-data/10-2-1_mask.png,fa084051c73ad9c7523229d0a267965c6c54c6c2f9b135b697a09f5f4d254434,grid_equivalent_v1,unknown,pixel,3,20,5,3683.691701072309,237,179,56.83823796613717,229,zero_length_angle_vector,ok
10-2-1,0,annotation_mask,annotation,reference,external-data/10-2-1_mask.png,fa084051c73ad9c7523229d0a267965c6c54c6c2f9b135b697a09f5f4d254434,grid_equivalent_v1,unknown,pixel,3,20,10,3683.691701072309,214,179,56.80156027270442,214,,ok
10-2-1,0,annotation_mask,annotation,reference,external-data/10-2-1_mask.png,fa084051c73ad9c7523229d0a267965c6c54c6c2f9b135b697a09f5f4d254434,grid_equivalent_v1,unknown,pixel,3,20,20,3683.691701072309,183,179,59.306644650797296,183,,ok
10-2-1,0,annotation_mask,annotation,reference,external-data/10-2-1_mask.png,fa084051c73ad9c7523229d0a267965c6c54c6c2f9b135b697a09f5f4d254434,grid_equivalent_v1,unknown,pixel,5,5,5,3683.691701072309,255,191,57.15277472172852,249,zero_length_angle_vector,ok
10-2-1,0,annotation_mask,annotation,reference,external-data/10-2-1_mask.png,fa084051c73ad9c7523229d0a267965c6c54c6c2f9b135b697a09f5f4d254434,grid_equivalent_v1,unknown,pixel,5,5,10,3683.691701072309,240,191,57.22745464546923,240,,ok
10-2-1,0,annotation_mask,annotation,reference,external-data/10-2-1_mask.png,fa084051c73ad9c7523229d0a267965c6c54c6c2f9b135b697a09f5f4d254434,grid_equivalent_v1,unknown,pixel,5,5,20,3683.691701072309,201,191,58.545058729113,201,,ok
10-2-1,0,annotation_mask,annotation,reference,external-data/10-2-1_mask.png,fa084051c73ad9c7523229d0a267965c6c54c6c2f9b135b697a09f5f4d254434,grid_equivalent_v1,unknown,pixel,5,10,5,3683.691701072309,248,189,56.62073775834028,243,zero_length_angle_vector,ok
10-2-1,0,annotation_mask,annotation,reference,external-data/10-2-1_mask.png,fa084051c73ad9c7523229d0a267965c6c54c6c2f9b135b697a09f5f4d254434,grid_equivalent_v1,unknown,pixel,5,10,10,3683.691701072309,233,189,56.78820420357911,233,,ok
10-2-1,0,annotation_mask,annotation,reference,external-data/10-2-1_mask.png,fa084051c73ad9c7523229d0a267965c6c54c6c2f9b135b697a09f5f4d254434,grid_equivalent_v1,unknown,pixel,5,10,20,3683.691701072309,194,189,58.66670914179444,194,,ok
10-2-1,0,annotation_mask,annotation,reference,external-data/10-2-1_mask.png,fa084051c73ad9c7523229d0a267965c6c54c6c2f9b135b697a09f5f4d254434,grid_equivalent_v1,unknown,pixel,5,15,5,3683.691701072309,242,188,56.209266921051714,235,zero_length_angle_vector,ok
10-2-1,0,annotation_mask,annotation,reference,external-data/10-2-1_mask.png,fa084051c73ad9c7523229d0a267965c6c54c6c2f9b135b697a09f5f4d254434,grid_equivalent_v1,unknown,pixel,5,15,10,3683.691701072309,226,188,56.550116513732696,226,,ok
10-2-1,0,annotation_mask,annotation,reference,external-data/10-2-1_mask.png,fa084051c73ad9c7523229d0a267965c6c54c6c2f9b135b697a09f5f4d254434,grid_equivalent_v1,unknown,pixel,5,15,20,3683.691701072309,189,188,59.14973034455463,189,,ok
10-2-1,0,annotation_mask,annotation,reference,external-data/10-2-1_mask.png,fa084051c73ad9c7523229d0a267965c6c54c6c2f9b135b697a09f5f4d254434,grid_equivalent_v1,unknown,pixel,5,20,5,3683.691701072309,236,188,56.444696321626964,231,zero_length_angle_vector,ok
10-2-1,0,annotation_mask,annotation,reference,external-data/10-2-1_mask.png,fa084051c73ad9c7523229d0a267965c6c54c6c2f9b135b697a09f5f4d254434,grid_equivalent_v1,unknown,pixel,5,20,10,3683.691701072309,220,188,56.968346649840534,220,,ok
10-2-1,0,annotation_mask,annotation,reference,external-data/10-2-1_mask.png,fa084051c73ad9c7523229d0a267965c6c54c6c2f9b135b697a09f5f4d254434,grid_equivalent_v1,unknown,pixel,5,20,20,3683.691701072309,186,188,59.13328643185282,186,,ok
10-2-1,0,annotation_mask,annotation,reference,external-data/10-2-1_mask.png,fa084051c73ad9c7523229d0a267965c6c54c6c2f9b135b697a09f5f4d254434,grid_equivalent_v1,unknown,pixel,7,5,5,3683.691701072309,245,182,57.110093081693634,240,zero_length_angle_vector,ok
10-2-1,0,annotation_mask,annotation,reference,external-data/10-2-1_mask.png,fa084051c73ad9c7523229d0a267965c6c54c6c2f9b135b697a09f5f4d254434,grid_equivalent_v1,unknown,pixel,7,5,10,3683.691701072309,234,182,56.87983419585123,234,,ok
10-2-1,0,annotation_mask,annotation,reference,external-data/10-2-1_mask.png,fa084051c73ad9c7523229d0a267965c6c54c6c2f9b135b697a09f5f4d254434,grid_equivalent_v1,unknown,pixel,7,5,20,3683.691701072309,204,182,57.47331475710444,204,,ok
10-2-1,0,annotation_mask,annotation,reference,external-data/10-2-1_mask.png,fa084051c73ad9c7523229d0a267965c6c54c6c2f9b135b697a09f5f4d254434,grid_equivalent_v1,unknown,pixel,7,10,5,3683.691701072309,239,180,56.668145950843424,235,zero_length_angle_vector,ok
10-2-1,0,annotation_mask,annotation,reference,external-data/10-2-1_mask.png,fa084051c73ad9c7523229d0a267965c6c54c6c2f9b135b697a09f5f4d254434,grid_equivalent_v1,unknown,pixel,7,10,10,3683.691701072309,229,180,56.77383684142265,229,,ok
10-2-1,0,annotation_mask,annotation,reference,external-data/10-2-1_mask.png,fa084051c73ad9c7523229d0a267965c6c54c6c2f9b135b697a09f5f4d254434,grid_equivalent_v1,unknown,pixel,7,10,20,3683.691701072309,197,180,57.44181211913128,197,,ok
10-2-1,0,annotation_mask,annotation,reference,external-data/10-2-1_mask.png,fa084051c73ad9c7523229d0a267965c6c54c6c2f9b135b697a09f5f4d254434,grid_equivalent_v1,unknown,pixel,7,15,5,3683.691701072309,235,179,56.85521095502662,228,zero_length_angle_vector,ok
10-2-1,0,annotation_mask,annotation,reference,external-data/10-2-1_mask.png,fa084051c73ad9c7523229d0a267965c6c54c6c2f9b135b697a09f5f4d254434,grid_equivalent_v1,unknown,pixel,7,15,10,3683.691701072309,223,179,56.516244667333986,223,,ok
10-2-1,0,annotation_mask,annotation,reference,external-data/10-2-1_mask.png,fa084051c73ad9c7523229d0a267965c6c54c6c2f9b135b697a09f5f4d254434,grid_equivalent_v1,unknown,pixel,7,15,20,3683.691701072309,193,179,58.013421979072135,193,,ok
10-2-1,0,annotation_mask,annotation,reference,external-data/10-2-1_mask.png,fa084051c73ad9c7523229d0a267965c6c54c6c2f9b135b697a09f5f4d254434,grid_equivalent_v1,unknown,pixel,7,20,5,3683.691701072309,229,178,57.39618204209223,224,zero_length_angle_vector,ok
10-2-1,0,annotation_mask,annotation,reference,external-data/10-2-1_mask.png,fa084051c73ad9c7523229d0a267965c6c54c6c2f9b135b697a09f5f4d254434,grid_equivalent_v1,unknown,pixel,7,20,10,3683.691701072309,216,178,57.37554922967258,216,,ok
10-2-1,0,annotation_mask,annotation,reference,external-data/10-2-1_mask.png,fa084051c73ad9c7523229d0a267965c6c54c6c2f9b135b697a09f5f4d254434,grid_equivalent_v1,unknown,pixel,7,20,20,3683.691701072309,187,178,58.73652465992937,187,,ok
10-2-2,3,annotation_mask,annotation,reference,external-data/10-2-2_mask.png,888178f6e1d682dbadbaecc08afac163678dd08a3e69f328f11b072009899c8c,grid_equivalent_v1,unknown,pixel,3,5,5,3768.2156544140043,369,296,58.597940175976206,359,zero_length_angle_vector,ok
10-2-2,3,annotation_mask,annotation,reference,external-data/10-2-2_mask.png,888178f6e1d682dbadbaecc08afac163678dd08a3e69f328f11b072009899c8c,grid_equivalent_v1,unknown,pixel,3,5,10,3768.2156544140043,334,296,59.20197519074108,334,,ok
10-2-2,3,annotation_mask,annotation,reference,external-data/10-2-2_mask.png,888178f6e1d682dbadbaecc08afac163678dd08a3e69f328f11b072009899c8c,grid_equivalent_v1,unknown,pixel,3,5,20,3768.2156544140043,270,296,59.98595836828092,270,,ok
10-2-2,3,annotation_mask,annotation,reference,external-data/10-2-2_mask.png,888178f6e1d682dbadbaecc08afac163678dd08a3e69f328f11b072009899c8c,grid_equivalent_v1,unknown,pixel,3,10,5,3768.2156544140043,365,295,58.75297889656971,355,zero_length_angle_vector,ok
10-2-2,3,annotation_mask,annotation,reference,external-data/10-2-2_mask.png,888178f6e1d682dbadbaecc08afac163678dd08a3e69f328f11b072009899c8c,grid_equivalent_v1,unknown,pixel,3,10,10,3768.2156544140043,333,295,59.41566555942442,333,,ok
10-2-2,3,annotation_mask,annotation,reference,external-data/10-2-2_mask.png,888178f6e1d682dbadbaecc08afac163678dd08a3e69f328f11b072009899c8c,grid_equivalent_v1,unknown,pixel,3,10,20,3768.2156544140043,264,295,60.46686373014582,264,,ok
10-2-2,3,annotation_mask,annotation,reference,external-data/10-2-2_mask.png,888178f6e1d682dbadbaecc08afac163678dd08a3e69f328f11b072009899c8c,grid_equivalent_v1,unknown,pixel,3,15,5,3768.2156544140043,364,295,58.5933509228541,355,zero_length_angle_vector,ok
10-2-2,3,annotation_mask,annotation,reference,external-data/10-2-2_mask.png,888178f6e1d682dbadbaecc08afac163678dd08a3e69f328f11b072009899c8c,grid_equivalent_v1,unknown,pixel,3,15,10,3768.2156544140043,332,295,59.1528575319858,332,,ok
10-2-2,3,annotation_mask,annotation,reference,external-data/10-2-2_mask.png,888178f6e1d682dbadbaecc08afac163678dd08a3e69f328f11b072009899c8c,grid_equivalent_v1,unknown,pixel,3,15,20,3768.2156544140043,258,295,60.0905148278238,258,,ok
10-2-2,3,annotation_mask,annotation,reference,external-data/10-2-2_mask.png,888178f6e1d682dbadbaecc08afac163678dd08a3e69f328f11b072009899c8c,grid_equivalent_v1,unknown,pixel,3,20,5,3768.2156544140043,363,295,58.412387976475856,351,zero_length_angle_vector,ok
10-2-2,3,annotation_mask,annotation,reference,external-data/10-2-2_mask.png,888178f6e1d682dbadbaecc08afac163678dd08a3e69f328f11b072009899c8c,grid_equivalent_v1,unknown,pixel,3,20,10,3768.2156544140043,326,295,59.3791260594553,326,,ok
10-2-2,3,annotation_mask,annotation,reference,external-data/10-2-2_mask.png,888178f6e1d682dbadbaecc08afac163678dd08a3e69f328f11b072009899c8c,grid_equivalent_v1,unknown,pixel,3,20,20,3768.2156544140043,257,295,60.20559629072854,257,,ok
10-2-2,3,annotation_mask,annotation,reference,external-data/10-2-2_mask.png,888178f6e1d682dbadbaecc08afac163678dd08a3e69f328f11b072009899c8c,grid_equivalent_v1,unknown,pixel,5,5,5,3768.2156544140043,354,293,58.99007556496443,346,zero_length_angle_vector,ok
10-2-2,3,annotation_mask,annotation,reference,external-data/10-2-2_mask.png,888178f6e1d682dbadbaecc08afac163678dd08a3e69f328f11b072009899c8c,grid_equivalent_v1,unknown,pixel,5,5,10,3768.2156544140043,332,293,59.4361642503576,332,,ok
10-2-2,3,annotation_mask,annotation,reference,external-data/10-2-2_mask.png,888178f6e1d682dbadbaecc08afac163678dd08a3e69f328f11b072009899c8c,grid_equivalent_v1,unknown,pixel,5,5,20,3768.2156544140043,271,293,60.672829158285374,271,,ok
10-2-2,3,annotation_mask,annotation,reference,external-data/10-2-2_mask.png,888178f6e1d682dbadbaecc08afac163678dd08a3e69f328f11b072009899c8c,grid_equivalent_v1,unknown,pixel,5,10,5,3768.2156544140043,353,293,59.16854238395877,344,zero_length_angle_vector,ok
10-2-2,3,annotation_mask,annotation,reference,external-data/10-2-2_mask.png,888178f6e1d682dbadbaecc08afac163678dd08a3e69f328f11b072009899c8c,grid_equivalent_v1,unknown,pixel,5,10,10,3768.2156544140043,330,293,59.628942986596115,330,,ok
10-2-2,3,annotation_mask,annotation,reference,external-data/10-2-2_mask.png,888178f6e1d682dbadbaecc08afac163678dd08a3e69f328f11b072009899c8c,grid_equivalent_v1,unknown,pixel,5,10,20,3768.2156544140043,268,293,60.97609689705858,268,,ok
10-2-2,3,annotation_mask,annotation,reference,external-data/10-2-2_mask.png,888178f6e1d682dbadbaecc08afac163678dd08a3e69f328f11b072009899c8c,grid_equivalent_v1,unknown,pixel,5,15,5,3768.2156544140043,351,293,59.05684461127847,343,zero_length_angle_vector,ok
10-2-2,3,annotation_mask,annotation,reference,external-data/10-2-2_mask.png,888178f6e1d682dbadbaecc08afac163678dd08a3e69f328f11b072009899c8c,grid_equivalent_v1,unknown,pixel,5,15,10,3768.2156544140043,329,293,59.493993970760265,329,,ok
10-2-2,3,annotation_mask,annotation,reference,external-data/10-2-2_mask.png,888178f6e1d682dbadbaecc08afac163678dd08a3e69f328f11b072009899c8c,grid_equivalent_v1,unknown,pixel,5,15,20,3768.2156544140043,263,293,60.89544231943747,263,,ok
10-2-2,3,annotation_mask,annotation,reference,external-data/10-2-2_mask.png,888178f6e1d682dbadbaecc08afac163678dd08a3e69f328f11b072009899c8c,grid_equivalent_v1,unknown,pixel,5,20,5,3768.2156544140043,350,293,58.90480857755117,341,zero_length_angle_vector,ok
10-2-2,3,annotation_mask,annotation,reference,external-data/10-2-2_mask.png,888178f6e1d682dbadbaecc08afac163678dd08a3e69f328f11b072009899c8c,grid_equivalent_v1,unknown,pixel,5,20,10,3768.2156544140043,326,293,59.57807183349134,326,,ok
10-2-2,3,annotation_mask,annotation,reference,external-data/10-2-2_mask.png,888178f6e1d682dbadbaecc08afac163678dd08a3e69f328f11b072009899c8c,grid_equivalent_v1,unknown,pixel,5,20,20,3768.2156544140043,261,293,61.05225229240162,261,,ok
10-2-2,3,annotation_mask,annotation,reference,external-data/10-2-2_mask.png,888178f6e1d682dbadbaecc08afac163678dd08a3e69f328f11b072009899c8c,grid_equivalent_v1,unknown,pixel,7,5,5,3768.2156544140043,355,289,59.116778692412296,349,zero_length_angle_vector,ok
10-2-2,3,annotation_mask,annotation,reference,external-data/10-2-2_mask.png,888178f6e1d682dbadbaecc08afac163678dd08a3e69f328f11b072009899c8c,grid_equivalent_v1,unknown,pixel,7,5,10,3768.2156544140043,335,289,59.0450711266192,335,,ok
10-2-2,3,annotation_mask,annotation,reference,external-data/10-2-2_mask.png,888178f6e1d682dbadbaecc08afac163678dd08a3e69f328f11b072009899c8c,grid_equivalent_v1,unknown,pixel,7,5,20,3768.2156544140043,280,289,60.54377283744228,280,,ok
10-2-2,3,annotation_mask,annotation,reference,external-data/10-2-2_mask.png,888178f6e1d682dbadbaecc08afac163678dd08a3e69f328f11b072009899c8c,grid_equivalent_v1,unknown,pixel,7,10,5,3768.2156544140043,350,288,59.154682757511424,344,zero_length_angle_vector,ok
10-2-2,3,annotation_mask,annotation,reference,external-data/10-2-2_mask.png,888178f6e1d682dbadbaecc08afac163678dd08a3e69f328f11b072009899c8c,grid_equivalent_v1,unknown,pixel,7,10,10,3768.2156544140043,333,288,59.158025728231515,333,,ok
10-2-2,3,annotation_mask,annotation,reference,external-data/10-2-2_mask.png,888178f6e1d682dbadbaecc08afac163678dd08a3e69f328f11b072009899c8c,grid_equivalent_v1,unknown,pixel,7,10,20,3768.2156544140043,278,288,60.67358998474583,278,,ok
10-2-2,3,annotation_mask,annotation,reference,external-data/10-2-2_mask.png,888178f6e1d682dbadbaecc08afac163678dd08a3e69f328f11b072009899c8c,grid_equivalent_v1,unknown,pixel,7,15,5,3768.2156544140043,349,288,59.081586242334566,344,zero_length_angle_vector,ok
10-2-2,3,annotation_mask,annotation,reference,external-data/10-2-2_mask.png,888178f6e1d682dbadbaecc08afac163678dd08a3e69f328f11b072009899c8c,grid_equivalent_v1,unknown,pixel,7,15,10,3768.2156544140043,330,288,59.122684785671446,330,,ok
10-2-2,3,annotation_mask,annotation,reference,external-data/10-2-2_mask.png,888178f6e1d682dbadbaecc08afac163678dd08a3e69f328f11b072009899c8c,grid_equivalent_v1,unknown,pixel,7,15,20,3768.2156544140043,273,288,60.786641067977676,273,,ok
10-2-2,3,annotation_mask,annotation,reference,external-data/10-2-2_mask.png,888178f6e1d682dbadbaecc08afac163678dd08a3e69f328f11b072009899c8c,grid_equivalent_v1,unknown,pixel,7,20,5,3768.2156544140043,346,288,58.98382673613416,341,zero_length_angle_vector,ok
10-2-2,3,annotation_mask,annotation,reference,external-data/10-2-2_mask.png,888178f6e1d682dbadbaecc08afac163678dd08a3e69f328f11b072009899c8c,grid_equivalent_v1,unknown,pixel,7,20,10,3768.2156544140043,329,288,59.132019129881115,329,,ok
10-2-2,3,annotation_mask,annotation,reference,external-data/10-2-2_mask.png,888178f6e1d682dbadbaecc08afac163678dd08a3e69f328f11b072009899c8c,grid_equivalent_v1,unknown,pixel,7,20,20,3768.2156544140043,272,288,60.80420296835684,272,,ok
10-2-3,3,annotation_mask,annotation,reference,external-data/10-2-3_mask.png,c128b6196f3a108faac4ed970bea2b3e2ee4f4c0090aafd759b5f39cfd31c0d6,grid_equivalent_v1,unknown,pixel,3,5,5,782.7442994522875,28,16,46.72166405166093,28,,ok
10-2-3,3,annotation_mask,annotation,reference,external-data/10-2-3_mask.png,c128b6196f3a108faac4ed970bea2b3e2ee4f4c0090aafd759b5f39cfd31c0d6,grid_equivalent_v1,unknown,pixel,3,5,10,782.7442994522875,26,16,47.93767403821146,26,,ok
10-2-3,3,annotation_mask,annotation,reference,external-data/10-2-3_mask.png,c128b6196f3a108faac4ed970bea2b3e2ee4f4c0090aafd759b5f39cfd31c0d6,grid_equivalent_v1,unknown,pixel,3,5,20,782.7442994522875,22,16,45.158284271025,22,,ok
10-2-3,3,annotation_mask,annotation,reference,external-data/10-2-3_mask.png,c128b6196f3a108faac4ed970bea2b3e2ee4f4c0090aafd759b5f39cfd31c0d6,grid_equivalent_v1,unknown,pixel,3,10,5,782.7442994522875,28,16,46.87402030587163,27,zero_length_angle_vector,ok
10-2-3,3,annotation_mask,annotation,reference,external-data/10-2-3_mask.png,c128b6196f3a108faac4ed970bea2b3e2ee4f4c0090aafd759b5f39cfd31c0d6,grid_equivalent_v1,unknown,pixel,3,10,10,782.7442994522875,24,16,47.46850170936728,24,,ok
10-2-3,3,annotation_mask,annotation,reference,external-data/10-2-3_mask.png,c128b6196f3a108faac4ed970bea2b3e2ee4f4c0090aafd759b5f39cfd31c0d6,grid_equivalent_v1,unknown,pixel,3,10,20,782.7442994522875,22,16,44.630177544220686,22,,ok
10-2-3,3,annotation_mask,annotation,reference,external-data/10-2-3_mask.png,c128b6196f3a108faac4ed970bea2b3e2ee4f4c0090aafd759b5f39cfd31c0d6,grid_equivalent_v1,unknown,pixel,3,15,5,782.7442994522875,26,16,45.599417048959566,26,,ok
10-2-3,3,annotation_mask,annotation,reference,external-data/10-2-3_mask.png,c128b6196f3a108faac4ed970bea2b3e2ee4f4c0090aafd759b5f39cfd31c0d6,grid_equivalent_v1,unknown,pixel,3,15,10,782.7442994522875,24,16,46.823240617497525,24,,ok
10-2-3,3,annotation_mask,annotation,reference,external-data/10-2-3_mask.png,c128b6196f3a108faac4ed970bea2b3e2ee4f4c0090aafd759b5f39cfd31c0d6,grid_equivalent_v1,unknown,pixel,3,15,20,782.7442994522875,21,16,45.35082556982182,21,,ok
10-2-3,3,annotation_mask,annotation,reference,external-data/10-2-3_mask.png,c128b6196f3a108faac4ed970bea2b3e2ee4f4c0090aafd759b5f39cfd31c0d6,grid_equivalent_v1,unknown,pixel,3,20,5,782.7442994522875,26,16,47.37894419752474,26,,ok
10-2-3,3,annotation_mask,annotation,reference,external-data/10-2-3_mask.png,c128b6196f3a108faac4ed970bea2b3e2ee4f4c0090aafd759b5f39cfd31c0d6,grid_equivalent_v1,unknown,pixel,3,20,10,782.7442994522875,24,16,49.099804705536314,24,,ok
10-2-3,3,annotation_mask,annotation,reference,external-data/10-2-3_mask.png,c128b6196f3a108faac4ed970bea2b3e2ee4f4c0090aafd759b5f39cfd31c0d6,grid_equivalent_v1,unknown,pixel,3,20,20,782.7442994522875,21,16,45.211910795420664,21,,ok
10-2-3,3,annotation_mask,annotation,reference,external-data/10-2-3_mask.png,c128b6196f3a108faac4ed970bea2b3e2ee4f4c0090aafd759b5f39cfd31c0d6,grid_equivalent_v1,unknown,pixel,5,5,5,782.7442994522875,30,19,45.38596562475526,30,,ok
10-2-3,3,annotation_mask,annotation,reference,external-data/10-2-3_mask.png,c128b6196f3a108faac4ed970bea2b3e2ee4f4c0090aafd759b5f39cfd31c0d6,grid_equivalent_v1,unknown,pixel,5,5,10,782.7442994522875,29,19,45.08987386647453,29,,ok
10-2-3,3,annotation_mask,annotation,reference,external-data/10-2-3_mask.png,c128b6196f3a108faac4ed970bea2b3e2ee4f4c0090aafd759b5f39cfd31c0d6,grid_equivalent_v1,unknown,pixel,5,5,20,782.7442994522875,24,19,44.534981668358775,24,,ok
10-2-3,3,annotation_mask,annotation,reference,external-data/10-2-3_mask.png,c128b6196f3a108faac4ed970bea2b3e2ee4f4c0090aafd759b5f39cfd31c0d6,grid_equivalent_v1,unknown,pixel,5,10,5,782.7442994522875,30,18,45.49256352364707,29,zero_length_angle_vector,ok
10-2-3,3,annotation_mask,annotation,reference,external-data/10-2-3_mask.png,c128b6196f3a108faac4ed970bea2b3e2ee4f4c0090aafd759b5f39cfd31c0d6,grid_equivalent_v1,unknown,pixel,5,10,10,782.7442994522875,27,18,43.86238304391723,27,,ok
10-2-3,3,annotation_mask,annotation,reference,external-data/10-2-3_mask.png,c128b6196f3a108faac4ed970bea2b3e2ee4f4c0090aafd759b5f39cfd31c0d6,grid_equivalent_v1,unknown,pixel,5,10,20,782.7442994522875,24,18,44.43482787941082,24,,ok
10-2-3,3,annotation_mask,annotation,reference,external-data/10-2-3_mask.png,c128b6196f3a108faac4ed970bea2b3e2ee4f4c0090aafd759b5f39cfd31c0d6,grid_equivalent_v1,unknown,pixel,5,15,5,782.7442994522875,28,18,44.66533085529073,28,,ok
10-2-3,3,annotation_mask,annotation,reference,external-data/10-2-3_mask.png,c128b6196f3a108faac4ed970bea2b3e2ee4f4c0090aafd759b5f39cfd31c0d6,grid_equivalent_v1,unknown,pixel,5,15,10,782.7442994522875,27,18,44.17449818904469,27,,ok
10-2-3,3,annotation_mask,annotation,reference,external-data/10-2-3_mask.png,c128b6196f3a108faac4ed970bea2b3e2ee4f4c0090aafd759b5f39cfd31c0d6,grid_equivalent_v1,unknown,pixel,5,15,20,782.7442994522875,23,18,44.90199137303825,23,,ok
10-2-3,3,annotation_mask,annotation,reference,external-data/10-2-3_mask.png,c128b6196f3a108faac4ed970bea2b3e2ee4f4c0090aafd759b5f39cfd31c0d6,grid_equivalent_v1,unknown,pixel,5,20,5,782.7442994522875,28,18,45.319162601614615,28,,ok
10-2-3,3,annotation_mask,annotation,reference,external-data/10-2-3_mask.png,c128b6196f3a108faac4ed970bea2b3e2ee4f4c0090aafd759b5f39cfd31c0d6,grid_equivalent_v1,unknown,pixel,5,20,10,782.7442994522875,27,18,44.69754903245025,27,,ok
10-2-3,3,annotation_mask,annotation,reference,external-data/10-2-3_mask.png,c128b6196f3a108faac4ed970bea2b3e2ee4f4c0090aafd759b5f39cfd31c0d6,grid_equivalent_v1,unknown,pixel,5,20,20,782.7442994522875,23,18,45.479598229788635,23,,ok
10-2-3,3,annotation_mask,annotation,reference,external-data/10-2-3_mask.png,c128b6196f3a108faac4ed970bea2b3e2ee4f4c0090aafd759b5f39cfd31c0d6,grid_equivalent_v1,unknown,pixel,7,5,5,782.7442994522875,33,20,45.51430552133644,32,zero_length_angle_vector,ok
10-2-3,3,annotation_mask,annotation,reference,external-data/10-2-3_mask.png,c128b6196f3a108faac4ed970bea2b3e2ee4f4c0090aafd759b5f39cfd31c0d6,grid_equivalent_v1,unknown,pixel,7,5,10,782.7442994522875,31,20,45.17379271305893,31,,ok
10-2-3,3,annotation_mask,annotation,reference,external-data/10-2-3_mask.png,c128b6196f3a108faac4ed970bea2b3e2ee4f4c0090aafd759b5f39cfd31c0d6,grid_equivalent_v1,unknown,pixel,7,5,20,782.7442994522875,27,20,46.59357738937682,27,,ok
10-2-3,3,annotation_mask,annotation,reference,external-data/10-2-3_mask.png,c128b6196f3a108faac4ed970bea2b3e2ee4f4c0090aafd759b5f39cfd31c0d6,grid_equivalent_v1,unknown,pixel,7,10,5,782.7442994522875,32,19,47.78759613860595,30,zero_length_angle_vector,ok
10-2-3,3,annotation_mask,annotation,reference,external-data/10-2-3_mask.png,c128b6196f3a108faac4ed970bea2b3e2ee4f4c0090aafd759b5f39cfd31c0d6,grid_equivalent_v1,unknown,pixel,7,10,10,782.7442994522875,28,19,46.23866778318361,28,,ok
10-2-3,3,annotation_mask,annotation,reference,external-data/10-2-3_mask.png,c128b6196f3a108faac4ed970bea2b3e2ee4f4c0090aafd759b5f39cfd31c0d6,grid_equivalent_v1,unknown,pixel,7,10,20,782.7442994522875,27,19,46.59357738937682,27,,ok
10-2-3,3,annotation_mask,annotation,reference,external-data/10-2-3_mask.png,c128b6196f3a108faac4ed970bea2b3e2ee4f4c0090aafd759b5f39cfd31c0d6,grid_equivalent_v1,unknown,pixel,7,15,5,782.7442994522875,30,19,47.120257896631045,29,zero_length_angle_vector,ok
10-2-3,3,annotation_mask,annotation,reference,external-data/10-2-3_mask.png,c128b6196f3a108faac4ed970bea2b3e2ee4f4c0090aafd759b5f39cfd31c0d6,grid_equivalent_v1,unknown,pixel,7,15,10,782.7442994522875,28,19,46.65115572497295,28,,ok
10-2-3,3,annotation_mask,annotation,reference,external-data/10-2-3_mask.png,c128b6196f3a108faac4ed970bea2b3e2ee4f4c0090aafd759b5f39cfd31c0d6,grid_equivalent_v1,unknown,pixel,7,15,20,782.7442994522875,26,19,47.534084013742145,26,,ok
10-2-3,3,annotation_mask,annotation,reference,external-data/10-2-3_mask.png,c128b6196f3a108faac4ed970bea2b3e2ee4f4c0090aafd759b5f39cfd31c0d6,grid_equivalent_v1,unknown,pixel,7,20,5,782.7442994522875,30,18,46.28479882791623,29,zero_length_angle_vector,ok
10-2-3,3,annotation_mask,annotation,reference,external-data/10-2-3_mask.png,c128b6196f3a108faac4ed970bea2b3e2ee4f4c0090aafd759b5f39cfd31c0d6,grid_equivalent_v1,unknown,pixel,7,20,10,782.7442994522875,28,18,45.93532012255827,28,,ok
10-2-3,3,annotation_mask,annotation,reference,external-data/10-2-3_mask.png,c128b6196f3a108faac4ed970bea2b3e2ee4f4c0090aafd759b5f39cfd31c0d6,grid_equivalent_v1,unknown,pixel,7,20,20,782.7442994522875,26,18,46.567814601141166,26,,ok
10-2-4,0,annotation_mask,annotation,reference,external-data/10-2-4_mask.png,3c60314b040a032dd526925859d6800fc466b21b8dedb28d643c17c54668bc8b,grid_equivalent_v1,unknown,pixel,3,5,5,2714.1433611129814,114,83,60.208454020517685,110,zero_length_angle_vector,ok
10-2-4,0,annotation_mask,annotation,reference,external-data/10-2-4_mask.png,3c60314b040a032dd526925859d6800fc466b21b8dedb28d643c17c54668bc8b,grid_equivalent_v1,unknown,pixel,3,5,10,2714.1433611129814,98,83,62.70869272191392,98,,ok
10-2-4,0,annotation_mask,annotation,reference,external-data/10-2-4_mask.png,3c60314b040a032dd526925859d6800fc466b21b8dedb28d643c17c54668bc8b,grid_equivalent_v1,unknown,pixel,3,5,20,2714.1433611129814,85,83,64.28477127682109,85,,ok
10-2-4,0,annotation_mask,annotation,reference,external-data/10-2-4_mask.png,3c60314b040a032dd526925859d6800fc466b21b8dedb28d643c17c54668bc8b,grid_equivalent_v1,unknown,pixel,3,10,5,2714.1433611129814,110,82,60.36733631385625,107,zero_length_angle_vector,ok
10-2-4,0,annotation_mask,annotation,reference,external-data/10-2-4_mask.png,3c60314b040a032dd526925859d6800fc466b21b8dedb28d643c17c54668bc8b,grid_equivalent_v1,unknown,pixel,3,10,10,2714.1433611129814,97,82,62.580817714624516,97,,ok
10-2-4,0,annotation_mask,annotation,reference,external-data/10-2-4_mask.png,3c60314b040a032dd526925859d6800fc466b21b8dedb28d643c17c54668bc8b,grid_equivalent_v1,unknown,pixel,3,10,20,2714.1433611129814,83,82,65.27167258594174,83,,ok
10-2-4,0,annotation_mask,annotation,reference,external-data/10-2-4_mask.png,3c60314b040a032dd526925859d6800fc466b21b8dedb28d643c17c54668bc8b,grid_equivalent_v1,unknown,pixel,3,15,5,2714.1433611129814,109,81,60.2552402092479,106,zero_length_angle_vector,ok
10-2-4,0,annotation_mask,annotation,reference,external-data/10-2-4_mask.png,3c60314b040a032dd526925859d6800fc466b21b8dedb28d643c17c54668bc8b,grid_equivalent_v1,unknown,pixel,3,15,10,2714.1433611129814,94,81,62.94603421956317,94,,ok
10-2-4,0,annotation_mask,annotation,reference,external-data/10-2-4_mask.png,3c60314b040a032dd526925859d6800fc466b21b8dedb28d643c17c54668bc8b,grid_equivalent_v1,unknown,pixel,3,15,20,2714.1433611129814,80,81,65.96572612959099,80,,ok
10-2-4,0,annotation_mask,annotation,reference,external-data/10-2-4_mask.png,3c60314b040a032dd526925859d6800fc466b21b8dedb28d643c17c54668bc8b,grid_equivalent_v1,unknown,pixel,3,20,5,2714.1433611129814,105,81,60.69488395375347,101,zero_length_angle_vector,ok
10-2-4,0,annotation_mask,annotation,reference,external-data/10-2-4_mask.png,3c60314b040a032dd526925859d6800fc466b21b8dedb28d643c17c54668bc8b,grid_equivalent_v1,unknown,pixel,3,20,10,2714.1433611129814,91,81,63.69071593602189,91,,ok
10-2-4,0,annotation_mask,annotation,reference,external-data/10-2-4_mask.png,3c60314b040a032dd526925859d6800fc466b21b8dedb28d643c17c54668bc8b,grid_equivalent_v1,unknown,pixel,3,20,20,2714.1433611129814,77,81,65.64320024918182,77,,ok
10-2-4,0,annotation_mask,annotation,reference,external-data/10-2-4_mask.png,3c60314b040a032dd526925859d6800fc466b21b8dedb28d643c17c54668bc8b,grid_equivalent_v1,unknown,pixel,5,5,5,2714.1433611129814,119,94,60.63024113540014,118,zero_length_angle_vector,ok
10-2-4,0,annotation_mask,annotation,reference,external-data/10-2-4_mask.png,3c60314b040a032dd526925859d6800fc466b21b8dedb28d643c17c54668bc8b,grid_equivalent_v1,unknown,pixel,5,5,10,2714.1433611129814,108,94,61.911361437897796,108,,ok
10-2-4,0,annotation_mask,annotation,reference,external-data/10-2-4_mask.png,3c60314b040a032dd526925859d6800fc466b21b8dedb28d643c17c54668bc8b,grid_equivalent_v1,unknown,pixel,5,5,20,2714.1433611129814,92,94,62.801840670595794,92,,ok
10-2-4,0,annotation_mask,annotation,reference,external-data/10-2-4_mask.png,3c60314b040a032dd526925859d6800fc466b21b8dedb28d643c17c54668bc8b,grid_equivalent_v1,unknown,pixel,5,10,5,2714.1433611129814,116,93,60.86547809516089,115,zero_length_angle_vector,ok
10-2-4,0,annotation_mask,annotation,reference,external-data/10-2-4_mask.png,3c60314b040a032dd526925859d6800fc466b21b8dedb28d643c17c54668bc8b,grid_equivalent_v1,unknown,pixel,5,10,10,2714.1433611129814,107,93,62.224345240926475,107,,ok
10-2-4,0,annotation_mask,annotation,reference,external-data/10-2-4_mask.png,3c60314b040a032dd526925859d6800fc466b21b8dedb28d643c17c54668bc8b,grid_equivalent_v1,unknown,pixel,5,10,20,2714.1433611129814,91,93,63.48331611337046,91,,ok
10-2-4,0,annotation_mask,annotation,reference,external-data/10-2-4_mask.png,3c60314b040a032dd526925859d6800fc466b21b8dedb28d643c17c54668bc8b,grid_equivalent_v1,unknown,pixel,5,15,5,2714.1433611129814,115,93,60.71985673796134,115,,ok
10-2-4,0,annotation_mask,annotation,reference,external-data/10-2-4_mask.png,3c60314b040a032dd526925859d6800fc466b21b8dedb28d643c17c54668bc8b,grid_equivalent_v1,unknown,pixel,5,15,10,2714.1433611129814,104,93,63.03310962332985,104,,ok
10-2-4,0,annotation_mask,annotation,reference,external-data/10-2-4_mask.png,3c60314b040a032dd526925859d6800fc466b21b8dedb28d643c17c54668bc8b,grid_equivalent_v1,unknown,pixel,5,15,20,2714.1433611129814,87,93,64.20568571131648,87,,ok
10-2-4,0,annotation_mask,annotation,reference,external-data/10-2-4_mask.png,3c60314b040a032dd526925859d6800fc466b21b8dedb28d643c17c54668bc8b,grid_equivalent_v1,unknown,pixel,5,20,5,2714.1433611129814,111,93,61.729215155035874,110,zero_length_angle_vector,ok
10-2-4,0,annotation_mask,annotation,reference,external-data/10-2-4_mask.png,3c60314b040a032dd526925859d6800fc466b21b8dedb28d643c17c54668bc8b,grid_equivalent_v1,unknown,pixel,5,20,10,2714.1433611129814,101,93,63.3606013226662,101,,ok
10-2-4,0,annotation_mask,annotation,reference,external-data/10-2-4_mask.png,3c60314b040a032dd526925859d6800fc466b21b8dedb28d643c17c54668bc8b,grid_equivalent_v1,unknown,pixel,5,20,20,2714.1433611129814,83,93,64.18238083809871,83,,ok
10-2-4,0,annotation_mask,annotation,reference,external-data/10-2-4_mask.png,3c60314b040a032dd526925859d6800fc466b21b8dedb28d643c17c54668bc8b,grid_equivalent_v1,unknown,pixel,7,5,5,2714.1433611129814,113,91,62.94159534362176,111,zero_length_angle_vector,ok
10-2-4,0,annotation_mask,annotation,reference,external-data/10-2-4_mask.png,3c60314b040a032dd526925859d6800fc466b21b8dedb28d643c17c54668bc8b,grid_equivalent_v1,unknown,pixel,7,5,10,2714.1433611129814,105,91,63.983850093424586,105,,ok
10-2-4,0,annotation_mask,annotation,reference,external-data/10-2-4_mask.png,3c60314b040a032dd526925859d6800fc466b21b8dedb28d643c17c54668bc8b,grid_equivalent_v1,unknown,pixel,7,5,20,2714.1433611129814,89,91,65.75910791439436,89,,ok
10-2-4,0,annotation_mask,annotation,reference,external-data/10-2-4_mask.png,3c60314b040a032dd526925859d6800fc466b21b8dedb28d643c17c54668bc8b,grid_equivalent_v1,unknown,pixel,7,10,5,2714.1433611129814,109,90,62.808169946306464,109,,ok
10-2-4,0,annotation_mask,annotation,reference,external-data/10-2-4_mask.png,3c60314b040a032dd526925859d6800fc466b21b8dedb28d643c17c54668bc8b,grid_equivalent_v1,unknown,pixel,7,10,10,2714.1433611129814,103,90,64.38851763059944,103,,ok
10-2-4,0,annotation_mask,annotation,reference,external-data/10-2-4_mask.png,3c60314b040a032dd526925859d6800fc466b21b8dedb28d643c17c54668bc8b,grid_equivalent_v1,unknown,pixel,7,10,20,2714.1433611129814,88,90,66.05666826954369,88,,ok
10-2-4,0,annotation_mask,annotation,reference,external-data/10-2-4_mask.png,3c60314b040a032dd526925859d6800fc466b21b8dedb28d643c17c54668bc8b,grid_equivalent_v1,unknown,pixel,7,15,5,2714.1433611129814,108,90,63.47813321796499,107,zero_length_angle_vector,ok
10-2-4,0,annotation_mask,annotation,reference,external-data/10-2-4_mask.png,3c60314b040a032dd526925859d6800fc466b21b8dedb28d643c17c54668bc8b,grid_equivalent_v1,unknown,pixel,7,15,10,2714.1433611129814,100,90,65.02784874272211,100,,ok
10-2-4,0,annotation_mask,annotation,reference,external-data/10-2-4_mask.png,3c60314b040a032dd526925859d6800fc466b21b8dedb28d643c17c54668bc8b,grid_equivalent_v1,unknown,pixel,7,15,20,2714.1433611129814,86,90,66.84175669487878,86,,ok
10-2-4,0,annotation_mask,annotation,reference,external-data/10-2-4_mask.png,3c60314b040a032dd526925859d6800fc466b21b8dedb28d643c17c54668bc8b,grid_equivalent_v1,unknown,pixel,7,20,5,2714.1433611129814,105,90,63.781123920661074,105,,ok
10-2-4,0,annotation_mask,annotation,reference,external-data/10-2-4_mask.png,3c60314b040a032dd526925859d6800fc466b21b8dedb28d643c17c54668bc8b,grid_equivalent_v1,unknown,pixel,7,20,10,2714.1433611129814,98,90,65.21330322096166,98,,ok
10-2-4,0,annotation_mask,annotation,reference,external-data/10-2-4_mask.png,3c60314b040a032dd526925859d6800fc466b21b8dedb28d643c17c54668bc8b,grid_equivalent_v1,unknown,pixel,7,20,20,2714.1433611129814,81,90,66.94551439841452,81,,ok
10-9-1,2,annotation_mask,annotation,reference,external-data/10-9-1_mask.png,f909c402c7b2db20640a01e33f844ebeccd8ec430131c4fad30fd8305345ea91,grid_equivalent_v1,unknown,pixel,3,5,5,2670.711903607907,66,46,48.357949048680126,64,zero_length_angle_vector,ok
10-9-1,2,annotation_mask,annotation,reference,external-data/10-9-1_mask.png,f909c402c7b2db20640a01e33f844ebeccd8ec430131c4fad30fd8305345ea91,grid_equivalent_v1,unknown,pixel,3,5,10,2670.711903607907,59,46,48.58399021805079,59,,ok
10-9-1,2,annotation_mask,annotation,reference,external-data/10-9-1_mask.png,f909c402c7b2db20640a01e33f844ebeccd8ec430131c4fad30fd8305345ea91,grid_equivalent_v1,unknown,pixel,3,5,20,2670.711903607907,54,46,47.20820141228281,54,,ok
10-9-1,2,annotation_mask,annotation,reference,external-data/10-9-1_mask.png,f909c402c7b2db20640a01e33f844ebeccd8ec430131c4fad30fd8305345ea91,grid_equivalent_v1,unknown,pixel,3,10,5,2670.711903607907,62,46,44.02633204621176,61,zero_length_angle_vector,ok
10-9-1,2,annotation_mask,annotation,reference,external-data/10-9-1_mask.png,f909c402c7b2db20640a01e33f844ebeccd8ec430131c4fad30fd8305345ea91,grid_equivalent_v1,unknown,pixel,3,10,10,2670.711903607907,58,46,44.80843016866388,58,,ok
10-9-1,2,annotation_mask,annotation,reference,external-data/10-9-1_mask.png,f909c402c7b2db20640a01e33f844ebeccd8ec430131c4fad30fd8305345ea91,grid_equivalent_v1,unknown,pixel,3,10,20,2670.711903607907,53,46,43.05049817322227,53,,ok
10-9-1,2,annotation_mask,annotation,reference,external-data/10-9-1_mask.png,f909c402c7b2db20640a01e33f844ebeccd8ec430131c4fad30fd8305345ea91,grid_equivalent_v1,unknown,pixel,3,15,5,2670.711903607907,62,46,44.24489646466676,61,zero_length_angle_vector,ok
10-9-1,2,annotation_mask,annotation,reference,external-data/10-9-1_mask.png,f909c402c7b2db20640a01e33f844ebeccd8ec430131c4fad30fd8305345ea91,grid_equivalent_v1,unknown,pixel,3,15,10,2670.711903607907,58,46,45.03829964324587,58,,ok
10-9-1,2,annotation_mask,annotation,reference,external-data/10-9-1_mask.png,f909c402c7b2db20640a01e33f844ebeccd8ec430131c4fad30fd8305345ea91,grid_equivalent_v1,unknown,pixel,3,15,20,2670.711903607907,52,46,43.906157205132835,52,,ok
10-9-1,2,annotation_mask,annotation,reference,external-data/10-9-1_mask.png,f909c402c7b2db20640a01e33f844ebeccd8ec430131c4fad30fd8305345ea91,grid_equivalent_v1,unknown,pixel,3,20,5,2670.711903607907,62,46,44.23484549669466,61,zero_length_angle_vector,ok
10-9-1,2,annotation_mask,annotation,reference,external-data/10-9-1_mask.png,f909c402c7b2db20640a01e33f844ebeccd8ec430131c4fad30fd8305345ea91,grid_equivalent_v1,unknown,pixel,3,20,10,2670.711903607907,58,46,45.027728797620036,58,,ok
10-9-1,2,annotation_mask,annotation,reference,external-data/10-9-1_mask.png,f909c402c7b2db20640a01e33f844ebeccd8ec430131c4fad30fd8305345ea91,grid_equivalent_v1,unknown,pixel,3,20,20,2670.711903607907,51,46,43.04379169832384,51,,ok
10-9-1,2,annotation_mask,annotation,reference,external-data/10-9-1_mask.png,f909c402c7b2db20640a01e33f844ebeccd8ec430131c4fad30fd8305345ea91,grid_equivalent_v1,unknown,pixel,5,5,5,2670.711903607907,61,47,50.36102600096772,61,,ok
10-9-1,2,annotation_mask,annotation,reference,external-data/10-9-1_mask.png,f909c402c7b2db20640a01e33f844ebeccd8ec430131c4fad30fd8305345ea91,grid_equivalent_v1,unknown,pixel,5,5,10,2670.711903607907,60,47,49.90602788895595,60,,ok
10-9-1,2,annotation_mask,annotation,reference,external-data/10-9-1_mask.png,f909c402c7b2db20640a01e33f844ebeccd8ec430131c4fad30fd8305345ea91,grid_equivalent_v1,unknown,pixel,5,5,20,2670.711903607907,53,47,48.51447262593259,53,,ok
10-9-1,2,annotation_mask,annotation,reference,external-data/10-9-1_mask.png,f909c402c7b2db20640a01e33f844ebeccd8ec430131c4fad30fd8305345ea91,grid_equivalent_v1,unknown,pixel,5,10,5,2670.711903607907,60,47,45.78651179667316,60,,ok
10-9-1,2,annotation_mask,annotation,reference,external-data/10-9-1_mask.png,f909c402c7b2db20640a01e33f844ebeccd8ec430131c4fad30fd8305345ea91,grid_equivalent_v1,unknown,pixel,5,10,10,2670.711903607907,60,47,45.78651179667316,60,,ok
10-9-1,2,annotation_mask,annotation,reference,external-data/10-9-1_mask.png,f909c402c7b2db20640a01e33f844ebeccd8ec430131c4fad30fd8305345ea91,grid_equivalent_v1,unknown,pixel,5,10,20,2670.711903607907,53,47,45.10561354644354,53,,ok
10-9-1,2,annotation_mask,annotation,reference,external-data/10-9-1_mask.png,f909c402c7b2db20640a01e33f844ebeccd8ec430131c4fad30fd8305345ea91,grid_equivalent_v1,unknown,pixel,5,15,5,2670.711903607907,60,47,45.79801641663758,60,,ok
10-9-1,2,annotation_mask,annotation,reference,external-data/10-9-1_mask.png,f909c402c7b2db20640a01e33f844ebeccd8ec430131c4fad30fd8305345ea91,grid_equivalent_v1,unknown,pixel,5,15,10,2670.711903607907,60,47,45.79801641663758,60,,ok
10-9-1,2,annotation_mask,annotation,reference,external-data/10-9-1_mask.png,f909c402c7b2db20640a01e33f844ebeccd8ec430131c4fad30fd8305345ea91,grid_equivalent_v1,unknown,pixel,5,15,20,2670.711903607907,52,47,44.61707077534665,52,,ok
10-9-1,2,annotation_mask,annotation,reference,external-data/10-9-1_mask.png,f909c402c7b2db20640a01e33f844ebeccd8ec430131c4fad30fd8305345ea91,grid_equivalent_v1,unknown,pixel,5,20,5,2670.711903607907,60,47,45.932689635743515,60,,ok
10-9-1,2,annotation_mask,annotation,reference,external-data/10-9-1_mask.png,f909c402c7b2db20640a01e33f844ebeccd8ec430131c4fad30fd8305345ea91,grid_equivalent_v1,unknown,pixel,5,20,10,2670.711903607907,60,47,45.932689635743515,60,,ok
10-9-1,2,annotation_mask,annotation,reference,external-data/10-9-1_mask.png,f909c402c7b2db20640a01e33f844ebeccd8ec430131c4fad30fd8305345ea91,grid_equivalent_v1,unknown,pixel,5,20,20,2670.711903607907,51,47,45.02067756850168,51,,ok
10-9-1,2,annotation_mask,annotation,reference,external-data/10-9-1_mask.png,f909c402c7b2db20640a01e33f844ebeccd8ec430131c4fad30fd8305345ea91,grid_equivalent_v1,unknown,pixel,7,5,5,2670.711903607907,60,50,48.036312543587385,60,,ok
10-9-1,2,annotation_mask,annotation,reference,external-data/10-9-1_mask.png,f909c402c7b2db20640a01e33f844ebeccd8ec430131c4fad30fd8305345ea91,grid_equivalent_v1,unknown,pixel,7,5,10,2670.711903607907,59,50,47.4854419461571,59,,ok
10-9-1,2,annotation_mask,annotation,reference,external-data/10-9-1_mask.png,f909c402c7b2db20640a01e33f844ebeccd8ec430131c4fad30fd8305345ea91,grid_equivalent_v1,unknown,pixel,7,5,20,2670.711903607907,53,50,48.06365625379881,53,,ok
10-9-1,2,annotation_mask,annotation,reference,external-data/10-9-1_mask.png,f909c402c7b2db20640a01e33f844ebeccd8ec430131c4fad30fd8305345ea91,grid_equivalent_v1,unknown,pixel,7,10,5,2670.711903607907,61,50,50.74875396812353,61,,ok
10-9-1,2,annotation_mask,annotation,reference,external-data/10-9-1_mask.png,f909c402c7b2db20640a01e33f844ebeccd8ec430131c4fad30fd8305345ea91,grid_equivalent_v1,unknown,pixel,7,10,10,2670.711903607907,59,50,49.81139970456243,59,,ok
10-9-1,2,annotation_mask,annotation,reference,external-data/10-9-1_mask.png,f909c402c7b2db20640a01e33f844ebeccd8ec430131c4fad30fd8305345ea91,grid_equivalent_v1,unknown,pixel,7,10,20,2670.711903607907,53,50,50.80632814247937,53,,ok
10-9-1,2,annotation_mask,annotation,reference,external-data/10-9-1_mask.png,f909c402c7b2db20640a01e33f844ebeccd8ec430131c4fad30fd8305345ea91,grid_equivalent_v1,unknown,pixel,7,15,5,2670.711903607907,61,50,51.38005361421138,60,zero_length_angle_vector,ok
10-9-1,2,annotation_mask,annotation,reference,external-data/10-9-1_mask.png,f909c402c7b2db20640a01e33f844ebeccd8ec430131c4fad30fd8305345ea91,grid_equivalent_v1,unknown,pixel,7,15,10,2670.711903607907,58,50,50.44830702355744,58,,ok
10-9-1,2,annotation_mask,annotation,reference,external-data/10-9-1_mask.png,f909c402c7b2db20640a01e33f844ebeccd8ec430131c4fad30fd8305345ea91,grid_equivalent_v1,unknown,pixel,7,15,20,2670.711903607907,52,50,50.721291570050376,52,,ok
10-9-1,2,annotation_mask,annotation,reference,external-data/10-9-1_mask.png,f909c402c7b2db20640a01e33f844ebeccd8ec430131c4fad30fd8305345ea91,grid_equivalent_v1,unknown,pixel,7,20,5,2670.711903607907,60,50,51.34697498522707,60,,ok
10-9-1,2,annotation_mask,annotation,reference,external-data/10-9-1_mask.png,f909c402c7b2db20640a01e33f844ebeccd8ec430131c4fad30fd8305345ea91,grid_equivalent_v1,unknown,pixel,7,20,10,2670.711903607907,58,50,50.41408775219436,58,,ok
10-9-1,2,annotation_mask,annotation,reference,external-data/10-9-1_mask.png,f909c402c7b2db20640a01e33f844ebeccd8ec430131c4fad30fd8305345ea91,grid_equivalent_v1,unknown,pixel,7,20,20,2670.711903607907,51,50,50.79455772359923,51,,ok
10-9-2,4,annotation_mask,annotation,reference,external-data/10-9-2_mask.png,97a6fbf3a148ba0641a27177bb2768e92fcab2d7f8bf002f6c2735617daf5cf2,grid_equivalent_v1,unknown,pixel,3,5,5,3136.0378054156913,240,185,59.63553880745743,240,,ok
10-9-2,4,annotation_mask,annotation,reference,external-data/10-9-2_mask.png,97a6fbf3a148ba0641a27177bb2768e92fcab2d7f8bf002f6c2735617daf5cf2,grid_equivalent_v1,unknown,pixel,3,5,10,3136.0378054156913,219,185,60.36089323936207,219,,ok
10-9-2,4,annotation_mask,annotation,reference,external-data/10-9-2_mask.png,97a6fbf3a148ba0641a27177bb2768e92fcab2d7f8bf002f6c2735617daf5cf2,grid_equivalent_v1,unknown,pixel,3,5,20,3136.0378054156913,187,185,61.742639476238665,187,,ok
10-9-2,4,annotation_mask,annotation,reference,external-data/10-9-2_mask.png,97a6fbf3a148ba0641a27177bb2768e92fcab2d7f8bf002f6c2735617daf5cf2,grid_equivalent_v1,unknown,pixel,3,10,5,3136.0378054156913,236,185,59.92857785934268,236,,ok
10-9-2,4,annotation_mask,annotation,reference,external-data/10-9-2_mask.png,97a6fbf3a148ba0641a27177bb2768e92fcab2d7f8bf002f6c2735617daf5cf2,grid_equivalent_v1,unknown,pixel,3,10,10,3136.0378054156913,216,185,60.53705433041233,216,,ok
10-9-2,4,annotation_mask,annotation,reference,external-data/10-9-2_mask.png,97a6fbf3a148ba0641a27177bb2768e92fcab2d7f8bf002f6c2735617daf5cf2,grid_equivalent_v1,unknown,pixel,3,10,20,3136.0378054156913,180,185,61.64282223640099,180,,ok
10-9-2,4,annotation_mask,annotation,reference,external-data/10-9-2_mask.png,97a6fbf3a148ba0641a27177bb2768e92fcab2d7f8bf002f6c2735617daf5cf2,grid_equivalent_v1,unknown,pixel,3,15,5,3136.0378054156913,233,185,59.7353689788834,233,,ok
10-9-2,4,annotation_mask,annotation,reference,external-data/10-9-2_mask.png,97a6fbf3a148ba0641a27177bb2768e92fcab2d7f8bf002f6c2735617daf5cf2,grid_equivalent_v1,unknown,pixel,3,15,10,3136.0378054156913,213,185,60.47505223068476,213,,ok
10-9-2,4,annotation_mask,annotation,reference,external-data/10-9-2_mask.png,97a6fbf3a148ba0641a27177bb2768e92fcab2d7f8bf002f6c2735617daf5cf2,grid_equivalent_v1,unknown,pixel,3,15,20,3136.0378054156913,176,185,61.69301548919264,176,,ok
10-9-2,4,annotation_mask,annotation,reference,external-data/10-9-2_mask.png,97a6fbf3a148ba0641a27177bb2768e92fcab2d7f8bf002f6c2735617daf5cf2,grid_equivalent_v1,unknown,pixel,3,20,5,3136.0378054156913,230,185,59.733333953243395,229,zero_length_angle_vector,ok
10-9-2,4,annotation_mask,annotation,reference,external-data/10-9-2_mask.png,97a6fbf3a148ba0641a27177bb2768e92fcab2d7f8bf002f6c2735617daf5cf2,grid_equivalent_v1,unknown,pixel,3,20,10,3136.0378054156913,206,185,60.38463456329162,206,,ok
10-9-2,4,annotation_mask,annotation,reference,external-data/10-9-2_mask.png,97a6fbf3a148ba0641a27177bb2768e92fcab2d7f8bf002f6c2735617daf5cf2,grid_equivalent_v1,unknown,pixel,3,20,20,3136.0378054156913,173,185,62.28972682959032,173,,ok
10-9-2,4,annotation_mask,annotation,reference,external-data/10-9-2_mask.png,97a6fbf3a148ba0641a27177bb2768e92fcab2d7f8bf002f6c2735617daf5cf2,grid_equivalent_v1,unknown,pixel,5,5,5,3136.0378054156913,248,205,60.947331514876446,245,zero_length_angle_vector,ok
10-9-2,4,annotation_mask,annotation,reference,external-data/10-9-2_mask.png,97a6fbf3a148ba0641a27177bb2768e92fcab2d7f8bf002f6c2735617daf5cf2,grid_equivalent_v1,unknown,pixel,5,5,10,3136.0378054156913,231,205,60.840709335750404,231,,ok
10-9-2,4,annotation_mask,annotation,reference,external-data/10-9-2_mask.png,97a6fbf3a148ba0641a27177bb2768e92fcab2d7f8bf002f6c2735617daf5cf2,grid_equivalent_v1,unknown,pixel,5,5,20,3136.0378054156913,192,205,62.32179739842363,192,,ok
10-9-2,4,annotation_mask,annotation,reference,external-data/10-9-2_mask.png,97a6fbf3a148ba0641a27177bb2768e92fcab2d7f8bf002f6c2735617daf5cf2,grid_equivalent_v1,unknown,pixel,5,10,5,3136.0378054156913,245,205,60.949495450806495,241,zero_length_angle_vector,ok
10-9-2,4,annotation_mask,annotation,reference,external-data/10-9-2_mask.png,97a6fbf3a148ba0641a27177bb2768e92fcab2d7f8bf002f6c2735617daf5cf2,grid_equivalent_v1,unknown,pixel,5,10,10,3136.0378054156913,226,205,60.71385778108933,226,,ok
10-9-2,4,annotation_mask,annotation,reference,external-data/10-9-2_mask.png,97a6fbf3a148ba0641a27177bb2768e92fcab2d7f8bf002f6c2735617daf5cf2,grid_equivalent_v1,unknown,pixel,5,10,20,3136.0378054156913,188,205,62.26430269020968,188,,ok
10-9-2,4,annotation_mask,annotation,reference,external-data/10-9-2_mask.png,97a6fbf3a148ba0641a27177bb2768e92fcab2d7f8bf002f6c2735617daf5cf2,grid_equivalent_v1,unknown,pixel,5,15,5,3136.0378054156913,240,205,60.61943509198731,235,zero_length_angle_vector,ok
10-9-2,4,annotation_mask,annotation,reference,external-data/10-9-2_mask.png,97a6fbf3a148ba0641a27177bb2768e92fcab2d7f8bf002f6c2735617daf5cf2,grid_equivalent_v1,unknown,pixel,5,15,10,3136.0378054156913,222,205,60.533940641282705,222,,ok
10-9-2,4,annotation_mask,annotation,reference,external-data/10-9-2_mask.png,97a6fbf3a148ba0641a27177bb2768e92fcab2d7f8bf002f6c2735617daf5cf2,grid_equivalent_v1,unknown,pixel,5,15,20,3136.0378054156913,185,205,62.18006774249077,185,,ok
10-9-2,4,annotation_mask,annotation,reference,external-data/10-9-2_mask.png,97a6fbf3a148ba0641a27177bb2768e92fcab2d7f8bf002f6c2735617daf5cf2,grid_equivalent_v1,unknown,pixel,5,20,5,3136.0378054156913,235,204,60.6021434038041,231,zero_length_angle_vector,ok
10-9-2,4,annotation_mask,annotation,reference,external-data/10-9-2_mask.png,97a6fbf3a148ba0641a27177bb2768e92fcab2d7f8bf002f6c2735617daf5cf2,grid_equivalent_v1,unknown,pixel,5,20,10,3136.0378054156913,218,204,60.45993348568438,218,,ok
10-9-2,4,annotation_mask,annotation,reference,external-data/10-9-2_mask.png,97a6fbf3a148ba0641a27177bb2768e92fcab2d7f8bf002f6c2735617daf5cf2,grid_equivalent_v1,unknown,pixel,5,20,20,3136.0378054156913,183,204,62.12681543221687,183,,ok
10-9-2,4,annotation_mask,annotation,reference,external-data/10-9-2_mask.png,97a6fbf3a148ba0641a27177bb2768e92fcab2d7f8bf002f6c2735617daf5cf2,grid_equivalent_v1,unknown,pixel,7,5,5,3136.0378054156913,253,203,60.837137557558265,248,zero_length_angle_vector,ok
10-9-2,4,annotation_mask,annotation,reference,external-data/10-9-2_mask.png,97a6fbf3a148ba0641a27177bb2768e92fcab2d7f8bf002f6c2735617daf5cf2,grid_equivalent_v1,unknown,pixel,7,5,10,3136.0378054156913,232,203,61.22277074621143,232,,ok
10-9-2,4,annotation_mask,annotation,reference,external-data/10-9-2_mask.png,97a6fbf3a148ba0641a27177bb2768e92fcab2d7f8bf002f6c2735617daf5cf2,grid_equivalent_v1,unknown,pixel,7,5,20,3136.0378054156913,196,203,61.82929685575856,196,,ok
10-9-2,4,annotation_mask,annotation,reference,external-data/10-9-2_mask.png,97a6fbf3a148ba0641a27177bb2768e92fcab2d7f8bf002f6c2735617daf5cf2,grid_equivalent_v1,unknown,pixel,7,10,5,3136.0378054156913,248,203,61.063872931130106,242,zero_length_angle_vector,ok
10-9-2,4,annotation_mask,annotation,reference,external-data/10-9-2_mask.png,97a6fbf3a148ba0641a27177bb2768e92fcab2d7f8bf002f6c2735617daf5cf2,grid_equivalent_v1,unknown,pixel,7,10,10,3136.0378054156913,230,203,61.162207397209336,230,,ok
10-9-2,4,annotation_mask,annotation,reference,external-data/10-9-2_mask.png,97a6fbf3a148ba0641a27177bb2768e92fcab2d7f8bf002f6c2735617daf5cf2,grid_equivalent_v1,unknown,pixel,7,10,20,3136.0378054156913,191,203,62.20024815956603,191,,ok
10-9-2,4,annotation_mask,annotation,reference,external-data/10-9-2_mask.png,97a6fbf3a148ba0641a27177bb2768e92fcab2d7f8bf002f6c2735617daf5cf2,grid_equivalent_v1,unknown,pixel,7,15,5,3136.0378054156913,246,202,61.02945663315712,239,zero_length_angle_vector,ok
10-9-2,4,annotation_mask,annotation,reference,external-data/10-9-2_mask.png,97a6fbf3a148ba0641a27177bb2768e92fcab2d7f8bf002f6c2735617daf5cf2,grid_equivalent_v1,unknown,pixel,7,15,10,3136.0378054156913,227,202,60.97885691552085,227,,ok
10-9-2,4,annotation_mask,annotation,reference,external-data/10-9-2_mask.png,97a6fbf3a148ba0641a27177bb2768e92fcab2d7f8bf002f6c2735617daf5cf2,grid_equivalent_v1,unknown,pixel,7,15,20,3136.0378054156913,189,202,62.04050740374436,189,,ok
10-9-2,4,annotation_mask,annotation,reference,external-data/10-9-2_mask.png,97a6fbf3a148ba0641a27177bb2768e92fcab2d7f8bf002f6c2735617daf5cf2,grid_equivalent_v1,unknown,pixel,7,20,5,3136.0378054156913,243,202,61.05937108138032,236,zero_length_angle_vector,ok
10-9-2,4,annotation_mask,annotation,reference,external-data/10-9-2_mask.png,97a6fbf3a148ba0641a27177bb2768e92fcab2d7f8bf002f6c2735617daf5cf2,grid_equivalent_v1,unknown,pixel,7,20,10,3136.0378054156913,222,202,61.31539325608653,222,,ok
10-9-2,4,annotation_mask,annotation,reference,external-data/10-9-2_mask.png,97a6fbf3a148ba0641a27177bb2768e92fcab2d7f8bf002f6c2735617daf5cf2,grid_equivalent_v1,unknown,pixel,7,20,20,3136.0378054156913,186,202,62.208091446124236,186,,ok
10-9-3,0,annotation_mask,annotation,reference,external-data/10-9-3_mask.png,a23e4c9ae8b5cd333c9ee04c6a4a84de25c4388307e8463b068e3f8f45f8c58d,grid_equivalent_v1,unknown,pixel,3,5,5,3235.23794899067,113,84,60.348015261316974,110,zero_length_angle_vector,ok
10-9-3,0,annotation_mask,annotation,reference,external-data/10-9-3_mask.png,a23e4c9ae8b5cd333c9ee04c6a4a84de25c4388307e8463b068e3f8f45f8c58d,grid_equivalent_v1,unknown,pixel,3,5,10,3235.23794899067,105,84,59.936303412209504,104,zero_length_angle_vector,ok
10-9-3,0,annotation_mask,annotation,reference,external-data/10-9-3_mask.png,a23e4c9ae8b5cd333c9ee04c6a4a84de25c4388307e8463b068e3f8f45f8c58d,grid_equivalent_v1,unknown,pixel,3,5,20,3235.23794899067,88,84,61.300728279904085,87,zero_length_angle_vector,ok
10-9-3,0,annotation_mask,annotation,reference,external-data/10-9-3_mask.png,a23e4c9ae8b5cd333c9ee04c6a4a84de25c4388307e8463b068e3f8f45f8c58d,grid_equivalent_v1,unknown,pixel,3,10,5,3235.23794899067,109,83,60.1525845169418,106,zero_length_angle_vector,ok
10-9-3,0,annotation_mask,annotation,reference,external-data/10-9-3_mask.png,a23e4c9ae8b5cd333c9ee04c6a4a84de25c4388307e8463b068e3f8f45f8c58d,grid_equivalent_v1,unknown,pixel,3,10,10,3235.23794899067,100,83,59.74724617111665,99,zero_length_angle_vector,ok
10-9-3,0,annotation_mask,annotation,reference,external-data/10-9-3_mask.png,a23e4c9ae8b5cd333c9ee04c6a4a84de25c4388307e8463b068e3f8f45f8c58d,grid_equivalent_v1,unknown,pixel,3,10,20,3235.23794899067,87,83,60.75960521438509,86,zero_length_angle_vector,ok
10-9-3,0,annotation_mask,annotation,reference,external-data/10-9-3_mask.png,a23e4c9ae8b5cd333c9ee04c6a4a84de25c4388307e8463b068e3f8f45f8c58d,grid_equivalent_v1,unknown,pixel,3,15,5,3235.23794899067,107,83,60.13221560388937,104,zero_length_angle_vector,ok
10-9-3,0,annotation_mask,annotation,reference,external-data/10-9-3_mask.png,a23e4c9ae8b5cd333c9ee04c6a4a84de25c4388307e8463b068e3f8f45f8c58d,grid_equivalent_v1,unknown,pixel,3,15,10,3235.23794899067,98,83,59.685328553330635,97,zero_length_angle_vector,ok
10-9-3,0,annotation_mask,annotation,reference,external-data/10-9-3_mask.png,a23e4c9ae8b5cd333c9ee04c6a4a84de25c4388307e8463b068e3f8f45f8c58d,grid_equivalent_v1,unknown,pixel,3,15,20,3235.23794899067,83,83,60.60549784593456,82,zero_length_angle_vector,ok
10-9-3,0,annotation_mask,annotation,reference,external-data/10-9-3_mask.png,a23e4c9ae8b5cd333c9ee04c6a4a84de25c4388307e8463b068e3f8f45f8c58d,grid_equivalent_v1,unknown,pixel,3,20,5,3235.23794899067,105,83,60.16486939521135,101,zero_length_angle_vector,ok
10-9-3,0,annotation_mask,annotation,reference,external-data/10-9-3_mask.png,a23e4c9ae8b5cd333c9ee04c6a4a84de25c4388307e8463b068e3f8f45f8c58d,grid_equivalent_v1,unknown,pixel,3,20,10,3235.23794899067,97,83,59.675421272065414,96,zero_length_angle_vector,ok
10-9-3,0,annotation_mask,annotation,reference,external-data/10-9-3_mask.png,a23e4c9ae8b5cd333c9ee04c6a4a84de25c4388307e8463b068e3f8f45f8c58d,grid_equivalent_v1,unknown,pixel,3,20,20,3235.23794899067,80,83,60.327797939436834,79,zero_length_angle_vector,ok
10-9-3,0,annotation_mask,annotation,reference,external-data/10-9-3_mask.png,a23e4c9ae8b5cd333c9ee04c6a4a84de25c4388307e8463b068e3f8f45f8c58d,grid_equivalent_v1,unknown,pixel,5,5,5,3235.23794899067,122,94,60.56190590267533,117,zero_length_angle_vector,ok
10-9-3,0,annotation_mask,annotation,reference,external-data/10-9-3_mask.png,a23e4c9ae8b5cd333c9ee04c6a4a84de25c4388307e8463b068e3f8f45f8c58d,grid_equivalent_v1,unknown,pixel,5,5,10,3235.23794899067,109,94,61.12306440526741,108,zero_length_angle_vector,ok
10-9-3,0,annotation_mask,annotation,reference,external-data/10-9-3_mask.png,a23e4c9ae8b5cd333c9ee04c6a4a84de25c4388307e8463b068e3f8f45f8c58d,grid_equivalent_v1,unknown,pixel,5,5,20,3235.23794899067,92,94,64.06248359400486,91,zero_length_angle_vector,ok
10-9-3,0,annotation_mask,annotation,reference,external-data/10-9-3_mask.png,a23e4c9ae8b5cd333c9ee04c6a4a84de25c4388307e8463b068e3f8f45f8c58d,grid_equivalent_v1,unknown,pixel,5,10,5,3235.23794899067,119,94,61.41457973809774,113,zero_length_angle_vector,ok
10-9-3,0,annotation_mask,annotation,reference,external-data/10-9-3_mask.png,a23e4c9ae8b5cd333c9ee04c6a4a84de25c4388307e8463b068e3f8f45f8c58d,grid_equivalent_v1,unknown,pixel,5,10,10,3235.23794899067,104,94,62.21038023851462,103,zero_length_angle_vector,ok
10-9-3,0,annotation_mask,annotation,reference,external-data/10-9-3_mask.png,a23e4c9ae8b5cd333c9ee04c6a4a84de25c4388307e8463b068e3f8f45f8c58d,grid_equivalent_v1,unknown,pixel,5,10,20,3235.23794899067,90,94,63.847298224040834,89,zero_length_angle_vector,ok
10-9-3,0,annotation_mask,annotation,reference,external-data/10-9-3_mask.png,a23e4c9ae8b5cd333c9ee04c6a4a84de25c4388307e8463b068e3f8f45f8c58d,grid_equivalent_v1,unknown,pixel,5,15,5,3235.23794899067,116,94,61.455164959125746,111,zero_length_angle_vector,ok
10-9-3,0,annotation_mask,annotation,reference,external-data/10-9-3_mask.png,a23e4c9ae8b5cd333c9ee04c6a4a84de25c4388307e8463b068e3f8f45f8c58d,grid_equivalent_v1,unknown,pixel,5,15,10,3235.23794899067,102,94,62.02962831732245,101,zero_length_angle_vector,ok
10-9-3,0,annotation_mask,annotation,reference,external-data/10-9-3_mask.png,a23e4c9ae8b5cd333c9ee04c6a4a84de25c4388307e8463b068e3f8f45f8c58d,grid_equivalent_v1,unknown,pixel,5,15,20,3235.23794899067,89,94,64.19484526384926,88,zero_length_angle_vector,ok
10-9-3,0,annotation_mask,annotation,reference,external-data/10-9-3_mask.png,a23e4c9ae8b5cd333c9ee04c6a4a84de25c4388307e8463b068e3f8f45f8c58d,grid_equivalent_v1,unknown,pixel,5,20,5,3235.23794899067,114,94,61.43401458161456,109,zero_length_angle_vector,ok
10-9-3,0,annotation_mask,annotation,reference,external-data/10-9-3_mask.png,a23e4c9ae8b5cd333c9ee04c6a4a84de25c4388307e8463b068e3f8f45f8c58d,grid_equivalent_v1,unknown,pixel,5,20,10,3235.23794899067,100,94,61.90951510105729,99,zero_length_angle_vector,ok
10-9-3,0,annotation_mask,annotation,reference,external-data/10-9-3_mask.png,a23e4c9ae8b5cd333c9ee04c6a4a84de25c4388307e8463b068e3f8f45f8c58d,grid_equivalent_v1,unknown,pixel,5,20,20,3235.23794899067,88,94,64.37281232307647,87,zero_length_angle_vector,ok
10-9-3,0,annotation_mask,annotation,reference,external-data/10-9-3_mask.png,a23e4c9ae8b5cd333c9ee04c6a4a84de25c4388307e8463b068e3f8f45f8c58d,grid_equivalent_v1,unknown,pixel,7,5,5,3235.23794899067,127,98,59.32259783084049,122,zero_length_angle_vector,ok
10-9-3,0,annotation_mask,annotation,reference,external-data/10-9-3_mask.png,a23e4c9ae8b5cd333c9ee04c6a4a84de25c4388307e8463b068e3f8f45f8c58d,grid_equivalent_v1,unknown,pixel,7,5,10,3235.23794899067,113,98,60.775375988737096,112,zero_length_angle_vector,ok
10-9-3,0,annotation_mask,annotation,reference,external-data/10-9-3_mask.png,a23e4c9ae8b5cd333c9ee04c6a4a84de25c4388307e8463b068e3f8f45f8c58d,grid_equivalent_v1,unknown,pixel,7,5,20,3235.23794899067,96,98,63.68059679335815,95,zero_length_angle_vector,ok
10-9-3,0,annotation_mask,annotation,reference,external-data/10-9-3_mask.png,a23e4c9ae8b5cd333c9ee04c6a4a84de25c4388307e8463b068e3f8f45f8c58d,grid_equivalent_v1,unknown,pixel,7,10,5,3235.23794899067,123,98,60.004314545328086,117,zero_length_angle_vector,ok
10-9-3,0,annotation_mask,annotation,reference,external-data/10-9-3_mask.png,a23e4c9ae8b5cd333c9ee04c6a4a84de25c4388307e8463b068e3f8f45f8c58d,grid_equivalent_v1,unknown,pixel,7,10,10,3235.23794899067,107,98,61.78773413799568,106,zero_length_angle_vector,ok
10-9-3,0,annotation_mask,annotation,reference,external-data/10-9-3_mask.png,a23e4c9ae8b5cd333c9ee04c6a4a84de25c4388307e8463b068e3f8f45f8c58d,grid_equivalent_v1,unknown,pixel,7,10,20,3235.23794899067,94,98,63.61168845919297,93,zero_length_angle_vector,ok
10-9-3,0,annotation_mask,annotation,reference,external-data/10-9-3_mask.png,a23e4c9ae8b5cd333c9ee04c6a4a84de25c4388307e8463b068e3f8f45f8c58d,grid_equivalent_v1,unknown,pixel,7,15,5,3235.23794899067,119,97,60.056025211562314,114,zero_length_angle_vector,ok
10-9-3,0,annotation_mask,annotation,reference,external-data/10-9-3_mask.png,a23e4c9ae8b5cd333c9ee04c6a4a84de25c4388307e8463b068e3f8f45f8c58d,grid_equivalent_v1,unknown,pixel,7,15,10,3235.23794899067,107,97,61.874984449110286,106,zero_length_angle_vector,ok
10-9-3,0,annotation_mask,annotation,reference,external-data/10-9-3_mask.png,a23e4c9ae8b5cd333c9ee04c6a4a84de25c4388307e8463b068e3f8f45f8c58d,grid_equivalent_v1,unknown,pixel,7,15,20,3235.23794899067,93,97,63.84161785789966,92,zero_length_angle_vector,ok
10-9-3,0,annotation_mask,annotation,reference,external-data/10-9-3_mask.png,a23e4c9ae8b5cd333c9ee04c6a4a84de25c4388307e8463b068e3f8f45f8c58d,grid_equivalent_v1,unknown,pixel,7,20,5,3235.23794899067,119,97,60.20411833456013,114,zero_length_angle_vector,ok
10-9-3,0,annotation_mask,annotation,reference,external-data/10-9-3_mask.png,a23e4c9ae8b5cd333c9ee04c6a4a84de25c4388307e8463b068e3f8f45f8c58d,grid_equivalent_v1,unknown,pixel,7,20,10,3235.23794899067,105,97,61.731234936309804,104,zero_length_angle_vector,ok
10-9-3,0,annotation_mask,annotation,reference,external-data/10-9-3_mask.png,a23e4c9ae8b5cd333c9ee04c6a4a84de25c4388307e8463b068e3f8f45f8c58d,grid_equivalent_v1,unknown,pixel,7,20,20,3235.23794899067,92,97,63.771360473384235,91,zero_length_angle_vector,ok
10-9-4,2,annotation_mask,annotation,reference,external-data/10-9-4_mask.png,775edf7906167ea9e9ba868605a76fc739ed5aa32d5a1c9e3ec9a9a84e402ead,grid_equivalent_v1,unknown,pixel,3,5,5,3795.486865800912,98,59,42.5668776714569,98,,ok
10-9-4,2,annotation_mask,annotation,reference,external-data/10-9-4_mask.png,775edf7906167ea9e9ba868605a76fc739ed5aa32d5a1c9e3ec9a9a84e402ead,grid_equivalent_v1,unknown,pixel,3,5,10,3795.486865800912,89,59,42.07203463489784,89,,ok
10-9-4,2,annotation_mask,annotation,reference,external-data/10-9-4_mask.png,775edf7906167ea9e9ba868605a76fc739ed5aa32d5a1c9e3ec9a9a84e402ead,grid_equivalent_v1,unknown,pixel,3,5,20,3795.486865800912,74,59,42.38994083632088,74,,ok
10-9-4,2,annotation_mask,annotation,reference,external-data/10-9-4_mask.png,775edf7906167ea9e9ba868605a76fc739ed5aa32d5a1c9e3ec9a9a84e402ead,grid_equivalent_v1,unknown,pixel,3,10,5,3795.486865800912,97,59,42.206698723678194,97,,ok
10-9-4,2,annotation_mask,annotation,reference,external-data/10-9-4_mask.png,775edf7906167ea9e9ba868605a76fc739ed5aa32d5a1c9e3ec9a9a84e402ead,grid_equivalent_v1,unknown,pixel,3,10,10,3795.486865800912,88,59,41.980597296184946,88,,ok
10-9-4,2,annotation_mask,annotation,reference,external-data/10-9-4_mask.png,775edf7906167ea9e9ba868605a76fc739ed5aa32d5a1c9e3ec9a9a84e402ead,grid_equivalent_v1,unknown,pixel,3,10,20,3795.486865800912,72,59,41.5693981848113,72,,ok
10-9-4,2,annotation_mask,annotation,reference,external-data/10-9-4_mask.png,775edf7906167ea9e9ba868605a76fc739ed5aa32d5a1c9e3ec9a9a84e402ead,grid_equivalent_v1,unknown,pixel,3,15,5,3795.486865800912,88,59,43.76024730325303,87,zero_length_angle_vector,ok
10-9-4,2,annotation_mask,annotation,reference,external-data/10-9-4_mask.png,775edf7906167ea9e9ba868605a76fc739ed5aa32d5a1c9e3ec9a9a84e402ead,grid_equivalent_v1,unknown,pixel,3,15,10,3795.486865800912,78,59,43.47082578868518,78,,ok
10-9-4,2,annotation_mask,annotation,reference,external-data/10-9-4_mask.png,775edf7906167ea9e9ba868605a76fc739ed5aa32d5a1c9e3ec9a9a84e402ead,grid_equivalent_v1,unknown,pixel,3,15,20,3795.486865800912,65,59,41.60123238974349,65,,ok
10-9-4,2,annotation_mask,annotation,reference,external-data/10-9-4_mask.png,775edf7906167ea9e9ba868605a76fc739ed5aa32d5a1c9e3ec9a9a84e402ead,grid_equivalent_v1,unknown,pixel,3,20,5,3795.486865800912,85,59,43.356274223497415,84,zero_length_angle_vector,ok
10-9-4,2,annotation_mask,annotation,reference,external-data/10-9-4_mask.png,775edf7906167ea9e9ba868605a76fc739ed5aa32d5a1c9e3ec9a9a84e402ead,grid_equivalent_v1,unknown,pixel,3,20,10,3795.486865800912,77,59,43.241856861352254,77,,ok
10-9-4,2,annotation_mask,annotation,reference,external-data/10-9-4_mask.png,775edf7906167ea9e9ba868605a76fc739ed5aa32d5a1c9e3ec9a9a84e402ead,grid_equivalent_v1,unknown,pixel,3,20,20,3795.486865800912,61,59,41.529135490817005,61,,ok
10-9-4,2,annotation_mask,annotation,reference,external-data/10-9-4_mask.png,775edf7906167ea9e9ba868605a76fc739ed5aa32d5a1c9e3ec9a9a84e402ead,grid_equivalent_v1,unknown,pixel,5,5,5,3795.486865800912,98,63,41.697929463293626,98,,ok
10-9-4,2,annotation_mask,annotation,reference,external-data/10-9-4_mask.png,775edf7906167ea9e9ba868605a76fc739ed5aa32d5a1c9e3ec9a9a84e402ead,grid_equivalent_v1,unknown,pixel,5,5,10,3795.486865800912,93,63,41.648298801220804,93,,ok
10-9-4,2,annotation_mask,annotation,reference,external-data/10-9-4_mask.png,775edf7906167ea9e9ba868605a76fc739ed5aa32d5a1c9e3ec9a9a84e402ead,grid_equivalent_v1,unknown,pixel,5,5,20,3795.486865800912,82,63,41.62355137991549,82,,ok
10-9-4,2,annotation_mask,annotation,reference,external-data/10-9-4_mask.png,775edf7906167ea9e9ba868605a76fc739ed5aa32d5a1c9e3ec9a9a84e402ead,grid_equivalent_v1,unknown,pixel,5,10,5,3795.486865800912,97,63,41.97533724950133,97,,ok
10-9-4,2,annotation_mask,annotation,reference,external-data/10-9-4_mask.png,775edf7906167ea9e9ba868605a76fc739ed5aa32d5a1c9e3ec9a9a84e402ead,grid_equivalent_v1,unknown,pixel,5,10,10,3795.486865800912,93,63,41.71286590610637,93,,ok
10-9-4,2,annotation_mask,annotation,reference,external-data/10-9-4_mask.png,775edf7906167ea9e9ba868605a76fc739ed5aa32d5a1c9e3ec9a9a84e402ead,grid_equivalent_v1,unknown,pixel,5,10,20,3795.486865800912,79,63,41.522136764797715,79,,ok
10-9-4,2,annotation_mask,annotation,reference,external-data/10-9-4_mask.png,775edf7906167ea9e9ba868605a76fc739ed5aa32d5a1c9e3ec9a9a84e402ead,grid_equivalent_v1,unknown,pixel,5,15,5,3795.486865800912,88,63,43.70959293756411,86,zero_length_angle_vector,ok
10-9-4,2,annotation_mask,annotation,reference,external-data/10-9-4_mask.png,775edf7906167ea9e9ba868605a76fc739ed5aa32d5a1c9e3ec9a9a84e402ead,grid_equivalent_v1,unknown,pixel,5,15,10,3795.486865800912,82,63,43.610163723088185,82,,ok
10-9-4,2,annotation_mask,annotation,reference,external-data/10-9-4_mask.png,775edf7906167ea9e9ba868605a76fc739ed5aa32d5a1c9e3ec9a9a84e402ead,grid_equivalent_v1,unknown,pixel,5,15,20,3795.486865800912,75,63,43.935629264730444,75,,ok
10-9-4,2,annotation_mask,annotation,reference,external-data/10-9-4_mask.png,775edf7906167ea9e9ba868605a76fc739ed5aa32d5a1c9e3ec9a9a84e402ead,grid_equivalent_v1,unknown,pixel,5,20,5,3795.486865800912,85,63,42.9739236415702,85,,ok
10-9-4,2,annotation_mask,annotation,reference,external-data/10-9-4_mask.png,775edf7906167ea9e9ba868605a76fc739ed5aa32d5a1c9e3ec9a9a84e402ead,grid_equivalent_v1,unknown,pixel,5,20,10,3795.486865800912,81,63,43.04235491193347,81,,ok
10-9-4,2,annotation_mask,annotation,reference,external-data/10-9-4_mask.png,775edf7906167ea9e9ba868605a76fc739ed5aa32d5a1c9e3ec9a9a84e402ead,grid_equivalent_v1,unknown,pixel,5,20,20,3795.486865800912,74,63,43.0972428121772,74,,ok
10-9-4,2,annotation_mask,annotation,reference,external-data/10-9-4_mask.png,775edf7906167ea9e9ba868605a76fc739ed5aa32d5a1c9e3ec9a9a84e402ead,grid_equivalent_v1,unknown,pixel,7,5,5,3795.486865800912,104,65,43.29154112859721,104,,ok
10-9-4,2,annotation_mask,annotation,reference,external-data/10-9-4_mask.png,775edf7906167ea9e9ba868605a76fc739ed5aa32d5a1c9e3ec9a9a84e402ead,grid_equivalent_v1,unknown,pixel,7,5,10,3795.486865800912,99,65,43.21239996709751,99,,ok
10-9-4,2,annotation_mask,annotation,reference,external-data/10-9-4_mask.png,775edf7906167ea9e9ba868605a76fc739ed5aa32d5a1c9e3ec9a9a84e402ead,grid_equivalent_v1,unknown,pixel,7,5,20,3795.486865800912,83,65,43.604692555184016,83,,ok
10-9-4,2,annotation_mask,annotation,reference,external-data/10-9-4_mask.png,775edf7906167ea9e9ba868605a76fc739ed5aa32d5a1c9e3ec9a9a84e402ead,grid_equivalent_v1,unknown,pixel,7,10,5,3795.486865800912,101,63,43.83872103030706,101,,ok
10-9-4,2,annotation_mask,annotation,reference,external-data/10-9-4_mask.png,775edf7906167ea9e9ba868605a76fc739ed5aa32d5a1c9e3ec9a9a84e402ead,grid_equivalent_v1,unknown,pixel,7,10,10,3795.486865800912,98,63,43.57480294907197,98,,ok
10-9-4,2,annotation_mask,annotation,reference,external-data/10-9-4_mask.png,775edf7906167ea9e9ba868605a76fc739ed5aa32d5a1c9e3ec9a9a84e402ead,grid_equivalent_v1,unknown,pixel,7,10,20,3795.486865800912,82,63,43.693048136665276,82,,ok
10-9-4,2,annotation_mask,annotation,reference,external-data/10-9-4_mask.png,775edf7906167ea9e9ba868605a76fc739ed5aa32d5a1c9e3ec9a9a84e402ead,grid_equivalent_v1,unknown,pixel,7,15,5,3795.486865800912,94,63,44.23966387053297,93,zero_length_angle_vector,ok
10-9-4,2,annotation_mask,annotation,reference,external-data/10-9-4_mask.png,775edf7906167ea9e9ba868605a76fc739ed5aa32d5a1c9e3ec9a9a84e402ead,grid_equivalent_v1,unknown,pixel,7,15,10,3795.486865800912,92,63,44.17493816360686,92,,ok
10-9-4,2,annotation_mask,annotation,reference,external-data/10-9-4_mask.png,775edf7906167ea9e9ba868605a76fc739ed5aa32d5a1c9e3ec9a9a84e402ead,grid_equivalent_v1,unknown,pixel,7,15,20,3795.486865800912,78,63,45.20374461825988,78,,ok
10-9-4,2,annotation_mask,annotation,reference,external-data/10-9-4_mask.png,775edf7906167ea9e9ba868605a76fc739ed5aa32d5a1c9e3ec9a9a84e402ead,grid_equivalent_v1,unknown,pixel,7,20,5,3795.486865800912,93,63,44.25882616061952,93,,ok
10-9-4,2,annotation_mask,annotation,reference,external-data/10-9-4_mask.png,775edf7906167ea9e9ba868605a76fc739ed5aa32d5a1c9e3ec9a9a84e402ead,grid_equivalent_v1,unknown,pixel,7,20,10,3795.486865800912,91,63,44.58096593722918,91,,ok
10-9-4,2,annotation_mask,annotation,reference,external-data/10-9-4_mask.png,775edf7906167ea9e9ba868605a76fc739ed5aa32d5a1c9e3ec9a9a84e402ead,grid_equivalent_v1,unknown,pixel,7,20,20,3795.486865800912,78,63,45.17769356882089,78,,ok
235-10-11(1),3,annotation_mask,annotation,reference,external-data/235-10-11(1)_mask.png,9d52d033268cd4a5d237049ac4f43033746bfe49685933fe46cc01355c7ffcc7,grid_equivalent_v1,unknown,pixel,3,5,5,2994.397328557098,42,30,51.19864553005662,39,zero_length_angle_vector,ok
235-10-11(1),3,annotation_mask,annotation,reference,external-data/235-10-11(1)_mask.png,9d52d033268cd4a5d237049ac4f43033746bfe49685933fe46cc01355c7ffcc7,grid_equivalent_v1,unknown,pixel,3,5,10,2994.397328557098,39,30,51.19864553005662,39,,ok
235-10-11(1),3,annotation_mask,annotation,reference,external-data/235-10-11(1)_mask.png,9d52d033268cd4a5d237049ac4f43033746bfe49685933fe46cc01355c7ffcc7,grid_equivalent_v1,unknown,pixel,3,5,20,2994.397328557098,34,30,52.940498332335345,34,,ok
235-10-11(1),3,annotation_mask,annotation,reference,external-data/235-10-11(1)_mask.png,9d52d033268cd4a5d237049ac4f43033746bfe49685933fe46cc01355c7ffcc7,grid_equivalent_v1,unknown,pixel,3,10,5,2994.397328557098,41,30,50.59887564585315,39,zero_length_angle_vector,ok
235-10-11(1),3,annotation_mask,annotation,reference,external-data/235-10-11(1)_mask.png,9d52d033268cd4a5d237049ac4f43033746bfe49685933fe46cc01355c7ffcc7,grid_equivalent_v1,unknown,pixel,3,10,10,2994.397328557098,39,30,50.59887564585315,39,,ok
235-10-11(1),3,annotation_mask,annotation,reference,external-data/235-10-11(1)_mask.png,9d52d033268cd4a5d237049ac4f43033746bfe49685933fe46cc01355c7ffcc7,grid_equivalent_v1,unknown,pixel,3,10,20,2994.397328557098,34,30,52.25252699457253,34,,ok
235-10-11(1),3,annotation_mask,annotation,reference,external-data/235-10-11(1)_mask.png,9d52d033268cd4a5d237049ac4f43033746bfe49685933fe46cc01355c7ffcc7,grid_equivalent_v1,unknown,pixel,3,15,5,2994.397328557098,41,30,50.346613140150644,39,zero_length_angle_vector,ok
235-10-11(1),3,annotation_mask,annotation,reference,external-data/235-10-11(1)_mask.png,9d52d033268cd4a5d237049ac4f43033746bfe49685933fe46cc01355c7ffcc7,grid_equivalent_v1,unknown,pixel,3,15,10,2994.397328557098,39,30,50.346613140150644,39,,ok
235-10-11(1),3,annotation_mask,annotation,reference,external-data/235-10-11(1)_mask.png,9d52d033268cd4a5d237049ac4f43033746bfe49685933fe46cc01355c7ffcc7,grid_equivalent_v1,unknown,pixel,3,15,20,2994.397328557098,32,30,50.64649630274368,32,,ok
235-10-11(1),3,annotation_mask,annotation,reference,external-data/235-10-11(1)_mask.png,9d52d033268cd4a5d237049ac4f43033746bfe49685933fe46cc01355c7ffcc7,grid_equivalent_v1,unknown,pixel,3,20,5,2994.397328557098,40,30,48.73919111913009,37,zero_length_angle_vector,ok
235-10-11(1),3,annotation_mask,annotation,reference,external-data/235-10-11(1)_mask.png,9d52d033268cd4a5d237049ac4f43033746bfe49685933fe46cc01355c7ffcc7,grid_equivalent_v1,unknown,pixel,3,20,10,2994.397328557098,37,30,48.73919111913009,37,,ok
235-10-11(1),3,annotation_mask,annotation,reference,external-data/235-10-11(1)_mask.png,9d52d033268cd4a5d237049ac4f43033746bfe49685933fe46cc01355c7ffcc7,grid_equivalent_v1,unknown,pixel,3,20,20,2994.397328557098,31,30,49.658499781062076,31,,ok
235-10-11(1),3,annotation_mask,annotation,reference,external-data/235-10-11(1)_mask.png,9d52d033268cd4a5d237049ac4f43033746bfe49685933fe46cc01355c7ffcc7,grid_equivalent_v1,unknown,pixel,5,5,5,2994.397328557098,43,31,53.41748906563802,42,zero_length_angle_vector,ok
235-10-11(1),3,annotation_mask,annotation,reference,external-data/235-10-11(1)_mask.png,9d52d033268cd4a5d237049ac4f43033746bfe49685933fe46cc01355c7ffcc7,grid_equivalent_v1,unknown,pixel,5,5,10,2994.397328557098,40,31,54.09063994989215,40,,ok
235-10-11(1),3,annotation_mask,annotation,reference,external-data/235-10-11(1)_mask.png,9d52d033268cd4a5d237049ac4f43033746bfe49685933fe46cc01355c7ffcc7,grid_equivalent_v1,unknown,pixel,5,5,20,2994.397328557098,34,31,54.497995372930156,34,,ok
235-10-11(1),3,annotation_mask,annotation,reference,external-data/235-10-11(1)_mask.png,9d52d033268cd4a5d237049ac4f43033746bfe49685933fe46cc01355c7ffcc7,grid_equivalent_v1,unknown,pixel,5,10,5,2994.397328557098,41,31,53.28776846938286,39,zero_length_angle_vector,ok
235-10-11(1),3,annotation_mask,annotation,reference,external-data/235-10-11(1)_mask.png,9d52d033268cd4a5d237049ac4f43033746bfe49685933fe46cc01355c7ffcc7,grid_equivalent_v1,unknown,pixel,5,10,10,2994.397328557098,39,31,53.28776846938286,39,,ok
235-10-11(1),3,annotation_mask,annotation,reference,external-data/235-10-11(1)_mask.png,9d52d033268cd4a5d237049ac4f43033746bfe49685933fe46cc01355c7ffcc7,grid_equivalent_v1,unknown,pixel,5,10,20,2994.397328557098,34,31,54.341263808329984,34,,ok
235-10-11(1),3,annotation_mask,annotation,reference,external-data/235-10-11(1)_mask.png,9d52d033268cd4a5d237049ac4f43033746bfe49685933fe46cc01355c7ffcc7,grid_equivalent_v1,unknown,pixel,5,15,5,2994.397328557098,40,31,53.361302278251465,39,zero_length_angle_vector,ok
235-10-11(1),3,annotation_mask,annotation,reference,external-data/235-10-11(1)_mask.png,9d52d033268cd4a5d237049ac4f43033746bfe49685933fe46cc01355c7ffcc7,grid_equivalent_v1,unknown,pixel,5,15,10,2994.397328557098,39,31,53.361302278251465,39,,ok
235-10-11(1),3,annotation_mask,annotation,reference,external-data/235-10-11(1)_mask.png,9d52d033268cd4a5d237049ac4f43033746bfe49685933fe46cc01355c7ffcc7,grid_equivalent_v1,unknown,pixel,5,15,20,2994.397328557098,33,31,53.78699863017114,33,,ok
235-10-11(1),3,annotation_mask,annotation,reference,external-data/235-10-11(1)_mask.png,9d52d033268cd4a5d237049ac4f43033746bfe49685933fe46cc01355c7ffcc7,grid_equivalent_v1,unknown,pixel,5,20,5,2994.397328557098,39,31,52.459891222894264,38,zero_length_angle_vector,ok
235-10-11(1),3,annotation_mask,annotation,reference,external-data/235-10-11(1)_mask.png,9d52d033268cd4a5d237049ac4f43033746bfe49685933fe46cc01355c7ffcc7,grid_equivalent_v1,unknown,pixel,5,20,10,2994.397328557098,38,31,52.459891222894264,38,,ok
235-10-11(1),3,annotation_mask,annotation,reference,external-data/235-10-11(1)_mask.png,9d52d033268cd4a5d237049ac4f43033746bfe49685933fe46cc01355c7ffcc7,grid_equivalent_v1,unknown,pixel,5,20,20,2994.397328557098,32,31,52.623424645588365,32,,ok
235-10-11(1),3,annotation_mask,annotation,reference,external-data/235-10-11(1)_mask.png,9d52d033268cd4a5d237049ac4f43033746bfe49685933fe46cc01355c7ffcc7,grid_equivalent_v1,unknown,pixel,7,5,5,2994.397328557098,49,39,52.8530937133775,48,zero_length_angle_vector,ok
235-10-11(1),3,annotation_mask,annotation,reference,external-data/235-10-11(1)_mask.png,9d52d033268cd4a5d237049ac4f43033746bfe49685933fe46cc01355c7ffcc7,grid_equivalent_v1,unknown,pixel,7,5,10,2994.397328557098,46,39,52.714506048053074,46,,ok
235-10-11(1),3,annotation_mask,annotation,reference,external-data/235-10-11(1)_mask.png,9d52d033268cd4a5d237049ac4f43033746bfe49685933fe46cc01355c7ffcc7,grid_equivalent_v1,unknown,pixel,7,5,20,2994.397328557098,39,39,55.651443864221584,39,,ok
235-10-11(1),3,annotation_mask,annotation,reference,external-data/235-10-11(1)_mask.png,9d52d033268cd4a5d237049ac4f43033746bfe49685933fe46cc01355c7ffcc7,grid_equivalent_v1,unknown,pixel,7,10,5,2994.397328557098,49,39,53.16622067510298,46,zero_length_angle_vector,ok
235-10-11(1),3,annotation_mask,annotation,reference,external-data/235-10-11(1)_mask.png,9d52d033268cd4a5d237049ac4f43033746bfe49685933fe46cc01355c7ffcc7,grid_equivalent_v1,unknown,pixel,7,10,10,2994.397328557098,44,39,53.03556661416041,44,,ok
235-10-11(1),3,annotation_mask,annotation,reference,external-data/235-10-11(1)_mask.png,9d52d033268cd4a5d237049ac4f43033746bfe49685933fe46cc01355c7ffcc7,grid_equivalent_v1,unknown,pixel,7,10,20,2994.397328557098,39,39,55.55055201662237,39,,ok
235-10-11(1),3,annotation_mask,annotation,reference,external-data/235-10-11(1)_mask.png,9d52d033268cd4a5d237049ac4f43033746bfe49685933fe46cc01355c7ffcc7,grid_equivalent_v1,unknown,pixel,7,15,5,2994.397328557098,47,39,53.1026341979474,46,zero_length_angle_vector,ok
235-10-11(1),3,annotation_mask,annotation,reference,external-data/235-10-11(1)_mask.png,9d52d033268cd4a5d237049ac4f43033746bfe49685933fe46cc01355c7ffcc7,grid_equivalent_v1,unknown,pixel,7,15,10,2994.397328557098,44,39,52.969089842588666,44,,ok
235-10-11(1),3,annotation_mask,annotation,reference,external-data/235-10-11(1)_mask.png,9d52d033268cd4a5d237049ac4f43033746bfe49685933fe46cc01355c7ffcc7,grid_equivalent_v1,unknown,pixel,7,15,20,2994.397328557098,37,39,54.32533925526237,37,,ok
235-10-11(1),3,annotation_mask,annotation,reference,external-data/235-10-11(1)_mask.png,9d52d033268cd4a5d237049ac4f43033746bfe49685933fe46cc01355c7ffcc7,grid_equivalent_v1,unknown,pixel,7,20,5,2994.397328557098,46,39,52.51681522553949,45,zero_length_angle_vector,ok
235-10-11(1),3,annotation_mask,annotation,reference,external-data/235-10-11(1)_mask.png,9d52d033268cd4a5d237049ac4f43033746bfe49685933fe46cc01355c7ffcc7,grid_equivalent_v1,unknown,pixel,7,20,10,2994.397328557098,43,39,52.35291779343251,43,,ok
235-10-11(1),3,annotation_mask,annotation,reference,external-data/235-10-11(1)_mask.png,9d52d033268cd4a5d237049ac4f43033746bfe49685933fe46cc01355c7ffcc7,grid_equivalent_v1,unknown,pixel,7,20,20,2994.397328557098,37,39,54.218186424914904,37,,ok
235-10-11(2),1,annotation_mask,annotation,reference,external-data/235-10-11(2)_mask.png,5b712c674961fc82b6cbf219207fe1d3e1b0be3e2a6b4ba1f8eea53b3cdecde8,grid_equivalent_v1,unknown,pixel,3,5,5,2805.9057710597435,48,31,50.228506118759135,46,zero_length_angle_vector,ok
235-10-11(2),1,annotation_mask,annotation,reference,external-data/235-10-11(2)_mask.png,5b712c674961fc82b6cbf219207fe1d3e1b0be3e2a6b4ba1f8eea53b3cdecde8,grid_equivalent_v1,unknown,pixel,3,5,10,2805.9057710597435,41,31,51.208476217825535,41,,ok
235-10-11(2),1,annotation_mask,annotation,reference,external-data/235-10-11(2)_mask.png,5b712c674961fc82b6cbf219207fe1d3e1b0be3e2a6b4ba1f8eea53b3cdecde8,grid_equivalent_v1,unknown,pixel,3,5,20,2805.9057710597435,34,31,49.05844318740387,34,,ok
235-10-11(2),1,annotation_mask,annotation,reference,external-data/235-10-11(2)_mask.png,5b712c674961fc82b6cbf219207fe1d3e1b0be3e2a6b4ba1f8eea53b3cdecde8,grid_equivalent_v1,unknown,pixel,3,10,5,2805.9057710597435,44,30,47.97725645547906,44,,ok
235-10-11(2),1,annotation_mask,annotation,reference,external-data/235-10-11(2)_mask.png,5b712c674961fc82b6cbf219207fe1d3e1b0be3e2a6b4ba1f8eea53b3cdecde8,grid_equivalent_v1,unknown,pixel,3,10,10,2805.9057710597435,41,30,48.90952795639177,41,,ok
235-10-11(2),1,annotation_mask,annotation,reference,external-data/235-10-11(2)_mask.png,5b712c674961fc82b6cbf219207fe1d3e1b0be3e2a6b4ba1f8eea53b3cdecde8,grid_equivalent_v1,unknown,pixel,3,10,20,2805.9057710597435,34,30,46.79907348562521,34,,ok
235-10-11(2),1,annotation_mask,annotation,reference,external-data/235-10-11(2)_mask.png,5b712c674961fc82b6cbf219207fe1d3e1b0be3e2a6b4ba1f8eea53b3cdecde8,grid_equivalent_v1,unknown,pixel,3,15,5,2805.9057710597435,44,30,46.94695369576695,44,,ok
235-10-11(2),1,annotation_mask,annotation,reference,external-data/235-10-11(2)_mask.png,5b712c674961fc82b6cbf219207fe1d3e1b0be3e2a6b4ba1f8eea53b3cdecde8,grid_equivalent_v1,unknown,pixel,3,15,10,2805.9057710597435,36,30,45.222362497002,36,,ok
235-10-11(2),1,annotation_mask,annotation,reference,external-data/235-10-11(2)_mask.png,5b712c674961fc82b6cbf219207fe1d3e1b0be3e2a6b4ba1f8eea53b3cdecde8,grid_equivalent_v1,unknown,pixel,3,15,20,2805.9057710597435,33,30,47.072374147241014,33,,ok
235-10-11(2),1,annotation_mask,annotation,reference,external-data/235-10-11(2)_mask.png,5b712c674961fc82b6cbf219207fe1d3e1b0be3e2a6b4ba1f8eea53b3cdecde8,grid_equivalent_v1,unknown,pixel,3,20,5,2805.9057710597435,39,30,44.58454172083962,39,,ok
235-10-11(2),1,annotation_mask,annotation,reference,external-data/235-10-11(2)_mask.png,5b712c674961fc82b6cbf219207fe1d3e1b0be3e2a6b4ba1f8eea53b3cdecde8,grid_equivalent_v1,unknown,pixel,3,20,10,2805.9057710597435,36,30,45.36356914677027,36,,ok
235-10-11(2),1,annotation_mask,annotation,reference,external-data/235-10-11(2)_mask.png,5b712c674961fc82b6cbf219207fe1d3e1b0be3e2a6b4ba1f8eea53b3cdecde8,grid_equivalent_v1,unknown,pixel,3,20,20,2805.9057710597435,33,30,47.15097676753369,33,,ok
235-10-11(2),1,annotation_mask,annotation,reference,external-data/235-10-11(2)_mask.png,5b712c674961fc82b6cbf219207fe1d3e1b0be3e2a6b4ba1f8eea53b3cdecde8,grid_equivalent_v1,unknown,pixel,5,5,5,2805.9057710597435,53,32,42.967274841643906,52,zero_length_angle_vector,ok
235-10-11(2),1,annotation_mask,annotation,reference,external-data/235-10-11(2)_mask.png,5b712c674961fc82b6cbf219207fe1d3e1b0be3e2a6b4ba1f8eea53b3cdecde8,grid_equivalent_v1,unknown,pixel,5,5,10,2805.9057710597435,50,32,43.83575689374964,50,,ok
235-10-11(2),1,annotation_mask,annotation,reference,external-data/235-10-11(2)_mask.png,5b712c674961fc82b6cbf219207fe1d3e1b0be3e2a6b4ba1f8eea53b3cdecde8,grid_equivalent_v1,unknown,pixel,5,5,20,2805.9057710597435,40,32,42.36291469905041,40,,ok
235-10-11(2),1,annotation_mask,annotation,reference,external-data/235-10-11(2)_mask.png,5b712c674961fc82b6cbf219207fe1d3e1b0be3e2a6b4ba1f8eea53b3cdecde8,grid_equivalent_v1,unknown,pixel,5,10,5,2805.9057710597435,51,32,43.38382935614003,51,,ok
235-10-11(2),1,annotation_mask,annotation,reference,external-data/235-10-11(2)_mask.png,5b712c674961fc82b6cbf219207fe1d3e1b0be3e2a6b4ba1f8eea53b3cdecde8,grid_equivalent_v1,unknown,pixel,5,10,10,2805.9057710597435,48,32,43.49257053250002,48,,ok
235-10-11(2),1,annotation_mask,annotation,reference,external-data/235-10-11(2)_mask.png,5b712c674961fc82b6cbf219207fe1d3e1b0be3e2a6b4ba1f8eea53b3cdecde8,grid_equivalent_v1,unknown,pixel,5,10,20,2805.9057710597435,40,32,42.69571480697408,40,,ok
235-10-11(2),1,annotation_mask,annotation,reference,external-data/235-10-11(2)_mask.png,5b712c674961fc82b6cbf219207fe1d3e1b0be3e2a6b4ba1f8eea53b3cdecde8,grid_equivalent_v1,unknown,pixel,5,15,5,2805.9057710597435,49,32,42.701409925872156,49,,ok
235-10-11(2),1,annotation_mask,annotation,reference,external-data/235-10-11(2)_mask.png,5b712c674961fc82b6cbf219207fe1d3e1b0be3e2a6b4ba1f8eea53b3cdecde8,grid_equivalent_v1,unknown,pixel,5,15,10,2805.9057710597435,44,32,43.25362958365755,44,,ok
235-10-11(2),1,annotation_mask,annotation,reference,external-data/235-10-11(2)_mask.png,5b712c674961fc82b6cbf219207fe1d3e1b0be3e2a6b4ba1f8eea53b3cdecde8,grid_equivalent_v1,unknown,pixel,5,15,20,2805.9057710597435,39,32,42.57901343078646,39,,ok
235-10-11(2),1,annotation_mask,annotation,reference,external-data/235-10-11(2)_mask.png,5b712c674961fc82b6cbf219207fe1d3e1b0be3e2a6b4ba1f8eea53b3cdecde8,grid_equivalent_v1,unknown,pixel,5,20,5,2805.9057710597435,45,32,43.09725524394555,45,,ok
235-10-11(2),1,annotation_mask,annotation,reference,external-data/235-10-11(2)_mask.png,5b712c674961fc82b6cbf219207fe1d3e1b0be3e2a6b4ba1f8eea53b3cdecde8,grid_equivalent_v1,unknown,pixel,5,20,10,2805.9057710597435,44,32,43.47298715455617,44,,ok
235-10-11(2),1,annotation_mask,annotation,reference,external-data/235-10-11(2)_mask.png,5b712c674961fc82b6cbf219207fe1d3e1b0be3e2a6b4ba1f8eea53b3cdecde8,grid_equivalent_v1,unknown,pixel,5,20,20,2805.9057710597435,39,32,42.82649376718491,39,,ok
235-10-11(2),1,annotation_mask,annotation,reference,external-data/235-10-11(2)_mask.png,5b712c674961fc82b6cbf219207fe1d3e1b0be3e2a6b4ba1f8eea53b3cdecde8,grid_equivalent_v1,unknown,pixel,7,5,5,2805.9057710597435,53,33,42.078354810543274,52,zero_length_angle_vector,ok
235-10-11(2),1,annotation_mask,annotation,reference,external-data/235-10-11(2)_mask.png,5b712c674961fc82b6cbf219207fe1d3e1b0be3e2a6b4ba1f8eea53b3cdecde8,grid_equivalent_v1,unknown,pixel,7,5,10,2805.9057710597435,50,33,42.96537758111971,50,,ok
235-10-11(2),1,annotation_mask,annotation,reference,external-data/235-10-11(2)_mask.png,5b712c674961fc82b6cbf219207fe1d3e1b0be3e2a6b4ba1f8eea53b3cdecde8,grid_equivalent_v1,unknown,pixel,7,5,20,2805.9057710597435,41,33,42.53051616536597,41,,ok
235-10-11(2),1,annotation_mask,annotation,reference,external-data/235-10-11(2)_mask.png,5b712c674961fc82b6cbf219207fe1d3e1b0be3e2a6b4ba1f8eea53b3cdecde8,grid_equivalent_v1,unknown,pixel,7,10,5,2805.9057710597435,51,33,42.85072762189041,51,,ok
235-10-11(2),1,annotation_mask,annotation,reference,external-data/235-10-11(2)_mask.png,5b712c674961fc82b6cbf219207fe1d3e1b0be3e2a6b4ba1f8eea53b3cdecde8,grid_equivalent_v1,unknown,pixel,7,10,10,2805.9057710597435,48,33,42.69942774305523,48,,ok
235-10-11(2),1,annotation_mask,annotation,reference,external-data/235-10-11(2)_mask.png,5b712c674961fc82b6cbf219207fe1d3e1b0be3e2a6b4ba1f8eea53b3cdecde8,grid_equivalent_v1,unknown,pixel,7,10,20,2805.9057710597435,41,33,42.85519919748662,41,,ok
235-10-11(2),1,annotation_mask,annotation,reference,external-data/235-10-11(2)_mask.png,5b712c674961fc82b6cbf219207fe1d3e1b0be3e2a6b4ba1f8eea53b3cdecde8,grid_equivalent_v1,unknown,pixel,7,15,5,2805.9057710597435,49,33,42.492414080406576,49,,ok
235-10-11(2),1,annotation_mask,annotation,reference,external-data/235-10-11(2)_mask.png,5b712c674961fc82b6cbf219207fe1d3e1b0be3e2a6b4ba1f8eea53b3cdecde8,grid_equivalent_v1,unknown,pixel,7,15,10,2805.9057710597435,45,33,42.746890716495116,45,,ok
235-10-11(2),1,annotation_mask,annotation,reference,external-data/235-10-11(2)_mask.png,5b712c674961fc82b6cbf219207fe1d3e1b0be3e2a6b4ba1f8eea53b3cdecde8,grid_equivalent_v1,unknown,pixel,7,15,20,2805.9057710597435,40,33,42.482482704655716,40,,ok
235-10-11(2),1,annotation_mask,annotation,reference,external-data/235-10-11(2)_mask.png,5b712c674961fc82b6cbf219207fe1d3e1b0be3e2a6b4ba1f8eea53b3cdecde8,grid_equivalent_v1,unknown,pixel,7,20,5,2805.9057710597435,45,32,43.45686607196905,45,,ok
235-10-11(2),1,annotation_mask,annotation,reference,external-data/235-10-11(2)_mask.png,5b712c674961fc82b6cbf219207fe1d3e1b0be3e2a6b4ba1f8eea53b3cdecde8,grid_equivalent_v1,unknown,pixel,7,20,10,2805.9057710597435,44,32,43.840770955943846,44,,ok
235-10-11(2),1,annotation_mask,annotation,reference,external-data/235-10-11(2)_mask.png,5b712c674961fc82b6cbf219207fe1d3e1b0be3e2a6b4ba1f8eea53b3cdecde8,grid_equivalent_v1,unknown,pixel,7,20,20,2805.9057710597435,39,32,43.70982430783276,39,,ok
235-10-11(3),1,annotation_mask,annotation,reference,external-data/235-10-11(3)_mask.png,fa60085f010979fe70bd85f42f583537392b69473bae643033aaace4f1bfd685,grid_equivalent_v1,unknown,pixel,3,5,5,3903.799348810616,239,177,55.63296232690379,230,zero_length_angle_vector,ok
235-10-11(3),1,annotation_mask,annotation,reference,external-data/235-10-11(3)_mask.png,fa60085f010979fe70bd85f42f583537392b69473bae643033aaace4f1bfd685,grid_equivalent_v1,unknown,pixel,3,5,10,3903.799348810616,209,177,57.10198711821496,208,zero_length_angle_vector,ok
235-10-11(3),1,annotation_mask,annotation,reference,external-data/235-10-11(3)_mask.png,fa60085f010979fe70bd85f42f583537392b69473bae643033aaace4f1bfd685,grid_equivalent_v1,unknown,pixel,3,5,20,3903.799348810616,182,177,58.23341088081602,181,zero_length_angle_vector,ok
235-10-11(3),1,annotation_mask,annotation,reference,external-data/235-10-11(3)_mask.png,fa60085f010979fe70bd85f42f583537392b69473bae643033aaace4f1bfd685,grid_equivalent_v1,unknown,pixel,3,10,5,3903.799348810616,228,176,56.333189912884244,221,zero_length_angle_vector,ok
235-10-11(3),1,annotation_mask,annotation,reference,external-data/235-10-11(3)_mask.png,fa60085f010979fe70bd85f42f583537392b69473bae643033aaace4f1bfd685,grid_equivalent_v1,unknown,pixel,3,10,10,3903.799348810616,203,176,57.224688278795945,202,zero_length_angle_vector,ok
235-10-11(3),1,annotation_mask,annotation,reference,external-data/235-10-11(3)_mask.png,fa60085f010979fe70bd85f42f583537392b69473bae643033aaace4f1bfd685,grid_equivalent_v1,unknown,pixel,3,10,20,3903.799348810616,180,176,58.12259310233762,179,zero_length_angle_vector,ok
235-10-11(3),1,annotation_mask,annotation,reference,external-data/235-10-11(3)_mask.png,fa60085f010979fe70bd85f42f583537392b69473bae643033aaace4f1bfd685,grid_equivalent_v1,unknown,pixel,3,15,5,3903.799348810616,222,176,56.34439572016427,217,zero_length_angle_vector,ok
235-10-11(3),1,annotation_mask,annotation,reference,external-data/235-10-11(3)_mask.png,fa60085f010979fe70bd85f42f583537392b69473bae643033aaace4f1bfd685,grid_equivalent_v1,unknown,pixel,3,15,10,3903.799348810616,200,176,57.422963476281076,199,zero_length_angle_vector,ok
235-10-11(3),1,annotation_mask,annotation,reference,external-data/235-10-11(3)_mask.png,fa60085f010979fe70bd85f42f583537392b69473bae643033aaace4f1bfd685,grid_equivalent_v1,unknown,pixel,3,15,20,3903.799348810616,176,176,57.998684876296736,175,zero_length_angle_vector,ok
235-10-11(3),1,annotation_mask,annotation,reference,external-data/235-10-11(3)_mask.png,fa60085f010979fe70bd85f42f583537392b69473bae643033aaace4f1bfd685,grid_equivalent_v1,unknown,pixel,3,20,5,3903.799348810616,219,176,56.24751497351958,214,zero_length_angle_vector,ok
235-10-11(3),1,annotation_mask,annotation,reference,external-data/235-10-11(3)_mask.png,fa60085f010979fe70bd85f42f583537392b69473bae643033aaace4f1bfd685,grid_equivalent_v1,unknown,pixel,3,20,10,3903.799348810616,199,176,57.25960335023085,198,zero_length_angle_vector,ok
235-10-11(3),1,annotation_mask,annotation,reference,external-data/235-10-11(3)_mask.png,fa60085f010979fe70bd85f42f583537392b69473bae643033aaace4f1bfd685,grid_equivalent_v1,unknown,pixel,3,20,20,3903.799348810616,175,176,57.708055745741675,174,zero_length_angle_vector,ok
235-10-11(3),1,annotation_mask,annotation,reference,external-data/235-10-11(3)_mask.png,fa60085f010979fe70bd85f42f583537392b69473bae643033aaace4f1bfd685,grid_equivalent_v1,unknown,pixel,5,5,5,3903.799348810616,227,174,57.18881114211691,221,zero_length_angle_vector,ok
235-10-11(3),1,annotation_mask,annotation,reference,external-data/235-10-11(3)_mask.png,fa60085f010979fe70bd85f42f583537392b69473bae643033aaace4f1bfd685,grid_equivalent_v1,unknown,pixel,5,5,10,3903.799348810616,200,174,58.76762694983102,199,zero_length_angle_vector,ok
235-10-11(3),1,annotation_mask,annotation,reference,external-data/235-10-11(3)_mask.png,fa60085f010979fe70bd85f42f583537392b69473bae643033aaace4f1bfd685,grid_equivalent_v1,unknown,pixel,5,5,20,3903.799348810616,180,174,60.12720639718402,179,zero_length_angle_vector,ok
235-10-11(3),1,annotation_mask,annotation,reference,external-data/235-10-11(3)_mask.png,fa60085f010979fe70bd85f42f583537392b69473bae643033aaace4f1bfd685,grid_equivalent_v1,unknown,pixel,5,10,5,3903.799348810616,220,172,58.01109409452725,217,zero_length_angle_vector,ok
235-10-11(3),1,annotation_mask,annotation,reference,external-data/235-10-11(3)_mask.png,fa60085f010979fe70bd85f42f583537392b69473bae643033aaace4f1bfd685,grid_equivalent_v1,unknown,pixel,5,10,10,3903.799348810616,198,172,59.25949027069794,197,zero_length_angle_vector,ok
235-10-11(3),1,annotation_mask,annotation,reference,external-data/235-10-11(3)_mask.png,fa60085f010979fe70bd85f42f583537392b69473bae643033aaace4f1bfd685,grid_equivalent_v1,unknown,pixel,5,10,20,3903.799348810616,179,172,60.430631915233576,178,zero_length_angle_vector,ok
235-10-11(3),1,annotation_mask,annotation,reference,external-data/235-10-11(3)_mask.png,fa60085f010979fe70bd85f42f583537392b69473bae643033aaace4f1bfd685,grid_equivalent_v1,unknown,pixel,5,15,5,3903.799348810616,217,171,58.324388007578634,214,zero_length_angle_vector,ok
235-10-11(3),1,annotation_mask,annotation,reference,external-data/235-10-11(3)_mask.png,fa60085f010979fe70bd85f42f583537392b69473bae643033aaace4f1bfd685,grid_equivalent_v1,unknown,pixel,5,15,10,3903.799348810616,195,171,59.57250840324565,194,zero_length_angle_vector,ok
235-10-11(3),1,annotation_mask,annotation,reference,external-data/235-10-11(3)_mask.png,fa60085f010979fe70bd85f42f583537392b69473bae643033aaace4f1bfd685,grid_equivalent_v1,unknown,pixel,5,15,20,3903.799348810616,175,171,60.47937281076538,174,zero_length_angle_vector,ok
235-10-11(3),1,annotation_mask,annotation,reference,external-data/235-10-11(3)_mask.png,fa60085f010979fe70bd85f42f583537392b69473bae643033aaace4f1bfd685,grid_equivalent_v1,unknown,pixel,5,20,5,3903.799348810616,214,171,58.19713041534086,212,zero_length_angle_vector,ok
235-10-11(3),1,annotation_mask,annotation,reference,external-data/235-10-11(3)_mask.png,fa60085f010979fe70bd85f42f583537392b69473bae643033aaace4f1bfd685,grid_equivalent_v1,unknown,pixel,5,20,10,3903.799348810616,193,171,59.449695134487605,192,zero_length_angle_vector,ok
235-10-11(3),1,annotation_mask,annotation,reference,external-data/235-10-11(3)_mask.png,fa60085f010979fe70bd85f42f583537392b69473bae643033aaace4f1bfd685,grid_equivalent_v1,unknown,pixel,5,20,20,3903.799348810616,173,171,60.11488072498323,172,zero_length_angle_vector,ok
235-10-11(3),1,annotation_mask,annotation,reference,external-data/235-10-11(3)_mask.png,fa60085f010979fe70bd85f42f583537392b69473bae643033aaace4f1bfd685,grid_equivalent_v1,unknown,pixel,7,5,5,3903.799348810616,231,182,58.40993552233204,220,zero_length_angle_vector,ok
235-10-11(3),1,annotation_mask,annotation,reference,external-data/235-10-11(3)_mask.png,fa60085f010979fe70bd85f42f583537392b69473bae643033aaace4f1bfd685,grid_equivalent_v1,unknown,pixel,7,5,10,3903.799348810616,204,182,59.70272428565137,203,zero_length_angle_vector,ok
235-10-11(3),1,annotation_mask,annotation,reference,external-data/235-10-11(3)_mask.png,fa60085f010979fe70bd85f42f583537392b69473bae643033aaace4f1bfd685,grid_equivalent_v1,unknown,pixel,7,5,20,3903.799348810616,179,182,60.69739039899822,178,zero_length_angle_vector,ok
235-10-11(3),1,annotation_mask,annotation,reference,external-data/235-10-11(3)_mask.png,fa60085f010979fe70bd85f42f583537392b69473bae643033aaace4f1bfd685,grid_equivalent_v1,unknown,pixel,7,10,5,3903.799348810616,223,181,58.64729646585069,218,zero_length_angle_vector,ok
235-10-11(3),1,annotation_mask,annotation,reference,external-data/235-10-11(3)_mask.png,fa60085f010979fe70bd85f42f583537392b69473bae643033aaace4f1bfd685,grid_equivalent_v1,unknown,pixel,7,10,10,3903.799348810616,204,181,59.646293805797605,203,zero_length_angle_vector,ok
235-10-11(3),1,annotation_mask,annotation,reference,external-data/235-10-11(3)_mask.png,fa60085f010979fe70bd85f42f583537392b69473bae643033aaace4f1bfd685,grid_equivalent_v1,unknown,pixel,7,10,20,3903.799348810616,178,181,60.45705323610402,177,zero_length_angle_vector,ok
235-10-11(3),1,annotation_mask,annotation,reference,external-data/235-10-11(3)_mask.png,fa60085f010979fe70bd85f42f583537392b69473bae643033aaace4f1bfd685,grid_equivalent_v1,unknown,pixel,7,15,5,3903.799348810616,223,180,58.86780719183353,217,zero_length_angle_vector,ok
235-10-11(3),1,annotation_mask,annotation,reference,external-data/235-10-11(3)_mask.png,fa60085f010979fe70bd85f42f583537392b69473bae643033aaace4f1bfd685,grid_equivalent_v1,unknown,pixel,7,15,10,3903.799348810616,201,180,59.70568904530606,200,zero_length_angle_vector,ok
235-10-11(3),1,annotation_mask,annotation,reference,external-data/235-10-11(3)_mask.png,fa60085f010979fe70bd85f42f583537392b69473bae643033aaace4f1bfd685,grid_equivalent_v1,unknown,pixel,7,15,20,3903.799348810616,175,180,60.37683244339195,174,zero_length_angle_vector,ok
235-10-11(3),1,annotation_mask,annotation,reference,external-data/235-10-11(3)_mask.png,fa60085f010979fe70bd85f42f583537392b69473bae643033aaace4f1bfd685,grid_equivalent_v1,unknown,pixel,7,20,5,3903.799348810616,219,180,58.76853526440685,214,zero_length_angle_vector,ok
235-10-11(3),1,annotation_mask,annotation,reference,external-data/235-10-11(3)_mask.png,fa60085f010979fe70bd85f42f583537392b69473bae643033aaace4f1bfd685,grid_equivalent_v1,unknown,pixel,7,20,10,3903.799348810616,199,180,59.71510001551746,198,zero_length_angle_vector,ok
235-10-11(3),1,annotation_mask,annotation,reference,external-data/235-10-11(3)_mask.png,fa60085f010979fe70bd85f42f583537392b69473bae643033aaace4f1bfd685,grid_equivalent_v1,unknown,pixel,7,20,20,3903.799348810616,173,180,60.51305887947341,172,zero_length_angle_vector,ok
235-10-12(1),4,annotation_mask,annotation,reference,external-data/235-10-12(1)_mask.png,18b9363d37a62a519d147178d26a24d6b4b802b892db690b5190ad39f8a39884,grid_equivalent_v1,unknown,pixel,3,5,5,2001.4427842621224,142,106,51.66102778587272,137,zero_length_angle_vector,ok
235-10-12(1),4,annotation_mask,annotation,reference,external-data/235-10-12(1)_mask.png,18b9363d37a62a519d147178d26a24d6b4b802b892db690b5190ad39f8a39884,grid_equivalent_v1,unknown,pixel,3,5,10,2001.4427842621224,128,106,51.7351767152476,128,,ok
235-10-12(1),4,annotation_mask,annotation,reference,external-data/235-10-12(1)_mask.png,18b9363d37a62a519d147178d26a24d6b4b802b892db690b5190ad39f8a39884,grid_equivalent_v1,unknown,pixel,3,5,20,2001.4427842621224,109,106,53.03154020506485,109,,ok
235-10-12(1),4,annotation_mask,annotation,reference,external-data/235-10-12(1)_mask.png,18b9363d37a62a519d147178d26a24d6b4b802b892db690b5190ad39f8a39884,grid_equivalent_v1,unknown,pixel,3,10,5,2001.4427842621224,134,104,51.56125820242186,130,zero_length_angle_vector,ok
235-10-12(1),4,annotation_mask,annotation,reference,external-data/235-10-12(1)_mask.png,18b9363d37a62a519d147178d26a24d6b4b802b892db690b5190ad39f8a39884,grid_equivalent_v1,unknown,pixel,3,10,10,2001.4427842621224,125,104,51.84136198761173,125,,ok
235-10-12(1),4,annotation_mask,annotation,reference,external-data/235-10-12(1)_mask.png,18b9363d37a62a519d147178d26a24d6b4b802b892db690b5190ad39f8a39884,grid_equivalent_v1,unknown,pixel,3,10,20,2001.4427842621224,108,104,53.0156619146348,108,,ok
235-10-12(1),4,annotation_mask,annotation,reference,external-data/235-10-12(1)_mask.png,18b9363d37a62a519d147178d26a24d6b4b802b892db690b5190ad39f8a39884,grid_equivalent_v1,unknown,pixel,3,15,5,2001.4427842621224,132,103,51.10719873765462,129,zero_length_angle_vector,ok
235-10-12(1),4,annotation_mask,annotation,reference,external-data/235-10-12(1)_mask.png,18b9363d37a62a519d147178d26a24d6b4b802b892db690b5190ad39f8a39884,grid_equivalent_v1,unknown,pixel,3,15,10,2001.4427842621224,125,103,51.40421437045123,125,,ok
235-10-12(1),4,annotation_mask,annotation,reference,external-data/235-10-12(1)_mask.png,18b9363d37a62a519d147178d26a24d6b4b802b892db690b5190ad39f8a39884,grid_equivalent_v1,unknown,pixel,3,15,20,2001.4427842621224,106,103,53.08365106313651,106,,ok
235-10-12(1),4,annotation_mask,annotation,reference,external-data/235-10-12(1)_mask.png,18b9363d37a62a519d147178d26a24d6b4b802b892db690b5190ad39f8a39884,grid_equivalent_v1,unknown,pixel,3,20,5,2001.4427842621224,131,103,51.51467591635771,127,zero_length_angle_vector,ok
235-10-12(1),4,annotation_mask,annotation,reference,external-data/235-10-12(1)_mask.png,18b9363d37a62a519d147178d26a24d6b4b802b892db690b5190ad39f8a39884,grid_equivalent_v1,unknown,pixel,3,20,10,2001.4427842621224,123,103,51.82977236200314,123,,ok
235-10-12(1),4,annotation_mask,annotation,reference,external-data/235-10-12(1)_mask.png,18b9363d37a62a519d147178d26a24d6b4b802b892db690b5190ad39f8a39884,grid_equivalent_v1,unknown,pixel,3,20,20,2001.4427842621224,103,103,54.28550075996329,103,,ok
235-10-12(1),4,annotation_mask,annotation,reference,external-data/235-10-12(1)_mask.png,18b9363d37a62a519d147178d26a24d6b4b802b892db690b5190ad39f8a39884,grid_equivalent_v1,unknown,pixel,5,5,5,2001.4427842621224,152,115,52.88038056794953,147,zero_length_angle_vector,ok
235-10-12(1),4,annotation_mask,annotation,reference,external-data/235-10-12(1)_mask.png,18b9363d37a62a519d147178d26a24d6b4b802b892db690b5190ad39f8a39884,grid_equivalent_v1,unknown,pixel,5,5,10,2001.4427842621224,138,115,53.16524392798366,138,,ok
235-10-12(1),4,annotation_mask,annotation,reference,external-data/235-10-12(1)_mask.png,18b9363d37a62a519d147178d26a24d6b4b802b892db690b5190ad39f8a39884,grid_equivalent_v1,unknown,pixel,5,5,20,2001.4427842621224,117,115,54.55118213929863,117,,ok
235-10-12(1),4,annotation_mask,annotation,reference,external-data/235-10-12(1)_mask.png,18b9363d37a62a519d147178d26a24d6b4b802b892db690b5190ad39f8a39884,grid_equivalent_v1,unknown,pixel,5,10,5,2001.4427842621224,144,114,52.573033612829676,141,zero_length_angle_vector,ok
235-10-12(1),4,annotation_mask,annotation,reference,external-data/235-10-12(1)_mask.png,18b9363d37a62a519d147178d26a24d6b4b802b892db690b5190ad39f8a39884,grid_equivalent_v1,unknown,pixel,5,10,10,2001.4427842621224,134,114,53.369718631445274,134,,ok
235-10-12(1),4,annotation_mask,annotation,reference,external-data/235-10-12(1)_mask.png,18b9363d37a62a519d147178d26a24d6b4b802b892db690b5190ad39f8a39884,grid_equivalent_v1,unknown,pixel,5,10,20,2001.4427842621224,115,114,54.37345984683138,115,,ok
235-10-12(1),4,annotation_mask,annotation,reference,external-data/235-10-12(1)_mask.png,18b9363d37a62a519d147178d26a24d6b4b802b892db690b5190ad39f8a39884,grid_equivalent_v1,unknown,pixel,5,15,5,2001.4427842621224,141,112,52.47028268545302,139,zero_length_angle_vector,ok
235-10-12(1),4,annotation_mask,annotation,reference,external-data/235-10-12(1)_mask.png,18b9363d37a62a519d147178d26a24d6b4b802b892db690b5190ad39f8a39884,grid_equivalent_v1,unknown,pixel,5,15,10,2001.4427842621224,134,112,53.181513697065846,134,,ok
235-10-12(1),4,annotation_mask,annotation,reference,external-data/235-10-12(1)_mask.png,18b9363d37a62a519d147178d26a24d6b4b802b892db690b5190ad39f8a39884,grid_equivalent_v1,unknown,pixel,5,15,20,2001.4427842621224,115,112,54.16005605295232,115,,ok
235-10-12(1),4,annotation_mask,annotation,reference,external-data/235-10-12(1)_mask.png,18b9363d37a62a519d147178d26a24d6b4b802b892db690b5190ad39f8a39884,grid_equivalent_v1,unknown,pixel,5,20,5,2001.4427842621224,141,112,52.3990688337815,138,zero_length_angle_vector,ok
235-10-12(1),4,annotation_mask,annotation,reference,external-data/235-10-12(1)_mask.png,18b9363d37a62a519d147178d26a24d6b4b802b892db690b5190ad39f8a39884,grid_equivalent_v1,unknown,pixel,5,20,10,2001.4427842621224,133,112,53.11297023451655,133,,ok
235-10-12(1),4,annotation_mask,annotation,reference,external-data/235-10-12(1)_mask.png,18b9363d37a62a519d147178d26a24d6b4b802b892db690b5190ad39f8a39884,grid_equivalent_v1,unknown,pixel,5,20,20,2001.4427842621224,111,112,55.318555534725135,111,,ok
235-10-12(1),4,annotation_mask,annotation,reference,external-data/235-10-12(1)_mask.png,18b9363d37a62a519d147178d26a24d6b4b802b892db690b5190ad39f8a39884,grid_equivalent_v1,unknown,pixel,7,5,5,2001.4427842621224,151,121,53.5413574711277,146,zero_length_angle_vector,ok
235-10-12(1),4,annotation_mask,annotation,reference,external-data/235-10-12(1)_mask.png,18b9363d37a62a519d147178d26a24d6b4b802b892db690b5190ad39f8a39884,grid_equivalent_v1,unknown,pixel,7,5,10,2001.4427842621224,139,121,53.68279766238177,139,,ok
235-10-12(1),4,annotation_mask,annotation,reference,external-data/235-10-12(1)_mask.png,18b9363d37a62a519d147178d26a24d6b4b802b892db690b5190ad39f8a39884,grid_equivalent_v1,unknown,pixel,7,5,20,2001.4427842621224,119,121,54.03281972678164,119,,ok
235-10-12(1),4,annotation_mask,annotation,reference,external-data/235-10-12(1)_mask.png,18b9363d37a62a519d147178d26a24d6b4b802b892db690b5190ad39f8a39884,grid_equivalent_v1,unknown,pixel,7,10,5,2001.4427842621224,142,121,53.10937462107755,140,zero_length_angle_vector,ok
235-10-12(1),4,annotation_mask,annotation,reference,external-data/235-10-12(1)_mask.png,18b9363d37a62a519d147178d26a24d6b4b802b892db690b5190ad39f8a39884,grid_equivalent_v1,unknown,pixel,7,10,10,2001.4427842621224,139,121,53.42338219239447,139,,ok
235-10-12(1),4,annotation_mask,annotation,reference,external-data/235-10-12(1)_mask.png,18b9363d37a62a519d147178d26a24d6b4b802b892db690b5190ad39f8a39884,grid_equivalent_v1,unknown,pixel,7,10,20,2001.4427842621224,118,121,53.49742420024983,118,,ok
235-10-12(1),4,annotation_mask,annotation,reference,external-data/235-10-12(1)_mask.png,18b9363d37a62a519d147178d26a24d6b4b802b892db690b5190ad39f8a39884,grid_equivalent_v1,unknown,pixel,7,15,5,2001.4427842621224,142,120,53.017963404783146,140,zero_length_angle_vector,ok
235-10-12(1),4,annotation_mask,annotation,reference,external-data/235-10-12(1)_mask.png,18b9363d37a62a519d147178d26a24d6b4b802b892db690b5190ad39f8a39884,grid_equivalent_v1,unknown,pixel,7,15,10,2001.4427842621224,138,120,53.19307955814345,138,,ok
235-10-12(1),4,annotation_mask,annotation,reference,external-data/235-10-12(1)_mask.png,18b9363d37a62a519d147178d26a24d6b4b802b892db690b5190ad39f8a39884,grid_equivalent_v1,unknown,pixel,7,15,20,2001.4427842621224,116,120,53.93548823354176,116,,ok
235-10-12(1),4,annotation_mask,annotation,reference,external-data/235-10-12(1)_mask.png,18b9363d37a62a519d147178d26a24d6b4b802b892db690b5190ad39f8a39884,grid_equivalent_v1,unknown,pixel,7,20,5,2001.4427842621224,141,120,52.805300594963384,138,zero_length_angle_vector,ok
235-10-12(1),4,annotation_mask,annotation,reference,external-data/235-10-12(1)_mask.png,18b9363d37a62a519d147178d26a24d6b4b802b892db690b5190ad39f8a39884,grid_equivalent_v1,unknown,pixel,7,20,10,2001.4427842621224,137,120,53.12167269997754,137,,ok
235-10-12(1),4,annotation_mask,annotation,reference,external-data/235-10-12(1)_mask.png,18b9363d37a62a519d147178d26a24d6b4b802b892db690b5190ad39f8a39884,grid_equivalent_v1,unknown,pixel,7,20,20,2001.4427842621224,114,120,54.31441806819623,114,,ok
235-10-12(2),0,annotation_mask,annotation,reference,external-data/235-10-12(2)_mask.png,3f320f9a413c704ff148c35538663d08b34fdafa0044a66241f691b28db5db7b,grid_equivalent_v1,unknown,pixel,3,5,5,3327.9141392239435,99,72,64.75179103174702,97,zero_length_angle_vector,ok
235-10-12(2),0,annotation_mask,annotation,reference,external-data/235-10-12(2)_mask.png,3f320f9a413c704ff148c35538663d08b34fdafa0044a66241f691b28db5db7b,grid_equivalent_v1,unknown,pixel,3,5,10,3327.9141392239435,94,72,65.28488836786713,94,,ok
235-10-12(2),0,annotation_mask,annotation,reference,external-data/235-10-12(2)_mask.png,3f320f9a413c704ff148c35538663d08b34fdafa0044a66241f691b28db5db7b,grid_equivalent_v1,unknown,pixel,3,5,20,3327.9141392239435,79,72,66.67613340429988,79,,ok
235-10-12(2),0,annotation_mask,annotation,reference,external-data/235-10-12(2)_mask.png,3f320f9a413c704ff148c35538663d08b34fdafa0044a66241f691b28db5db7b,grid_equivalent_v1,unknown,pixel,3,10,5,3327.9141392239435,96,72,64.27237257915638,94,zero_length_angle_vector,ok
235-10-12(2),0,annotation_mask,annotation,reference,external-data/235-10-12(2)_mask.png,3f320f9a413c704ff148c35538663d08b34fdafa0044a66241f691b28db5db7b,grid_equivalent_v1,unknown,pixel,3,10,10,3327.9141392239435,93,72,64.28766348536003,93,,ok
235-10-12(2),0,annotation_mask,annotation,reference,external-data/235-10-12(2)_mask.png,3f320f9a413c704ff148c35538663d08b34fdafa0044a66241f691b28db5db7b,grid_equivalent_v1,unknown,pixel,3,10,20,3327.9141392239435,77,72,66.3001811167839,77,,ok
235-10-12(2),0,annotation_mask,annotation,reference,external-data/235-10-12(2)_mask.png,3f320f9a413c704ff148c35538663d08b34fdafa0044a66241f691b28db5db7b,grid_equivalent_v1,unknown,pixel,3,15,5,3327.9141392239435,95,72,64.1223987697917,91,zero_length_angle_vector,ok
235-10-12(2),0,annotation_mask,annotation,reference,external-data/235-10-12(2)_mask.png,3f320f9a413c704ff148c35538663d08b34fdafa0044a66241f691b28db5db7b,grid_equivalent_v1,unknown,pixel,3,15,10,3327.9141392239435,90,72,64.03970263193295,90,,ok
235-10-12(2),0,annotation_mask,annotation,reference,external-data/235-10-12(2)_mask.png,3f320f9a413c704ff148c35538663d08b34fdafa0044a66241f691b28db5db7b,grid_equivalent_v1,unknown,pixel,3,15,20,3327.9141392239435,74,72,66.18513033440905,74,,ok
235-10-12(2),0,annotation_mask,annotation,reference,external-data/235-10-12(2)_mask.png,3f320f9a413c704ff148c35538663d08b34fdafa0044a66241f691b28db5db7b,grid_equivalent_v1,unknown,pixel,3,20,5,3327.9141392239435,92,72,64.30586648666346,88,zero_length_angle_vector,ok
235-10-12(2),0,annotation_mask,annotation,reference,external-data/235-10-12(2)_mask.png,3f320f9a413c704ff148c35538663d08b34fdafa0044a66241f691b28db5db7b,grid_equivalent_v1,unknown,pixel,3,20,10,3327.9141392239435,86,72,64.84513275400941,86,,ok
235-10-12(2),0,annotation_mask,annotation,reference,external-data/235-10-12(2)_mask.png,3f320f9a413c704ff148c35538663d08b34fdafa0044a66241f691b28db5db7b,grid_equivalent_v1,unknown,pixel,3,20,20,3327.9141392239435,71,72,65.88658761167497,71,,ok
235-10-12(2),0,annotation_mask,annotation,reference,external-data/235-10-12(2)_mask.png,3f320f9a413c704ff148c35538663d08b34fdafa0044a66241f691b28db5db7b,grid_equivalent_v1,unknown,pixel,5,5,5,3327.9141392239435,105,80,63.646973835950796,105,,ok
235-10-12(2),0,annotation_mask,annotation,reference,external-data/235-10-12(2)_mask.png,3f320f9a413c704ff148c35538663d08b34fdafa0044a66241f691b28db5db7b,grid_equivalent_v1,unknown,pixel,5,5,10,3327.9141392239435,101,80,63.923826298557685,101,,ok
235-10-12(2),0,annotation_mask,annotation,reference,external-data/235-10-12(2)_mask.png,3f320f9a413c704ff148c35538663d08b34fdafa0044a66241f691b28db5db7b,grid_equivalent_v1,unknown,pixel,5,5,20,3327.9141392239435,88,80,65.4416372048662,88,,ok
235-10-12(2),0,annotation_mask,annotation,reference,external-data/235-10-12(2)_mask.png,3f320f9a413c704ff148c35538663d08b34fdafa0044a66241f691b28db5db7b,grid_equivalent_v1,unknown,pixel,5,10,5,3327.9141392239435,102,80,63.02504335939913,102,,ok
235-10-12(2),0,annotation_mask,annotation,reference,external-data/235-10-12(2)_mask.png,3f320f9a413c704ff148c35538663d08b34fdafa0044a66241f691b28db5db7b,grid_equivalent_v1,unknown,pixel,5,10,10,3327.9141392239435,101,80,63.178860096403085,101,,ok
235-10-12(2),0,annotation_mask,annotation,reference,external-data/235-10-12(2)_mask.png,3f320f9a413c704ff148c35538663d08b34fdafa0044a66241f691b28db5db7b,grid_equivalent_v1,unknown,pixel,5,10,20,3327.9141392239435,86,80,64.97292510614197,86,,ok
235-10-12(2),0,annotation_mask,annotation,reference,external-data/235-10-12(2)_mask.png,3f320f9a413c704ff148c35538663d08b34fdafa0044a66241f691b28db5db7b,grid_equivalent_v1,unknown,pixel,5,15,5,3327.9141392239435,102,79,62.390726191896626,100,zero_length_angle_vector,ok
235-10-12(2),0,annotation_mask,annotation,reference,external-data/235-10-12(2)_mask.png,3f320f9a413c704ff148c35538663d08b34fdafa0044a66241f691b28db5db7b,grid_equivalent_v1,unknown,pixel,5,15,10,3327.9141392239435,98,79,62.31932305515474,98,,ok
235-10-12(2),0,annotation_mask,annotation,reference,external-data/235-10-12(2)_mask.png,3f320f9a413c704ff148c35538663d08b34fdafa0044a66241f691b28db5db7b,grid_equivalent_v1,unknown,pixel,5,15,20,3327.9141392239435,84,79,64.56245326400818,84,,ok
235-10-12(2),0,annotation_mask,annotation,reference,external-data/235-10-12(2)_mask.png,3f320f9a413c704ff148c35538663d08b34fdafa0044a66241f691b28db5db7b,grid_equivalent_v1,unknown,pixel,5,20,5,3327.9141392239435,99,79,61.83328569808309,98,zero_length_angle_vector,ok
235-10-12(2),0,annotation_mask,annotation,reference,external-data/235-10-12(2)_mask.png,3f320f9a413c704ff148c35538663d08b34fdafa0044a66241f691b28db5db7b,grid_equivalent_v1,unknown,pixel,5,20,10,3327.9141392239435,95,79,62.918755199817255,95,,ok
235-10-12(2),0,annotation_mask,annotation,reference,external-data/235-10-12(2)_mask.png,3f320f9a413c704ff148c35538663d08b34fdafa0044a66241f691b28db5db7b,grid_equivalent_v1,unknown,pixel,5,20,20,3327.9141392239435,81,79,65.06143440187456,81,,ok
235-10-12(2),0,annotation_mask,annotation,reference,external-data/235-10-12(2)_mask.png,3f320f9a413c704ff148c35538663d08b34fdafa0044a66241f691b28db5db7b,grid_equivalent_v1,unknown,pixel,7,5,5,3327.9141392239435,108,86,62.1076738944025,107,zero_length_angle_vector,ok
235-10-12(2),0,annotation_mask,annotation,reference,external-data/235-10-12(2)_mask.png,3f320f9a413c704ff148c35538663d08b34fdafa0044a66241f691b28db5db7b,grid_equivalent_v1,unknown,pixel,7,5,10,3327.9141392239435,105,86,62.694009356963214,105,,ok
235-10-12(2),0,annotation_mask,annotation,reference,external-data/235-10-12(2)_mask.png,3f320f9a413c704ff148c35538663d08b34fdafa0044a66241f691b28db5db7b,grid_equivalent_v1,unknown,pixel,7,5,20,3327.9141392239435,92,86,63.666751022528764,92,,ok
235-10-12(2),0,annotation_mask,annotation,reference,external-data/235-10-12(2)_mask.png,3f320f9a413c704ff148c35538663d08b34fdafa0044a66241f691b28db5db7b,grid_equivalent_v1,unknown,pixel,7,10,5,3327.9141392239435,107,86,62.03933803042269,106,zero_length_angle_vector,ok
235-10-12(2),0,annotation_mask,annotation,reference,external-data/235-10-12(2)_mask.png,3f320f9a413c704ff148c35538663d08b34fdafa0044a66241f691b28db5db7b,grid_equivalent_v1,unknown,pixel,7,10,10,3327.9141392239435,103,86,62.73416872655919,103,,ok
235-10-12(2),0,annotation_mask,annotation,reference,external-data/235-10-12(2)_mask.png,3f320f9a413c704ff148c35538663d08b34fdafa0044a66241f691b28db5db7b,grid_equivalent_v1,unknown,pixel,7,10,20,3327.9141392239435,90,86,63.44272027628313,90,,ok
235-10-12(2),0,annotation_mask,annotation,reference,external-data/235-10-12(2)_mask.png,3f320f9a413c704ff148c35538663d08b34fdafa0044a66241f691b28db5db7b,grid_equivalent_v1,unknown,pixel,7,15,5,3327.9141392239435,105,86,62.34425667964442,103,zero_length_angle_vector,ok
235-10-12(2),0,annotation_mask,annotation,reference,external-data/235-10-12(2)_mask.png,3f320f9a413c704ff148c35538663d08b34fdafa0044a66241f691b28db5db7b,grid_equivalent_v1,unknown,pixel,7,15,10,3327.9141392239435,101,86,62.480306608083396,101,,ok
235-10-12(2),0,annotation_mask,annotation,reference,external-data/235-10-12(2)_mask.png,3f320f9a413c704ff148c35538663d08b34fdafa0044a66241f691b28db5db7b,grid_equivalent_v1,unknown,pixel,7,15,20,3327.9141392239435,89,86,63.284627762779884,89,,ok
235-10-12(2),0,annotation_mask,annotation,reference,external-data/235-10-12(2)_mask.png,3f320f9a413c704ff148c35538663d08b34fdafa0044a66241f691b28db5db7b,grid_equivalent_v1,unknown,pixel,7,20,5,3327.9141392239435,102,85,61.974467768998736,100,zero_length_angle_vector,ok
235-10-12(2),0,annotation_mask,annotation,reference,external-data/235-10-12(2)_mask.png,3f320f9a413c704ff148c35538663d08b34fdafa0044a66241f691b28db5db7b,grid_equivalent_v1,unknown,pixel,7,20,10,3327.9141392239435,97,85,62.77084637299867,97,,ok
235-10-12(2),0,annotation_mask,annotation,reference,external-data/235-10-12(2)_mask.png,3f320f9a413c704ff148c35538663d08b34fdafa0044a66241f691b28db5db7b,grid_equivalent_v1,unknown,pixel,7,20,20,3327.9141392239435,86,85,64.17769477578331,86,,ok
235-10-12(3),1,annotation_mask,annotation,reference,external-data/235-10-12(3)_mask.png,06cb03ea2bad65c89fe30627bf1d69fb7bd50a7bc6f48ee697c5830e39ef08b3,grid_equivalent_v1,unknown,pixel,3,5,5,3338.9221484506097,276,199,55.70176457974363,268,zero_length_angle_vector,ok
235-10-12(3),1,annotation_mask,annotation,reference,external-data/235-10-12(3)_mask.png,06cb03ea2bad65c89fe30627bf1d69fb7bd50a7bc6f48ee697c5830e39ef08b3,grid_equivalent_v1,unknown,pixel,3,5,10,3338.9221484506097,245,199,56.6480159465517,244,zero_length_angle_vector,ok
235-10-12(3),1,annotation_mask,annotation,reference,external-data/235-10-12(3)_mask.png,06cb03ea2bad65c89fe30627bf1d69fb7bd50a7bc6f48ee697c5830e39ef08b3,grid_equivalent_v1,unknown,pixel,3,5,20,3338.9221484506097,214,199,56.817145803503955,213,zero_length_angle_vector,ok
235-10-12(3),1,annotation_mask,annotation,reference,external-data/235-10-12(3)_mask.png,06cb03ea2bad65c89fe30627bf1d69fb7bd50a7bc6f48ee697c5830e39ef08b3,grid_equivalent_v1,unknown,pixel,3,10,5,3338.9221484506097,274,199,55.500003846954925,266,zero_length_angle_vector,ok
235-10-12(3),1,annotation_mask,annotation,reference,external-data/235-10-12(3)_mask.png,06cb03ea2bad65c89fe30627bf1d69fb7bd50a7bc6f48ee697c5830e39ef08b3,grid_equivalent_v1,unknown,pixel,3,10,10,3338.9221484506097,240,199,56.62632456138198,239,zero_length_angle_vector,ok
235-10-12(3),1,annotation_mask,annotation,reference,external-data/235-10-12(3)_mask.png,06cb03ea2bad65c89fe30627bf1d69fb7bd50a7bc6f48ee697c5830e39ef08b3,grid_equivalent_v1,unknown,pixel,3,10,20,3338.9221484506097,210,199,56.92872154481789,209,zero_length_angle_vector,ok
235-10-12(3),1,annotation_mask,annotation,reference,external-data/235-10-12(3)_mask.png,06cb03ea2bad65c89fe30627bf1d69fb7bd50a7bc6f48ee697c5830e39ef08b3,grid_equivalent_v1,unknown,pixel,3,15,5,3338.9221484506097,269,198,55.54233814143054,261,zero_length_angle_vector,ok
235-10-12(3),1,annotation_mask,annotation,reference,external-data/235-10-12(3)_mask.png,06cb03ea2bad65c89fe30627bf1d69fb7bd50a7bc6f48ee697c5830e39ef08b3,grid_equivalent_v1,unknown,pixel,3,15,10,3338.9221484506097,236,198,57.132248625493375,235,zero_length_angle_vector,ok
235-10-12(3),1,annotation_mask,annotation,reference,external-data/235-10-12(3)_mask.png,06cb03ea2bad65c89fe30627bf1d69fb7bd50a7bc6f48ee697c5830e39ef08b3,grid_equivalent_v1,unknown,pixel,3,15,20,3338.9221484506097,207,198,57.022318639841934,206,zero_length_angle_vector,ok
235-10-12(3),1,annotation_mask,annotation,reference,external-data/235-10-12(3)_mask.png,06cb03ea2bad65c89fe30627bf1d69fb7bd50a7bc6f48ee697c5830e39ef08b3,grid_equivalent_v1,unknown,pixel,3,20,5,3338.9221484506097,266,198,56.099855917938115,256,zero_length_angle_vector,ok
235-10-12(3),1,annotation_mask,annotation,reference,external-data/235-10-12(3)_mask.png,06cb03ea2bad65c89fe30627bf1d69fb7bd50a7bc6f48ee697c5830e39ef08b3,grid_equivalent_v1,unknown,pixel,3,20,10,3338.9221484506097,232,198,57.36864484883515,231,zero_length_angle_vector,ok
235-10-12(3),1,annotation_mask,annotation,reference,external-data/235-10-12(3)_mask.png,06cb03ea2bad65c89fe30627bf1d69fb7bd50a7bc6f48ee697c5830e39ef08b3,grid_equivalent_v1,unknown,pixel,3,20,20,3338.9221484506097,205,198,57.080622951637324,204,zero_length_angle_vector,ok
235-10-12(3),1,annotation_mask,annotation,reference,external-data/235-10-12(3)_mask.png,06cb03ea2bad65c89fe30627bf1d69fb7bd50a7bc6f48ee697c5830e39ef08b3,grid_equivalent_v1,unknown,pixel,5,5,5,3338.9221484506097,272,210,55.36386514356478,267,zero_length_angle_vector,ok
235-10-12(3),1,annotation_mask,annotation,reference,external-data/235-10-12(3)_mask.png,06cb03ea2bad65c89fe30627bf1d69fb7bd50a7bc6f48ee697c5830e39ef08b3,grid_equivalent_v1,unknown,pixel,5,5,10,3338.9221484506097,254,210,55.966513591659094,253,zero_length_angle_vector,ok
235-10-12(3),1,annotation_mask,annotation,reference,external-data/235-10-12(3)_mask.png,06cb03ea2bad65c89fe30627bf1d69fb7bd50a7bc6f48ee697c5830e39ef08b3,grid_equivalent_v1,unknown,pixel,5,5,20,3338.9221484506097,217,210,56.964916632933544,216,zero_length_angle_vector,ok
235-10-12(3),1,annotation_mask,annotation,reference,external-data/235-10-12(3)_mask.png,06cb03ea2bad65c89fe30627bf1d69fb7bd50a7bc6f48ee697c5830e39ef08b3,grid_equivalent_v1,unknown,pixel,5,10,5,3338.9221484506097,269,210,55.17267139542029,264,zero_length_angle_vector,ok
235-10-12(3),1,annotation_mask,annotation,reference,external-data/235-10-12(3)_mask.png,06cb03ea2bad65c89fe30627bf1d69fb7bd50a7bc6f48ee697c5830e39ef08b3,grid_equivalent_v1,unknown,pixel,5,10,10,3338.9221484506097,249,210,55.93580361017531,248,zero_length_angle_vector,ok
235-10-12(3),1,annotation_mask,annotation,reference,external-data/235-10-12(3)_mask.png,06cb03ea2bad65c89fe30627bf1d69fb7bd50a7bc6f48ee697c5830e39ef08b3,grid_equivalent_v1,unknown,pixel,5,10,20,3338.9221484506097,213,210,56.95413078444823,212,zero_length_angle_vector,ok
235-10-12(3),1,annotation_mask,annotation,reference,external-data/235-10-12(3)_mask.png,06cb03ea2bad65c89fe30627bf1d69fb7bd50a7bc6f48ee697c5830e39ef08b3,grid_equivalent_v1,unknown,pixel,5,15,5,3338.9221484506097,265,210,55.32102438781284,260,zero_length_angle_vector,ok
235-10-12(3),1,annotation_mask,annotation,reference,external-data/235-10-12(3)_mask.png,06cb03ea2bad65c89fe30627bf1d69fb7bd50a7bc6f48ee697c5830e39ef08b3,grid_equivalent_v1,unknown,pixel,5,15,10,3338.9221484506097,248,210,56.12825058978015,247,zero_length_angle_vector,ok
235-10-12(3),1,annotation_mask,annotation,reference,external-data/235-10-12(3)_mask.png,06cb03ea2bad65c89fe30627bf1d69fb7bd50a7bc6f48ee697c5830e39ef08b3,grid_equivalent_v1,unknown,pixel,5,15,20,3338.9221484506097,210,210,57.13357593900962,209,zero_length_angle_vector,ok
235-10-12(3),1,annotation_mask,annotation,reference,external-data/235-10-12(3)_mask.png,06cb03ea2bad65c89fe30627bf1d69fb7bd50a7bc6f48ee697c5830e39ef08b3,grid_equivalent_v1,unknown,pixel,5,20,5,3338.9221484506097,264,210,55.42944007604222,257,zero_length_angle_vector,ok
235-10-12(3),1,annotation_mask,annotation,reference,external-data/235-10-12(3)_mask.png,06cb03ea2bad65c89fe30627bf1d69fb7bd50a7bc6f48ee697c5830e39ef08b3,grid_equivalent_v1,unknown,pixel,5,20,10,3338.9221484506097,244,210,56.18263827663958,243,zero_length_angle_vector,ok
235-10-12(3),1,annotation_mask,annotation,reference,external-data/235-10-12(3)_mask.png,06cb03ea2bad65c89fe30627bf1d69fb7bd50a7bc6f48ee697c5830e39ef08b3,grid_equivalent_v1,unknown,pixel,5,20,20,3338.9221484506097,208,210,57.00553703553989,207,zero_length_angle_vector,ok
235-10-12(3),1,annotation_mask,annotation,reference,external-data/235-10-12(3)_mask.png,06cb03ea2bad65c89fe30627bf1d69fb7bd50a7bc6f48ee697c5830e39ef08b3,grid_equivalent_v1,unknown,pixel,7,5,5,3338.9221484506097,277,218,56.30007501661888,272,zero_length_angle_vector,ok
235-10-12(3),1,annotation_mask,annotation,reference,external-data/235-10-12(3)_mask.png,06cb03ea2bad65c89fe30627bf1d69fb7bd50a7bc6f48ee697c5830e39ef08b3,grid_equivalent_v1,unknown,pixel,7,5,10,3338.9221484506097,257,218,57.03211326295535,256,zero_length_angle_vector,ok
235-10-12(3),1,annotation_mask,annotation,reference,external-data/235-10-12(3)_mask.png,06cb03ea2bad65c89fe30627bf1d69fb7bd50a7bc6f48ee697c5830e39ef08b3,grid_equivalent_v1,unknown,pixel,7,5,20,3338.9221484506097,222,218,58.29133656535077,221,zero_length_angle_vector,ok
235-10-12(3),1,annotation_mask,annotation,reference,external-data/235-10-12(3)_mask.png,06cb03ea2bad65c89fe30627bf1d69fb7bd50a7bc6f48ee697c5830e39ef08b3,grid_equivalent_v1,unknown,pixel,7,10,5,3338.9221484506097,274,217,56.32558621080803,269,zero_length_angle_vector,ok
235-10-12(3),1,annotation_mask,annotation,reference,external-data/235-10-12(3)_mask.png,06cb03ea2bad65c89fe30627bf1d69fb7bd50a7bc6f48ee697c5830e39ef08b3,grid_equivalent_v1,unknown,pixel,7,10,10,3338.9221484506097,254,217,56.8889776984792,253,zero_length_angle_vector,ok
235-10-12(3),1,annotation_mask,annotation,reference,external-data/235-10-12(3)_mask.png,06cb03ea2bad65c89fe30627bf1d69fb7bd50a7bc6f48ee697c5830e39ef08b3,grid_equivalent_v1,unknown,pixel,7,10,20,3338.9221484506097,219,217,58.15904122204035,218,zero_length_angle_vector,ok
235-10-12(3),1,annotation_mask,annotation,reference,external-data/235-10-12(3)_mask.png,06cb03ea2bad65c89fe30627bf1d69fb7bd50a7bc6f48ee697c5830e39ef08b3,grid_equivalent_v1,unknown,pixel,7,15,5,3338.9221484506097,272,217,56.37978752575431,266,zero_length_angle_vector,ok
235-10-12(3),1,annotation_mask,annotation,reference,external-data/235-10-12(3)_mask.png,06cb03ea2bad65c89fe30627bf1d69fb7bd50a7bc6f48ee697c5830e39ef08b3,grid_equivalent_v1,unknown,pixel,7,15,10,3338.9221484506097,251,217,57.246334757766384,250,zero_length_angle_vector,ok
235-10-12(3),1,annotation_mask,annotation,reference,external-data/235-10-12(3)_mask.png,06cb03ea2bad65c89fe30627bf1d69fb7bd50a7bc6f48ee697c5830e39ef08b3,grid_equivalent_v1,unknown,pixel,7,15,20,3338.9221484506097,215,217,58.24252470723165,214,zero_length_angle_vector,ok
235-10-12(3),1,annotation_mask,annotation,reference,external-data/235-10-12(3)_mask.png,06cb03ea2bad65c89fe30627bf1d69fb7bd50a7bc6f48ee697c5830e39ef08b3,grid_equivalent_v1,unknown,pixel,7,20,5,3338.9221484506097,268,216,56.27979909667016,262,zero_length_angle_vector,ok
235-10-12(3),1,annotation_mask,annotation,reference,external-data/235-10-12(3)_mask.png,06cb03ea2bad65c89fe30627bf1d69fb7bd50a7bc6f48ee697c5830e39ef08b3,grid_equivalent_v1,unknown,pixel,7,20,10,3338.9221484506097,247,216,57.03340779503506,246,zero_length_angle_vector,ok
235-10-12(3),1,annotation_mask,annotation,reference,external-data/235-10-12(3)_mask.png,06cb03ea2bad65c89fe30627bf1d69fb7bd50a7bc6f48ee697c5830e39ef08b3,grid_equivalent_v1,unknown,pixel,7,20,20,3338.9221484506097,213,216,57.972878303714175,212,zero_length_angle_vector,ok
235-25-6(1),2,annotation_mask,annotation,reference,external-data/235-25-6(1)_mask.png,81d217e87b63701eb36c3a0b141a738b1f3dd596f793222514893c0a771fc94d,grid_equivalent_v1,unknown,pixel,3,5,5,2364.349421873661,30,20,56.24972323675106,30,,ok
235-25-6(1),2,annotation_mask,annotation,reference,external-data/235-25-6(1)_mask.png,81d217e87b63701eb36c3a0b141a738b1f3dd596f793222514893c0a771fc94d,grid_equivalent_v1,unknown,pixel,3,5,10,2364.349421873661,28,20,58.86730334277014,28,,ok
235-25-6(1),2,annotation_mask,annotation,reference,external-data/235-25-6(1)_mask.png,81d217e87b63701eb36c3a0b141a738b1f3dd596f793222514893c0a771fc94d,grid_equivalent_v1,unknown,pixel,3,5,20,2364.349421873661,24,20,58.633530731120935,24,,ok
235-25-6(1),2,annotation_mask,annotation,reference,external-data/235-25-6(1)_mask.png,81d217e87b63701eb36c3a0b141a738b1f3dd596f793222514893c0a771fc94d,grid_equivalent_v1,unknown,pixel,3,10,5,2364.349421873661,29,20,61.91583052176021,28,zero_length_angle_vector,ok
235-25-6(1),2,annotation_mask,annotation,reference,external-data/235-25-6(1)_mask.png,81d217e87b63701eb36c3a0b141a738b1f3dd596f793222514893c0a771fc94d,grid_equivalent_v1,unknown,pixel,3,10,10,2364.349421873661,27,20,63.52623354764312,27,,ok
235-25-6(1),2,annotation_mask,annotation,reference,external-data/235-25-6(1)_mask.png,81d217e87b63701eb36c3a0b141a738b1f3dd596f793222514893c0a771fc94d,grid_equivalent_v1,unknown,pixel,3,10,20,2364.349421873661,24,20,62.05422771171782,24,,ok
235-25-6(1),2,annotation_mask,annotation,reference,external-data/235-25-6(1)_mask.png,81d217e87b63701eb36c3a0b141a738b1f3dd596f793222514893c0a771fc94d,grid_equivalent_v1,unknown,pixel,3,15,5,2364.349421873661,28,20,62.14878660567721,28,,ok
235-25-6(1),2,annotation_mask,annotation,reference,external-data/235-25-6(1)_mask.png,81d217e87b63701eb36c3a0b141a738b1f3dd596f793222514893c0a771fc94d,grid_equivalent_v1,unknown,pixel,3,15,10,2364.349421873661,27,20,63.76781763466814,27,,ok
235-25-6(1),2,annotation_mask,annotation,reference,external-data/235-25-6(1)_mask.png,81d217e87b63701eb36c3a0b141a738b1f3dd596f793222514893c0a771fc94d,grid_equivalent_v1,unknown,pixel,3,15,20,2364.349421873661,24,20,62.32600980962096,24,,ok
235-25-6(1),2,annotation_mask,annotation,reference,external-data/235-25-6(1)_mask.png,81d217e87b63701eb36c3a0b141a738b1f3dd596f793222514893c0a771fc94d,grid_equivalent_v1,unknown,pixel,3,20,5,2364.349421873661,28,20,62.08949583081813,28,,ok
235-25-6(1),2,annotation_mask,annotation,reference,external-data/235-25-6(1)_mask.png,81d217e87b63701eb36c3a0b141a738b1f3dd596f793222514893c0a771fc94d,grid_equivalent_v1,unknown,pixel,3,20,10,2364.349421873661,27,20,63.70633090518465,27,,ok
235-25-6(1),2,annotation_mask,annotation,reference,external-data/235-25-6(1)_mask.png,81d217e87b63701eb36c3a0b141a738b1f3dd596f793222514893c0a771fc94d,grid_equivalent_v1,unknown,pixel,3,20,20,2364.349421873661,24,20,62.25683723895205,24,,ok
235-25-6(1),2,annotation_mask,annotation,reference,external-data/235-25-6(1)_mask.png,81d217e87b63701eb36c3a0b141a738b1f3dd596f793222514893c0a771fc94d,grid_equivalent_v1,unknown,pixel,5,5,5,2364.349421873661,31,21,56.12064790843787,31,,ok
235-25-6(1),2,annotation_mask,annotation,reference,external-data/235-25-6(1)_mask.png,81d217e87b63701eb36c3a0b141a738b1f3dd596f793222514893c0a771fc94d,grid_equivalent_v1,unknown,pixel,5,5,10,2364.349421873661,29,21,58.7907443797104,29,,ok
235-25-6(1),2,annotation_mask,annotation,reference,external-data/235-25-6(1)_mask.png,81d217e87b63701eb36c3a0b141a738b1f3dd596f793222514893c0a771fc94d,grid_equivalent_v1,unknown,pixel,5,5,20,2364.349421873661,25,21,58.4662458052141,25,,ok
235-25-6(1),2,annotation_mask,annotation,reference,external-data/235-25-6(1)_mask.png,81d217e87b63701eb36c3a0b141a738b1f3dd596f793222514893c0a771fc94d,grid_equivalent_v1,unknown,pixel,5,10,5,2364.349421873661,29,21,61.493320673490025,29,,ok
235-25-6(1),2,annotation_mask,annotation,reference,external-data/235-25-6(1)_mask.png,81d217e87b63701eb36c3a0b141a738b1f3dd596f793222514893c0a771fc94d,grid_equivalent_v1,unknown,pixel,5,10,10,2364.349421873661,27,21,63.16556188535672,27,,ok
235-25-6(1),2,annotation_mask,annotation,reference,external-data/235-25-6(1)_mask.png,81d217e87b63701eb36c3a0b141a738b1f3dd596f793222514893c0a771fc94d,grid_equivalent_v1,unknown,pixel,5,10,20,2364.349421873661,24,21,63.02238287822394,24,,ok
235-25-6(1),2,annotation_mask,annotation,reference,external-data/235-25-6(1)_mask.png,81d217e87b63701eb36c3a0b141a738b1f3dd596f793222514893c0a771fc94d,grid_equivalent_v1,unknown,pixel,5,15,5,2364.349421873661,27,21,63.4461979910307,27,,ok
235-25-6(1),2,annotation_mask,annotation,reference,external-data/235-25-6(1)_mask.png,81d217e87b63701eb36c3a0b141a738b1f3dd596f793222514893c0a771fc94d,grid_equivalent_v1,unknown,pixel,5,15,10,2364.349421873661,27,21,63.4461979910307,27,,ok
235-25-6(1),2,annotation_mask,annotation,reference,external-data/235-25-6(1)_mask.png,81d217e87b63701eb36c3a0b141a738b1f3dd596f793222514893c0a771fc94d,grid_equivalent_v1,unknown,pixel,5,15,20,2364.349421873661,24,21,63.294164976127085,24,,ok
235-25-6(1),2,annotation_mask,annotation,reference,external-data/235-25-6(1)_mask.png,81d217e87b63701eb36c3a0b141a738b1f3dd596f793222514893c0a771fc94d,grid_equivalent_v1,unknown,pixel,5,20,5,2364.349421873661,26,20,65.43386187027198,26,,ok
235-25-6(1),2,annotation_mask,annotation,reference,external-data/235-25-6(1)_mask.png,81d217e87b63701eb36c3a0b141a738b1f3dd596f793222514893c0a771fc94d,grid_equivalent_v1,unknown,pixel,5,20,10,2364.349421873661,25,20,66.15163422820291,25,,ok
235-25-6(1),2,annotation_mask,annotation,reference,external-data/235-25-6(1)_mask.png,81d217e87b63701eb36c3a0b141a738b1f3dd596f793222514893c0a771fc94d,grid_equivalent_v1,unknown,pixel,5,20,20,2364.349421873661,24,20,65.25534006517483,24,,ok
235-25-6(1),2,annotation_mask,annotation,reference,external-data/235-25-6(1)_mask.png,81d217e87b63701eb36c3a0b141a738b1f3dd596f793222514893c0a771fc94d,grid_equivalent_v1,unknown,pixel,7,5,5,2364.349421873661,38,26,54.63347439322285,38,,ok
235-25-6(1),2,annotation_mask,annotation,reference,external-data/235-25-6(1)_mask.png,81d217e87b63701eb36c3a0b141a738b1f3dd596f793222514893c0a771fc94d,grid_equivalent_v1,unknown,pixel,7,5,10,2364.349421873661,34,26,53.628366951245475,34,,ok
235-25-6(1),2,annotation_mask,annotation,reference,external-data/235-25-6(1)_mask.png,81d217e87b63701eb36c3a0b141a738b1f3dd596f793222514893c0a771fc94d,grid_equivalent_v1,unknown,pixel,7,5,20,2364.349421873661,28,26,53.44922371327533,28,,ok
235-25-6(1),2,annotation_mask,annotation,reference,external-data/235-25-6(1)_mask.png,81d217e87b63701eb36c3a0b141a738b1f3dd596f793222514893c0a771fc94d,grid_equivalent_v1,unknown,pixel,7,10,5,2364.349421873661,35,26,54.652415677936595,35,,ok
235-25-6(1),2,annotation_mask,annotation,reference,external-data/235-25-6(1)_mask.png,81d217e87b63701eb36c3a0b141a738b1f3dd596f793222514893c0a771fc94d,grid_equivalent_v1,unknown,pixel,7,10,10,2364.349421873661,33,26,53.31513939105632,33,,ok
235-25-6(1),2,annotation_mask,annotation,reference,external-data/235-25-6(1)_mask.png,81d217e87b63701eb36c3a0b141a738b1f3dd596f793222514893c0a771fc94d,grid_equivalent_v1,unknown,pixel,7,10,20,2364.349421873661,28,26,53.69278717448821,28,,ok
235-25-6(1),2,annotation_mask,annotation,reference,external-data/235-25-6(1)_mask.png,81d217e87b63701eb36c3a0b141a738b1f3dd596f793222514893c0a771fc94d,grid_equivalent_v1,unknown,pixel,7,15,5,2364.349421873661,34,26,54.27243834690459,33,zero_length_angle_vector,ok
235-25-6(1),2,annotation_mask,annotation,reference,external-data/235-25-6(1)_mask.png,81d217e87b63701eb36c3a0b141a738b1f3dd596f793222514893c0a771fc94d,grid_equivalent_v1,unknown,pixel,7,15,10,2364.349421873661,31,26,54.87066017573715,31,,ok
235-25-6(1),2,annotation_mask,annotation,reference,external-data/235-25-6(1)_mask.png,81d217e87b63701eb36c3a0b141a738b1f3dd596f793222514893c0a771fc94d,grid_equivalent_v1,unknown,pixel,7,15,20,2364.349421873661,28,26,54.07830653384161,28,,ok
235-25-6(1),2,annotation_mask,annotation,reference,external-data/235-25-6(1)_mask.png,81d217e87b63701eb36c3a0b141a738b1f3dd596f793222514893c0a771fc94d,grid_equivalent_v1,unknown,pixel,7,20,5,2364.349421873661,32,26,55.312713074804044,32,,ok
235-25-6(1),2,annotation_mask,annotation,reference,external-data/235-25-6(1)_mask.png,81d217e87b63701eb36c3a0b141a738b1f3dd596f793222514893c0a771fc94d,grid_equivalent_v1,unknown,pixel,7,20,10,2364.349421873661,31,26,55.05070547002604,31,,ok
235-25-6(1),2,annotation_mask,annotation,reference,external-data/235-25-6(1)_mask.png,81d217e87b63701eb36c3a0b141a738b1f3dd596f793222514893c0a771fc94d,grid_equivalent_v1,unknown,pixel,7,20,20,2364.349421873661,28,26,54.277642395375736,28,,ok
235-25-6(2),4,annotation_mask,annotation,reference,external-data/235-25-6(2)_mask.png,07fd844e7f853a14fb82235228caf5997075e001697d881b5a753f8be11ad9ff,grid_equivalent_v1,unknown,pixel,3,5,5,1377.430590953303,95,61,47.90427774960579,93,zero_length_angle_vector,ok
235-25-6(2),4,annotation_mask,annotation,reference,external-data/235-25-6(2)_mask.png,07fd844e7f853a14fb82235228caf5997075e001697d881b5a753f8be11ad9ff,grid_equivalent_v1,unknown,pixel,3,5,10,1377.430590953303,88,61,48.25222129178564,88,,ok
235-25-6(2),4,annotation_mask,annotation,reference,external-data/235-25-6(2)_mask.png,07fd844e7f853a14fb82235228caf5997075e001697d881b5a753f8be11ad9ff,grid_equivalent_v1,unknown,pixel,3,5,20,1377.430590953303,73,61,48.337943654744294,73,,ok
235-25-6(2),4,annotation_mask,annotation,reference,external-data/235-25-6(2)_mask.png,07fd844e7f853a14fb82235228caf5997075e001697d881b5a753f8be11ad9ff,grid_equivalent_v1,unknown,pixel,3,10,5,1377.430590953303,93,61,48.34474678777153,91,zero_length_angle_vector,ok
235-25-6(2),4,annotation_mask,annotation,reference,external-data/235-25-6(2)_mask.png,07fd844e7f853a14fb82235228caf5997075e001697d881b5a753f8be11ad9ff,grid_equivalent_v1,unknown,pixel,3,10,10,1377.430590953303,87,61,48.55631492038009,87,,ok
235-25-6(2),4,annotation_mask,annotation,reference,external-data/235-25-6(2)_mask.png,07fd844e7f853a14fb82235228caf5997075e001697d881b5a753f8be11ad9ff,grid_equivalent_v1,unknown,pixel,3,10,20,1377.430590953303,71,61,47.644171393107406,71,,ok
235-25-6(2),4,annotation_mask,annotation,reference,external-data/235-25-6(2)_mask.png,07fd844e7f853a14fb82235228caf5997075e001697d881b5a753f8be11ad9ff,grid_equivalent_v1,unknown,pixel,3,15,5,1377.430590953303,91,60,48.19609059054879,90,zero_length_angle_vector,ok
235-25-6(2),4,annotation_mask,annotation,reference,external-data/235-25-6(2)_mask.png,07fd844e7f853a14fb82235228caf5997075e001697d881b5a753f8be11ad9ff,grid_equivalent_v1,unknown,pixel,3,15,10,1377.430590953303,83,60,48.20009870608012,83,,ok
235-25-6(2),4,annotation_mask,annotation,reference,external-data/235-25-6(2)_mask.png,07fd844e7f853a14fb82235228caf5997075e001697d881b5a753f8be11ad9ff,grid_equivalent_v1,unknown,pixel,3,15,20,1377.430590953303,70,60,47.7011948382337,70,,ok
235-25-6(2),4,annotation_mask,annotation,reference,external-data/235-25-6(2)_mask.png,07fd844e7f853a14fb82235228caf5997075e001697d881b5a753f8be11ad9ff,grid_equivalent_v1,unknown,pixel,3,20,5,1377.430590953303,88,60,48.08343673111666,87,zero_length_angle_vector,ok
235-25-6(2),4,annotation_mask,annotation,reference,external-data/235-25-6(2)_mask.png,07fd844e7f853a14fb82235228caf5997075e001697d881b5a753f8be11ad9ff,grid_equivalent_v1,unknown,pixel,3,20,10,1377.430590953303,81,60,47.92238771622826,81,,ok
235-25-6(2),4,annotation_mask,annotation,reference,external-data/235-25-6(2)_mask.png,07fd844e7f853a14fb82235228caf5997075e001697d881b5a753f8be11ad9ff,grid_equivalent_v1,unknown,pixel,3,20,20,1377.430590953303,69,60,47.512705231992804,69,,ok
235-25-6(2),4,annotation_mask,annotation,reference,external-data/235-25-6(2)_mask.png,07fd844e7f853a14fb82235228caf5997075e001697d881b5a753f8be11ad9ff,grid_equivalent_v1,unknown,pixel,5,5,5,1377.430590953303,103,63,48.6950761631752,100,zero_length_angle_vector,ok
235-25-6(2),4,annotation_mask,annotation,reference,external-data/235-25-6(2)_mask.png,07fd844e7f853a14fb82235228caf5997075e001697d881b5a753f8be11ad9ff,grid_equivalent_v1,unknown,pixel,5,5,10,1377.430590953303,97,63,49.27857093515157,97,,ok
235-25-6(2),4,annotation_mask,annotation,reference,external-data/235-25-6(2)_mask.png,07fd844e7f853a14fb82235228caf5997075e001697d881b5a753f8be11ad9ff,grid_equivalent_v1,unknown,pixel,5,5,20,1377.430590953303,78,63,48.34508373386914,78,,ok
235-25-6(2),4,annotation_mask,annotation,reference,external-data/235-25-6(2)_mask.png,07fd844e7f853a14fb82235228caf5997075e001697d881b5a753f8be11ad9ff,grid_equivalent_v1,unknown,pixel,5,10,5,1377.430590953303,101,63,48.8004207251369,98,zero_length_angle_vector,ok
235-25-6(2),4,annotation_mask,annotation,reference,external-data/235-25-6(2)_mask.png,07fd844e7f853a14fb82235228caf5997075e001697d881b5a753f8be11ad9ff,grid_equivalent_v1,unknown,pixel,5,10,10,1377.430590953303,95,63,49.596101833416824,95,,ok
235-25-6(2),4,annotation_mask,annotation,reference,external-data/235-25-6(2)_mask.png,07fd844e7f853a14fb82235228caf5997075e001697d881b5a753f8be11ad9ff,grid_equivalent_v1,unknown,pixel,5,10,20,1377.430590953303,77,63,48.113291627683964,77,,ok
235-25-6(2),4,annotation_mask,annotation,reference,external-data/235-25-6(2)_mask.png,07fd844e7f853a14fb82235228caf5997075e001697d881b5a753f8be11ad9ff,grid_equivalent_v1,unknown,pixel,5,15,5,1377.430590953303,99,63,48.927550144015164,97,zero_length_angle_vector,ok
235-25-6(2),4,annotation_mask,annotation,reference,external-data/235-25-6(2)_mask.png,07fd844e7f853a14fb82235228caf5997075e001697d881b5a753f8be11ad9ff,grid_equivalent_v1,unknown,pixel,5,15,10,1377.430590953303,90,63,48.93734100767138,90,,ok
235-25-6(2),4,annotation_mask,annotation,reference,external-data/235-25-6(2)_mask.png,07fd844e7f853a14fb82235228caf5997075e001697d881b5a753f8be11ad9ff,grid_equivalent_v1,unknown,pixel,5,15,20,1377.430590953303,77,63,48.274847192155875,77,,ok
235-25-6(2),4,annotation_mask,annotation,reference,external-data/235-25-6(2)_mask.png,07fd844e7f853a14fb82235228caf5997075e001697d881b5a753f8be11ad9ff,grid_equivalent_v1,unknown,pixel,5,20,5,1377.430590953303,93,62,48.27638081826494,91,zero_length_angle_vector,ok
235-25-6(2),4,annotation_mask,annotation,reference,external-data/235-25-6(2)_mask.png,07fd844e7f853a14fb82235228caf5997075e001697d881b5a753f8be11ad9ff,grid_equivalent_v1,unknown,pixel,5,20,10,1377.430590953303,88,62,48.63710691553637,88,,ok
235-25-6(2),4,annotation_mask,annotation,reference,external-data/235-25-6(2)_mask.png,07fd844e7f853a14fb82235228caf5997075e001697d881b5a753f8be11ad9ff,grid_equivalent_v1,unknown,pixel,5,20,20,1377.430590953303,76,62,48.0028001204507,76,,ok
235-25-6(2),4,annotation_mask,annotation,reference,external-data/235-25-6(2)_mask.png,07fd844e7f853a14fb82235228caf5997075e001697d881b5a753f8be11ad9ff,grid_equivalent_v1,unknown,pixel,7,5,5,1377.430590953303,107,68,47.66010101034622,106,zero_length_angle_vector,ok
235-25-6(2),4,annotation_mask,annotation,reference,external-data/235-25-6(2)_mask.png,07fd844e7f853a14fb82235228caf5997075e001697d881b5a753f8be11ad9ff,grid_equivalent_v1,unknown,pixel,7,5,10,1377.430590953303,102,68,46.82651808082787,102,,ok
235-25-6(2),4,annotation_mask,annotation,reference,external-data/235-25-6(2)_mask.png,07fd844e7f853a14fb82235228caf5997075e001697d881b5a753f8be11ad9ff,grid_equivalent_v1,unknown,pixel,7,5,20,1377.430590953303,81,68,46.37497599938222,81,,ok
235-25-6(2),4,annotation_mask,annotation,reference,external-data/235-25-6(2)_mask.png,07fd844e7f853a14fb82235228caf5997075e001697d881b5a753f8be11ad9ff,grid_equivalent_v1,unknown,pixel,7,10,5,1377.430590953303,105,68,47.203275649867095,103,zero_length_angle_vector,ok
235-25-6(2),4,annotation_mask,annotation,reference,external-data/235-25-6(2)_mask.png,07fd844e7f853a14fb82235228caf5997075e001697d881b5a753f8be11ad9ff,grid_equivalent_v1,unknown,pixel,7,10,10,1377.430590953303,98,68,46.391692092418516,98,,ok
235-25-6(2),4,annotation_mask,annotation,reference,external-data/235-25-6(2)_mask.png,07fd844e7f853a14fb82235228caf5997075e001697d881b5a753f8be11ad9ff,grid_equivalent_v1,unknown,pixel,7,10,20,1377.430590953303,79,68,45.92178555084497,79,,ok
235-25-6(2),4,annotation_mask,annotation,reference,external-data/235-25-6(2)_mask.png,07fd844e7f853a14fb82235228caf5997075e001697d881b5a753f8be11ad9ff,grid_equivalent_v1,unknown,pixel,7,15,5,1377.430590953303,100,67,47.178262065198865,99,zero_length_angle_vector,ok
235-25-6(2),4,annotation_mask,annotation,reference,external-data/235-25-6(2)_mask.png,07fd844e7f853a14fb82235228caf5997075e001697d881b5a753f8be11ad9ff,grid_equivalent_v1,unknown,pixel,7,15,10,1377.430590953303,95,67,46.76375470657948,95,,ok
235-25-6(2),4,annotation_mask,annotation,reference,external-data/235-25-6(2)_mask.png,07fd844e7f853a14fb82235228caf5997075e001697d881b5a753f8be11ad9ff,grid_equivalent_v1,unknown,pixel,7,15,20,1377.430590953303,78,67,45.606045214079586,78,,ok
235-25-6(2),4,annotation_mask,annotation,reference,external-data/235-25-6(2)_mask.png,07fd844e7f853a14fb82235228caf5997075e001697d881b5a753f8be11ad9ff,grid_equivalent_v1,unknown,pixel,7,20,5,1377.430590953303,97,66,46.579210208389675,96,zero_length_angle_vector,ok
235-25-6(2),4,annotation_mask,annotation,reference,external-data/235-25-6(2)_mask.png,07fd844e7f853a14fb82235228caf5997075e001697d881b5a753f8be11ad9ff,grid_equivalent_v1,unknown,pixel,7,20,10,1377.430590953303,92,66,45.6817411999654,92,,ok
235-25-6(2),4,annotation_mask,annotation,reference,external-data/235-25-6(2)_mask.png,07fd844e7f853a14fb82235228caf5997075e001697d881b5a753f8be11ad9ff,grid_equivalent_v1,unknown,pixel,7,20,20,1377.430590953303,78,66,45.195114697207465,78,,ok
235-25-7(1),2,annotation_mask,annotation,reference,external-data/235-25-7(1)_mask.png,7497c2c9ff553aa7c2dd4141a59b027c8c75f67dc2bccba4cc857927d6dbf16d,grid_equivalent_v1,unknown,pixel,3,5,5,2998.8439379638457,264,184,56.6545613057908,255,zero_length_angle_vector,ok
235-25-7(1),2,annotation_mask,annotation,reference,external-data/235-25-7(1)_mask.png,7497c2c9ff553aa7c2dd4141a59b027c8c75f67dc2bccba4cc857927d6dbf16d,grid_equivalent_v1,unknown,pixel,3,5,10,2998.8439379638457,234,184,55.86256969792836,233,zero_length_angle_vector,ok
235-25-7(1),2,annotation_mask,annotation,reference,external-data/235-25-7(1)_mask.png,7497c2c9ff553aa7c2dd4141a59b027c8c75f67dc2bccba4cc857927d6dbf16d,grid_equivalent_v1,unknown,pixel,3,5,20,2998.8439379638457,195,184,56.02707074852306,195,,ok
235-25-7(1),2,annotation_mask,annotation,reference,external-data/235-25-7(1)_mask.png,7497c2c9ff553aa7c2dd4141a59b027c8c75f67dc2bccba4cc857927d6dbf16d,grid_equivalent_v1,unknown,pixel,3,10,5,2998.8439379638457,258,184,56.71205580818806,248,zero_length_angle_vector,ok
235-25-7(1),2,annotation_mask,annotation,reference,external-data/235-25-7(1)_mask.png,7497c2c9ff553aa7c2dd4141a59b027c8c75f67dc2bccba4cc857927d6dbf16d,grid_equivalent_v1,unknown,pixel,3,10,10,2998.8439379638457,227,184,56.001336435012135,226,zero_length_angle_vector,ok
235-25-7(1),2,annotation_mask,annotation,reference,external-data/235-25-7(1)_mask.png,7497c2c9ff553aa7c2dd4141a59b027c8c75f67dc2bccba4cc857927d6dbf16d,grid_equivalent_v1,unknown,pixel,3,10,20,2998.8439379638457,190,184,55.821223227337164,190,,ok
235-25-7(1),2,annotation_mask,annotation,reference,external-data/235-25-7(1)_mask.png,7497c2c9ff553aa7c2dd4141a59b027c8c75f67dc2bccba4cc857927d6dbf16d,grid_equivalent_v1,unknown,pixel,3,15,5,2998.8439379638457,250,183,56.95104816733191,242,zero_length_angle_vector,ok
235-25-7(1),2,annotation_mask,annotation,reference,external-data/235-25-7(1)_mask.png,7497c2c9ff553aa7c2dd4141a59b027c8c75f67dc2bccba4cc857927d6dbf16d,grid_equivalent_v1,unknown,pixel,3,15,10,2998.8439379638457,220,183,56.0649638653435,220,,ok
235-25-7(1),2,annotation_mask,annotation,reference,external-data/235-25-7(1)_mask.png,7497c2c9ff553aa7c2dd4141a59b027c8c75f67dc2bccba4cc857927d6dbf16d,grid_equivalent_v1,unknown,pixel,3,15,20,2998.8439379638457,181,183,55.96609003481494,181,,ok
235-25-7(1),2,annotation_mask,annotation,reference,external-data/235-25-7(1)_mask.png,7497c2c9ff553aa7c2dd4141a59b027c8c75f67dc2bccba4cc857927d6dbf16d,grid_equivalent_v1,unknown,pixel,3,20,5,2998.8439379638457,242,181,56.40216458160574,235,zero_length_angle_vector,ok
235-25-7(1),2,annotation_mask,annotation,reference,external-data/235-25-7(1)_mask.png,7497c2c9ff553aa7c2dd4141a59b027c8c75f67dc2bccba4cc857927d6dbf16d,grid_equivalent_v1,unknown,pixel,3,20,10,2998.8439379638457,214,181,55.53580506437305,214,,ok
235-25-7(1),2,annotation_mask,annotation,reference,external-data/235-25-7(1)_mask.png,7497c2c9ff553aa7c2dd4141a59b027c8c75f67dc2bccba4cc857927d6dbf16d,grid_equivalent_v1,unknown,pixel,3,20,20,2998.8439379638457,169,181,55.67882209936159,169,,ok
235-25-7(1),2,annotation_mask,annotation,reference,external-data/235-25-7(1)_mask.png,7497c2c9ff553aa7c2dd4141a59b027c8c75f67dc2bccba4cc857927d6dbf16d,grid_equivalent_v1,unknown,pixel,5,5,5,2998.8439379638457,274,209,55.65052809226956,267,zero_length_angle_vector,ok
235-25-7(1),2,annotation_mask,annotation,reference,external-data/235-25-7(1)_mask.png,7497c2c9ff553aa7c2dd4141a59b027c8c75f67dc2bccba4cc857927d6dbf16d,grid_equivalent_v1,unknown,pixel,5,5,10,2998.8439379638457,240,209,56.41429403096003,240,,ok
235-25-7(1),2,annotation_mask,annotation,reference,external-data/235-25-7(1)_mask.png,7497c2c9ff553aa7c2dd4141a59b027c8c75f67dc2bccba4cc857927d6dbf16d,grid_equivalent_v1,unknown,pixel,5,5,20,2998.8439379638457,190,209,56.758094922166144,190,,ok
235-25-7(1),2,annotation_mask,annotation,reference,external-data/235-25-7(1)_mask.png,7497c2c9ff553aa7c2dd4141a59b027c8c75f67dc2bccba4cc857927d6dbf16d,grid_equivalent_v1,unknown,pixel,5,10,5,2998.8439379638457,270,209,55.531392453422285,261,zero_length_angle_vector,ok
235-25-7(1),2,annotation_mask,annotation,reference,external-data/235-25-7(1)_mask.png,7497c2c9ff553aa7c2dd4141a59b027c8c75f67dc2bccba4cc857927d6dbf16d,grid_equivalent_v1,unknown,pixel,5,10,10,2998.8439379638457,233,209,56.45108301786217,233,,ok
235-25-7(1),2,annotation_mask,annotation,reference,external-data/235-25-7(1)_mask.png,7497c2c9ff553aa7c2dd4141a59b027c8c75f67dc2bccba4cc857927d6dbf16d,grid_equivalent_v1,unknown,pixel,5,10,20,2998.8439379638457,182,209,57.04911208108496,182,,ok
235-25-7(1),2,annotation_mask,annotation,reference,external-data/235-25-7(1)_mask.png,7497c2c9ff553aa7c2dd4141a59b027c8c75f67dc2bccba4cc857927d6dbf16d,grid_equivalent_v1,unknown,pixel,5,15,5,2998.8439379638457,262,208,55.72491718335437,255,zero_length_angle_vector,ok
235-25-7(1),2,annotation_mask,annotation,reference,external-data/235-25-7(1)_mask.png,7497c2c9ff553aa7c2dd4141a59b027c8c75f67dc2bccba4cc857927d6dbf16d,grid_equivalent_v1,unknown,pixel,5,15,10,2998.8439379638457,230,208,56.8053052093956,230,,ok
235-25-7(1),2,annotation_mask,annotation,reference,external-data/235-25-7(1)_mask.png,7497c2c9ff553aa7c2dd4141a59b027c8c75f67dc2bccba4cc857927d6dbf16d,grid_equivalent_v1,unknown,pixel,5,15,20,2998.8439379638457,177,208,57.57675050871558,177,,ok
235-25-7(1),2,annotation_mask,annotation,reference,external-data/235-25-7(1)_mask.png,7497c2c9ff553aa7c2dd4141a59b027c8c75f67dc2bccba4cc857927d6dbf16d,grid_equivalent_v1,unknown,pixel,5,20,5,2998.8439379638457,257,206,55.966867398924464,249,zero_length_angle_vector,ok
235-25-7(1),2,annotation_mask,annotation,reference,external-data/235-25-7(1)_mask.png,7497c2c9ff553aa7c2dd4141a59b027c8c75f67dc2bccba4cc857927d6dbf16d,grid_equivalent_v1,unknown,pixel,5,20,10,2998.8439379638457,221,206,57.304373453167,221,,ok
235-25-7(1),2,annotation_mask,annotation,reference,external-data/235-25-7(1)_mask.png,7497c2c9ff553aa7c2dd4141a59b027c8c75f67dc2bccba4cc857927d6dbf16d,grid_equivalent_v1,unknown,pixel,5,20,20,2998.8439379638457,168,206,58.082581655083295,168,,ok
235-25-7(1),2,annotation_mask,annotation,reference,external-data/235-25-7(1)_mask.png,7497c2c9ff553aa7c2dd4141a59b027c8c75f67dc2bccba4cc857927d6dbf16d,grid_equivalent_v1,unknown,pixel,7,5,5,2998.8439379638457,249,186,55.751767010417225,241,zero_length_angle_vector,ok
235-25-7(1),2,annotation_mask,annotation,reference,external-data/235-25-7(1)_mask.png,7497c2c9ff553aa7c2dd4141a59b027c8c75f67dc2bccba4cc857927d6dbf16d,grid_equivalent_v1,unknown,pixel,7,5,10,2998.8439379638457,225,186,56.29774470846835,225,,ok
235-25-7(1),2,annotation_mask,annotation,reference,external-data/235-25-7(1)_mask.png,7497c2c9ff553aa7c2dd4141a59b027c8c75f67dc2bccba4cc857927d6dbf16d,grid_equivalent_v1,unknown,pixel,7,5,20,2998.8439379638457,183,186,57.12320599453896,183,,ok
235-25-7(1),2,annotation_mask,annotation,reference,external-data/235-25-7(1)_mask.png,7497c2c9ff553aa7c2dd4141a59b027c8c75f67dc2bccba4cc857927d6dbf16d,grid_equivalent_v1,unknown,pixel,7,10,5,2998.8439379638457,244,185,55.43961885123687,236,zero_length_angle_vector,ok
235-25-7(1),2,annotation_mask,annotation,reference,external-data/235-25-7(1)_mask.png,7497c2c9ff553aa7c2dd4141a59b027c8c75f67dc2bccba4cc857927d6dbf16d,grid_equivalent_v1,unknown,pixel,7,10,10,2998.8439379638457,220,185,56.31999076776018,220,,ok
235-25-7(1),2,annotation_mask,annotation,reference,external-data/235-25-7(1)_mask.png,7497c2c9ff553aa7c2dd4141a59b027c8c75f67dc2bccba4cc857927d6dbf16d,grid_equivalent_v1,unknown,pixel,7,10,20,2998.8439379638457,179,185,57.04425989426013,179,,ok
235-25-7(1),2,annotation_mask,annotation,reference,external-data/235-25-7(1)_mask.png,7497c2c9ff553aa7c2dd4141a59b027c8c75f67dc2bccba4cc857927d6dbf16d,grid_equivalent_v1,unknown,pixel,7,15,5,2998.8439379638457,239,185,55.5617448657929,233,zero_length_angle_vector,ok
235-25-7(1),2,annotation_mask,annotation,reference,external-data/235-25-7(1)_mask.png,7497c2c9ff553aa7c2dd4141a59b027c8c75f67dc2bccba4cc857927d6dbf16d,grid_equivalent_v1,unknown,pixel,7,15,10,2998.8439379638457,215,185,56.360116659232425,215,,ok
235-25-7(1),2,annotation_mask,annotation,reference,external-data/235-25-7(1)_mask.png,7497c2c9ff553aa7c2dd4141a59b027c8c75f67dc2bccba4cc857927d6dbf16d,grid_equivalent_v1,unknown,pixel,7,15,20,2998.8439379638457,173,185,57.559199274451984,173,,ok
235-25-7(1),2,annotation_mask,annotation,reference,external-data/235-25-7(1)_mask.png,7497c2c9ff553aa7c2dd4141a59b027c8c75f67dc2bccba4cc857927d6dbf16d,grid_equivalent_v1,unknown,pixel,7,20,5,2998.8439379638457,234,185,55.5496501216952,227,zero_length_angle_vector,ok
235-25-7(1),2,annotation_mask,annotation,reference,external-data/235-25-7(1)_mask.png,7497c2c9ff553aa7c2dd4141a59b027c8c75f67dc2bccba4cc857927d6dbf16d,grid_equivalent_v1,unknown,pixel,7,20,10,2998.8439379638457,211,185,56.32364312026413,211,,ok
235-25-7(1),2,annotation_mask,annotation,reference,external-data/235-25-7(1)_mask.png,7497c2c9ff553aa7c2dd4141a59b027c8c75f67dc2bccba4cc857927d6dbf16d,grid_equivalent_v1,unknown,pixel,7,20,20,2998.8439379638457,171,185,57.78932812317896,171,,ok
235-25-7(2),2,annotation_mask,annotation,reference,external-data/235-25-7(2)_mask.png,2131528edadfa652c430e59c756f4b7a69ff50f6d858967b29f0984a2a5a1f3d,grid_equivalent_v1,unknown,pixel,3,5,5,1249.092495836678,105,69,55.0146722062195,101,zero_length_angle_vector,ok
235-25-7(2),2,annotation_mask,annotation,reference,external-data/235-25-7(2)_mask.png,2131528edadfa652c430e59c756f4b7a69ff50f6d858967b29f0984a2a5a1f3d,grid_equivalent_v1,unknown,pixel,3,5,10,1249.092495836678,87,69,53.9058923753403,86,zero_length_angle_vector,ok
235-25-7(2),2,annotation_mask,annotation,reference,external-data/235-25-7(2)_mask.png,2131528edadfa652c430e59c756f4b7a69ff50f6d858967b29f0984a2a5a1f3d,grid_equivalent_v1,unknown,pixel,3,5,20,1249.092495836678,61,69,55.052004035836966,61,,ok
235-25-7(2),2,annotation_mask,annotation,reference,external-data/235-25-7(2)_mask.png,2131528edadfa652c430e59c756f4b7a69ff50f6d858967b29f0984a2a5a1f3d,grid_equivalent_v1,unknown,pixel,3,10,5,1249.092495836678,103,69,54.83456819546913,99,zero_length_angle_vector,ok
235-25-7(2),2,annotation_mask,annotation,reference,external-data/235-25-7(2)_mask.png,2131528edadfa652c430e59c756f4b7a69ff50f6d858967b29f0984a2a5a1f3d,grid_equivalent_v1,unknown,pixel,3,10,10,1249.092495836678,85,69,54.49253351285109,85,,ok
235-25-7(2),2,annotation_mask,annotation,reference,external-data/235-25-7(2)_mask.png,2131528edadfa652c430e59c756f4b7a69ff50f6d858967b29f0984a2a5a1f3d,grid_equivalent_v1,unknown,pixel,3,10,20,1249.092495836678,61,69,55.14188596710371,61,,ok
235-25-7(2),2,annotation_mask,annotation,reference,external-data/235-25-7(2)_mask.png,2131528edadfa652c430e59c756f4b7a69ff50f6d858967b29f0984a2a5a1f3d,grid_equivalent_v1,unknown,pixel,3,15,5,1249.092495836678,101,69,54.8327335578901,98,zero_length_angle_vector,ok
235-25-7(2),2,annotation_mask,annotation,reference,external-data/235-25-7(2)_mask.png,2131528edadfa652c430e59c756f4b7a69ff50f6d858967b29f0984a2a5a1f3d,grid_equivalent_v1,unknown,pixel,3,15,10,1249.092495836678,83,69,54.730195923151726,83,,ok
235-25-7(2),2,annotation_mask,annotation,reference,external-data/235-25-7(2)_mask.png,2131528edadfa652c430e59c756f4b7a69ff50f6d858967b29f0984a2a5a1f3d,grid_equivalent_v1,unknown,pixel,3,15,20,1249.092495836678,60,69,55.79869938473978,60,,ok
235-25-7(2),2,annotation_mask,annotation,reference,external-data/235-25-7(2)_mask.png,2131528edadfa652c430e59c756f4b7a69ff50f6d858967b29f0984a2a5a1f3d,grid_equivalent_v1,unknown,pixel,3,20,5,1249.092495836678,100,69,55.53336140002179,95,zero_length_angle_vector,ok
235-25-7(2),2,annotation_mask,annotation,reference,external-data/235-25-7(2)_mask.png,2131528edadfa652c430e59c756f4b7a69ff50f6d858967b29f0984a2a5a1f3d,grid_equivalent_v1,unknown,pixel,3,20,10,1249.092495836678,82,69,54.99617641883192,82,,ok
235-25-7(2),2,annotation_mask,annotation,reference,external-data/235-25-7(2)_mask.png,2131528edadfa652c430e59c756f4b7a69ff50f6d858967b29f0984a2a5a1f3d,grid_equivalent_v1,unknown,pixel,3,20,20,1249.092495836678,60,69,55.3294301582956,60,,ok
235-25-7(2),2,annotation_mask,annotation,reference,external-data/235-25-7(2)_mask.png,2131528edadfa652c430e59c756f4b7a69ff50f6d858967b29f0984a2a5a1f3d,grid_equivalent_v1,unknown,pixel,5,5,5,1249.092495836678,105,74,51.60403817444153,99,zero_length_angle_vector,ok
235-25-7(2),2,annotation_mask,annotation,reference,external-data/235-25-7(2)_mask.png,2131528edadfa652c430e59c756f4b7a69ff50f6d858967b29f0984a2a5a1f3d,grid_equivalent_v1,unknown,pixel,5,5,10,1249.092495836678,95,74,51.16205060194342,94,zero_length_angle_vector,ok
235-25-7(2),2,annotation_mask,annotation,reference,external-data/235-25-7(2)_mask.png,2131528edadfa652c430e59c756f4b7a69ff50f6d858967b29f0984a2a5a1f3d,grid_equivalent_v1,unknown,pixel,5,5,20,1249.092495836678,68,74,51.937906528416924,68,,ok
235-25-7(2),2,annotation_mask,annotation,reference,external-data/235-25-7(2)_mask.png,2131528edadfa652c430e59c756f4b7a69ff50f6d858967b29f0984a2a5a1f3d,grid_equivalent_v1,unknown,pixel,5,10,5,1249.092495836678,105,74,51.60403817444153,99,zero_length_angle_vector,ok
235-25-7(2),2,annotation_mask,annotation,reference,external-data/235-25-7(2)_mask.png,2131528edadfa652c430e59c756f4b7a69ff50f6d858967b29f0984a2a5a1f3d,grid_equivalent_v1,unknown,pixel,5,10,10,1249.092495836678,94,74,51.16205060194342,94,,ok
235-25-7(2),2,annotation_mask,annotation,reference,external-data/235-25-7(2)_mask.png,2131528edadfa652c430e59c756f4b7a69ff50f6d858967b29f0984a2a5a1f3d,grid_equivalent_v1,unknown,pixel,5,10,20,1249.092495836678,68,74,51.93790652841693,68,,ok
235-25-7(2),2,annotation_mask,annotation,reference,external-data/235-25-7(2)_mask.png,2131528edadfa652c430e59c756f4b7a69ff50f6d858967b29f0984a2a5a1f3d,grid_equivalent_v1,unknown,pixel,5,15,5,1249.092495836678,104,74,51.62513720652898,99,zero_length_angle_vector,ok
235-25-7(2),2,annotation_mask,annotation,reference,external-data/235-25-7(2)_mask.png,2131528edadfa652c430e59c756f4b7a69ff50f6d858967b29f0984a2a5a1f3d,grid_equivalent_v1,unknown,pixel,5,15,10,1249.092495836678,94,74,51.18427192297171,94,,ok
235-25-7(2),2,annotation_mask,annotation,reference,external-data/235-25-7(2)_mask.png,2131528edadfa652c430e59c756f4b7a69ff50f6d858967b29f0984a2a5a1f3d,grid_equivalent_v1,unknown,pixel,5,15,20,1249.092495836678,68,74,51.96862423689719,68,,ok
235-25-7(2),2,annotation_mask,annotation,reference,external-data/235-25-7(2)_mask.png,2131528edadfa652c430e59c756f4b7a69ff50f6d858967b29f0984a2a5a1f3d,grid_equivalent_v1,unknown,pixel,5,20,5,1249.092495836678,105,74,51.66640606289237,99,zero_length_angle_vector,ok
235-25-7(2),2,annotation_mask,annotation,reference,external-data/235-25-7(2)_mask.png,2131528edadfa652c430e59c756f4b7a69ff50f6d858967b29f0984a2a5a1f3d,grid_equivalent_v1,unknown,pixel,5,20,10,1249.092495836678,94,74,51.22773593126931,94,,ok
235-25-7(2),2,annotation_mask,annotation,reference,external-data/235-25-7(2)_mask.png,2131528edadfa652c430e59c756f4b7a69ff50f6d858967b29f0984a2a5a1f3d,grid_equivalent_v1,unknown,pixel,5,20,20,1249.092495836678,68,74,52.0287068366027,68,,ok
235-25-7(2),2,annotation_mask,annotation,reference,external-data/235-25-7(2)_mask.png,2131528edadfa652c430e59c756f4b7a69ff50f6d858967b29f0984a2a5a1f3d,grid_equivalent_v1,unknown,pixel,7,5,5,1249.092495836678,97,68,52.68076204010046,93,zero_length_angle_vector,ok
235-25-7(2),2,annotation_mask,annotation,reference,external-data/235-25-7(2)_mask.png,2131528edadfa652c430e59c756f4b7a69ff50f6d858967b29f0984a2a5a1f3d,grid_equivalent_v1,unknown,pixel,7,5,10,1249.092495836678,89,68,52.85259674449831,88,zero_length_angle_vector,ok
235-25-7(2),2,annotation_mask,annotation,reference,external-data/235-25-7(2)_mask.png,2131528edadfa652c430e59c756f4b7a69ff50f6d858967b29f0984a2a5a1f3d,grid_equivalent_v1,unknown,pixel,7,5,20,1249.092495836678,70,68,53.11985322645749,70,,ok
235-25-7(2),2,annotation_mask,annotation,reference,external-data/235-25-7(2)_mask.png,2131528edadfa652c430e59c756f4b7a69ff50f6d858967b29f0984a2a5a1f3d,grid_equivalent_v1,unknown,pixel,7,10,5,1249.092495836678,97,68,52.68076204010044,93,zero_length_angle_vector,ok
235-25-7(2),2,annotation_mask,annotation,reference,external-data/235-25-7(2)_mask.png,2131528edadfa652c430e59c756f4b7a69ff50f6d858967b29f0984a2a5a1f3d,grid_equivalent_v1,unknown,pixel,7,10,10,1249.092495836678,88,68,52.85259674449831,88,,ok
235-25-7(2),2,annotation_mask,annotation,reference,external-data/235-25-7(2)_mask.png,2131528edadfa652c430e59c756f4b7a69ff50f6d858967b29f0984a2a5a1f3d,grid_equivalent_v1,unknown,pixel,7,10,20,1249.092495836678,70,68,53.11985322645749,70,,ok
235-25-7(2),2,annotation_mask,annotation,reference,external-data/235-25-7(2)_mask.png,2131528edadfa652c430e59c756f4b7a69ff50f6d858967b29f0984a2a5a1f3d,grid_equivalent_v1,unknown,pixel,7,15,5,1249.092495836678,96,68,52.659733207869024,93,zero_length_angle_vector,ok
235-25-7(2),2,annotation_mask,annotation,reference,external-data/235-25-7(2)_mask.png,2131528edadfa652c430e59c756f4b7a69ff50f6d858967b29f0984a2a5a1f3d,grid_equivalent_v1,unknown,pixel,7,15,10,1249.092495836678,88,68,52.83037309225374,88,,ok
235-25-7(2),2,annotation_mask,annotation,reference,external-data/235-25-7(2)_mask.png,2131528edadfa652c430e59c756f4b7a69ff50f6d858967b29f0984a2a5a1f3d,grid_equivalent_v1,unknown,pixel,7,15,20,1249.092495836678,70,68,53.091914920778585,70,,ok
235-25-7(2),2,annotation_mask,annotation,reference,external-data/235-25-7(2)_mask.png,2131528edadfa652c430e59c756f4b7a69ff50f6d858967b29f0984a2a5a1f3d,grid_equivalent_v1,unknown,pixel,7,20,5,1249.092495836678,97,68,52.659733207869024,93,zero_length_angle_vector,ok
235-25-7(2),2,annotation_mask,annotation,reference,external-data/235-25-7(2)_mask.png,2131528edadfa652c430e59c756f4b7a69ff50f6d858967b29f0984a2a5a1f3d,grid_equivalent_v1,unknown,pixel,7,20,10,1249.092495836678,88,68,52.83037309225374,88,,ok
235-25-7(2),2,annotation_mask,annotation,reference,external-data/235-25-7(2)_mask.png,2131528edadfa652c430e59c756f4b7a69ff50f6d858967b29f0984a2a5a1f3d,grid_equivalent_v1,unknown,pixel,7,20,20,1249.092495836678,70,68,53.091914920778585,70,,ok
235-25-7(3),2,annotation_mask,annotation,reference,external-data/235-25-7(3)_mask.png,2c8b120debe12fd303a7f06497770c03ad10375f80aac91a1feeabe828c5d6e3,grid_equivalent_v1,unknown,pixel,3,5,5,3042.988165628605,97,64,42.604664489237685,95,zero_length_angle_vector,ok
235-25-7(3),2,annotation_mask,annotation,reference,external-data/235-25-7(3)_mask.png,2c8b120debe12fd303a7f06497770c03ad10375f80aac91a1feeabe828c5d6e3,grid_equivalent_v1,unknown,pixel,3,5,10,3042.988165628605,91,64,41.867844563435604,90,zero_length_angle_vector,ok
235-25-7(3),2,annotation_mask,annotation,reference,external-data/235-25-7(3)_mask.png,2c8b120debe12fd303a7f06497770c03ad10375f80aac91a1feeabe828c5d6e3,grid_equivalent_v1,unknown,pixel,3,5,20,3042.988165628605,70,64,43.008705857759495,69,zero_length_angle_vector,ok
235-25-7(3),2,annotation_mask,annotation,reference,external-data/235-25-7(3)_mask.png,2c8b120debe12fd303a7f06497770c03ad10375f80aac91a1feeabe828c5d6e3,grid_equivalent_v1,unknown,pixel,3,10,5,3042.988165628605,95,64,42.26973961037247,92,zero_length_angle_vector,ok
235-25-7(3),2,annotation_mask,annotation,reference,external-data/235-25-7(3)_mask.png,2c8b120debe12fd303a7f06497770c03ad10375f80aac91a1feeabe828c5d6e3,grid_equivalent_v1,unknown,pixel,3,10,10,3042.988165628605,87,64,42.1021960565106,86,zero_length_angle_vector,ok
235-25-7(3),2,annotation_mask,annotation,reference,external-data/235-25-7(3)_mask.png,2c8b120debe12fd303a7f06497770c03ad10375f80aac91a1feeabe828c5d6e3,grid_equivalent_v1,unknown,pixel,3,10,20,3042.988165628605,70,64,42.21681643229099,69,zero_length_angle_vector,ok
235-25-7(3),2,annotation_mask,annotation,reference,external-data/235-25-7(3)_mask.png,2c8b120debe12fd303a7f06497770c03ad10375f80aac91a1feeabe828c5d6e3,grid_equivalent_v1,unknown,pixel,3,15,5,3042.988165628605,91,64,42.19316393650457,90,zero_length_angle_vector,ok
235-25-7(3),2,annotation_mask,annotation,reference,external-data/235-25-7(3)_mask.png,2c8b120debe12fd303a7f06497770c03ad10375f80aac91a1feeabe828c5d6e3,grid_equivalent_v1,unknown,pixel,3,15,10,3042.988165628605,86,64,42.218912984574814,85,zero_length_angle_vector,ok
235-25-7(3),2,annotation_mask,annotation,reference,external-data/235-25-7(3)_mask.png,2c8b120debe12fd303a7f06497770c03ad10375f80aac91a1feeabe828c5d6e3,grid_equivalent_v1,unknown,pixel,3,15,20,3042.988165628605,68,64,42.42128459843548,67,zero_length_angle_vector,ok
235-25-7(3),2,annotation_mask,annotation,reference,external-data/235-25-7(3)_mask.png,2c8b120debe12fd303a7f06497770c03ad10375f80aac91a1feeabe828c5d6e3,grid_equivalent_v1,unknown,pixel,3,20,5,3042.988165628605,94,64,43.465983113446335,92,zero_length_angle_vector,ok
235-25-7(3),2,annotation_mask,annotation,reference,external-data/235-25-7(3)_mask.png,2c8b120debe12fd303a7f06497770c03ad10375f80aac91a1feeabe828c5d6e3,grid_equivalent_v1,unknown,pixel,3,20,10,3042.988165628605,87,64,43.67910730598292,86,zero_length_angle_vector,ok
235-25-7(3),2,annotation_mask,annotation,reference,external-data/235-25-7(3)_mask.png,2c8b120debe12fd303a7f06497770c03ad10375f80aac91a1feeabe828c5d6e3,grid_equivalent_v1,unknown,pixel,3,20,20,3042.988165628605,67,64,42.70395208679931,66,zero_length_angle_vector,ok
235-25-7(3),2,annotation_mask,annotation,reference,external-data/235-25-7(3)_mask.png,2c8b120debe12fd303a7f06497770c03ad10375f80aac91a1feeabe828c5d6e3,grid_equivalent_v1,unknown,pixel,5,5,5,3042.988165628605,103,69,40.533683142069265,98,zero_length_angle_vector,ok
235-25-7(3),2,annotation_mask,annotation,reference,external-data/235-25-7(3)_mask.png,2c8b120debe12fd303a7f06497770c03ad10375f80aac91a1feeabe828c5d6e3,grid_equivalent_v1,unknown,pixel,5,5,10,3042.988165628605,90,69,39.820744909090294,89,zero_length_angle_vector,ok
235-25-7(3),2,annotation_mask,annotation,reference,external-data/235-25-7(3)_mask.png,2c8b120debe12fd303a7f06497770c03ad10375f80aac91a1feeabe828c5d6e3,grid_equivalent_v1,unknown,pixel,5,5,20,3042.988165628605,72,69,38.59943060049597,71,zero_length_angle_vector,ok
235-25-7(3),2,annotation_mask,annotation,reference,external-data/235-25-7(3)_mask.png,2c8b120debe12fd303a7f06497770c03ad10375f80aac91a1feeabe828c5d6e3,grid_equivalent_v1,unknown,pixel,5,10,5,3042.988165628605,99,69,40.58514835698993,92,zero_length_angle_vector,ok
235-25-7(3),2,annotation_mask,annotation,reference,external-data/235-25-7(3)_mask.png,2c8b120debe12fd303a7f06497770c03ad10375f80aac91a1feeabe828c5d6e3,grid_equivalent_v1,unknown,pixel,5,10,10,3042.988165628605,87,69,40.57220203780199,86,zero_length_angle_vector,ok
235-25-7(3),2,annotation_mask,annotation,reference,external-data/235-25-7(3)_mask.png,2c8b120debe12fd303a7f06497770c03ad10375f80aac91a1feeabe828c5d6e3,grid_equivalent_v1,unknown,pixel,5,10,20,3042.988165628605,72,69,38.883560403062916,71,zero_length_angle_vector,ok
235-25-7(3),2,annotation_mask,annotation,reference,external-data/235-25-7(3)_mask.png,2c8b120debe12fd303a7f06497770c03ad10375f80aac91a1feeabe828c5d6e3,grid_equivalent_v1,unknown,pixel,5,15,5,3042.988165628605,96,69,40.77494916621462,91,zero_length_angle_vector,ok
235-25-7(3),2,annotation_mask,annotation,reference,external-data/235-25-7(3)_mask.png,2c8b120debe12fd303a7f06497770c03ad10375f80aac91a1feeabe828c5d6e3,grid_equivalent_v1,unknown,pixel,5,15,10,3042.988165628605,86,69,40.34148473985392,85,zero_length_angle_vector,ok
235-25-7(3),2,annotation_mask,annotation,reference,external-data/235-25-7(3)_mask.png,2c8b120debe12fd303a7f06497770c03ad10375f80aac91a1feeabe828c5d6e3,grid_equivalent_v1,unknown,pixel,5,15,20,3042.988165628605,70,69,38.688254089870085,69,zero_length_angle_vector,ok
235-25-7(3),2,annotation_mask,annotation,reference,external-data/235-25-7(3)_mask.png,2c8b120debe12fd303a7f06497770c03ad10375f80aac91a1feeabe828c5d6e3,grid_equivalent_v1,unknown,pixel,5,20,5,3042.988165628605,94,69,46.51356953359828,91,zero_length_angle_vector,ok
235-25-7(3),2,annotation_mask,annotation,reference,external-data/235-25-7(3)_mask.png,2c8b120debe12fd303a7f06497770c03ad10375f80aac91a1feeabe828c5d6e3,grid_equivalent_v1,unknown,pixel,5,20,10,3042.988165628605,85,69,45.56116769035821,84,zero_length_angle_vector,ok
235-25-7(3),2,annotation_mask,annotation,reference,external-data/235-25-7(3)_mask.png,2c8b120debe12fd303a7f06497770c03ad10375f80aac91a1feeabe828c5d6e3,grid_equivalent_v1,unknown,pixel,5,20,20,3042.988165628605,68,69,45.471189364017704,67,zero_length_angle_vector,ok
235-25-7(3),2,annotation_mask,annotation,reference,external-data/235-25-7(3)_mask.png,2c8b120debe12fd303a7f06497770c03ad10375f80aac91a1feeabe828c5d6e3,grid_equivalent_v1,unknown,pixel,7,5,5,3042.988165628605,104,72,42.50959057452493,99,zero_length_angle_vector,ok
235-25-7(3),2,annotation_mask,annotation,reference,external-data/235-25-7(3)_mask.png,2c8b120debe12fd303a7f06497770c03ad10375f80aac91a1feeabe828c5d6e3,grid_equivalent_v1,unknown,pixel,7,5,10,3042.988165628605,92,72,40.96468884151318,91,zero_length_angle_vector,ok
235-25-7(3),2,annotation_mask,annotation,reference,external-data/235-25-7(3)_mask.png,2c8b120debe12fd303a7f06497770c03ad10375f80aac91a1feeabe828c5d6e3,grid_equivalent_v1,unknown,pixel,7,5,20,3042.988165628605,76,72,39.4787530857979,75,zero_length_angle_vector,ok
235-25-7(3),2,annotation_mask,annotation,reference,external-data/235-25-7(3)_mask.png,2c8b120debe12fd303a7f06497770c03ad10375f80aac91a1feeabe828c5d6e3,grid_equivalent_v1,unknown,pixel,7,10,5,3042.988165628605,101,72,42.49035869682927,95,zero_length_angle_vector,ok
235-25-7(3),2,annotation_mask,annotation,reference,external-data/235-25-7(3)_mask.png,2c8b120debe12fd303a7f06497770c03ad10375f80aac91a1feeabe828c5d6e3,grid_equivalent_v1,unknown,pixel,7,10,10,3042.988165628605,90,72,41.506754202453656,89,zero_length_angle_vector,ok
235-25-7(3),2,annotation_mask,annotation,reference,external-data/235-25-7(3)_mask.png,2c8b120debe12fd303a7f06497770c03ad10375f80aac91a1feeabe828c5d6e3,grid_equivalent_v1,unknown,pixel,7,10,20,3042.988165628605,76,72,39.368761830079144,75,zero_length_angle_vector,ok
235-25-7(3),2,annotation_mask,annotation,reference,external-data/235-25-7(3)_mask.png,2c8b120debe12fd303a7f06497770c03ad10375f80aac91a1feeabe828c5d6e3,grid_equivalent_v1,unknown,pixel,7,15,5,3042.988165628605,99,72,42.48305964662397,95,zero_length_angle_vector,ok
235-25-7(3),2,annotation_mask,annotation,reference,external-data/235-25-7(3)_mask.png,2c8b120debe12fd303a7f06497770c03ad10375f80aac91a1feeabe828c5d6e3,grid_equivalent_v1,unknown,pixel,7,15,10,3042.988165628605,89,72,41.41162270595175,88,zero_length_angle_vector,ok
235-25-7(3),2,annotation_mask,annotation,reference,external-data/235-25-7(3)_mask.png,2c8b120debe12fd303a7f06497770c03ad10375f80aac91a1feeabe828c5d6e3,grid_equivalent_v1,unknown,pixel,7,15,20,3042.988165628605,74,72,39.387510393812654,73,zero_length_angle_vector,ok
235-25-7(3),2,annotation_mask,annotation,reference,external-data/235-25-7(3)_mask.png,2c8b120debe12fd303a7f06497770c03ad10375f80aac91a1feeabe828c5d6e3,grid_equivalent_v1,unknown,pixel,7,20,5,3042.988165628605,99,72,46.41093756371215,95,zero_length_angle_vector,ok
235-25-7(3),2,annotation_mask,annotation,reference,external-data/235-25-7(3)_mask.png,2c8b120debe12fd303a7f06497770c03ad10375f80aac91a1feeabe828c5d6e3,grid_equivalent_v1,unknown,pixel,7,20,10,3042.988165628605,89,72,46.28192679564733,88,zero_length_angle_vector,ok
235-25-7(3),2,annotation_mask,annotation,reference,external-data/235-25-7(3)_mask.png,2c8b120debe12fd303a7f06497770c03ad10375f80aac91a1feeabe828c5d6e3,grid_equivalent_v1,unknown,pixel,7,20,20,3042.988165628605,71,72,46.7995279918284,70,zero_length_angle_vector,ok
235-25-9(1),4,annotation_mask,annotation,reference,external-data/235-25-9(1)_mask.png,a44aabe48936de7e267908875859f9c440963c013122db96ca7e12819915e47a,grid_equivalent_v1,unknown,pixel,3,5,5,3126.4490603852128,94,71,55.313894211324154,83,zero_length_angle_vector,ok
235-25-9(1),4,annotation_mask,annotation,reference,external-data/235-25-9(1)_mask.png,a44aabe48936de7e267908875859f9c440963c013122db96ca7e12819915e47a,grid_equivalent_v1,unknown,pixel,3,5,10,3126.4490603852128,84,71,54.93013418917162,78,zero_length_angle_vector,ok
235-25-9(1),4,annotation_mask,annotation,reference,external-data/235-25-9(1)_mask.png,a44aabe48936de7e267908875859f9c440963c013122db96ca7e12819915e47a,grid_equivalent_v1,unknown,pixel,3,5,20,3126.4490603852128,75,71,56.07233930698974,69,zero_length_angle_vector,ok
235-25-9(1),4,annotation_mask,annotation,reference,external-data/235-25-9(1)_mask.png,a44aabe48936de7e267908875859f9c440963c013122db96ca7e12819915e47a,grid_equivalent_v1,unknown,pixel,3,10,5,3126.4490603852128,92,70,55.537195882210064,83,zero_length_angle_vector,ok
235-25-9(1),4,annotation_mask,annotation,reference,external-data/235-25-9(1)_mask.png,a44aabe48936de7e267908875859f9c440963c013122db96ca7e12819915e47a,grid_equivalent_v1,unknown,pixel,3,10,10,3126.4490603852128,83,70,55.570635889331086,77,zero_length_angle_vector,ok
235-25-9(1),4,annotation_mask,annotation,reference,external-data/235-25-9(1)_mask.png,a44aabe48936de7e267908875859f9c440963c013122db96ca7e12819915e47a,grid_equivalent_v1,unknown,pixel,3,10,20,3126.4490603852128,74,70,56.39229439534302,68,zero_length_angle_vector,ok
235-25-9(1),4,annotation_mask,annotation,reference,external-data/235-25-9(1)_mask.png,a44aabe48936de7e267908875859f9c440963c013122db96ca7e12819915e47a,grid_equivalent_v1,unknown,pixel,3,15,5,3126.4490603852128,91,70,56.113903189271504,82,zero_length_angle_vector,ok
235-25-9(1),4,annotation_mask,annotation,reference,external-data/235-25-9(1)_mask.png,a44aabe48936de7e267908875859f9c440963c013122db96ca7e12819915e47a,grid_equivalent_v1,unknown,pixel,3,15,10,3126.4490603852128,81,70,55.93833315370293,75,zero_length_angle_vector,ok
235-25-9(1),4,annotation_mask,annotation,reference,external-data/235-25-9(1)_mask.png,a44aabe48936de7e267908875859f9c440963c013122db96ca7e12819915e47a,grid_equivalent_v1,unknown,pixel,3,15,20,3126.4490603852128,72,70,56.303318828630424,66,zero_length_angle_vector,ok
235-25-9(1),4,annotation_mask,annotation,reference,external-data/235-25-9(1)_mask.png,a44aabe48936de7e267908875859f9c440963c013122db96ca7e12819915e47a,grid_equivalent_v1,unknown,pixel,3,20,5,3126.4490603852128,89,70,56.56320976513507,80,zero_length_angle_vector,ok
235-25-9(1),4,annotation_mask,annotation,reference,external-data/235-25-9(1)_mask.png,a44aabe48936de7e267908875859f9c440963c013122db96ca7e12819915e47a,grid_equivalent_v1,unknown,pixel,3,20,10,3126.4490603852128,79,70,55.50549714516612,73,zero_length_angle_vector,ok
235-25-9(1),4,annotation_mask,annotation,reference,external-data/235-25-9(1)_mask.png,a44aabe48936de7e267908875859f9c440963c013122db96ca7e12819915e47a,grid_equivalent_v1,unknown,pixel,3,20,20,3126.4490603852128,71,70,56.41808888549928,65,zero_length_angle_vector,ok
235-25-9(1),4,annotation_mask,annotation,reference,external-data/235-25-9(1)_mask.png,a44aabe48936de7e267908875859f9c440963c013122db96ca7e12819915e47a,grid_equivalent_v1,unknown,pixel,5,5,5,3126.4490603852128,87,71,55.40091396946111,85,zero_length_angle_vector,ok
235-25-9(1),4,annotation_mask,annotation,reference,external-data/235-25-9(1)_mask.png,a44aabe48936de7e267908875859f9c440963c013122db96ca7e12819915e47a,grid_equivalent_v1,unknown,pixel,5,5,10,3126.4490603852128,84,71,55.69409108693984,84,,ok
235-25-9(1),4,annotation_mask,annotation,reference,external-data/235-25-9(1)_mask.png,a44aabe48936de7e267908875859f9c440963c013122db96ca7e12819915e47a,grid_equivalent_v1,unknown,pixel,5,5,20,3126.4490603852128,74,71,56.37572970808243,74,,ok
235-25-9(1),4,annotation_mask,annotation,reference,external-data/235-25-9(1)_mask.png,a44aabe48936de7e267908875859f9c440963c013122db96ca7e12819915e47a,grid_equivalent_v1,unknown,pixel,5,10,5,3126.4490603852128,85,71,55.24488320205959,85,,ok
235-25-9(1),4,annotation_mask,annotation,reference,external-data/235-25-9(1)_mask.png,a44aabe48936de7e267908875859f9c440963c013122db96ca7e12819915e47a,grid_equivalent_v1,unknown,pixel,5,10,10,3126.4490603852128,83,71,55.94365532876272,83,,ok
235-25-9(1),4,annotation_mask,annotation,reference,external-data/235-25-9(1)_mask.png,a44aabe48936de7e267908875859f9c440963c013122db96ca7e12819915e47a,grid_equivalent_v1,unknown,pixel,5,10,20,3126.4490603852128,73,71,56.253186742562704,73,,ok
235-25-9(1),4,annotation_mask,annotation,reference,external-data/235-25-9(1)_mask.png,a44aabe48936de7e267908875859f9c440963c013122db96ca7e12819915e47a,grid_equivalent_v1,unknown,pixel,5,15,5,3126.4490603852128,84,71,55.70638406126774,84,,ok
235-25-9(1),4,annotation_mask,annotation,reference,external-data/235-25-9(1)_mask.png,a44aabe48936de7e267908875859f9c440963c013122db96ca7e12819915e47a,grid_equivalent_v1,unknown,pixel,5,15,10,3126.4490603852128,81,71,56.36650915301412,81,,ok
235-25-9(1),4,annotation_mask,annotation,reference,external-data/235-25-9(1)_mask.png,a44aabe48936de7e267908875859f9c440963c013122db96ca7e12819915e47a,grid_equivalent_v1,unknown,pixel,5,15,20,3126.4490603852128,72,71,56.25640639245418,72,,ok
235-25-9(1),4,annotation_mask,annotation,reference,external-data/235-25-9(1)_mask.png,a44aabe48936de7e267908875859f9c440963c013122db96ca7e12819915e47a,grid_equivalent_v1,unknown,pixel,5,20,5,3126.4490603852128,82,71,57.003763749229456,77,zero_length_angle_vector,ok
235-25-9(1),4,annotation_mask,annotation,reference,external-data/235-25-9(1)_mask.png,a44aabe48936de7e267908875859f9c440963c013122db96ca7e12819915e47a,grid_equivalent_v1,unknown,pixel,5,20,10,3126.4490603852128,80,71,57.000474324547696,75,zero_length_angle_vector,ok
235-25-9(1),4,annotation_mask,annotation,reference,external-data/235-25-9(1)_mask.png,a44aabe48936de7e267908875859f9c440963c013122db96ca7e12819915e47a,grid_equivalent_v1,unknown,pixel,5,20,20,3126.4490603852128,70,71,58.29907740145776,67,zero_length_angle_vector,ok
235-25-9(1),4,annotation_mask,annotation,reference,external-data/235-25-9(1)_mask.png,a44aabe48936de7e267908875859f9c440963c013122db96ca7e12819915e47a,grid_equivalent_v1,unknown,pixel,7,5,5,3126.4490603852128,86,68,55.09956330418345,82,zero_length_angle_vector,ok
235-25-9(1),4,annotation_mask,annotation,reference,external-data/235-25-9(1)_mask.png,a44aabe48936de7e267908875859f9c440963c013122db96ca7e12819915e47a,grid_equivalent_v1,unknown,pixel,7,5,10,3126.4490603852128,81,68,55.62747041561378,81,,ok
235-25-9(1),4,annotation_mask,annotation,reference,external-data/235-25-9(1)_mask.png,a44aabe48936de7e267908875859f9c440963c013122db96ca7e12819915e47a,grid_equivalent_v1,unknown,pixel,7,5,20,3126.4490603852128,73,68,56.64842793317709,73,,ok
235-25-9(1),4,annotation_mask,annotation,reference,external-data/235-25-9(1)_mask.png,a44aabe48936de7e267908875859f9c440963c013122db96ca7e12819915e47a,grid_equivalent_v1,unknown,pixel,7,10,5,3126.4490603852128,83,68,55.6487254688895,81,zero_length_angle_vector,ok
235-25-9(1),4,annotation_mask,annotation,reference,external-data/235-25-9(1)_mask.png,a44aabe48936de7e267908875859f9c440963c013122db96ca7e12819915e47a,grid_equivalent_v1,unknown,pixel,7,10,10,3126.4490603852128,80,68,56.193150073787976,80,,ok
235-25-9(1),4,annotation_mask,annotation,reference,external-data/235-25-9(1)_mask.png,a44aabe48936de7e267908875859f9c440963c013122db96ca7e12819915e47a,grid_equivalent_v1,unknown,pixel,7,10,20,3126.4490603852128,72,68,56.657658831687954,72,,ok
235-25-9(1),4,annotation_mask,annotation,reference,external-data/235-25-9(1)_mask.png,a44aabe48936de7e267908875859f9c440963c013122db96ca7e12819915e47a,grid_equivalent_v1,unknown,pixel,7,15,5,3126.4490603852128,82,68,56.37691451086248,80,zero_length_angle_vector,ok
235-25-9(1),4,annotation_mask,annotation,reference,external-data/235-25-9(1)_mask.png,a44aabe48936de7e267908875859f9c440963c013122db96ca7e12819915e47a,grid_equivalent_v1,unknown,pixel,7,15,10,3126.4490603852128,79,68,56.04149591415064,79,,ok
235-25-9(1),4,annotation_mask,annotation,reference,external-data/235-25-9(1)_mask.png,a44aabe48936de7e267908875859f9c440963c013122db96ca7e12819915e47a,grid_equivalent_v1,unknown,pixel,7,15,20,3126.4490603852128,71,68,56.615720889847225,71,,ok
235-25-9(1),4,annotation_mask,annotation,reference,external-data/235-25-9(1)_mask.png,a44aabe48936de7e267908875859f9c440963c013122db96ca7e12819915e47a,grid_equivalent_v1,unknown,pixel,7,20,5,3126.4490603852128,81,68,57.15614513109117,74,zero_length_angle_vector,ok
235-25-9(1),4,annotation_mask,annotation,reference,external-data/235-25-9(1)_mask.png,a44aabe48936de7e267908875859f9c440963c013122db96ca7e12819915e47a,grid_equivalent_v1,unknown,pixel,7,20,10,3126.4490603852128,78,68,56.831740914335185,73,zero_length_angle_vector,ok
235-25-9(1),4,annotation_mask,annotation,reference,external-data/235-25-9(1)_mask.png,a44aabe48936de7e267908875859f9c440963c013122db96ca7e12819915e47a,grid_equivalent_v1,unknown,pixel,7,20,20,3126.4490603852128,69,68,58.669722410540196,66,zero_length_angle_vector,ok
235-25-9(2),4,annotation_mask,annotation,reference,external-data/235-25-9(2)_mask.png,078e2f40e0375f4163f04a89f798c84e04ad144ea99252428ef60b382a208150,grid_equivalent_v1,unknown,pixel,3,5,5,1133.901586977666,80,57,48.100214860136326,78,zero_length_angle_vector,ok
235-25-9(2),4,annotation_mask,annotation,reference,external-data/235-25-9(2)_mask.png,078e2f40e0375f4163f04a89f798c84e04ad144ea99252428ef60b382a208150,grid_equivalent_v1,unknown,pixel,3,5,10,1133.901586977666,74,57,48.384928305892196,74,,ok
235-25-9(2),4,annotation_mask,annotation,reference,external-data/235-25-9(2)_mask.png,078e2f40e0375f4163f04a89f798c84e04ad144ea99252428ef60b382a208150,grid_equivalent_v1,unknown,pixel,3,5,20,1133.901586977666,62,57,49.26703806429551,62,,ok
235-25-9(2),4,annotation_mask,annotation,reference,external-data/235-25-9(2)_mask.png,078e2f40e0375f4163f04a89f798c84e04ad144ea99252428ef60b382a208150,grid_equivalent_v1,unknown,pixel,3,10,5,1133.901586977666,76,56,48.102669958474166,75,zero_length_angle_vector,ok
235-25-9(2),4,annotation_mask,annotation,reference,external-data/235-25-9(2)_mask.png,078e2f40e0375f4163f04a89f798c84e04ad144ea99252428ef60b382a208150,grid_equivalent_v1,unknown,pixel,3,10,10,1133.901586977666,73,56,48.72764588675545,73,,ok
235-25-9(2),4,annotation_mask,annotation,reference,external-data/235-25-9(2)_mask.png,078e2f40e0375f4163f04a89f798c84e04ad144ea99252428ef60b382a208150,grid_equivalent_v1,unknown,pixel,3,10,20,1133.901586977666,61,56,49.69163631284339,61,,ok
235-25-9(2),4,annotation_mask,annotation,reference,external-data/235-25-9(2)_mask.png,078e2f40e0375f4163f04a89f798c84e04ad144ea99252428ef60b382a208150,grid_equivalent_v1,unknown,pixel,3,15,5,1133.901586977666,76,56,48.50159599144505,75,zero_length_angle_vector,ok
235-25-9(2),4,annotation_mask,annotation,reference,external-data/235-25-9(2)_mask.png,078e2f40e0375f4163f04a89f798c84e04ad144ea99252428ef60b382a208150,grid_equivalent_v1,unknown,pixel,3,15,10,1133.901586977666,72,56,49.6459554791224,72,,ok
235-25-9(2),4,annotation_mask,annotation,reference,external-data/235-25-9(2)_mask.png,078e2f40e0375f4163f04a89f798c84e04ad144ea99252428ef60b382a208150,grid_equivalent_v1,unknown,pixel,3,15,20,1133.901586977666,58,56,51.239518877865756,58,,ok
235-25-9(2),4,annotation_mask,annotation,reference,external-data/235-25-9(2)_mask.png,078e2f40e0375f4163f04a89f798c84e04ad144ea99252428ef60b382a208150,grid_equivalent_v1,unknown,pixel,3,20,5,1133.901586977666,74,56,48.70443257899296,73,zero_length_angle_vector,ok
235-25-9(2),4,annotation_mask,annotation,reference,external-data/235-25-9(2)_mask.png,078e2f40e0375f4163f04a89f798c84e04ad144ea99252428ef60b382a208150,grid_equivalent_v1,unknown,pixel,3,20,10,1133.901586977666,71,56,49.36396452273339,71,,ok
235-25-9(2),4,annotation_mask,annotation,reference,external-data/235-25-9(2)_mask.png,078e2f40e0375f4163f04a89f798c84e04ad144ea99252428ef60b382a208150,grid_equivalent_v1,unknown,pixel,3,20,20,1133.901586977666,57,56,51.05885761206366,57,,ok
235-25-9(2),4,annotation_mask,annotation,reference,external-data/235-25-9(2)_mask.png,078e2f40e0375f4163f04a89f798c84e04ad144ea99252428ef60b382a208150,grid_equivalent_v1,unknown,pixel,5,5,5,1133.901586977666,84,59,48.23353832389681,80,zero_length_angle_vector,ok
235-25-9(2),4,annotation_mask,annotation,reference,external-data/235-25-9(2)_mask.png,078e2f40e0375f4163f04a89f798c84e04ad144ea99252428ef60b382a208150,grid_equivalent_v1,unknown,pixel,5,5,10,1133.901586977666,76,59,47.81437405742447,76,,ok
235-25-9(2),4,annotation_mask,annotation,reference,external-data/235-25-9(2)_mask.png,078e2f40e0375f4163f04a89f798c84e04ad144ea99252428ef60b382a208150,grid_equivalent_v1,unknown,pixel,5,5,20,1133.901586977666,66,59,47.82121129640707,66,,ok
235-25-9(2),4,annotation_mask,annotation,reference,external-data/235-25-9(2)_mask.png,078e2f40e0375f4163f04a89f798c84e04ad144ea99252428ef60b382a208150,grid_equivalent_v1,unknown,pixel,5,10,5,1133.901586977666,80,58,48.11330282239535,77,zero_length_angle_vector,ok
235-25-9(2),4,annotation_mask,annotation,reference,external-data/235-25-9(2)_mask.png,078e2f40e0375f4163f04a89f798c84e04ad144ea99252428ef60b382a208150,grid_equivalent_v1,unknown,pixel,5,10,10,1133.901586977666,74,58,48.143233796966754,74,,ok
235-25-9(2),4,annotation_mask,annotation,reference,external-data/235-25-9(2)_mask.png,078e2f40e0375f4163f04a89f798c84e04ad144ea99252428ef60b382a208150,grid_equivalent_v1,unknown,pixel,5,10,20,1133.901586977666,63,58,48.89918551444919,63,,ok
235-25-9(2),4,annotation_mask,annotation,reference,external-data/235-25-9(2)_mask.png,078e2f40e0375f4163f04a89f798c84e04ad144ea99252428ef60b382a208150,grid_equivalent_v1,unknown,pixel,5,15,5,1133.901586977666,79,58,48.02024718332752,75,zero_length_angle_vector,ok
235-25-9(2),4,annotation_mask,annotation,reference,external-data/235-25-9(2)_mask.png,078e2f40e0375f4163f04a89f798c84e04ad144ea99252428ef60b382a208150,grid_equivalent_v1,unknown,pixel,5,15,10,1133.901586977666,72,58,48.80355339734289,72,,ok
235-25-9(2),4,annotation_mask,annotation,reference,external-data/235-25-9(2)_mask.png,078e2f40e0375f4163f04a89f798c84e04ad144ea99252428ef60b382a208150,grid_equivalent_v1,unknown,pixel,5,15,20,1133.901586977666,62,58,48.450065127653666,62,,ok
235-25-9(2),4,annotation_mask,annotation,reference,external-data/235-25-9(2)_mask.png,078e2f40e0375f4163f04a89f798c84e04ad144ea99252428ef60b382a208150,grid_equivalent_v1,unknown,pixel,5,20,5,1133.901586977666,77,58,49.517863703052825,73,zero_length_angle_vector,ok
235-25-9(2),4,annotation_mask,annotation,reference,external-data/235-25-9(2)_mask.png,078e2f40e0375f4163f04a89f798c84e04ad144ea99252428ef60b382a208150,grid_equivalent_v1,unknown,pixel,5,20,10,1133.901586977666,70,58,49.8792576204145,70,,ok
235-25-9(2),4,annotation_mask,annotation,reference,external-data/235-25-9(2)_mask.png,078e2f40e0375f4163f04a89f798c84e04ad144ea99252428ef60b382a208150,grid_equivalent_v1,unknown,pixel,5,20,20,1133.901586977666,62,58,48.874592885327274,62,,ok
235-25-9(2),4,annotation_mask,annotation,reference,external-data/235-25-9(2)_mask.png,078e2f40e0375f4163f04a89f798c84e04ad144ea99252428ef60b382a208150,grid_equivalent_v1,unknown,pixel,7,5,5,1133.901586977666,81,57,48.995432081422294,80,zero_length_angle_vector,ok
235-25-9(2),4,annotation_mask,annotation,reference,external-data/235-25-9(2)_mask.png,078e2f40e0375f4163f04a89f798c84e04ad144ea99252428ef60b382a208150,grid_equivalent_v1,unknown,pixel,7,5,10,1133.901586977666,74,57,48.57646594477808,74,,ok
235-25-9(2),4,annotation_mask,annotation,reference,external-data/235-25-9(2)_mask.png,078e2f40e0375f4163f04a89f798c84e04ad144ea99252428ef60b382a208150,grid_equivalent_v1,unknown,pixel,7,5,20,1133.901586977666,65,57,48.869117551557416,65,,ok
235-25-9(2),4,annotation_mask,annotation,reference,external-data/235-25-9(2)_mask.png,078e2f40e0375f4163f04a89f798c84e04ad144ea99252428ef60b382a208150,grid_equivalent_v1,unknown,pixel,7,10,5,1133.901586977666,77,56,48.819971567315214,77,,ok
235-25-9(2),4,annotation_mask,annotation,reference,external-data/235-25-9(2)_mask.png,078e2f40e0375f4163f04a89f798c84e04ad144ea99252428ef60b382a208150,grid_equivalent_v1,unknown,pixel,7,10,10,1133.901586977666,72,56,48.89903197564178,72,,ok
235-25-9(2),4,annotation_mask,annotation,reference,external-data/235-25-9(2)_mask.png,078e2f40e0375f4163f04a89f798c84e04ad144ea99252428ef60b382a208150,grid_equivalent_v1,unknown,pixel,7,10,20,1133.901586977666,64,56,49.19553171937966,64,,ok
235-25-9(2),4,annotation_mask,annotation,reference,external-data/235-25-9(2)_mask.png,078e2f40e0375f4163f04a89f798c84e04ad144ea99252428ef60b382a208150,grid_equivalent_v1,unknown,pixel,7,15,5,1133.901586977666,75,55,48.28333072093435,75,,ok
235-25-9(2),4,annotation_mask,annotation,reference,external-data/235-25-9(2)_mask.png,078e2f40e0375f4163f04a89f798c84e04ad144ea99252428ef60b382a208150,grid_equivalent_v1,unknown,pixel,7,15,10,1133.901586977666,69,55,50.19941180125562,69,,ok
235-25-9(2),4,annotation_mask,annotation,reference,external-data/235-25-9(2)_mask.png,078e2f40e0375f4163f04a89f798c84e04ad144ea99252428ef60b382a208150,grid_equivalent_v1,unknown,pixel,7,15,20,1133.901586977666,63,55,48.677869264944384,63,,ok
235-25-9(2),4,annotation_mask,annotation,reference,external-data/235-25-9(2)_mask.png,078e2f40e0375f4163f04a89f798c84e04ad144ea99252428ef60b382a208150,grid_equivalent_v1,unknown,pixel,7,20,5,1133.901586977666,70,54,50.385000470117795,70,,ok
235-25-9(2),4,annotation_mask,annotation,reference,external-data/235-25-9(2)_mask.png,078e2f40e0375f4163f04a89f798c84e04ad144ea99252428ef60b382a208150,grid_equivalent_v1,unknown,pixel,7,20,10,1133.901586977666,68,54,50.73687611247442,68,,ok
235-25-9(2),4,annotation_mask,annotation,reference,external-data/235-25-9(2)_mask.png,078e2f40e0375f4163f04a89f798c84e04ad144ea99252428ef60b382a208150,grid_equivalent_v1,unknown,pixel,7,20,20,1133.901586977666,62,54,49.544554193656566,62,,ok
235-25-9(3),1,annotation_mask,annotation,reference,external-data/235-25-9(3)_mask.png,04c79fb7e355280d60cd560ee7fce5e6be4db79fc76c2cc62ba5beb9dc7281f5,grid_equivalent_v1,unknown,pixel,3,5,5,3014.9961748553196,182,139,63.18470420267039,158,zero_length_angle_vector,ok
235-25-9(3),1,annotation_mask,annotation,reference,external-data/235-25-9(3)_mask.png,04c79fb7e355280d60cd560ee7fce5e6be4db79fc76c2cc62ba5beb9dc7281f5,grid_equivalent_v1,unknown,pixel,3,5,10,3014.9961748553196,166,139,63.73592704594613,144,zero_length_angle_vector,ok
235-25-9(3),1,annotation_mask,annotation,reference,external-data/235-25-9(3)_mask.png,04c79fb7e355280d60cd560ee7fce5e6be4db79fc76c2cc62ba5beb9dc7281f5,grid_equivalent_v1,unknown,pixel,3,5,20,3014.9961748553196,138,139,63.94514042885412,119,zero_length_angle_vector,ok
235-25-9(3),1,annotation_mask,annotation,reference,external-data/235-25-9(3)_mask.png,04c79fb7e355280d60cd560ee7fce5e6be4db79fc76c2cc62ba5beb9dc7281f5,grid_equivalent_v1,unknown,pixel,3,10,5,3014.9961748553196,177,139,64.28597708208379,153,zero_length_angle_vector,ok
235-25-9(3),1,annotation_mask,annotation,reference,external-data/235-25-9(3)_mask.png,04c79fb7e355280d60cd560ee7fce5e6be4db79fc76c2cc62ba5beb9dc7281f5,grid_equivalent_v1,unknown,pixel,3,10,10,3014.9961748553196,161,139,64.53608196938586,140,zero_length_angle_vector,ok
235-25-9(3),1,annotation_mask,annotation,reference,external-data/235-25-9(3)_mask.png,04c79fb7e355280d60cd560ee7fce5e6be4db79fc76c2cc62ba5beb9dc7281f5,grid_equivalent_v1,unknown,pixel,3,10,20,3014.9961748553196,131,139,64.64264164442841,113,zero_length_angle_vector,ok
235-25-9(3),1,annotation_mask,annotation,reference,external-data/235-25-9(3)_mask.png,04c79fb7e355280d60cd560ee7fce5e6be4db79fc76c2cc62ba5beb9dc7281f5,grid_equivalent_v1,unknown,pixel,3,15,5,3014.9961748553196,172,139,63.89180294752466,148,zero_length_angle_vector,ok
235-25-9(3),1,annotation_mask,annotation,reference,external-data/235-25-9(3)_mask.png,04c79fb7e355280d60cd560ee7fce5e6be4db79fc76c2cc62ba5beb9dc7281f5,grid_equivalent_v1,unknown,pixel,3,15,10,3014.9961748553196,156,139,64.20482895315182,135,zero_length_angle_vector,ok
235-25-9(3),1,annotation_mask,annotation,reference,external-data/235-25-9(3)_mask.png,04c79fb7e355280d60cd560ee7fce5e6be4db79fc76c2cc62ba5beb9dc7281f5,grid_equivalent_v1,unknown,pixel,3,15,20,3014.9961748553196,125,139,64.66740534493387,107,zero_length_angle_vector,ok
235-25-9(3),1,annotation_mask,annotation,reference,external-data/235-25-9(3)_mask.png,04c79fb7e355280d60cd560ee7fce5e6be4db79fc76c2cc62ba5beb9dc7281f5,grid_equivalent_v1,unknown,pixel,3,20,5,3014.9961748553196,168,139,64.0652452034064,145,zero_length_angle_vector,ok
235-25-9(3),1,annotation_mask,annotation,reference,external-data/235-25-9(3)_mask.png,04c79fb7e355280d60cd560ee7fce5e6be4db79fc76c2cc62ba5beb9dc7281f5,grid_equivalent_v1,unknown,pixel,3,20,10,3014.9961748553196,152,139,64.65923873321387,132,zero_length_angle_vector,ok
235-25-9(3),1,annotation_mask,annotation,reference,external-data/235-25-9(3)_mask.png,04c79fb7e355280d60cd560ee7fce5e6be4db79fc76c2cc62ba5beb9dc7281f5,grid_equivalent_v1,unknown,pixel,3,20,20,3014.9961748553196,117,139,65.38160657336213,100,zero_length_angle_vector,ok
235-25-9(3),1,annotation_mask,annotation,reference,external-data/235-25-9(3)_mask.png,04c79fb7e355280d60cd560ee7fce5e6be4db79fc76c2cc62ba5beb9dc7281f5,grid_equivalent_v1,unknown,pixel,5,5,5,3014.9961748553196,174,148,62.822628705010565,171,zero_length_angle_vector,ok
235-25-9(3),1,annotation_mask,annotation,reference,external-data/235-25-9(3)_mask.png,04c79fb7e355280d60cd560ee7fce5e6be4db79fc76c2cc62ba5beb9dc7281f5,grid_equivalent_v1,unknown,pixel,5,5,10,3014.9961748553196,167,148,63.36287548365367,167,,ok
235-25-9(3),1,annotation_mask,annotation,reference,external-data/235-25-9(3)_mask.png,04c79fb7e355280d60cd560ee7fce5e6be4db79fc76c2cc62ba5beb9dc7281f5,grid_equivalent_v1,unknown,pixel,5,5,20,3014.9961748553196,140,148,65.2376309629841,140,,ok
235-25-9(3),1,annotation_mask,annotation,reference,external-data/235-25-9(3)_mask.png,04c79fb7e355280d60cd560ee7fce5e6be4db79fc76c2cc62ba5beb9dc7281f5,grid_equivalent_v1,unknown,pixel,5,10,5,3014.9961748553196,173,148,63.6069434679944,169,zero_length_angle_vector,ok
235-25-9(3),1,annotation_mask,annotation,reference,external-data/235-25-9(3)_mask.png,04c79fb7e355280d60cd560ee7fce5e6be4db79fc76c2cc62ba5beb9dc7281f5,grid_equivalent_v1,unknown,pixel,5,10,10,3014.9961748553196,164,148,64.0222917612227,164,,ok
235-25-9(3),1,annotation_mask,annotation,reference,external-data/235-25-9(3)_mask.png,04c79fb7e355280d60cd560ee7fce5e6be4db79fc76c2cc62ba5beb9dc7281f5,grid_equivalent_v1,unknown,pixel,5,10,20,3014.9961748553196,139,148,65.26784520799563,139,,ok
235-25-9(3),1,annotation_mask,annotation,reference,external-data/235-25-9(3)_mask.png,04c79fb7e355280d60cd560ee7fce5e6be4db79fc76c2cc62ba5beb9dc7281f5,grid_equivalent_v1,unknown,pixel,5,15,5,3014.9961748553196,170,148,63.541204037263654,167,zero_length_angle_vector,ok
235-25-9(3),1,annotation_mask,annotation,reference,external-data/235-25-9(3)_mask.png,04c79fb7e355280d60cd560ee7fce5e6be4db79fc76c2cc62ba5beb9dc7281f5,grid_equivalent_v1,unknown,pixel,5,15,10,3014.9961748553196,162,148,63.95431651066043,162,,ok
235-25-9(3),1,annotation_mask,annotation,reference,external-data/235-25-9(3)_mask.png,04c79fb7e355280d60cd560ee7fce5e6be4db79fc76c2cc62ba5beb9dc7281f5,grid_equivalent_v1,unknown,pixel,5,15,20,3014.9961748553196,132,148,65.52728067797607,132,,ok
235-25-9(3),1,annotation_mask,annotation,reference,external-data/235-25-9(3)_mask.png,04c79fb7e355280d60cd560ee7fce5e6be4db79fc76c2cc62ba5beb9dc7281f5,grid_equivalent_v1,unknown,pixel,5,20,5,3014.9961748553196,168,148,63.72140505582655,165,zero_length_angle_vector,ok
235-25-9(3),1,annotation_mask,annotation,reference,external-data/235-25-9(3)_mask.png,04c79fb7e355280d60cd560ee7fce5e6be4db79fc76c2cc62ba5beb9dc7281f5,grid_equivalent_v1,unknown,pixel,5,20,10,3014.9961748553196,161,148,64.13270332643538,161,,ok
235-25-9(3),1,annotation_mask,annotation,reference,external-data/235-25-9(3)_mask.png,04c79fb7e355280d60cd560ee7fce5e6be4db79fc76c2cc62ba5beb9dc7281f5,grid_equivalent_v1,unknown,pixel,5,20,20,3014.9961748553196,125,148,66.28721029230579,125,,ok
235-25-9(3),1,annotation_mask,annotation,reference,external-data/235-25-9(3)_mask.png,04c79fb7e355280d60cd560ee7fce5e6be4db79fc76c2cc62ba5beb9dc7281f5,grid_equivalent_v1,unknown,pixel,7,5,5,3014.9961748553196,178,150,62.51513100054815,176,zero_length_angle_vector,ok
235-25-9(3),1,annotation_mask,annotation,reference,external-data/235-25-9(3)_mask.png,04c79fb7e355280d60cd560ee7fce5e6be4db79fc76c2cc62ba5beb9dc7281f5,grid_equivalent_v1,unknown,pixel,7,5,10,3014.9961748553196,167,150,63.10433757250798,167,,ok
235-25-9(3),1,annotation_mask,annotation,reference,external-data/235-25-9(3)_mask.png,04c79fb7e355280d60cd560ee7fce5e6be4db79fc76c2cc62ba5beb9dc7281f5,grid_equivalent_v1,unknown,pixel,7,5,20,3014.9961748553196,140,150,64.93667476258345,140,,ok
235-25-9(3),1,annotation_mask,annotation,reference,external-data/235-25-9(3)_mask.png,04c79fb7e355280d60cd560ee7fce5e6be4db79fc76c2cc62ba5beb9dc7281f5,grid_equivalent_v1,unknown,pixel,7,10,5,3014.9961748553196,174,150,62.94089420723884,172,zero_length_angle_vector,ok
235-25-9(3),1,annotation_mask,annotation,reference,external-data/235-25-9(3)_mask.png,04c79fb7e355280d60cd560ee7fce5e6be4db79fc76c2cc62ba5beb9dc7281f5,grid_equivalent_v1,unknown,pixel,7,10,10,3014.9961748553196,165,150,63.64869751505976,165,,ok
235-25-9(3),1,annotation_mask,annotation,reference,external-data/235-25-9(3)_mask.png,04c79fb7e355280d60cd560ee7fce5e6be4db79fc76c2cc62ba5beb9dc7281f5,grid_equivalent_v1,unknown,pixel,7,10,20,3014.9961748553196,138,150,64.97767814558898,138,,ok
235-25-9(3),1,annotation_mask,annotation,reference,external-data/235-25-9(3)_mask.png,04c79fb7e355280d60cd560ee7fce5e6be4db79fc76c2cc62ba5beb9dc7281f5,grid_equivalent_v1,unknown,pixel,7,15,5,3014.9961748553196,172,150,63.32791312970169,169,zero_length_angle_vector,ok
235-25-9(3),1,annotation_mask,annotation,reference,external-data/235-25-9(3)_mask.png,04c79fb7e355280d60cd560ee7fce5e6be4db79fc76c2cc62ba5beb9dc7281f5,grid_equivalent_v1,unknown,pixel,7,15,10,3014.9961748553196,162,150,63.7271829424223,162,,ok
235-25-9(3),1,annotation_mask,annotation,reference,external-data/235-25-9(3)_mask.png,04c79fb7e355280d60cd560ee7fce5e6be4db79fc76c2cc62ba5beb9dc7281f5,grid_equivalent_v1,unknown,pixel,7,15,20,3014.9961748553196,132,150,65.0468117564633,132,,ok
235-25-9(3),1,annotation_mask,annotation,reference,external-data/235-25-9(3)_mask.png,04c79fb7e355280d60cd560ee7fce5e6be4db79fc76c2cc62ba5beb9dc7281f5,grid_equivalent_v1,unknown,pixel,7,20,5,3014.9961748553196,168,149,63.00547361953221,166,zero_length_angle_vector,ok
235-25-9(3),1,annotation_mask,annotation,reference,external-data/235-25-9(3)_mask.png,04c79fb7e355280d60cd560ee7fce5e6be4db79fc76c2cc62ba5beb9dc7281f5,grid_equivalent_v1,unknown,pixel,7,20,10,3014.9961748553196,159,149,63.47023771708989,159,,ok
235-25-9(3),1,annotation_mask,annotation,reference,external-data/235-25-9(3)_mask.png,04c79fb7e355280d60cd560ee7fce5e6be4db79fc76c2cc62ba5beb9dc7281f5,grid_equivalent_v1,unknown,pixel,7,20,20,3014.9961748553196,126,149,65.11502877370224,126,,ok
447-1-1,1,annotation_mask,annotation,reference,external-data/447-1-1_mask.png,67a3ba2f50251e390c617a86eba391a70dc650351761a8b7c955b3e97cd90123,grid_equivalent_v1,unknown,pixel,3,5,5,3911.385135248214,340,276,60.74473859727299,338,zero_length_angle_vector,ok
447-1-1,1,annotation_mask,annotation,reference,external-data/447-1-1_mask.png,67a3ba2f50251e390c617a86eba391a70dc650351761a8b7c955b3e97cd90123,grid_equivalent_v1,unknown,pixel,3,5,10,3911.385135248214,306,276,61.1137972763564,306,,ok
447-1-1,1,annotation_mask,annotation,reference,external-data/447-1-1_mask.png,67a3ba2f50251e390c617a86eba391a70dc650351761a8b7c955b3e97cd90123,grid_equivalent_v1,unknown,pixel,3,5,20,3911.385135248214,246,276,62.86423240031698,246,,ok
447-1-1,1,annotation_mask,annotation,reference,external-data/447-1-1_mask.png,67a3ba2f50251e390c617a86eba391a70dc650351761a8b7c955b3e97cd90123,grid_equivalent_v1,unknown,pixel,3,10,5,3911.385135248214,335,276,61.34445168059672,330,zero_length_angle_vector,ok
447-1-1,1,annotation_mask,annotation,reference,external-data/447-1-1_mask.png,67a3ba2f50251e390c617a86eba391a70dc650351761a8b7c955b3e97cd90123,grid_equivalent_v1,unknown,pixel,3,10,10,3911.385135248214,298,276,61.559485734786215,298,,ok
447-1-1,1,annotation_mask,annotation,reference,external-data/447-1-1_mask.png,67a3ba2f50251e390c617a86eba391a70dc650351761a8b7c955b3e97cd90123,grid_equivalent_v1,unknown,pixel,3,10,20,3911.385135248214,241,276,62.665982229413665,241,,ok
447-1-1,1,annotation_mask,annotation,reference,external-data/447-1-1_mask.png,67a3ba2f50251e390c617a86eba391a70dc650351761a8b7c955b3e97cd90123,grid_equivalent_v1,unknown,pixel,3,15,5,3911.385135248214,327,276,61.81824624740596,325,zero_length_angle_vector,ok
447-1-1,1,annotation_mask,annotation,reference,external-data/447-1-1_mask.png,67a3ba2f50251e390c617a86eba391a70dc650351761a8b7c955b3e97cd90123,grid_equivalent_v1,unknown,pixel,3,15,10,3911.385135248214,292,276,61.66020041006172,292,,ok
447-1-1,1,annotation_mask,annotation,reference,external-data/447-1-1_mask.png,67a3ba2f50251e390c617a86eba391a70dc650351761a8b7c955b3e97cd90123,grid_equivalent_v1,unknown,pixel,3,15,20,3911.385135248214,232,276,62.214420394840374,232,,ok
447-1-1,1,annotation_mask,annotation,reference,external-data/447-1-1_mask.png,67a3ba2f50251e390c617a86eba391a70dc650351761a8b7c955b3e97cd90123,grid_equivalent_v1,unknown,pixel,3,20,5,3911.385135248214,320,275,61.5952158126014,317,zero_length_angle_vector,ok
447-1-1,1,annotation_mask,annotation,reference,external-data/447-1-1_mask.png,67a3ba2f50251e390c617a86eba391a70dc650351761a8b7c955b3e97cd90123,grid_equivalent_v1,unknown,pixel,3,20,10,3911.385135248214,286,275,61.5945301713805,286,,ok
447-1-1,1,annotation_mask,annotation,reference,external-data/447-1-1_mask.png,67a3ba2f50251e390c617a86eba391a70dc650351761a8b7c955b3e97cd90123,grid_equivalent_v1,unknown,pixel,3,20,20,3911.385135248214,227,275,62.114884397452926,227,,ok
447-1-1,1,annotation_mask,annotation,reference,external-data/447-1-1_mask.png,67a3ba2f50251e390c617a86eba391a70dc650351761a8b7c955b3e97cd90123,grid_equivalent_v1,unknown,pixel,5,5,5,3911.385135248214,331,271,60.189395506941985,328,zero_length_angle_vector,ok
447-1-1,1,annotation_mask,annotation,reference,external-data/447-1-1_mask.png,67a3ba2f50251e390c617a86eba391a70dc650351761a8b7c955b3e97cd90123,grid_equivalent_v1,unknown,pixel,5,5,10,3911.385135248214,307,271,60.75937681143788,307,,ok
447-1-1,1,annotation_mask,annotation,reference,external-data/447-1-1_mask.png,67a3ba2f50251e390c617a86eba391a70dc650351761a8b7c955b3e97cd90123,grid_equivalent_v1,unknown,pixel,5,5,20,3911.385135248214,254,271,63.24457037360379,254,,ok
447-1-1,1,annotation_mask,annotation,reference,external-data/447-1-1_mask.png,67a3ba2f50251e390c617a86eba391a70dc650351761a8b7c955b3e97cd90123,grid_equivalent_v1,unknown,pixel,5,10,5,3911.385135248214,326,271,60.69306530668865,320,zero_length_angle_vector,ok
447-1-1,1,annotation_mask,annotation,reference,external-data/447-1-1_mask.png,67a3ba2f50251e390c617a86eba391a70dc650351761a8b7c955b3e97cd90123,grid_equivalent_v1,unknown,pixel,5,10,10,3911.385135248214,300,271,61.41514661002766,300,,ok
447-1-1,1,annotation_mask,annotation,reference,external-data/447-1-1_mask.png,67a3ba2f50251e390c617a86eba391a70dc650351761a8b7c955b3e97cd90123,grid_equivalent_v1,unknown,pixel,5,10,20,3911.385135248214,249,271,63.263554276833595,249,,ok
447-1-1,1,annotation_mask,annotation,reference,external-data/447-1-1_mask.png,67a3ba2f50251e390c617a86eba391a70dc650351761a8b7c955b3e97cd90123,grid_equivalent_v1,unknown,pixel,5,15,5,3911.385135248214,319,271,61.23917492773647,316,zero_length_angle_vector,ok
447-1-1,1,annotation_mask,annotation,reference,external-data/447-1-1_mask.png,67a3ba2f50251e390c617a86eba391a70dc650351761a8b7c955b3e97cd90123,grid_equivalent_v1,unknown,pixel,5,15,10,3911.385135248214,293,271,61.706177398538195,293,,ok
447-1-1,1,annotation_mask,annotation,reference,external-data/447-1-1_mask.png,67a3ba2f50251e390c617a86eba391a70dc650351761a8b7c955b3e97cd90123,grid_equivalent_v1,unknown,pixel,5,15,20,3911.385135248214,244,271,63.04807085186135,244,,ok
447-1-1,1,annotation_mask,annotation,reference,external-data/447-1-1_mask.png,67a3ba2f50251e390c617a86eba391a70dc650351761a8b7c955b3e97cd90123,grid_equivalent_v1,unknown,pixel,5,20,5,3911.385135248214,310,269,61.07448062200276,305,zero_length_angle_vector,ok
447-1-1,1,annotation_mask,annotation,reference,external-data/447-1-1_mask.png,67a3ba2f50251e390c617a86eba391a70dc650351761a8b7c955b3e97cd90123,grid_equivalent_v1,unknown,pixel,5,20,10,3911.385135248214,287,269,61.43018338818151,287,,ok
447-1-1,1,annotation_mask,annotation,reference,external-data/447-1-1_mask.png,67a3ba2f50251e390c617a86eba391a70dc650351761a8b7c955b3e97cd90123,grid_equivalent_v1,unknown,pixel,5,20,20,3911.385135248214,238,269,62.70757828513717,238,,ok
447-1-1,1,annotation_mask,annotation,reference,external-data/447-1-1_mask.png,67a3ba2f50251e390c617a86eba391a70dc650351761a8b7c955b3e97cd90123,grid_equivalent_v1,unknown,pixel,7,5,5,3911.385135248214,317,263,60.16168932069637,316,zero_length_angle_vector,ok
447-1-1,1,annotation_mask,annotation,reference,external-data/447-1-1_mask.png,67a3ba2f50251e390c617a86eba391a70dc650351761a8b7c955b3e97cd90123,grid_equivalent_v1,unknown,pixel,7,5,10,3911.385135248214,294,263,60.7272536445963,294,,ok
447-1-1,1,annotation_mask,annotation,reference,external-data/447-1-1_mask.png,67a3ba2f50251e390c617a86eba391a70dc650351761a8b7c955b3e97cd90123,grid_equivalent_v1,unknown,pixel,7,5,20,3911.385135248214,247,263,63.0004608067776,247,,ok
447-1-1,1,annotation_mask,annotation,reference,external-data/447-1-1_mask.png,67a3ba2f50251e390c617a86eba391a70dc650351761a8b7c955b3e97cd90123,grid_equivalent_v1,unknown,pixel,7,10,5,3911.385135248214,315,263,60.46089112234313,312,zero_length_angle_vector,ok
447-1-1,1,annotation_mask,annotation,reference,external-data/447-1-1_mask.png,67a3ba2f50251e390c617a86eba391a70dc650351761a8b7c955b3e97cd90123,grid_equivalent_v1,unknown,pixel,7,10,10,3911.385135248214,286,263,61.098803751244006,286,,ok
447-1-1,1,annotation_mask,annotation,reference,external-data/447-1-1_mask.png,67a3ba2f50251e390c617a86eba391a70dc650351761a8b7c955b3e97cd90123,grid_equivalent_v1,unknown,pixel,7,10,20,3911.385135248214,242,263,63.04938910520153,242,,ok
447-1-1,1,annotation_mask,annotation,reference,external-data/447-1-1_mask.png,67a3ba2f50251e390c617a86eba391a70dc650351761a8b7c955b3e97cd90123,grid_equivalent_v1,unknown,pixel,7,15,5,3911.385135248214,307,263,60.84350274930927,305,zero_length_angle_vector,ok
447-1-1,1,annotation_mask,annotation,reference,external-data/447-1-1_mask.png,67a3ba2f50251e390c617a86eba391a70dc650351761a8b7c955b3e97cd90123,grid_equivalent_v1,unknown,pixel,7,15,10,3911.385135248214,280,263,61.40800851621573,280,,ok
447-1-1,1,annotation_mask,annotation,reference,external-data/447-1-1_mask.png,67a3ba2f50251e390c617a86eba391a70dc650351761a8b7c955b3e97cd90123,grid_equivalent_v1,unknown,pixel,7,15,20,3911.385135248214,235,263,62.7756822461082,235,,ok
447-1-1,1,annotation_mask,annotation,reference,external-data/447-1-1_mask.png,67a3ba2f50251e390c617a86eba391a70dc650351761a8b7c955b3e97cd90123,grid_equivalent_v1,unknown,pixel,7,20,5,3911.385135248214,301,263,60.93342914795055,297,zero_length_angle_vector,ok
447-1-1,1,annotation_mask,annotation,reference,external-data/447-1-1_mask.png,67a3ba2f50251e390c617a86eba391a70dc650351761a8b7c955b3e97cd90123,grid_equivalent_v1,unknown,pixel,7,20,10,3911.385135248214,275,263,61.363932491239474,275,,ok
447-1-1,1,annotation_mask,annotation,reference,external-data/447-1-1_mask.png,67a3ba2f50251e390c617a86eba391a70dc650351761a8b7c955b3e97cd90123,grid_equivalent_v1,unknown,pixel,7,20,20,3911.385135248214,233,263,62.668588725846796,233,,ok
447-1-1(1),1,annotation_mask,annotation,reference,external-data/447-1-1(1)_mask.png,0d1ba7e5e04b19e049d833c898b8b5dfd329ae106055ed93825b5e45ffe6aa84,grid_equivalent_v1,unknown,pixel,3,5,5,3219.268252793949,167,146,62.446506953459036,164,zero_length_angle_vector,ok
447-1-1(1),1,annotation_mask,annotation,reference,external-data/447-1-1(1)_mask.png,0d1ba7e5e04b19e049d833c898b8b5dfd329ae106055ed93825b5e45ffe6aa84,grid_equivalent_v1,unknown,pixel,3,5,10,3219.268252793949,140,146,67.25354035632972,140,,ok
447-1-1(1),1,annotation_mask,annotation,reference,external-data/447-1-1(1)_mask.png,0d1ba7e5e04b19e049d833c898b8b5dfd329ae106055ed93825b5e45ffe6aa84,grid_equivalent_v1,unknown,pixel,3,5,20,3219.268252793949,126,146,68.61746325293532,126,,ok
447-1-1(1),1,annotation_mask,annotation,reference,external-data/447-1-1(1)_mask.png,0d1ba7e5e04b19e049d833c898b8b5dfd329ae106055ed93825b5e45ffe6aa84,grid_equivalent_v1,unknown,pixel,3,10,5,3219.268252793949,164,145,63.369933252691524,160,zero_length_angle_vector,ok
447-1-1(1),1,annotation_mask,annotation,reference,external-data/447-1-1(1)_mask.png,0d1ba7e5e04b19e049d833c898b8b5dfd329ae106055ed93825b5e45ffe6aa84,grid_equivalent_v1,unknown,pixel,3,10,10,3219.268252793949,138,145,67.66222024867982,138,,ok
447-1-1(1),1,annotation_mask,annotation,reference,external-data/447-1-1(1)_mask.png,0d1ba7e5e04b19e049d833c898b8b5dfd329ae106055ed93825b5e45ffe6aa84,grid_equivalent_v1,unknown,pixel,3,10,20,3219.268252793949,125,145,68.77512821013939,125,,ok
447-1-1(1),1,annotation_mask,annotation,reference,external-data/447-1-1(1)_mask.png,0d1ba7e5e04b19e049d833c898b8b5dfd329ae106055ed93825b5e45ffe6aa84,grid_equivalent_v1,unknown,pixel,3,15,5,3219.268252793949,161,145,63.46206168756624,159,zero_length_angle_vector,ok
447-1-1(1),1,annotation_mask,annotation,reference,external-data/447-1-1(1)_mask.png,0d1ba7e5e04b19e049d833c898b8b5dfd329ae106055ed93825b5e45ffe6aa84,grid_equivalent_v1,unknown,pixel,3,15,10,3219.268252793949,136,145,68.28736081352457,136,,ok
447-1-1(1),1,annotation_mask,annotation,reference,external-data/447-1-1(1)_mask.png,0d1ba7e5e04b19e049d833c898b8b5dfd329ae106055ed93825b5e45ffe6aa84,grid_equivalent_v1,unknown,pixel,3,15,20,3219.268252793949,121,145,69.15766815339244,121,,ok
447-1-1(1),1,annotation_mask,annotation,reference,external-data/447-1-1(1)_mask.png,0d1ba7e5e04b19e049d833c898b8b5dfd329ae106055ed93825b5e45ffe6aa84,grid_equivalent_v1,unknown,pixel,3,20,5,3219.268252793949,158,145,63.240343811254974,156,zero_length_angle_vector,ok
447-1-1(1),1,annotation_mask,annotation,reference,external-data/447-1-1(1)_mask.png,0d1ba7e5e04b19e049d833c898b8b5dfd329ae106055ed93825b5e45ffe6aa84,grid_equivalent_v1,unknown,pixel,3,20,10,3219.268252793949,134,145,67.7727382962706,134,,ok
447-1-1(1),1,annotation_mask,annotation,reference,external-data/447-1-1(1)_mask.png,0d1ba7e5e04b19e049d833c898b8b5dfd329ae106055ed93825b5e45ffe6aa84,grid_equivalent_v1,unknown,pixel,3,20,20,3219.268252793949,119,145,68.60627903428865,119,,ok
447-1-1(1),1,annotation_mask,annotation,reference,external-data/447-1-1(1)_mask.png,0d1ba7e5e04b19e049d833c898b8b5dfd329ae106055ed93825b5e45ffe6aa84,grid_equivalent_v1,unknown,pixel,5,5,5,3219.268252793949,157,131,66.96738205929553,154,zero_length_angle_vector,ok
447-1-1(1),1,annotation_mask,annotation,reference,external-data/447-1-1(1)_mask.png,0d1ba7e5e04b19e049d833c898b8b5dfd329ae106055ed93825b5e45ffe6aa84,grid_equivalent_v1,unknown,pixel,5,5,10,3219.268252793949,141,131,67.3788724393841,141,,ok
447-1-1(1),1,annotation_mask,annotation,reference,external-data/447-1-1(1)_mask.png,0d1ba7e5e04b19e049d833c898b8b5dfd329ae106055ed93825b5e45ffe6aa84,grid_equivalent_v1,unknown,pixel,5,5,20,3219.268252793949,128,131,69.01320892098684,128,,ok
447-1-1(1),1,annotation_mask,annotation,reference,external-data/447-1-1(1)_mask.png,0d1ba7e5e04b19e049d833c898b8b5dfd329ae106055ed93825b5e45ffe6aa84,grid_equivalent_v1,unknown,pixel,5,10,5,3219.268252793949,153,131,67.67973755128183,149,zero_length_angle_vector,ok
447-1-1(1),1,annotation_mask,annotation,reference,external-data/447-1-1(1)_mask.png,0d1ba7e5e04b19e049d833c898b8b5dfd329ae106055ed93825b5e45ffe6aa84,grid_equivalent_v1,unknown,pixel,5,10,10,3219.268252793949,139,131,67.88699026954974,139,,ok
447-1-1(1),1,annotation_mask,annotation,reference,external-data/447-1-1(1)_mask.png,0d1ba7e5e04b19e049d833c898b8b5dfd329ae106055ed93825b5e45ffe6aa84,grid_equivalent_v1,unknown,pixel,5,10,20,3219.268252793949,125,131,68.85596654154959,125,,ok
447-1-1(1),1,annotation_mask,annotation,reference,external-data/447-1-1(1)_mask.png,0d1ba7e5e04b19e049d833c898b8b5dfd329ae106055ed93825b5e45ffe6aa84,grid_equivalent_v1,unknown,pixel,5,15,5,3219.268252793949,150,130,67.59618551257658,147,zero_length_angle_vector,ok
447-1-1(1),1,annotation_mask,annotation,reference,external-data/447-1-1(1)_mask.png,0d1ba7e5e04b19e049d833c898b8b5dfd329ae106055ed93825b5e45ffe6aa84,grid_equivalent_v1,unknown,pixel,5,15,10,3219.268252793949,138,130,67.79905715669001,138,,ok
447-1-1(1),1,annotation_mask,annotation,reference,external-data/447-1-1(1)_mask.png,0d1ba7e5e04b19e049d833c898b8b5dfd329ae106055ed93825b5e45ffe6aa84,grid_equivalent_v1,unknown,pixel,5,15,20,3219.268252793949,121,130,68.47700968395024,121,,ok
447-1-1(1),1,annotation_mask,annotation,reference,external-data/447-1-1(1)_mask.png,0d1ba7e5e04b19e049d833c898b8b5dfd329ae106055ed93825b5e45ffe6aa84,grid_equivalent_v1,unknown,pixel,5,20,5,3219.268252793949,148,130,69.12011618593911,144,zero_length_angle_vector,ok
447-1-1(1),1,annotation_mask,annotation,reference,external-data/447-1-1(1)_mask.png,0d1ba7e5e04b19e049d833c898b8b5dfd329ae106055ed93825b5e45ffe6aa84,grid_equivalent_v1,unknown,pixel,5,20,10,3219.268252793949,132,130,70.14604794164659,132,,ok
447-1-1(1),1,annotation_mask,annotation,reference,external-data/447-1-1(1)_mask.png,0d1ba7e5e04b19e049d833c898b8b5dfd329ae106055ed93825b5e45ffe6aa84,grid_equivalent_v1,unknown,pixel,5,20,20,3219.268252793949,118,130,70.67541668343114,118,,ok
447-1-1(1),1,annotation_mask,annotation,reference,external-data/447-1-1(1)_mask.png,0d1ba7e5e04b19e049d833c898b8b5dfd329ae106055ed93825b5e45ffe6aa84,grid_equivalent_v1,unknown,pixel,7,5,5,3219.268252793949,148,125,66.05883747471766,146,zero_length_angle_vector,ok
447-1-1(1),1,annotation_mask,annotation,reference,external-data/447-1-1(1)_mask.png,0d1ba7e5e04b19e049d833c898b8b5dfd329ae106055ed93825b5e45ffe6aa84,grid_equivalent_v1,unknown,pixel,7,5,10,3219.268252793949,136,125,67.02710987149524,136,,ok
447-1-1(1),1,annotation_mask,annotation,reference,external-data/447-1-1(1)_mask.png,0d1ba7e5e04b19e049d833c898b8b5dfd329ae106055ed93825b5e45ffe6aa84,grid_equivalent_v1,unknown,pixel,7,5,20,3219.268252793949,126,125,68.98632415949662,126,,ok
447-1-1(1),1,annotation_mask,annotation,reference,external-data/447-1-1(1)_mask.png,0d1ba7e5e04b19e049d833c898b8b5dfd329ae106055ed93825b5e45ffe6aa84,grid_equivalent_v1,unknown,pixel,7,10,5,3219.268252793949,145,125,66.96296654894371,142,zero_length_angle_vector,ok
447-1-1(1),1,annotation_mask,annotation,reference,external-data/447-1-1(1)_mask.png,0d1ba7e5e04b19e049d833c898b8b5dfd329ae106055ed93825b5e45ffe6aa84,grid_equivalent_v1,unknown,pixel,7,10,10,3219.268252793949,135,125,67.52338056760202,135,,ok
447-1-1(1),1,annotation_mask,annotation,reference,external-data/447-1-1(1)_mask.png,0d1ba7e5e04b19e049d833c898b8b5dfd329ae106055ed93825b5e45ffe6aa84,grid_equivalent_v1,unknown,pixel,7,10,20,3219.268252793949,124,125,68.94036159171783,124,,ok
447-1-1(1),1,annotation_mask,annotation,reference,external-data/447-1-1(1)_mask.png,0d1ba7e5e04b19e049d833c898b8b5dfd329ae106055ed93825b5e45ffe6aa84,grid_equivalent_v1,unknown,pixel,7,15,5,3219.268252793949,144,125,67.081740326483,141,zero_length_angle_vector,ok
447-1-1(1),1,annotation_mask,annotation,reference,external-data/447-1-1(1)_mask.png,0d1ba7e5e04b19e049d833c898b8b5dfd329ae106055ed93825b5e45ffe6aa84,grid_equivalent_v1,unknown,pixel,7,15,10,3219.268252793949,135,125,67.6525411396296,134,zero_length_angle_vector,ok
447-1-1(1),1,annotation_mask,annotation,reference,external-data/447-1-1(1)_mask.png,0d1ba7e5e04b19e049d833c898b8b5dfd329ae106055ed93825b5e45ffe6aa84,grid_equivalent_v1,unknown,pixel,7,15,20,3219.268252793949,121,125,68.83824254614287,120,zero_length_angle_vector,ok
447-1-1(1),1,annotation_mask,annotation,reference,external-data/447-1-1(1)_mask.png,0d1ba7e5e04b19e049d833c898b8b5dfd329ae106055ed93825b5e45ffe6aa84,grid_equivalent_v1,unknown,pixel,7,20,5,3219.268252793949,140,125,69.51532266209657,138,zero_length_angle_vector,ok
447-1-1(1),1,annotation_mask,annotation,reference,external-data/447-1-1(1)_mask.png,0d1ba7e5e04b19e049d833c898b8b5dfd329ae106055ed93825b5e45ffe6aa84,grid_equivalent_v1,unknown,pixel,7,20,10,3219.268252793949,129,125,70.87620836245695,128,zero_length_angle_vector,ok
447-1-1(1),1,annotation_mask,annotation,reference,external-data/447-1-1(1)_mask.png,0d1ba7e5e04b19e049d833c898b8b5dfd329ae106055ed93825b5e45ffe6aa84,grid_equivalent_v1,unknown,pixel,7,20,20,3219.268252793949,117,125,71.98729878790165,116,zero_length_angle_vector,ok
7-1-3(1),4,annotation_mask,annotation,reference,external-data/7-1-3(1)_mask.png,bba8ccc94987683932ee1142fbfdf5f18f0e90a532fe1e011e5e0387316a0102,grid_equivalent_v1,unknown,pixel,3,5,5,3591.411613906912,492,364,51.63900045607716,474,zero_length_angle_vector,ok
7-1-3(1),4,annotation_mask,annotation,reference,external-data/7-1-3(1)_mask.png,bba8ccc94987683932ee1142fbfdf5f18f0e90a532fe1e011e5e0387316a0102,grid_equivalent_v1,unknown,pixel,3,5,10,3591.411613906912,423,364,51.9355379639919,423,,ok
7-1-3(1),4,annotation_mask,annotation,reference,external-data/7-1-3(1)_mask.png,bba8ccc94987683932ee1142fbfdf5f18f0e90a532fe1e011e5e0387316a0102,grid_equivalent_v1,unknown,pixel,3,5,20,3591.411613906912,314,364,52.37188137479306,314,,ok
7-1-3(1),4,annotation_mask,annotation,reference,external-data/7-1-3(1)_mask.png,bba8ccc94987683932ee1142fbfdf5f18f0e90a532fe1e011e5e0387316a0102,grid_equivalent_v1,unknown,pixel,3,10,5,3591.411613906912,478,363,51.651774196399145,467,zero_length_angle_vector,ok
7-1-3(1),4,annotation_mask,annotation,reference,external-data/7-1-3(1)_mask.png,bba8ccc94987683932ee1142fbfdf5f18f0e90a532fe1e011e5e0387316a0102,grid_equivalent_v1,unknown,pixel,3,10,10,3591.411613906912,418,363,51.938853488334566,418,,ok
7-1-3(1),4,annotation_mask,annotation,reference,external-data/7-1-3(1)_mask.png,bba8ccc94987683932ee1142fbfdf5f18f0e90a532fe1e011e5e0387316a0102,grid_equivalent_v1,unknown,pixel,3,10,20,3591.411613906912,304,363,52.645837119488874,304,,ok
7-1-3(1),4,annotation_mask,annotation,reference,external-data/7-1-3(1)_mask.png,bba8ccc94987683932ee1142fbfdf5f18f0e90a532fe1e011e5e0387316a0102,grid_equivalent_v1,unknown,pixel,3,15,5,3591.411613906912,474,363,51.863944502556144,461,zero_length_angle_vector,ok
7-1-3(1),4,annotation_mask,annotation,reference,external-data/7-1-3(1)_mask.png,bba8ccc94987683932ee1142fbfdf5f18f0e90a532fe1e011e5e0387316a0102,grid_equivalent_v1,unknown,pixel,3,15,10,3591.411613906912,408,363,52.278158782691186,408,,ok
7-1-3(1),4,annotation_mask,annotation,reference,external-data/7-1-3(1)_mask.png,bba8ccc94987683932ee1142fbfdf5f18f0e90a532fe1e011e5e0387316a0102,grid_equivalent_v1,unknown,pixel,3,15,20,3591.411613906912,302,363,53.003490191740894,302,,ok
7-1-3(1),4,annotation_mask,annotation,reference,external-data/7-1-3(1)_mask.png,bba8ccc94987683932ee1142fbfdf5f18f0e90a532fe1e011e5e0387316a0102,grid_equivalent_v1,unknown,pixel,3,20,5,3591.411613906912,464,362,51.801067920382415,451,zero_length_angle_vector,ok
7-1-3(1),4,annotation_mask,annotation,reference,external-data/7-1-3(1)_mask.png,bba8ccc94987683932ee1142fbfdf5f18f0e90a532fe1e011e5e0387316a0102,grid_equivalent_v1,unknown,pixel,3,20,10,3591.411613906912,400,362,52.324610333442486,400,,ok
7-1-3(1),4,annotation_mask,annotation,reference,external-data/7-1-3(1)_mask.png,bba8ccc94987683932ee1142fbfdf5f18f0e90a532fe1e011e5e0387316a0102,grid_equivalent_v1,unknown,pixel,3,20,20,3591.411613906912,295,362,53.230566991305125,295,,ok
7-1-3(1),4,annotation_mask,annotation,reference,external-data/7-1-3(1)_mask.png,bba8ccc94987683932ee1142fbfdf5f18f0e90a532fe1e011e5e0387316a0102,grid_equivalent_v1,unknown,pixel,5,5,5,3591.411613906912,491,373,51.66220905391951,475,zero_length_angle_vector,ok
7-1-3(1),4,annotation_mask,annotation,reference,external-data/7-1-3(1)_mask.png,bba8ccc94987683932ee1142fbfdf5f18f0e90a532fe1e011e5e0387316a0102,grid_equivalent_v1,unknown,pixel,5,5,10,3591.411613906912,430,373,52.12402209408971,430,,ok
7-1-3(1),4,annotation_mask,annotation,reference,external-data/7-1-3(1)_mask.png,bba8ccc94987683932ee1142fbfdf5f18f0e90a532fe1e011e5e0387316a0102,grid_equivalent_v1,unknown,pixel,5,5,20,3591.411613906912,323,373,52.572056307846616,323,,ok
7-1-3(1),4,annotation_mask,annotation,reference,external-data/7-1-3(1)_mask.png,bba8ccc94987683932ee1142fbfdf5f18f0e90a532fe1e011e5e0387316a0102,grid_equivalent_v1,unknown,pixel,5,10,5,3591.411613906912,482,370,51.72911815501482,473,zero_length_angle_vector,ok
7-1-3(1),4,annotation_mask,annotation,reference,external-data/7-1-3(1)_mask.png,bba8ccc94987683932ee1142fbfdf5f18f0e90a532fe1e011e5e0387316a0102,grid_equivalent_v1,unknown,pixel,5,10,10,3591.411613906912,423,370,52.112453871913544,423,,ok
7-1-3(1),4,annotation_mask,annotation,reference,external-data/7-1-3(1)_mask.png,bba8ccc94987683932ee1142fbfdf5f18f0e90a532fe1e011e5e0387316a0102,grid_equivalent_v1,unknown,pixel,5,10,20,3591.411613906912,317,370,52.778130963309316,317,,ok
7-1-3(1),4,annotation_mask,annotation,reference,external-data/7-1-3(1)_mask.png,bba8ccc94987683932ee1142fbfdf5f18f0e90a532fe1e011e5e0387316a0102,grid_equivalent_v1,unknown,pixel,5,15,5,3591.411613906912,476,370,51.77921863198162,467,zero_length_angle_vector,ok
7-1-3(1),4,annotation_mask,annotation,reference,external-data/7-1-3(1)_mask.png,bba8ccc94987683932ee1142fbfdf5f18f0e90a532fe1e011e5e0387316a0102,grid_equivalent_v1,unknown,pixel,5,15,10,3591.411613906912,415,370,52.19068191429416,415,,ok
7-1-3(1),4,annotation_mask,annotation,reference,external-data/7-1-3(1)_mask.png,bba8ccc94987683932ee1142fbfdf5f18f0e90a532fe1e011e5e0387316a0102,grid_equivalent_v1,unknown,pixel,5,15,20,3591.411613906912,314,370,53.03486262829026,314,,ok
7-1-3(1),4,annotation_mask,annotation,reference,external-data/7-1-3(1)_mask.png,bba8ccc94987683932ee1142fbfdf5f18f0e90a532fe1e011e5e0387316a0102,grid_equivalent_v1,unknown,pixel,5,20,5,3591.411613906912,468,370,51.70080505852283,458,zero_length_angle_vector,ok
7-1-3(1),4,annotation_mask,annotation,reference,external-data/7-1-3(1)_mask.png,bba8ccc94987683932ee1142fbfdf5f18f0e90a532fe1e011e5e0387316a0102,grid_equivalent_v1,unknown,pixel,5,20,10,3591.411613906912,410,370,52.32912669910402,410,,ok
7-1-3(1),4,annotation_mask,annotation,reference,external-data/7-1-3(1)_mask.png,bba8ccc94987683932ee1142fbfdf5f18f0e90a532fe1e011e5e0387316a0102,grid_equivalent_v1,unknown,pixel,5,20,20,3591.411613906912,308,370,53.04571564143714,308,,ok
7-1-3(1),4,annotation_mask,annotation,reference,external-data/7-1-3(1)_mask.png,bba8ccc94987683932ee1142fbfdf5f18f0e90a532fe1e011e5e0387316a0102,grid_equivalent_v1,unknown,pixel,7,5,5,3591.411613906912,469,345,50.86561345034406,446,zero_length_angle_vector,ok
7-1-3(1),4,annotation_mask,annotation,reference,external-data/7-1-3(1)_mask.png,bba8ccc94987683932ee1142fbfdf5f18f0e90a532fe1e011e5e0387316a0102,grid_equivalent_v1,unknown,pixel,7,5,10,3591.411613906912,431,345,51.08305577677519,431,,ok
7-1-3(1),4,annotation_mask,annotation,reference,external-data/7-1-3(1)_mask.png,bba8ccc94987683932ee1142fbfdf5f18f0e90a532fe1e011e5e0387316a0102,grid_equivalent_v1,unknown,pixel,7,5,20,3591.411613906912,318,345,51.47468948683335,318,,ok
7-1-3(1),4,annotation_mask,annotation,reference,external-data/7-1-3(1)_mask.png,bba8ccc94987683932ee1142fbfdf5f18f0e90a532fe1e011e5e0387316a0102,grid_equivalent_v1,unknown,pixel,7,10,5,3591.411613906912,461,345,51.034726514105266,442,zero_length_angle_vector,ok
7-1-3(1),4,annotation_mask,annotation,reference,external-data/7-1-3(1)_mask.png,bba8ccc94987683932ee1142fbfdf5f18f0e90a532fe1e011e5e0387316a0102,grid_equivalent_v1,unknown,pixel,7,10,10,3591.411613906912,422,345,51.14099507132406,422,,ok
7-1-3(1),4,annotation_mask,annotation,reference,external-data/7-1-3(1)_mask.png,bba8ccc94987683932ee1142fbfdf5f18f0e90a532fe1e011e5e0387316a0102,grid_equivalent_v1,unknown,pixel,7,10,20,3591.411613906912,312,345,51.28768320970959,312,,ok
7-1-3(1),4,annotation_mask,annotation,reference,external-data/7-1-3(1)_mask.png,bba8ccc94987683932ee1142fbfdf5f18f0e90a532fe1e011e5e0387316a0102,grid_equivalent_v1,unknown,pixel,7,15,5,3591.411613906912,452,345,51.03451723578583,432,zero_length_angle_vector,ok
7-1-3(1),4,annotation_mask,annotation,reference,external-data/7-1-3(1)_mask.png,bba8ccc94987683932ee1142fbfdf5f18f0e90a532fe1e011e5e0387316a0102,grid_equivalent_v1,unknown,pixel,7,15,10,3591.411613906912,415,345,51.35327429739508,415,,ok
7-1-3(1),4,annotation_mask,annotation,reference,external-data/7-1-3(1)_mask.png,bba8ccc94987683932ee1142fbfdf5f18f0e90a532fe1e011e5e0387316a0102,grid_equivalent_v1,unknown,pixel,7,15,20,3591.411613906912,310,345,51.44548385275592,310,,ok
7-1-3(1),4,annotation_mask,annotation,reference,external-data/7-1-3(1)_mask.png,bba8ccc94987683932ee1142fbfdf5f18f0e90a532fe1e011e5e0387316a0102,grid_equivalent_v1,unknown,pixel,7,20,5,3591.411613906912,444,344,51.24395920571317,425,zero_length_angle_vector,ok
7-1-3(1),4,annotation_mask,annotation,reference,external-data/7-1-3(1)_mask.png,bba8ccc94987683932ee1142fbfdf5f18f0e90a532fe1e011e5e0387316a0102,grid_equivalent_v1,unknown,pixel,7,20,10,3591.411613906912,408,344,51.24508787556225,408,,ok
7-1-3(1),4,annotation_mask,annotation,reference,external-data/7-1-3(1)_mask.png,bba8ccc94987683932ee1142fbfdf5f18f0e90a532fe1e011e5e0387316a0102,grid_equivalent_v1,unknown,pixel,7,20,20,3591.411613906912,306,344,51.50040103412444,306,,ok
7-1-3(2),4,annotation_mask,annotation,reference,external-data/7-1-3(2)_mask.png,28862657685f711ee260dae48d326375279a0325e0e0c82a6692a9516004f3bb,grid_equivalent_v1,unknown,pixel,3,5,5,2479.356564548581,295,199,51.0863087439582,282,zero_length_angle_vector,ok
7-1-3(2),4,annotation_mask,annotation,reference,external-data/7-1-3(2)_mask.png,28862657685f711ee260dae48d326375279a0325e0e0c82a6692a9516004f3bb,grid_equivalent_v1,unknown,pixel,3,5,10,2479.356564548581,250,199,51.753613573851865,250,,ok
7-1-3(2),4,annotation_mask,annotation,reference,external-data/7-1-3(2)_mask.png,28862657685f711ee260dae48d326375279a0325e0e0c82a6692a9516004f3bb,grid_equivalent_v1,unknown,pixel,3,5,20,2479.356564548581,186,199,53.80426204130721,186,,ok
7-1-3(2),4,annotation_mask,annotation,reference,external-data/7-1-3(2)_mask.png,28862657685f711ee260dae48d326375279a0325e0e0c82a6692a9516004f3bb,grid_equivalent_v1,unknown,pixel,3,10,5,2479.356564548581,287,198,51.42425819299186,276,zero_length_angle_vector,ok
7-1-3(2),4,annotation_mask,annotation,reference,external-data/7-1-3(2)_mask.png,28862657685f711ee260dae48d326375279a0325e0e0c82a6692a9516004f3bb,grid_equivalent_v1,unknown,pixel,3,10,10,2479.356564548581,246,198,52.07897638997296,246,,ok
7-1-3(2),4,annotation_mask,annotation,reference,external-data/7-1-3(2)_mask.png,28862657685f711ee260dae48d326375279a0325e0e0c82a6692a9516004f3bb,grid_equivalent_v1,unknown,pixel,3,10,20,2479.356564548581,177,198,53.45956272523081,177,,ok
7-1-3(2),4,annotation_mask,annotation,reference,external-data/7-1-3(2)_mask.png,28862657685f711ee260dae48d326375279a0325e0e0c82a6692a9516004f3bb,grid_equivalent_v1,unknown,pixel,3,15,5,2479.356564548581,281,196,51.73323364199195,267,zero_length_angle_vector,ok
7-1-3(2),4,annotation_mask,annotation,reference,external-data/7-1-3(2)_mask.png,28862657685f711ee260dae48d326375279a0325e0e0c82a6692a9516004f3bb,grid_equivalent_v1,unknown,pixel,3,15,10,2479.356564548581,237,196,51.974568285819515,237,,ok
7-1-3(2),4,annotation_mask,annotation,reference,external-data/7-1-3(2)_mask.png,28862657685f711ee260dae48d326375279a0325e0e0c82a6692a9516004f3bb,grid_equivalent_v1,unknown,pixel,3,15,20,2479.356564548581,170,196,53.09641081526512,170,,ok
7-1-3(2),4,annotation_mask,annotation,reference,external-data/7-1-3(2)_mask.png,28862657685f711ee260dae48d326375279a0325e0e0c82a6692a9516004f3bb,grid_equivalent_v1,unknown,pixel,3,20,5,2479.356564548581,273,196,51.622515577717174,257,zero_length_angle_vector,ok
7-1-3(2),4,annotation_mask,annotation,reference,external-data/7-1-3(2)_mask.png,28862657685f711ee260dae48d326375279a0325e0e0c82a6692a9516004f3bb,grid_equivalent_v1,unknown,pixel,3,20,10,2479.356564548581,228,196,51.90240822174809,228,,ok
7-1-3(2),4,annotation_mask,annotation,reference,external-data/7-1-3(2)_mask.png,28862657685f711ee260dae48d326375279a0325e0e0c82a6692a9516004f3bb,grid_equivalent_v1,unknown,pixel,3,20,20,2479.356564548581,166,196,53.24381714481335,166,,ok
7-1-3(2),4,annotation_mask,annotation,reference,external-data/7-1-3(2)_mask.png,28862657685f711ee260dae48d326375279a0325e0e0c82a6692a9516004f3bb,grid_equivalent_v1,unknown,pixel,5,5,5,2479.356564548581,288,203,51.42011632430424,278,zero_length_angle_vector,ok
7-1-3(2),4,annotation_mask,annotation,reference,external-data/7-1-3(2)_mask.png,28862657685f711ee260dae48d326375279a0325e0e0c82a6692a9516004f3bb,grid_equivalent_v1,unknown,pixel,5,5,10,2479.356564548581,252,203,52.064259487672395,252,,ok
7-1-3(2),4,annotation_mask,annotation,reference,external-data/7-1-3(2)_mask.png,28862657685f711ee260dae48d326375279a0325e0e0c82a6692a9516004f3bb,grid_equivalent_v1,unknown,pixel,5,5,20,2479.356564548581,187,203,51.595822976525625,187,,ok
7-1-3(2),4,annotation_mask,annotation,reference,external-data/7-1-3(2)_mask.png,28862657685f711ee260dae48d326375279a0325e0e0c82a6692a9516004f3bb,grid_equivalent_v1,unknown,pixel,5,10,5,2479.356564548581,284,201,51.279370938420904,275,zero_length_angle_vector,ok
7-1-3(2),4,annotation_mask,annotation,reference,external-data/7-1-3(2)_mask.png,28862657685f711ee260dae48d326375279a0325e0e0c82a6692a9516004f3bb,grid_equivalent_v1,unknown,pixel,5,10,10,2479.356564548581,247,201,52.22311144741659,247,,ok
7-1-3(2),4,annotation_mask,annotation,reference,external-data/7-1-3(2)_mask.png,28862657685f711ee260dae48d326375279a0325e0e0c82a6692a9516004f3bb,grid_equivalent_v1,unknown,pixel,5,10,20,2479.356564548581,179,201,51.60549573060497,179,,ok
7-1-3(2),4,annotation_mask,annotation,reference,external-data/7-1-3(2)_mask.png,28862657685f711ee260dae48d326375279a0325e0e0c82a6692a9516004f3bb,grid_equivalent_v1,unknown,pixel,5,15,5,2479.356564548581,279,201,51.39383201047487,269,zero_length_angle_vector,ok
7-1-3(2),4,annotation_mask,annotation,reference,external-data/7-1-3(2)_mask.png,28862657685f711ee260dae48d326375279a0325e0e0c82a6692a9516004f3bb,grid_equivalent_v1,unknown,pixel,5,15,10,2479.356564548581,239,201,52.02063707468777,239,,ok
7-1-3(2),4,annotation_mask,annotation,reference,external-data/7-1-3(2)_mask.png,28862657685f711ee260dae48d326375279a0325e0e0c82a6692a9516004f3bb,grid_equivalent_v1,unknown,pixel,5,15,20,2479.356564548581,174,201,51.4682493615093,174,,ok
7-1-3(2),4,annotation_mask,annotation,reference,external-data/7-1-3(2)_mask.png,28862657685f711ee260dae48d326375279a0325e0e0c82a6692a9516004f3bb,grid_equivalent_v1,unknown,pixel,5,20,5,2479.356564548581,272,201,51.579320114885995,260,zero_length_angle_vector,ok
7-1-3(2),4,annotation_mask,annotation,reference,external-data/7-1-3(2)_mask.png,28862657685f711ee260dae48d326375279a0325e0e0c82a6692a9516004f3bb,grid_equivalent_v1,unknown,pixel,5,20,10,2479.356564548581,233,201,52.401112581245265,233,,ok
7-1-3(2),4,annotation_mask,annotation,reference,external-data/7-1-3(2)_mask.png,28862657685f711ee260dae48d326375279a0325e0e0c82a6692a9516004f3bb,grid_equivalent_v1,unknown,pixel,5,20,20,2479.356564548581,172,201,51.61185110287698,172,,ok
7-1-3(2),4,annotation_mask,annotation,reference,external-data/7-1-3(2)_mask.png,28862657685f711ee260dae48d326375279a0325e0e0c82a6692a9516004f3bb,grid_equivalent_v1,unknown,pixel,7,5,5,2479.356564548581,258,173,50.72983867232213,254,zero_length_angle_vector,ok
7-1-3(2),4,annotation_mask,annotation,reference,external-data/7-1-3(2)_mask.png,28862657685f711ee260dae48d326375279a0325e0e0c82a6692a9516004f3bb,grid_equivalent_v1,unknown,pixel,7,5,10,2479.356564548581,235,173,50.917969900036326,235,,ok
7-1-3(2),4,annotation_mask,annotation,reference,external-data/7-1-3(2)_mask.png,28862657685f711ee260dae48d326375279a0325e0e0c82a6692a9516004f3bb,grid_equivalent_v1,unknown,pixel,7,5,20,2479.356564548581,190,173,51.78813182871254,190,,ok
7-1-3(2),4,annotation_mask,annotation,reference,external-data/7-1-3(2)_mask.png,28862657685f711ee260dae48d326375279a0325e0e0c82a6692a9516004f3bb,grid_equivalent_v1,unknown,pixel,7,10,5,2479.356564548581,252,171,50.29786096173275,250,zero_length_angle_vector,ok
7-1-3(2),4,annotation_mask,annotation,reference,external-data/7-1-3(2)_mask.png,28862657685f711ee260dae48d326375279a0325e0e0c82a6692a9516004f3bb,grid_equivalent_v1,unknown,pixel,7,10,10,2479.356564548581,229,171,50.794266941817405,229,,ok
7-1-3(2),4,annotation_mask,annotation,reference,external-data/7-1-3(2)_mask.png,28862657685f711ee260dae48d326375279a0325e0e0c82a6692a9516004f3bb,grid_equivalent_v1,unknown,pixel,7,10,20,2479.356564548581,181,171,51.559760852284704,181,,ok
7-1-3(2),4,annotation_mask,annotation,reference,external-data/7-1-3(2)_mask.png,28862657685f711ee260dae48d326375279a0325e0e0c82a6692a9516004f3bb,grid_equivalent_v1,unknown,pixel,7,15,5,2479.356564548581,247,171,50.3051781280287,245,zero_length_angle_vector,ok
7-1-3(2),4,annotation_mask,annotation,reference,external-data/7-1-3(2)_mask.png,28862657685f711ee260dae48d326375279a0325e0e0c82a6692a9516004f3bb,grid_equivalent_v1,unknown,pixel,7,15,10,2479.356564548581,225,171,50.886147198295724,225,,ok
7-1-3(2),4,annotation_mask,annotation,reference,external-data/7-1-3(2)_mask.png,28862657685f711ee260dae48d326375279a0325e0e0c82a6692a9516004f3bb,grid_equivalent_v1,unknown,pixel,7,15,20,2479.356564548581,176,171,51.472254250712346,176,,ok
7-1-3(2),4,annotation_mask,annotation,reference,external-data/7-1-3(2)_mask.png,28862657685f711ee260dae48d326375279a0325e0e0c82a6692a9516004f3bb,grid_equivalent_v1,unknown,pixel,7,20,5,2479.356564548581,243,171,50.802528086185305,238,zero_length_angle_vector,ok
7-1-3(2),4,annotation_mask,annotation,reference,external-data/7-1-3(2)_mask.png,28862657685f711ee260dae48d326375279a0325e0e0c82a6692a9516004f3bb,grid_equivalent_v1,unknown,pixel,7,20,10,2479.356564548581,218,171,51.18585690540993,218,,ok
7-1-3(2),4,annotation_mask,annotation,reference,external-data/7-1-3(2)_mask.png,28862657685f711ee260dae48d326375279a0325e0e0c82a6692a9516004f3bb,grid_equivalent_v1,unknown,pixel,7,20,20,2479.356564548581,172,171,51.70964871533408,172,,ok
7-1-3(3),0,annotation_mask,annotation,reference,external-data/7-1-3(3)_mask.png,eb3582ff4719e2750a945bfec7af39008d621c1fbaba7f242e61cf5fb5af1392,grid_equivalent_v1,unknown,pixel,3,5,5,3139.476405595674,293,212,55.83656364500734,282,zero_length_angle_vector,ok
7-1-3(3),0,annotation_mask,annotation,reference,external-data/7-1-3(3)_mask.png,eb3582ff4719e2750a945bfec7af39008d621c1fbaba7f242e61cf5fb5af1392,grid_equivalent_v1,unknown,pixel,3,5,10,3139.476405595674,256,212,56.64676943205674,255,zero_length_angle_vector,ok
7-1-3(3),0,annotation_mask,annotation,reference,external-data/7-1-3(3)_mask.png,eb3582ff4719e2750a945bfec7af39008d621c1fbaba7f242e61cf5fb5af1392,grid_equivalent_v1,unknown,pixel,3,5,20,3139.476405595674,198,212,58.67533289309793,197,zero_length_angle_vector,ok
7-1-3(3),0,annotation_mask,annotation,reference,external-data/7-1-3(3)_mask.png,eb3582ff4719e2750a945bfec7af39008d621c1fbaba7f242e61cf5fb5af1392,grid_equivalent_v1,unknown,pixel,3,10,5,3139.476405595674,276,211,56.32832973327068,268,zero_length_angle_vector,ok
7-1-3(3),0,annotation_mask,annotation,reference,external-data/7-1-3(3)_mask.png,eb3582ff4719e2750a945bfec7af39008d621c1fbaba7f242e61cf5fb5af1392,grid_equivalent_v1,unknown,pixel,3,10,10,3139.476405595674,245,211,57.14587537625734,244,zero_length_angle_vector,ok
7-1-3(3),0,annotation_mask,annotation,reference,external-data/7-1-3(3)_mask.png,eb3582ff4719e2750a945bfec7af39008d621c1fbaba7f242e61cf5fb5af1392,grid_equivalent_v1,unknown,pixel,3,10,20,3139.476405595674,185,211,58.613892913587,184,zero_length_angle_vector,ok
7-1-3(3),0,annotation_mask,annotation,reference,external-data/7-1-3(3)_mask.png,eb3582ff4719e2750a945bfec7af39008d621c1fbaba7f242e61cf5fb5af1392,grid_equivalent_v1,unknown,pixel,3,15,5,3139.476405595674,265,210,56.62644211953837,256,zero_length_angle_vector,ok
7-1-3(3),0,annotation_mask,annotation,reference,external-data/7-1-3(3)_mask.png,eb3582ff4719e2750a945bfec7af39008d621c1fbaba7f242e61cf5fb5af1392,grid_equivalent_v1,unknown,pixel,3,15,10,3139.476405595674,232,210,57.2613317963964,231,zero_length_angle_vector,ok
7-1-3(3),0,annotation_mask,annotation,reference,external-data/7-1-3(3)_mask.png,eb3582ff4719e2750a945bfec7af39008d621c1fbaba7f242e61cf5fb5af1392,grid_equivalent_v1,unknown,pixel,3,15,20,3139.476405595674,176,210,58.05892686589596,175,zero_length_angle_vector,ok
7-1-3(3),0,annotation_mask,annotation,reference,external-data/7-1-3(3)_mask.png,eb3582ff4719e2750a945bfec7af39008d621c1fbaba7f242e61cf5fb5af1392,grid_equivalent_v1,unknown,pixel,3,20,5,3139.476405595674,251,208,56.690076481868594,239,zero_length_angle_vector,ok
7-1-3(3),0,annotation_mask,annotation,reference,external-data/7-1-3(3)_mask.png,eb3582ff4719e2750a945bfec7af39008d621c1fbaba7f242e61cf5fb5af1392,grid_equivalent_v1,unknown,pixel,3,20,10,3139.476405595674,219,208,57.3558459269703,218,zero_length_angle_vector,ok
7-1-3(3),0,annotation_mask,annotation,reference,external-data/7-1-3(3)_mask.png,eb3582ff4719e2750a945bfec7af39008d621c1fbaba7f242e61cf5fb5af1392,grid_equivalent_v1,unknown,pixel,3,20,20,3139.476405595674,166,208,56.931496785722665,165,zero_length_angle_vector,ok
7-1-3(3),0,annotation_mask,annotation,reference,external-data/7-1-3(3)_mask.png,eb3582ff4719e2750a945bfec7af39008d621c1fbaba7f242e61cf5fb5af1392,grid_equivalent_v1,unknown,pixel,5,5,5,3139.476405595674,279,210,54.995387926511185,272,zero_length_angle_vector,ok
7-1-3(3),0,annotation_mask,annotation,reference,external-data/7-1-3(3)_mask.png,eb3582ff4719e2750a945bfec7af39008d621c1fbaba7f242e61cf5fb5af1392,grid_equivalent_v1,unknown,pixel,5,5,10,3139.476405595674,258,210,54.94979046991708,257,zero_length_angle_vector,ok
7-1-3(3),0,annotation_mask,annotation,reference,external-data/7-1-3(3)_mask.png,eb3582ff4719e2750a945bfec7af39008d621c1fbaba7f242e61cf5fb5af1392,grid_equivalent_v1,unknown,pixel,5,5,20,3139.476405595674,199,210,56.68169918772457,198,zero_length_angle_vector,ok
7-1-3(3),0,annotation_mask,annotation,reference,external-data/7-1-3(3)_mask.png,eb3582ff4719e2750a945bfec7af39008d621c1fbaba7f242e61cf5fb5af1392,grid_equivalent_v1,unknown,pixel,5,10,5,3139.476405595674,268,207,55.57180704636978,265,zero_length_angle_vector,ok
7-1-3(3),0,annotation_mask,annotation,reference,external-data/7-1-3(3)_mask.png,eb3582ff4719e2750a945bfec7af39008d621c1fbaba7f242e61cf5fb5af1392,grid_equivalent_v1,unknown,pixel,5,10,10,3139.476405595674,247,207,55.69982371462744,246,zero_length_angle_vector,ok
7-1-3(3),0,annotation_mask,annotation,reference,external-data/7-1-3(3)_mask.png,eb3582ff4719e2750a945bfec7af39008d621c1fbaba7f242e61cf5fb5af1392,grid_equivalent_v1,unknown,pixel,5,10,20,3139.476405595674,191,207,57.242836002039255,190,zero_length_angle_vector,ok
7-1-3(3),0,annotation_mask,annotation,reference,external-data/7-1-3(3)_mask.png,eb3582ff4719e2750a945bfec7af39008d621c1fbaba7f242e61cf5fb5af1392,grid_equivalent_v1,unknown,pixel,5,15,5,3139.476405595674,257,206,55.52065543574668,253,zero_length_angle_vector,ok
7-1-3(3),0,annotation_mask,annotation,reference,external-data/7-1-3(3)_mask.png,eb3582ff4719e2750a945bfec7af39008d621c1fbaba7f242e61cf5fb5af1392,grid_equivalent_v1,unknown,pixel,5,15,10,3139.476405595674,234,206,55.62685066639042,233,zero_length_angle_vector,ok
7-1-3(3),0,annotation_mask,annotation,reference,external-data/7-1-3(3)_mask.png,eb3582ff4719e2750a945bfec7af39008d621c1fbaba7f242e61cf5fb5af1392,grid_equivalent_v1,unknown,pixel,5,15,20,3139.476405595674,186,206,56.41049635721105,185,zero_length_angle_vector,ok
7-1-3(3),0,annotation_mask,annotation,reference,external-data/7-1-3(3)_mask.png,eb3582ff4719e2750a945bfec7af39008d621c1fbaba7f242e61cf5fb5af1392,grid_equivalent_v1,unknown,pixel,5,20,5,3139.476405595674,244,205,55.42895759691404,237,zero_length_angle_vector,ok
7-1-3(3),0,annotation_mask,annotation,reference,external-data/7-1-3(3)_mask.png,eb3582ff4719e2750a945bfec7af39008d621c1fbaba7f242e61cf5fb5af1392,grid_equivalent_v1,unknown,pixel,5,20,10,3139.476405595674,225,205,55.742398112819004,224,zero_length_angle_vector,ok
7-1-3(3),0,annotation_mask,annotation,reference,external-data/7-1-3(3)_mask.png,eb3582ff4719e2750a945bfec7af39008d621c1fbaba7f242e61cf5fb5af1392,grid_equivalent_v1,unknown,pixel,5,20,20,3139.476405595674,175,205,55.22626028935326,174,zero_length_angle_vector,ok
7-1-3(3),0,annotation_mask,annotation,reference,external-data/7-1-3(3)_mask.png,eb3582ff4719e2750a945bfec7af39008d621c1fbaba7f242e61cf5fb5af1392,grid_equivalent_v1,unknown,pixel,7,5,5,3139.476405595674,269,197,55.65721975773186,263,zero_length_angle_vector,ok
7-1-3(3),0,annotation_mask,annotation,reference,external-data/7-1-3(3)_mask.png,eb3582ff4719e2750a945bfec7af39008d621c1fbaba7f242e61cf5fb5af1392,grid_equivalent_v1,unknown,pixel,7,5,10,3139.476405595674,244,197,55.862529378424476,243,zero_length_angle_vector,ok
7-1-3(3),0,annotation_mask,annotation,reference,external-data/7-1-3(3)_mask.png,eb3582ff4719e2750a945bfec7af39008d621c1fbaba7f242e61cf5fb5af1392,grid_equivalent_v1,unknown,pixel,7,5,20,3139.476405595674,199,197,56.66595910805921,198,zero_length_angle_vector,ok
7-1-3(3),0,annotation_mask,annotation,reference,external-data/7-1-3(3)_mask.png,eb3582ff4719e2750a945bfec7af39008d621c1fbaba7f242e61cf5fb5af1392,grid_equivalent_v1,unknown,pixel,7,10,5,3139.476405595674,254,193,56.44198198748926,252,zero_length_angle_vector,ok
7-1-3(3),0,annotation_mask,annotation,reference,external-data/7-1-3(3)_mask.png,eb3582ff4719e2750a945bfec7af39008d621c1fbaba7f242e61cf5fb5af1392,grid_equivalent_v1,unknown,pixel,7,10,10,3139.476405595674,239,193,56.40613294485104,238,zero_length_angle_vector,ok
7-1-3(3),0,annotation_mask,annotation,reference,external-data/7-1-3(3)_mask.png,eb3582ff4719e2750a945bfec7af39008d621c1fbaba7f242e61cf5fb5af1392,grid_equivalent_v1,unknown,pixel,7,10,20,3139.476405595674,191,193,56.7279008697224,190,zero_length_angle_vector,ok
7-1-3(3),0,annotation_mask,annotation,reference,external-data/7-1-3(3)_mask.png,eb3582ff4719e2750a945bfec7af39008d621c1fbaba7f242e61cf5fb5af1392,grid_equivalent_v1,unknown,pixel,7,15,5,3139.476405595674,250,193,56.53903125499502,246,zero_length_angle_vector,ok
7-1-3(3),0,annotation_mask,annotation,reference,external-data/7-1-3(3)_mask.png,eb3582ff4719e2750a945bfec7af39008d621c1fbaba7f242e61cf5fb5af1392,grid_equivalent_v1,unknown,pixel,7,15,10,3139.476405595674,226,193,56.5541130012501,225,zero_length_angle_vector,ok
7-1-3(3),0,annotation_mask,annotation,reference,external-data/7-1-3(3)_mask.png,eb3582ff4719e2750a945bfec7af39008d621c1fbaba7f242e61cf5fb5af1392,grid_equivalent_v1,unknown,pixel,7,15,20,3139.476405595674,187,193,56.21870634762674,186,zero_length_angle_vector,ok
7-1-3(3),0,annotation_mask,annotation,reference,external-data/7-1-3(3)_mask.png,eb3582ff4719e2750a945bfec7af39008d621c1fbaba7f242e61cf5fb5af1392,grid_equivalent_v1,unknown,pixel,7,20,5,3139.476405595674,235,190,56.07028131016436,230,zero_length_angle_vector,ok
7-1-3(3),0,annotation_mask,annotation,reference,external-data/7-1-3(3)_mask.png,eb3582ff4719e2750a945bfec7af39008d621c1fbaba7f242e61cf5fb5af1392,grid_equivalent_v1,unknown,pixel,7,20,10,3139.476405595674,218,190,56.20393984440293,217,zero_length_angle_vector,ok
7-1-3(3),0,annotation_mask,annotation,reference,external-data/7-1-3(3)_mask.png,eb3582ff4719e2750a945bfec7af39008d621c1fbaba7f242e61cf5fb5af1392,grid_equivalent_v1,unknown,pixel,7,20,20,3139.476405595674,178,190,55.35663460454828,177,zero_length_angle_vector,ok
7-1-6(1),0,annotation_mask,annotation,reference,external-data/7-1-6(1)_mask.png,cba0254b9e9151f7e11554a8e70e85d3aae5e2a96042767c54979c286faeb9a4,grid_equivalent_v1,unknown,pixel,3,5,5,3188.726188957766,370,285,56.134730278289965,362,zero_length_angle_vector,ok
7-1-6(1),0,annotation_mask,annotation,reference,external-data/7-1-6(1)_mask.png,cba0254b9e9151f7e11554a8e70e85d3aae5e2a96042767c54979c286faeb9a4,grid_equivalent_v1,unknown,pixel,3,5,10,3188.726188957766,329,285,56.75075162268771,329,,ok
7-1-6(1),0,annotation_mask,annotation,reference,external-data/7-1-6(1)_mask.png,cba0254b9e9151f7e11554a8e70e85d3aae5e2a96042767c54979c286faeb9a4,grid_equivalent_v1,unknown,pixel,3,5,20,3188.726188957766,254,285,57.83801389725052,254,,ok
7-1-6(1),0,annotation_mask,annotation,reference,external-data/7-1-6(1)_mask.png,cba0254b9e9151f7e11554a8e70e85d3aae5e2a96042767c54979c286faeb9a4,grid_equivalent_v1,unknown,pixel,3,10,5,3188.726188957766,360,285,56.28313520211113,354,zero_length_angle_vector,ok
7-1-6(1),0,annotation_mask,annotation,reference,external-data/7-1-6(1)_mask.png,cba0254b9e9151f7e11554a8e70e85d3aae5e2a96042767c54979c286faeb9a4,grid_equivalent_v1,unknown,pixel,3,10,10,3188.726188957766,319,285,57.725407626270844,319,,ok
7-1-6(1),0,annotation_mask,annotation,reference,external-data/7-1-6(1)_mask.png,cba0254b9e9151f7e11554a8e70e85d3aae5e2a96042767c54979c286faeb9a4,grid_equivalent_v1,unknown,pixel,3,10,20,3188.726188957766,248,285,58.11947274350794,248,,ok
7-1-6(1),0,annotation_mask,annotation,reference,external-data/7-1-6(1)_mask.png,cba0254b9e9151f7e11554a8e70e85d3aae5e2a96042767c54979c286faeb9a4,grid_equivalent_v1,unknown,pixel,3,15,5,3188.726188957766,351,285,56.0881735709294,345,zero_length_angle_vector,ok
7-1-6(1),0,annotation_mask,annotation,reference,external-data/7-1-6(1)_mask.png,cba0254b9e9151f7e11554a8e70e85d3aae5e2a96042767c54979c286faeb9a4,grid_equivalent_v1,unknown,pixel,3,15,10,3188.726188957766,314,285,57.02901683435713,314,,ok
7-1-6(1),0,annotation_mask,annotation,reference,external-data/7-1-6(1)_mask.png,cba0254b9e9151f7e11554a8e70e85d3aae5e2a96042767c54979c286faeb9a4,grid_equivalent_v1,unknown,pixel,3,15,20,3188.726188957766,240,285,56.99439617590209,240,,ok
7-1-6(1),0,annotation_mask,annotation,reference,external-data/7-1-6(1)_mask.png,cba0254b9e9151f7e11554a8e70e85d3aae5e2a96042767c54979c286faeb9a4,grid_equivalent_v1,unknown,pixel,3,20,5,3188.726188957766,345,284,56.199916867404994,339,zero_length_angle_vector,ok
7-1-6(1),0,annotation_mask,annotation,reference,external-data/7-1-6(1)_mask.png,cba0254b9e9151f7e11554a8e70e85d3aae5e2a96042767c54979c286faeb9a4,grid_equivalent_v1,unknown,pixel,3,20,10,3188.726188957766,308,284,57.018889182889374,308,,ok
7-1-6(1),0,annotation_mask,annotation,reference,external-data/7-1-6(1)_mask.png,cba0254b9e9151f7e11554a8e70e85d3aae5e2a96042767c54979c286faeb9a4,grid_equivalent_v1,unknown,pixel,3,20,20,3188.726188957766,236,284,56.947226217943694,236,,ok
7-1-6(1),0,annotation_mask,annotation,reference,external-data/7-1-6(1)_mask.png,cba0254b9e9151f7e11554a8e70e85d3aae5e2a96042767c54979c286faeb9a4,grid_equivalent_v1,unknown,pixel,5,5,5,3188.726188957766,346,270,56.82885255405631,342,zero_length_angle_vector,ok
7-1-6(1),0,annotation_mask,annotation,reference,external-data/7-1-6(1)_mask.png,cba0254b9e9151f7e11554a8e70e85d3aae5e2a96042767c54979c286faeb9a4,grid_equivalent_v1,unknown,pixel,5,5,10,3188.726188957766,318,270,57.45607996250891,318,,ok
7-1-6(1),0,annotation_mask,annotation,reference,external-data/7-1-6(1)_mask.png,cba0254b9e9151f7e11554a8e70e85d3aae5e2a96042767c54979c286faeb9a4,grid_equivalent_v1,unknown,pixel,5,5,20,3188.726188957766,254,270,59.232311493199724,254,,ok
7-1-6(1),0,annotation_mask,annotation,reference,external-data/7-1-6(1)_mask.png,cba0254b9e9151f7e11554a8e70e85d3aae5e2a96042767c54979c286faeb9a4,grid_equivalent_v1,unknown,pixel,5,10,5,3188.726188957766,338,268,56.468458745996706,334,zero_length_angle_vector,ok
7-1-6(1),0,annotation_mask,annotation,reference,external-data/7-1-6(1)_mask.png,cba0254b9e9151f7e11554a8e70e85d3aae5e2a96042767c54979c286faeb9a4,grid_equivalent_v1,unknown,pixel,5,10,10,3188.726188957766,307,268,57.64584275292221,307,,ok
7-1-6(1),0,annotation_mask,annotation,reference,external-data/7-1-6(1)_mask.png,cba0254b9e9151f7e11554a8e70e85d3aae5e2a96042767c54979c286faeb9a4,grid_equivalent_v1,unknown,pixel,5,10,20,3188.726188957766,247,268,58.14171966236238,247,,ok
7-1-6(1),0,annotation_mask,annotation,reference,external-data/7-1-6(1)_mask.png,cba0254b9e9151f7e11554a8e70e85d3aae5e2a96042767c54979c286faeb9a4,grid_equivalent_v1,unknown,pixel,5,15,5,3188.726188957766,327,268,56.999996222895724,324,zero_length_angle_vector,ok
7-1-6(1),0,annotation_mask,annotation,reference,external-data/7-1-6(1)_mask.png,cba0254b9e9151f7e11554a8e70e85d3aae5e2a96042767c54979c286faeb9a4,grid_equivalent_v1,unknown,pixel,5,15,10,3188.726188957766,300,268,57.71657823171459,300,,ok
7-1-6(1),0,annotation_mask,annotation,reference,external-data/7-1-6(1)_mask.png,cba0254b9e9151f7e11554a8e70e85d3aae5e2a96042767c54979c286faeb9a4,grid_equivalent_v1,unknown,pixel,5,15,20,3188.726188957766,238,268,57.741498216012246,238,,ok
7-1-6(1),0,annotation_mask,annotation,reference,external-data/7-1-6(1)_mask.png,cba0254b9e9151f7e11554a8e70e85d3aae5e2a96042767c54979c286faeb9a4,grid_equivalent_v1,unknown,pixel,5,20,5,3188.726188957766,319,266,57.1841464248908,316,zero_length_angle_vector,ok
7-1-6(1),0,annotation_mask,annotation,reference,external-data/7-1-6(1)_mask.png,cba0254b9e9151f7e11554a8e70e85d3aae5e2a96042767c54979c286faeb9a4,grid_equivalent_v1,unknown,pixel,5,20,10,3188.726188957766,296,266,57.5815780456108,296,,ok
7-1-6(1),0,annotation_mask,annotation,reference,external-data/7-1-6(1)_mask.png,cba0254b9e9151f7e11554a8e70e85d3aae5e2a96042767c54979c286faeb9a4,grid_equivalent_v1,unknown,pixel,5,20,20,3188.726188957766,234,266,58.049446359548966,234,,ok
7-1-6(1),0,annotation_mask,annotation,reference,external-data/7-1-6(1)_mask.png,cba0254b9e9151f7e11554a8e70e85d3aae5e2a96042767c54979c286faeb9a4,grid_equivalent_v1,unknown,pixel,7,5,5,3188.726188957766,331,260,56.69887773322188,326,zero_length_angle_vector,ok
7-1-6(1),0,annotation_mask,annotation,reference,external-data/7-1-6(1)_mask.png,cba0254b9e9151f7e11554a8e70e85d3aae5e2a96042767c54979c286faeb9a4,grid_equivalent_v1,unknown,pixel,7,5,10,3188.726188957766,309,260,56.79441602329683,309,,ok
7-1-6(1),0,annotation_mask,annotation,reference,external-data/7-1-6(1)_mask.png,cba0254b9e9151f7e11554a8e70e85d3aae5e2a96042767c54979c286faeb9a4,grid_equivalent_v1,unknown,pixel,7,5,20,3188.726188957766,261,260,58.327988145088135,261,,ok
7-1-6(1),0,annotation_mask,annotation,reference,external-data/7-1-6(1)_mask.png,cba0254b9e9151f7e11554a8e70e85d3aae5e2a96042767c54979c286faeb9a4,grid_equivalent_v1,unknown,pixel,7,10,5,3188.726188957766,323,259,56.3328391552218,321,zero_length_angle_vector,ok
7-1-6(1),0,annotation_mask,annotation,reference,external-data/7-1-6(1)_mask.png,cba0254b9e9151f7e11554a8e70e85d3aae5e2a96042767c54979c286faeb9a4,grid_equivalent_v1,unknown,pixel,7,10,10,3188.726188957766,300,259,57.30203743470786,300,,ok
7-1-6(1),0,annotation_mask,annotation,reference,external-data/7-1-6(1)_mask.png,cba0254b9e9151f7e11554a8e70e85d3aae5e2a96042767c54979c286faeb9a4,grid_equivalent_v1,unknown,pixel,7,10,20,3188.726188957766,254,259,57.87138453963313,254,,ok
7-1-6(1),0,annotation_mask,annotation,reference,external-data/7-1-6(1)_mask.png,cba0254b9e9151f7e11554a8e70e85d3aae5e2a96042767c54979c286faeb9a4,grid_equivalent_v1,unknown,pixel,7,15,5,3188.726188957766,314,259,56.50767167401212,312,zero_length_angle_vector,ok
7-1-6(1),0,annotation_mask,annotation,reference,external-data/7-1-6(1)_mask.png,cba0254b9e9151f7e11554a8e70e85d3aae5e2a96042767c54979c286faeb9a4,grid_equivalent_v1,unknown,pixel,7,15,10,3188.726188957766,294,259,57.559701943973764,294,,ok
7-1-6(1),0,annotation_mask,annotation,reference,external-data/7-1-6(1)_mask.png,cba0254b9e9151f7e11554a8e70e85d3aae5e2a96042767c54979c286faeb9a4,grid_equivalent_v1,unknown,pixel,7,15,20,3188.726188957766,247,259,57.94538300755778,247,,ok
7-1-6(1),0,annotation_mask,annotation,reference,external-data/7-1-6(1)_mask.png,cba0254b9e9151f7e11554a8e70e85d3aae5e2a96042767c54979c286faeb9a4,grid_equivalent_v1,unknown,pixel,7,20,5,3188.726188957766,308,257,56.641495529033236,305,zero_length_angle_vector,ok
7-1-6(1),0,annotation_mask,annotation,reference,external-data/7-1-6(1)_mask.png,cba0254b9e9151f7e11554a8e70e85d3aae5e2a96042767c54979c286faeb9a4,grid_equivalent_v1,unknown,pixel,7,20,10,3188.726188957766,290,257,57.19586900994982,290,,ok
7-1-6(1),0,annotation_mask,annotation,reference,external-data/7-1-6(1)_mask.png,cba0254b9e9151f7e11554a8e70e85d3aae5e2a96042767c54979c286faeb9a4,grid_equivalent_v1,unknown,pixel,7,20,20,3188.726188957766,244,257,57.97283888474234,244,,ok
7-1-6(2),3,annotation_mask,annotation,reference,external-data/7-1-6(2)_mask.png,e3aea5a1ab8ea31c284842492594be58ed37bba1e364b53dc239f9c47cd34693,grid_equivalent_v1,unknown,pixel,3,5,5,4815.678641211786,520,328,44.67425167105938,505,zero_length_angle_vector,ok
7-1-6(2),3,annotation_mask,annotation,reference,external-data/7-1-6(2)_mask.png,e3aea5a1ab8ea31c284842492594be58ed37bba1e364b53dc239f9c47cd34693,grid_equivalent_v1,unknown,pixel,3,5,10,4815.678641211786,447,328,45.412594027615704,447,,ok
7-1-6(2),3,annotation_mask,annotation,reference,external-data/7-1-6(2)_mask.png,e3aea5a1ab8ea31c284842492594be58ed37bba1e364b53dc239f9c47cd34693,grid_equivalent_v1,unknown,pixel,3,5,20,4815.678641211786,343,328,45.143434216034585,343,,ok
7-1-6(2),3,annotation_mask,annotation,reference,external-data/7-1-6(2)_mask.png,e3aea5a1ab8ea31c284842492594be58ed37bba1e364b53dc239f9c47cd34693,grid_equivalent_v1,unknown,pixel,3,10,5,4815.678641211786,502,324,45.788601958560285,493,zero_length_angle_vector,ok
7-1-6(2),3,annotation_mask,annotation,reference,external-data/7-1-6(2)_mask.png,e3aea5a1ab8ea31c284842492594be58ed37bba1e364b53dc239f9c47cd34693,grid_equivalent_v1,unknown,pixel,3,10,10,4815.678641211786,439,324,46.33547824856681,439,,ok
7-1-6(2),3,annotation_mask,annotation,reference,external-data/7-1-6(2)_mask.png,e3aea5a1ab8ea31c284842492594be58ed37bba1e364b53dc239f9c47cd34693,grid_equivalent_v1,unknown,pixel,3,10,20,4815.678641211786,334,324,46.7819293329897,334,,ok
7-1-6(2),3,annotation_mask,annotation,reference,external-data/7-1-6(2)_mask.png,e3aea5a1ab8ea31c284842492594be58ed37bba1e364b53dc239f9c47cd34693,grid_equivalent_v1,unknown,pixel,3,15,5,4815.678641211786,485,320,45.29191045385007,458,zero_length_angle_vector,ok
7-1-6(2),3,annotation_mask,annotation,reference,external-data/7-1-6(2)_mask.png,e3aea5a1ab8ea31c284842492594be58ed37bba1e364b53dc239f9c47cd34693,grid_equivalent_v1,unknown,pixel,3,15,10,4815.678641211786,425,320,46.03719333184405,410,zero_length_angle_vector,ok
7-1-6(2),3,annotation_mask,annotation,reference,external-data/7-1-6(2)_mask.png,e3aea5a1ab8ea31c284842492594be58ed37bba1e364b53dc239f9c47cd34693,grid_equivalent_v1,unknown,pixel,3,15,20,4815.678641211786,320,320,46.47272688294706,310,zero_length_angle_vector,ok
7-1-6(2),3,annotation_mask,annotation,reference,external-data/7-1-6(2)_mask.png,e3aea5a1ab8ea31c284842492594be58ed37bba1e364b53dc239f9c47cd34693,grid_equivalent_v1,unknown,pixel,3,20,5,4815.678641211786,470,318,44.99131907505931,447,zero_length_angle_vector,ok
7-1-6(2),3,annotation_mask,annotation,reference,external-data/7-1-6(2)_mask.png,e3aea5a1ab8ea31c284842492594be58ed37bba1e364b53dc239f9c47cd34693,grid_equivalent_v1,unknown,pixel,3,20,10,4815.678641211786,407,318,45.57335930250251,395,zero_length_angle_vector,ok
7-1-6(2),3,annotation_mask,annotation,reference,external-data/7-1-6(2)_mask.png,e3aea5a1ab8ea31c284842492594be58ed37bba1e364b53dc239f9c47cd34693,grid_equivalent_v1,unknown,pixel,3,20,20,4815.678641211786,302,318,46.082507635631195,292,zero_length_angle_vector,ok
7-1-6(2),3,annotation_mask,annotation,reference,external-data/7-1-6(2)_mask.png,e3aea5a1ab8ea31c284842492594be58ed37bba1e364b53dc239f9c47cd34693,grid_equivalent_v1,unknown,pixel,5,5,5,4815.678641211786,501,328,44.96307959586338,490,zero_length_angle_vector,ok
7-1-6(2),3,annotation_mask,annotation,reference,external-data/7-1-6(2)_mask.png,e3aea5a1ab8ea31c284842492594be58ed37bba1e364b53dc239f9c47cd34693,grid_equivalent_v1,unknown,pixel,5,5,10,4815.678641211786,455,328,45.43894893610463,455,,ok
7-1-6(2),3,annotation_mask,annotation,reference,external-data/7-1-6(2)_mask.png,e3aea5a1ab8ea31c284842492594be58ed37bba1e364b53dc239f9c47cd34693,grid_equivalent_v1,unknown,pixel,5,5,20,4815.678641211786,352,328,46.09345327503914,352,,ok
7-1-6(2),3,annotation_mask,annotation,reference,external-data/7-1-6(2)_mask.png,e3aea5a1ab8ea31c284842492594be58ed37bba1e364b53dc239f9c47cd34693,grid_equivalent_v1,unknown,pixel,5,10,5,4815.678641211786,490,324,45.57420899840831,478,zero_length_angle_vector,ok
7-1-6(2),3,annotation_mask,annotation,reference,external-data/7-1-6(2)_mask.png,e3aea5a1ab8ea31c284842492594be58ed37bba1e364b53dc239f9c47cd34693,grid_equivalent_v1,unknown,pixel,5,10,10,4815.678641211786,451,324,45.83224969264073,451,,ok
7-1-6(2),3,annotation_mask,annotation,reference,external-data/7-1-6(2)_mask.png,e3aea5a1ab8ea31c284842492594be58ed37bba1e364b53dc239f9c47cd34693,grid_equivalent_v1,unknown,pixel,5,10,20,4815.678641211786,345,324,46.95060424866772,345,,ok
7-1-6(2),3,annotation_mask,annotation,reference,external-data/7-1-6(2)_mask.png,e3aea5a1ab8ea31c284842492594be58ed37bba1e364b53dc239f9c47cd34693,grid_equivalent_v1,unknown,pixel,5,15,5,4815.678641211786,478,321,45.39359464043969,442,zero_length_angle_vector,ok
7-1-6(2),3,annotation_mask,annotation,reference,external-data/7-1-6(2)_mask.png,e3aea5a1ab8ea31c284842492594be58ed37bba1e364b53dc239f9c47cd34693,grid_equivalent_v1,unknown,pixel,5,15,10,4815.678641211786,436,321,45.76167325566849,417,zero_length_angle_vector,ok
7-1-6(2),3,annotation_mask,annotation,reference,external-data/7-1-6(2)_mask.png,e3aea5a1ab8ea31c284842492594be58ed37bba1e364b53dc239f9c47cd34693,grid_equivalent_v1,unknown,pixel,5,15,20,4815.678641211786,332,321,46.857444104346,318,zero_length_angle_vector,ok
7-1-6(2),3,annotation_mask,annotation,reference,external-data/7-1-6(2)_mask.png,e3aea5a1ab8ea31c284842492594be58ed37bba1e364b53dc239f9c47cd34693,grid_equivalent_v1,unknown,pixel,5,20,5,4815.678641211786,462,320,45.148203915001766,432,zero_length_angle_vector,ok
7-1-6(2),3,annotation_mask,annotation,reference,external-data/7-1-6(2)_mask.png,e3aea5a1ab8ea31c284842492594be58ed37bba1e364b53dc239f9c47cd34693,grid_equivalent_v1,unknown,pixel,5,20,10,4815.678641211786,423,320,45.17902798956508,406,zero_length_angle_vector,ok
7-1-6(2),3,annotation_mask,annotation,reference,external-data/7-1-6(2)_mask.png,e3aea5a1ab8ea31c284842492594be58ed37bba1e364b53dc239f9c47cd34693,grid_equivalent_v1,unknown,pixel,5,20,20,4815.678641211786,318,320,46.428412046280584,304,zero_length_angle_vector,ok
7-1-6(2),3,annotation_mask,annotation,reference,external-data/7-1-6(2)_mask.png,e3aea5a1ab8ea31c284842492594be58ed37bba1e364b53dc239f9c47cd34693,grid_equivalent_v1,unknown,pixel,7,5,5,4815.678641211786,492,316,47.431673938686245,485,zero_length_angle_vector,ok
7-1-6(2),3,annotation_mask,annotation,reference,external-data/7-1-6(2)_mask.png,e3aea5a1ab8ea31c284842492594be58ed37bba1e364b53dc239f9c47cd34693,grid_equivalent_v1,unknown,pixel,7,5,10,4815.678641211786,453,316,47.50269848981789,453,,ok
7-1-6(2),3,annotation_mask,annotation,reference,external-data/7-1-6(2)_mask.png,e3aea5a1ab8ea31c284842492594be58ed37bba1e364b53dc239f9c47cd34693,grid_equivalent_v1,unknown,pixel,7,5,20,4815.678641211786,351,316,48.315313590459546,351,,ok
7-1-6(2),3,annotation_mask,annotation,reference,external-data/7-1-6(2)_mask.png,e3aea5a1ab8ea31c284842492594be58ed37bba1e364b53dc239f9c47cd34693,grid_equivalent_v1,unknown,pixel,7,10,5,4815.678641211786,473,314,46.83725484090288,463,zero_length_angle_vector,ok
7-1-6(2),3,annotation_mask,annotation,reference,external-data/7-1-6(2)_mask.png,e3aea5a1ab8ea31c284842492594be58ed37bba1e364b53dc239f9c47cd34693,grid_equivalent_v1,unknown,pixel,7,10,10,4815.678641211786,440,314,46.854524464520345,440,,ok
7-1-6(2),3,annotation_mask,annotation,reference,external-data/7-1-6(2)_mask.png,e3aea5a1ab8ea31c284842492594be58ed37bba1e364b53dc239f9c47cd34693,grid_equivalent_v1,unknown,pixel,7,10,20,4815.678641211786,340,314,48.44776213289534,340,,ok
7-1-6(2),3,annotation_mask,annotation,reference,external-data/7-1-6(2)_mask.png,e3aea5a1ab8ea31c284842492594be58ed37bba1e364b53dc239f9c47cd34693,grid_equivalent_v1,unknown,pixel,7,15,5,4815.678641211786,463,313,46.3012538489098,426,zero_length_angle_vector,ok
7-1-6(2),3,annotation_mask,annotation,reference,external-data/7-1-6(2)_mask.png,e3aea5a1ab8ea31c284842492594be58ed37bba1e364b53dc239f9c47cd34693,grid_equivalent_v1,unknown,pixel,7,15,10,4815.678641211786,424,313,46.66774354891909,402,zero_length_angle_vector,ok
7-1-6(2),3,annotation_mask,annotation,reference,external-data/7-1-6(2)_mask.png,e3aea5a1ab8ea31c284842492594be58ed37bba1e364b53dc239f9c47cd34693,grid_equivalent_v1,unknown,pixel,7,15,20,4815.678641211786,332,313,48.23429056627295,315,zero_length_angle_vector,ok
7-1-6(2),3,annotation_mask,annotation,reference,external-data/7-1-6(2)_mask.png,e3aea5a1ab8ea31c284842492594be58ed37bba1e364b53dc239f9c47cd34693,grid_equivalent_v1,unknown,pixel,7,20,5,4815.678641211786,446,312,46.281108979548826,417,zero_length_angle_vector,ok
7-1-6(2),3,annotation_mask,annotation,reference,external-data/7-1-6(2)_mask.png,e3aea5a1ab8ea31c284842492594be58ed37bba1e364b53dc239f9c47cd34693,grid_equivalent_v1,unknown,pixel,7,20,10,4815.678641211786,414,312,46.61326291092848,393,zero_length_angle_vector,ok
7-1-6(2),3,annotation_mask,annotation,reference,external-data/7-1-6(2)_mask.png,e3aea5a1ab8ea31c284842492594be58ed37bba1e364b53dc239f9c47cd34693,grid_equivalent_v1,unknown,pixel,7,20,20,4815.678641211786,317,312,48.147102473765464,300,zero_length_angle_vector,ok
7-1-6(3),2,annotation_mask,annotation,reference,external-data/7-1-6(3)_mask.png,175aad97304bc1efcc5da1ef9c37712fdcee8d0161a6f80fd823a18cef9139a0,grid_equivalent_v1,unknown,pixel,3,5,5,3149.346463280794,123,83,54.13917392672894,119,zero_length_angle_vector,ok
7-1-6(3),2,annotation_mask,annotation,reference,external-data/7-1-6(3)_mask.png,175aad97304bc1efcc5da1ef9c37712fdcee8d0161a6f80fd823a18cef9139a0,grid_equivalent_v1,unknown,pixel,3,5,10,3149.346463280794,117,83,54.19725249925865,115,zero_length_angle_vector,ok
7-1-6(3),2,annotation_mask,annotation,reference,external-data/7-1-6(3)_mask.png,175aad97304bc1efcc5da1ef9c37712fdcee8d0161a6f80fd823a18cef9139a0,grid_equivalent_v1,unknown,pixel,3,5,20,3149.346463280794,93,83,51.9858591714781,91,zero_length_angle_vector,ok
7-1-6(3),2,annotation_mask,annotation,reference,external-data/7-1-6(3)_mask.png,175aad97304bc1efcc5da1ef9c37712fdcee8d0161a6f80fd823a18cef9139a0,grid_equivalent_v1,unknown,pixel,3,10,5,3149.346463280794,121,82,53.75262577303616,117,zero_length_angle_vector,ok
7-1-6(3),2,annotation_mask,annotation,reference,external-data/7-1-6(3)_mask.png,175aad97304bc1efcc5da1ef9c37712fdcee8d0161a6f80fd823a18cef9139a0,grid_equivalent_v1,unknown,pixel,3,10,10,3149.346463280794,115,82,53.446866054037834,113,zero_length_angle_vector,ok
7-1-6(3),2,annotation_mask,annotation,reference,external-data/7-1-6(3)_mask.png,175aad97304bc1efcc5da1ef9c37712fdcee8d0161a6f80fd823a18cef9139a0,grid_equivalent_v1,unknown,pixel,3,10,20,3149.346463280794,92,82,51.02120035854711,90,zero_length_angle_vector,ok
7-1-6(3),2,annotation_mask,annotation,reference,external-data/7-1-6(3)_mask.png,175aad97304bc1efcc5da1ef9c37712fdcee8d0161a6f80fd823a18cef9139a0,grid_equivalent_v1,unknown,pixel,3,15,5,3149.346463280794,118,81,53.46269293300858,113,zero_length_angle_vector,ok
7-1-6(3),2,annotation_mask,annotation,reference,external-data/7-1-6(3)_mask.png,175aad97304bc1efcc5da1ef9c37712fdcee8d0161a6f80fd823a18cef9139a0,grid_equivalent_v1,unknown,pixel,3,15,10,3149.346463280794,111,81,53.05852347254112,109,zero_length_angle_vector,ok
7-1-6(3),2,annotation_mask,annotation,reference,external-data/7-1-6(3)_mask.png,175aad97304bc1efcc5da1ef9c37712fdcee8d0161a6f80fd823a18cef9139a0,grid_equivalent_v1,unknown,pixel,3,15,20,3149.346463280794,88,81,49.84973202724727,86,zero_length_angle_vector,ok
7-1-6(3),2,annotation_mask,annotation,reference,external-data/7-1-6(3)_mask.png,175aad97304bc1efcc5da1ef9c37712fdcee8d0161a6f80fd823a18cef9139a0,grid_equivalent_v1,unknown,pixel,3,20,5,3149.346463280794,115,81,52.930354636788714,110,zero_length_angle_vector,ok
7-1-6(3),2,annotation_mask,annotation,reference,external-data/7-1-6(3)_mask.png,175aad97304bc1efcc5da1ef9c37712fdcee8d0161a6f80fd823a18cef9139a0,grid_equivalent_v1,unknown,pixel,3,20,10,3149.346463280794,110,81,52.77253488077566,108,zero_length_angle_vector,ok
7-1-6(3),2,annotation_mask,annotation,reference,external-data/7-1-6(3)_mask.png,175aad97304bc1efcc5da1ef9c37712fdcee8d0161a6f80fd823a18cef9139a0,grid_equivalent_v1,unknown,pixel,3,20,20,3149.346463280794,85,81,49.94070125969746,83,zero_length_angle_vector,ok
7-1-6(3),2,annotation_mask,annotation,reference,external-data/7-1-6(3)_mask.png,175aad97304bc1efcc5da1ef9c37712fdcee8d0161a6f80fd823a18cef9139a0,grid_equivalent_v1,unknown,pixel,5,5,5,3149.346463280794,123,84,53.866956144824464,120,zero_length_angle_vector,ok
7-1-6(3),2,annotation_mask,annotation,reference,external-data/7-1-6(3)_mask.png,175aad97304bc1efcc5da1ef9c37712fdcee8d0161a6f80fd823a18cef9139a0,grid_equivalent_v1,unknown,pixel,5,5,10,3149.346463280794,116,84,53.397241492166245,114,zero_length_angle_vector,ok
7-1-6(3),2,annotation_mask,annotation,reference,external-data/7-1-6(3)_mask.png,175aad97304bc1efcc5da1ef9c37712fdcee8d0161a6f80fd823a18cef9139a0,grid_equivalent_v1,unknown,pixel,5,5,20,3149.346463280794,95,84,51.13656954196586,93,zero_length_angle_vector,ok
7-1-6(3),2,annotation_mask,annotation,reference,external-data/7-1-6(3)_mask.png,175aad97304bc1efcc5da1ef9c37712fdcee8d0161a6f80fd823a18cef9139a0,grid_equivalent_v1,unknown,pixel,5,10,5,3149.346463280794,120,82,53.48003736680436,117,zero_length_angle_vector,ok
7-1-6(3),2,annotation_mask,annotation,reference,external-data/7-1-6(3)_mask.png,175aad97304bc1efcc5da1ef9c37712fdcee8d0161a6f80fd823a18cef9139a0,grid_equivalent_v1,unknown,pixel,5,10,10,3149.346463280794,115,82,52.39603511119063,113,zero_length_angle_vector,ok
7-1-6(3),2,annotation_mask,annotation,reference,external-data/7-1-6(3)_mask.png,175aad97304bc1efcc5da1ef9c37712fdcee8d0161a6f80fd823a18cef9139a0,grid_equivalent_v1,unknown,pixel,5,10,20,3149.346463280794,92,82,49.94567014393677,90,zero_length_angle_vector,ok
7-1-6(3),2,annotation_mask,annotation,reference,external-data/7-1-6(3)_mask.png,175aad97304bc1efcc5da1ef9c37712fdcee8d0161a6f80fd823a18cef9139a0,grid_equivalent_v1,unknown,pixel,5,15,5,3149.346463280794,119,82,53.35196348200784,116,zero_length_angle_vector,ok
7-1-6(3),2,annotation_mask,annotation,reference,external-data/7-1-6(3)_mask.png,175aad97304bc1efcc5da1ef9c37712fdcee8d0161a6f80fd823a18cef9139a0,grid_equivalent_v1,unknown,pixel,5,15,10,3149.346463280794,113,82,52.34419986077857,111,zero_length_angle_vector,ok
7-1-6(3),2,annotation_mask,annotation,reference,external-data/7-1-6(3)_mask.png,175aad97304bc1efcc5da1ef9c37712fdcee8d0161a6f80fd823a18cef9139a0,grid_equivalent_v1,unknown,pixel,5,15,20,3149.346463280794,89,82,49.69364999458028,87,zero_length_angle_vector,ok
7-1-6(3),2,annotation_mask,annotation,reference,external-data/7-1-6(3)_mask.png,175aad97304bc1efcc5da1ef9c37712fdcee8d0161a6f80fd823a18cef9139a0,grid_equivalent_v1,unknown,pixel,5,20,5,3149.346463280794,117,82,53.33786293873522,112,zero_length_angle_vector,ok
7-1-6(3),2,annotation_mask,annotation,reference,external-data/7-1-6(3)_mask.png,175aad97304bc1efcc5da1ef9c37712fdcee8d0161a6f80fd823a18cef9139a0,grid_equivalent_v1,unknown,pixel,5,20,10,3149.346463280794,110,82,52.144772669368,108,zero_length_angle_vector,ok
7-1-6(3),2,annotation_mask,annotation,reference,external-data/7-1-6(3)_mask.png,175aad97304bc1efcc5da1ef9c37712fdcee8d0161a6f80fd823a18cef9139a0,grid_equivalent_v1,unknown,pixel,5,20,20,3149.346463280794,87,82,49.17101651043017,85,zero_length_angle_vector,ok
7-1-6(3),2,annotation_mask,annotation,reference,external-data/7-1-6(3)_mask.png,175aad97304bc1efcc5da1ef9c37712fdcee8d0161a6f80fd823a18cef9139a0,grid_equivalent_v1,unknown,pixel,7,5,5,3149.346463280794,127,88,53.21999037060127,122,zero_length_angle_vector,ok
7-1-6(3),2,annotation_mask,annotation,reference,external-data/7-1-6(3)_mask.png,175aad97304bc1efcc5da1ef9c37712fdcee8d0161a6f80fd823a18cef9139a0,grid_equivalent_v1,unknown,pixel,7,5,10,3149.346463280794,116,88,52.113857569934446,114,zero_length_angle_vector,ok
7-1-6(3),2,annotation_mask,annotation,reference,external-data/7-1-6(3)_mask.png,175aad97304bc1efcc5da1ef9c37712fdcee8d0161a6f80fd823a18cef9139a0,grid_equivalent_v1,unknown,pixel,7,5,20,3149.346463280794,95,88,49.99137635881767,93,zero_length_angle_vector,ok
7-1-6(3),2,annotation_mask,annotation,reference,external-data/7-1-6(3)_mask.png,175aad97304bc1efcc5da1ef9c37712fdcee8d0161a6f80fd823a18cef9139a0,grid_equivalent_v1,unknown,pixel,7,10,5,3149.346463280794,123,87,53.05190432295728,119,zero_length_angle_vector,ok
7-1-6(3),2,annotation_mask,annotation,reference,external-data/7-1-6(3)_mask.png,175aad97304bc1efcc5da1ef9c37712fdcee8d0161a6f80fd823a18cef9139a0,grid_equivalent_v1,unknown,pixel,7,10,10,3149.346463280794,115,87,51.27391509896879,113,zero_length_angle_vector,ok
7-1-6(3),2,annotation_mask,annotation,reference,external-data/7-1-6(3)_mask.png,175aad97304bc1efcc5da1ef9c37712fdcee8d0161a6f80fd823a18cef9139a0,grid_equivalent_v1,unknown,pixel,7,10,20,3149.346463280794,90,87,48.7294534241555,88,zero_length_angle_vector,ok
7-1-6(3),2,annotation_mask,annotation,reference,external-data/7-1-6(3)_mask.png,175aad97304bc1efcc5da1ef9c37712fdcee8d0161a6f80fd823a18cef9139a0,grid_equivalent_v1,unknown,pixel,7,15,5,3149.346463280794,122,87,52.59998448888603,117,zero_length_angle_vector,ok
7-1-6(3),2,annotation_mask,annotation,reference,external-data/7-1-6(3)_mask.png,175aad97304bc1efcc5da1ef9c37712fdcee8d0161a6f80fd823a18cef9139a0,grid_equivalent_v1,unknown,pixel,7,15,10,3149.346463280794,112,87,50.95548990195118,110,zero_length_angle_vector,ok
7-1-6(3),2,annotation_mask,annotation,reference,external-data/7-1-6(3)_mask.png,175aad97304bc1efcc5da1ef9c37712fdcee8d0161a6f80fd823a18cef9139a0,grid_equivalent_v1,unknown,pixel,7,15,20,3149.346463280794,88,87,48.21954794232159,86,zero_length_angle_vector,ok
7-1-6(3),2,annotation_mask,annotation,reference,external-data/7-1-6(3)_mask.png,175aad97304bc1efcc5da1ef9c37712fdcee8d0161a6f80fd823a18cef9139a0,grid_equivalent_v1,unknown,pixel,7,20,5,3149.346463280794,119,87,52.20439987009144,111,zero_length_angle_vector,ok
7-1-6(3),2,annotation_mask,annotation,reference,external-data/7-1-6(3)_mask.png,175aad97304bc1efcc5da1ef9c37712fdcee8d0161a6f80fd823a18cef9139a0,grid_equivalent_v1,unknown,pixel,7,20,10,3149.346463280794,107,87,50.441779867525206,105,zero_length_angle_vector,ok
7-1-6(3),2,annotation_mask,annotation,reference,external-data/7-1-6(3)_mask.png,175aad97304bc1efcc5da1ef9c37712fdcee8d0161a6f80fd823a18cef9139a0,grid_equivalent_v1,unknown,pixel,7,20,20,3149.346463280794,86,87,47.63668864798419,84,zero_length_angle_vector,ok
7-1-6(4),0,annotation_mask,annotation,reference,external-data/7-1-6(4)_mask.png,c0fc24472241d6b39ede8026e685b39939da6b7eb296c7092ba9ef7c6acbe239,grid_equivalent_v1,unknown,pixel,3,5,5,2934.7922061357463,451,300,45.10934935312105,440,zero_length_angle_vector,ok
7-1-6(4),0,annotation_mask,annotation,reference,external-data/7-1-6(4)_mask.png,c0fc24472241d6b39ede8026e685b39939da6b7eb296c7092ba9ef7c6acbe239,grid_equivalent_v1,unknown,pixel,3,5,10,2934.7922061357463,404,300,44.93054518015251,404,,ok
7-1-6(4),0,annotation_mask,annotation,reference,external-data/7-1-6(4)_mask.png,c0fc24472241d6b39ede8026e685b39939da6b7eb296c7092ba9ef7c6acbe239,grid_equivalent_v1,unknown,pixel,3,5,20,2934.7922061357463,326,300,45.08256041737703,326,,ok
7-1-6(4),0,annotation_mask,annotation,reference,external-data/7-1-6(4)_mask.png,c0fc24472241d6b39ede8026e685b39939da6b7eb296c7092ba9ef7c6acbe239,grid_equivalent_v1,unknown,pixel,3,10,5,2934.7922061357463,445,299,44.757956804090185,431,zero_length_angle_vector,ok
7-1-6(4),0,annotation_mask,annotation,reference,external-data/7-1-6(4)_mask.png,c0fc24472241d6b39ede8026e685b39939da6b7eb296c7092ba9ef7c6acbe239,grid_equivalent_v1,unknown,pixel,3,10,10,2934.7922061357463,390,299,44.91090693561812,390,,ok
7-1-6(4),0,annotation_mask,annotation,reference,external-data/7-1-6(4)_mask.png,c0fc24472241d6b39ede8026e685b39939da6b7eb296c7092ba9ef7c6acbe239,grid_equivalent_v1,unknown,pixel,3,10,20,2934.7922061357463,316,299,44.525252914371066,316,,ok
7-1-6(4),0,annotation_mask,annotation,reference,external-data/7-1-6(4)_mask.png,c0fc24472241d6b39ede8026e685b39939da6b7eb296c7092ba9ef7c6acbe239,grid_equivalent_v1,unknown,pixel,3,15,5,2934.7922061357463,430,299,44.69186596173337,416,zero_length_angle_vector,ok
7-1-6(4),0,annotation_mask,annotation,reference,external-data/7-1-6(4)_mask.png,c0fc24472241d6b39ede8026e685b39939da6b7eb296c7092ba9ef7c6acbe239,grid_equivalent_v1,unknown,pixel,3,15,10,2934.7922061357463,374,299,44.65204366496704,374,,ok
7-1-6(4),0,annotation_mask,annotation,reference,external-data/7-1-6(4)_mask.png,c0fc24472241d6b39ede8026e685b39939da6b7eb296c7092ba9ef7c6acbe239,grid_equivalent_v1,unknown,pixel,3,15,20,2934.7922061357463,304,299,44.327573475897935,304,,ok
7-1-6(4),0,annotation_mask,annotation,reference,external-data/7-1-6(4)_mask.png,c0fc24472241d6b39ede8026e685b39939da6b7eb296c7092ba9ef7c6acbe239,grid_equivalent_v1,unknown,pixel,3,20,5,2934.7922061357463,413,298,44.7919777055599,402,zero_length_angle_vector,ok
7-1-6(4),0,annotation_mask,annotation,reference,external-data/7-1-6(4)_mask.png,c0fc24472241d6b39ede8026e685b39939da6b7eb296c7092ba9ef7c6acbe239,grid_equivalent_v1,unknown,pixel,3,20,10,2934.7922061357463,366,298,44.631182087580406,366,,ok
7-1-6(4),0,annotation_mask,annotation,reference,external-data/7-1-6(4)_mask.png,c0fc24472241d6b39ede8026e685b39939da6b7eb296c7092ba9ef7c6acbe239,grid_equivalent_v1,unknown,pixel,3,20,20,2934.7922061357463,299,298,44.22086605702842,299,,ok
7-1-6(4),0,annotation_mask,annotation,reference,external-data/7-1-6(4)_mask.png,c0fc24472241d6b39ede8026e685b39939da6b7eb296c7092ba9ef7c6acbe239,grid_equivalent_v1,unknown,pixel,5,5,5,2934.7922061357463,467,322,45.946807338619365,455,zero_length_angle_vector,ok
7-1-6(4),0,annotation_mask,annotation,reference,external-data/7-1-6(4)_mask.png,c0fc24472241d6b39ede8026e685b39939da6b7eb296c7092ba9ef7c6acbe239,grid_equivalent_v1,unknown,pixel,5,5,10,2934.7922061357463,426,322,45.98686258288244,426,,ok
7-1-6(4),0,annotation_mask,annotation,reference,external-data/7-1-6(4)_mask.png,c0fc24472241d6b39ede8026e685b39939da6b7eb296c7092ba9ef7c6acbe239,grid_equivalent_v1,unknown,pixel,5,5,20,2934.7922061357463,342,322,45.49641794227141,342,,ok
7-1-6(4),0,annotation_mask,annotation,reference,external-data/7-1-6(4)_mask.png,c0fc24472241d6b39ede8026e685b39939da6b7eb296c7092ba9ef7c6acbe239,grid_equivalent_v1,unknown,pixel,5,10,5,2934.7922061357463,458,321,45.37472804500613,444,zero_length_angle_vector,ok
7-1-6(4),0,annotation_mask,annotation,reference,external-data/7-1-6(4)_mask.png,c0fc24472241d6b39ede8026e685b39939da6b7eb296c7092ba9ef7c6acbe239,grid_equivalent_v1,unknown,pixel,5,10,10,2934.7922061357463,415,321,45.68626650545746,415,,ok
7-1-6(4),0,annotation_mask,annotation,reference,external-data/7-1-6(4)_mask.png,c0fc24472241d6b39ede8026e685b39939da6b7eb296c7092ba9ef7c6acbe239,grid_equivalent_v1,unknown,pixel,5,10,20,2934.7922061357463,334,321,44.63754741452166,334,,ok
7-1-6(4),0,annotation_mask,annotation,reference,external-data/7-1-6(4)_mask.png,c0fc24472241d6b39ede8026e685b39939da6b7eb296c7092ba9ef7c6acbe239,grid_equivalent_v1,unknown,pixel,5,15,5,2934.7922061357463,446,320,45.34182986616899,430,zero_length_angle_vector,ok
7-1-6(4),0,annotation_mask,annotation,reference,external-data/7-1-6(4)_mask.png,c0fc24472241d6b39ede8026e685b39939da6b7eb296c7092ba9ef7c6acbe239,grid_equivalent_v1,unknown,pixel,5,15,10,2934.7922061357463,402,320,45.58572184508618,402,,ok
7-1-6(4),0,annotation_mask,annotation,reference,external-data/7-1-6(4)_mask.png,c0fc24472241d6b39ede8026e685b39939da6b7eb296c7092ba9ef7c6acbe239,grid_equivalent_v1,unknown,pixel,5,15,20,2934.7922061357463,327,320,44.184571805412645,327,,ok
7-1-6(4),0,annotation_mask,annotation,reference,external-data/7-1-6(4)_mask.png,c0fc24472241d6b39ede8026e685b39939da6b7eb296c7092ba9ef7c6acbe239,grid_equivalent_v1,unknown,pixel,5,20,5,2934.7922061357463,434,320,45.365369328686526,422,zero_length_angle_vector,ok
7-1-6(4),0,annotation_mask,annotation,reference,external-data/7-1-6(4)_mask.png,c0fc24472241d6b39ede8026e685b39939da6b7eb296c7092ba9ef7c6acbe239,grid_equivalent_v1,unknown,pixel,5,20,10,2934.7922061357463,395,320,45.464533218032805,395,,ok
7-1-6(4),0,annotation_mask,annotation,reference,external-data/7-1-6(4)_mask.png,c0fc24472241d6b39ede8026e685b39939da6b7eb296c7092ba9ef7c6acbe239,grid_equivalent_v1,unknown,pixel,5,20,20,2934.7922061357463,323,320,44.182447188604215,323,,ok
7-1-6(4),0,annotation_mask,annotation,reference,external-data/7-1-6(4)_mask.png,c0fc24472241d6b39ede8026e685b39939da6b7eb296c7092ba9ef7c6acbe239,grid_equivalent_v1,unknown,pixel,7,5,5,2934.7922061357463,477,331,46.64121498936196,471,zero_length_angle_vector,ok
7-1-6(4),0,annotation_mask,annotation,reference,external-data/7-1-6(4)_mask.png,c0fc24472241d6b39ede8026e685b39939da6b7eb296c7092ba9ef7c6acbe239,grid_equivalent_v1,unknown,pixel,7,5,10,2934.7922061357463,439,331,46.81976245476676,439,,ok
7-1-6(4),0,annotation_mask,annotation,reference,external-data/7-1-6(4)_mask.png,c0fc24472241d6b39ede8026e685b39939da6b7eb296c7092ba9ef7c6acbe239,grid_equivalent_v1,unknown,pixel,7,5,20,2934.7922061357463,345,331,46.1654082257257,345,,ok
7-1-6(4),0,annotation_mask,annotation,reference,external-data/7-1-6(4)_mask.png,c0fc24472241d6b39ede8026e685b39939da6b7eb296c7092ba9ef7c6acbe239,grid_equivalent_v1,unknown,pixel,7,10,5,2934.7922061357463,464,329,46.07508063950941,458,zero_length_angle_vector,ok
7-1-6(4),0,annotation_mask,annotation,reference,external-data/7-1-6(4)_mask.png,c0fc24472241d6b39ede8026e685b39939da6b7eb296c7092ba9ef7c6acbe239,grid_equivalent_v1,unknown,pixel,7,10,10,2934.7922061357463,427,329,46.454929027578174,427,,ok
7-1-6(4),0,annotation_mask,annotation,reference,external-data/7-1-6(4)_mask.png,c0fc24472241d6b39ede8026e685b39939da6b7eb296c7092ba9ef7c6acbe239,grid_equivalent_v1,unknown,pixel,7,10,20,2934.7922061357463,335,329,45.27288015815901,335,,ok
7-1-6(4),0,annotation_mask,annotation,reference,external-data/7-1-6(4)_mask.png,c0fc24472241d6b39ede8026e685b39939da6b7eb296c7092ba9ef7c6acbe239,grid_equivalent_v1,unknown,pixel,7,15,5,2934.7922061357463,453,329,46.118555374114315,445,zero_length_angle_vector,ok
7-1-6(4),0,annotation_mask,annotation,reference,external-data/7-1-6(4)_mask.png,c0fc24472241d6b39ede8026e685b39939da6b7eb296c7092ba9ef7c6acbe239,grid_equivalent_v1,unknown,pixel,7,15,10,2934.7922061357463,416,329,46.3432350621194,416,,ok
7-1-6(4),0,annotation_mask,annotation,reference,external-data/7-1-6(4)_mask.png,c0fc24472241d6b39ede8026e685b39939da6b7eb296c7092ba9ef7c6acbe239,grid_equivalent_v1,unknown,pixel,7,15,20,2934.7922061357463,328,329,44.94619804203516,328,,ok
7-1-6(4),0,annotation_mask,annotation,reference,external-data/7-1-6(4)_mask.png,c0fc24472241d6b39ede8026e685b39939da6b7eb296c7092ba9ef7c6acbe239,grid_equivalent_v1,unknown,pixel,7,20,5,2934.7922061357463,444,327,46.03003815031507,437,zero_length_angle_vector,ok
7-1-6(4),0,annotation_mask,annotation,reference,external-data/7-1-6(4)_mask.png,c0fc24472241d6b39ede8026e685b39939da6b7eb296c7092ba9ef7c6acbe239,grid_equivalent_v1,unknown,pixel,7,20,10,2934.7922061357463,409,327,46.066050819781175,409,,ok
7-1-6(4),0,annotation_mask,annotation,reference,external-data/7-1-6(4)_mask.png,c0fc24472241d6b39ede8026e685b39939da6b7eb296c7092ba9ef7c6acbe239,grid_equivalent_v1,unknown,pixel,7,20,20,2934.7922061357463,325,327,44.98633463067208,325,,ok
DN50-235-25-6(2),1,annotation_mask,annotation,reference,external-data/DN50-235-25-6(2)_mask.png,26158010911e4857cbb5605c765e186f4f05e7d62b2dcff5cd35f9038e6d54e6,grid_equivalent_v1,unknown,pixel,3,5,5,1654.4398256692953,117,90,45.4829218302588,114,zero_length_angle_vector,ok
DN50-235-25-6(2),1,annotation_mask,annotation,reference,external-data/DN50-235-25-6(2)_mask.png,26158010911e4857cbb5605c765e186f4f05e7d62b2dcff5cd35f9038e6d54e6,grid_equivalent_v1,unknown,pixel,3,5,10,1654.4398256692953,104,90,45.952756502225924,104,,ok
DN50-235-25-6(2),1,annotation_mask,annotation,reference,external-data/DN50-235-25-6(2)_mask.png,26158010911e4857cbb5605c765e186f4f05e7d62b2dcff5cd35f9038e6d54e6,grid_equivalent_v1,unknown,pixel,3,5,20,1654.4398256692953,84,90,46.677829839490016,84,,ok
DN50-235-25-6(2),1,annotation_mask,annotation,reference,external-data/DN50-235-25-6(2)_mask.png,26158010911e4857cbb5605c765e186f4f05e7d62b2dcff5cd35f9038e6d54e6,grid_equivalent_v1,unknown,pixel,3,10,5,1654.4398256692953,113,90,45.51122769300186,111,zero_length_angle_vector,ok
DN50-235-25-6(2),1,annotation_mask,annotation,reference,external-data/DN50-235-25-6(2)_mask.png,26158010911e4857cbb5605c765e186f4f05e7d62b2dcff5cd35f9038e6d54e6,grid_equivalent_v1,unknown,pixel,3,10,10,1654.4398256692953,104,90,46.03055023047853,104,,ok
DN50-235-25-6(2),1,annotation_mask,annotation,reference,external-data/DN50-235-25-6(2)_mask.png,26158010911e4857cbb5605c765e186f4f05e7d62b2dcff5cd35f9038e6d54e6,grid_equivalent_v1,unknown,pixel,3,10,20,1654.4398256692953,82,90,46.84403527828165,82,,ok
DN50-235-25-6(2),1,annotation_mask,annotation,reference,external-data/DN50-235-25-6(2)_mask.png,26158010911e4857cbb5605c765e186f4f05e7d62b2dcff5cd35f9038e6d54e6,grid_equivalent_v1,unknown,pixel,3,15,5,1654.4398256692953,112,89,45.282637369978104,110,zero_length_angle_vector,ok
DN50-235-25-6(2),1,annotation_mask,annotation,reference,external-data/DN50-235-25-6(2)_mask.png,26158010911e4857cbb5605c765e186f4f05e7d62b2dcff5cd35f9038e6d54e6,grid_equivalent_v1,unknown,pixel,3,15,10,1654.4398256692953,101,89,45.89085236060723,101,,ok
DN50-235-25-6(2),1,annotation_mask,annotation,reference,external-data/DN50-235-25-6(2)_mask.png,26158010911e4857cbb5605c765e186f4f05e7d62b2dcff5cd35f9038e6d54e6,grid_equivalent_v1,unknown,pixel,3,15,20,1654.4398256692953,81,89,45.20867451004577,81,,ok
DN50-235-25-6(2),1,annotation_mask,annotation,reference,external-data/DN50-235-25-6(2)_mask.png,26158010911e4857cbb5605c765e186f4f05e7d62b2dcff5cd35f9038e6d54e6,grid_equivalent_v1,unknown,pixel,3,20,5,1654.4398256692953,110,89,45.455987846063024,107,zero_length_angle_vector,ok
DN50-235-25-6(2),1,annotation_mask,annotation,reference,external-data/DN50-235-25-6(2)_mask.png,26158010911e4857cbb5605c765e186f4f05e7d62b2dcff5cd35f9038e6d54e6,grid_equivalent_v1,unknown,pixel,3,20,10,1654.4398256692953,99,89,45.54769343005359,99,,ok
DN50-235-25-6(2),1,annotation_mask,annotation,reference,external-data/DN50-235-25-6(2)_mask.png,26158010911e4857cbb5605c765e186f4f05e7d62b2dcff5cd35f9038e6d54e6,grid_equivalent_v1,unknown,pixel,3,20,20,1654.4398256692953,79,89,44.6761412288321,79,,ok
DN50-235-25-6(2),1,annotation_mask,annotation,reference,external-data/DN50-235-25-6(2)_mask.png,26158010911e4857cbb5605c765e186f4f05e7d62b2dcff5cd35f9038e6d54e6,grid_equivalent_v1,unknown,pixel,5,5,5,1654.4398256692953,125,98,47.74472509739015,124,zero_length_angle_vector,ok
DN50-235-25-6(2),1,annotation_mask,annotation,reference,external-data/DN50-235-25-6(2)_mask.png,26158010911e4857cbb5605c765e186f4f05e7d62b2dcff5cd35f9038e6d54e6,grid_equivalent_v1,unknown,pixel,5,5,10,1654.4398256692953,107,98,48.31868861200046,107,,ok
DN50-235-25-6(2),1,annotation_mask,annotation,reference,external-data/DN50-235-25-6(2)_mask.png,26158010911e4857cbb5605c765e186f4f05e7d62b2dcff5cd35f9038e6d54e6,grid_equivalent_v1,unknown,pixel,5,5,20,1654.4398256692953,87,98,48.73963778424968,87,,ok
DN50-235-25-6(2),1,annotation_mask,annotation,reference,external-data/DN50-235-25-6(2)_mask.png,26158010911e4857cbb5605c765e186f4f05e7d62b2dcff5cd35f9038e6d54e6,grid_equivalent_v1,unknown,pixel,5,10,5,1654.4398256692953,122,98,47.737181415030484,121,zero_length_angle_vector,ok
DN50-235-25-6(2),1,annotation_mask,annotation,reference,external-data/DN50-235-25-6(2)_mask.png,26158010911e4857cbb5605c765e186f4f05e7d62b2dcff5cd35f9038e6d54e6,grid_equivalent_v1,unknown,pixel,5,10,10,1654.4398256692953,107,98,48.671231457014244,107,,ok
DN50-235-25-6(2),1,annotation_mask,annotation,reference,external-data/DN50-235-25-6(2)_mask.png,26158010911e4857cbb5605c765e186f4f05e7d62b2dcff5cd35f9038e6d54e6,grid_equivalent_v1,unknown,pixel,5,10,20,1654.4398256692953,86,98,49.22845935145726,86,,ok
DN50-235-25-6(2),1,annotation_mask,annotation,reference,external-data/DN50-235-25-6(2)_mask.png,26158010911e4857cbb5605c765e186f4f05e7d62b2dcff5cd35f9038e6d54e6,grid_equivalent_v1,unknown,pixel,5,15,5,1654.4398256692953,121,97,47.307072164188575,120,zero_length_angle_vector,ok
DN50-235-25-6(2),1,annotation_mask,annotation,reference,external-data/DN50-235-25-6(2)_mask.png,26158010911e4857cbb5605c765e186f4f05e7d62b2dcff5cd35f9038e6d54e6,grid_equivalent_v1,unknown,pixel,5,15,10,1654.4398256692953,104,97,48.376302759478975,104,,ok
DN50-235-25-6(2),1,annotation_mask,annotation,reference,external-data/DN50-235-25-6(2)_mask.png,26158010911e4857cbb5605c765e186f4f05e7d62b2dcff5cd35f9038e6d54e6,grid_equivalent_v1,unknown,pixel,5,15,20,1654.4398256692953,84,97,47.62697970311259,84,,ok
DN50-235-25-6(2),1,annotation_mask,annotation,reference,external-data/DN50-235-25-6(2)_mask.png,26158010911e4857cbb5605c765e186f4f05e7d62b2dcff5cd35f9038e6d54e6,grid_equivalent_v1,unknown,pixel,5,20,5,1654.4398256692953,119,97,47.42516125503588,117,zero_length_angle_vector,ok
DN50-235-25-6(2),1,annotation_mask,annotation,reference,external-data/DN50-235-25-6(2)_mask.png,26158010911e4857cbb5605c765e186f4f05e7d62b2dcff5cd35f9038e6d54e6,grid_equivalent_v1,unknown,pixel,5,20,10,1654.4398256692953,103,97,48.35307457787413,103,,ok
DN50-235-25-6(2),1,annotation_mask,annotation,reference,external-data/DN50-235-25-6(2)_mask.png,26158010911e4857cbb5605c765e186f4f05e7d62b2dcff5cd35f9038e6d54e6,grid_equivalent_v1,unknown,pixel,5,20,20,1654.4398256692953,84,97,47.53123096223753,84,,ok
DN50-235-25-6(2),1,annotation_mask,annotation,reference,external-data/DN50-235-25-6(2)_mask.png,26158010911e4857cbb5605c765e186f4f05e7d62b2dcff5cd35f9038e6d54e6,grid_equivalent_v1,unknown,pixel,7,5,5,1654.4398256692953,117,92,47.94711564398232,116,zero_length_angle_vector,ok
DN50-235-25-6(2),1,annotation_mask,annotation,reference,external-data/DN50-235-25-6(2)_mask.png,26158010911e4857cbb5605c765e186f4f05e7d62b2dcff5cd35f9038e6d54e6,grid_equivalent_v1,unknown,pixel,7,5,10,1654.4398256692953,101,92,48.4909068046172,101,,ok
DN50-235-25-6(2),1,annotation_mask,annotation,reference,external-data/DN50-235-25-6(2)_mask.png,26158010911e4857cbb5605c765e186f4f05e7d62b2dcff5cd35f9038e6d54e6,grid_equivalent_v1,unknown,pixel,7,5,20,1654.4398256692953,79,92,51.23415445488162,79,,ok
DN50-235-25-6(2),1,annotation_mask,annotation,reference,external-data/DN50-235-25-6(2)_mask.png,26158010911e4857cbb5605c765e186f4f05e7d62b2dcff5cd35f9038e6d54e6,grid_equivalent_v1,unknown,pixel,7,10,5,1654.4398256692953,111,91,47.82617530821349,111,,ok
DN50-235-25-6(2),1,annotation_mask,annotation,reference,external-data/DN50-235-25-6(2)_mask.png,26158010911e4857cbb5605c765e186f4f05e7d62b2dcff5cd35f9038e6d54e6,grid_equivalent_v1,unknown,pixel,7,10,10,1654.4398256692953,101,91,48.54104162494423,101,,ok
DN50-235-25-6(2),1,annotation_mask,annotation,reference,external-data/DN50-235-25-6(2)_mask.png,26158010911e4857cbb5605c765e186f4f05e7d62b2dcff5cd35f9038e6d54e6,grid_equivalent_v1,unknown,pixel,7,10,20,1654.4398256692953,77,91,51.51490176063185,77,,ok
DN50-235-25-6(2),1,annotation_mask,annotation,reference,external-data/DN50-235-25-6(2)_mask.png,26158010911e4857cbb5605c765e186f4f05e7d62b2dcff5cd35f9038e6d54e6,grid_equivalent_v1,unknown,pixel,7,15,5,1654.4398256692953,109,89,48.785428934583116,109,,ok
DN50-235-25-6(2),1,annotation_mask,annotation,reference,external-data/DN50-235-25-6(2)_mask.png,26158010911e4857cbb5605c765e186f4f05e7d62b2dcff5cd35f9038e6d54e6,grid_equivalent_v1,unknown,pixel,7,15,10,1654.4398256692953,98,89,49.60479855253862,98,,ok
DN50-235-25-6(2),1,annotation_mask,annotation,reference,external-data/DN50-235-25-6(2)_mask.png,26158010911e4857cbb5605c765e186f4f05e7d62b2dcff5cd35f9038e6d54e6,grid_equivalent_v1,unknown,pixel,7,15,20,1654.4398256692953,76,89,51.35252903454259,76,,ok
DN50-235-25-6(2),1,annotation_mask,annotation,reference,external-data/DN50-235-25-6(2)_mask.png,26158010911e4857cbb5605c765e186f4f05e7d62b2dcff5cd35f9038e6d54e6,grid_equivalent_v1,unknown,pixel,7,20,5,1654.4398256692953,108,89,48.865542105881076,107,zero_length_angle_vector,ok
DN50-235-25-6(2),1,annotation_mask,annotation,reference,external-data/DN50-235-25-6(2)_mask.png,26158010911e4857cbb5605c765e186f4f05e7d62b2dcff5cd35f9038e6d54e6,grid_equivalent_v1,unknown,pixel,7,20,10,1654.4398256692953,96,89,49.60726699514468,96,,ok
DN50-235-25-6(2),1,annotation_mask,annotation,reference,external-data/DN50-235-25-6(2)_mask.png,26158010911e4857cbb5605c765e186f4f05e7d62b2dcff5cd35f9038e6d54e6,grid_equivalent_v1,unknown,pixel,7,20,20,1654.4398256692953,76,89,51.35252903454259,76,,ok
DN50-235-25-6(3),1,annotation_mask,annotation,reference,external-data/DN50-235-25-6(3)_mask.png,1c99a68f93f5396eb9701167417e60c3f506eddaae41784653661a85b4318891,grid_equivalent_v1,unknown,pixel,3,5,5,956.9015869776664,122,90,54.753695181703584,118,zero_length_angle_vector,ok
DN50-235-25-6(3),1,annotation_mask,annotation,reference,external-data/DN50-235-25-6(3)_mask.png,1c99a68f93f5396eb9701167417e60c3f506eddaae41784653661a85b4318891,grid_equivalent_v1,unknown,pixel,3,5,10,956.9015869776664,108,90,54.18186664580107,108,,ok
DN50-235-25-6(3),1,annotation_mask,annotation,reference,external-data/DN50-235-25-6(3)_mask.png,1c99a68f93f5396eb9701167417e60c3f506eddaae41784653661a85b4318891,grid_equivalent_v1,unknown,pixel,3,5,20,956.9015869776664,86,90,53.26122804031467,86,,ok
DN50-235-25-6(3),1,annotation_mask,annotation,reference,external-data/DN50-235-25-6(3)_mask.png,1c99a68f93f5396eb9701167417e60c3f506eddaae41784653661a85b4318891,grid_equivalent_v1,unknown,pixel,3,10,5,956.9015869776664,119,90,55.00883005390286,113,zero_length_angle_vector,ok
DN50-235-25-6(3),1,annotation_mask,annotation,reference,external-data/DN50-235-25-6(3)_mask.png,1c99a68f93f5396eb9701167417e60c3f506eddaae41784653661a85b4318891,grid_equivalent_v1,unknown,pixel,3,10,10,956.9015869776664,106,90,54.25345008907773,106,,ok
DN50-235-25-6(3),1,annotation_mask,annotation,reference,external-data/DN50-235-25-6(3)_mask.png,1c99a68f93f5396eb9701167417e60c3f506eddaae41784653661a85b4318891,grid_equivalent_v1,unknown,pixel,3,10,20,956.9015869776664,83,90,53.42205589409876,83,,ok
DN50-235-25-6(3),1,annotation_mask,annotation,reference,external-data/DN50-235-25-6(3)_mask.png,1c99a68f93f5396eb9701167417e60c3f506eddaae41784653661a85b4318891,grid_equivalent_v1,unknown,pixel,3,15,5,956.9015869776664,117,90,54.74821719242805,112,zero_length_angle_vector,ok
DN50-235-25-6(3),1,annotation_mask,annotation,reference,external-data/DN50-235-25-6(3)_mask.png,1c99a68f93f5396eb9701167417e60c3f506eddaae41784653661a85b4318891,grid_equivalent_v1,unknown,pixel,3,15,10,956.9015869776664,104,90,54.12916735501521,104,,ok
DN50-235-25-6(3),1,annotation_mask,annotation,reference,external-data/DN50-235-25-6(3)_mask.png,1c99a68f93f5396eb9701167417e60c3f506eddaae41784653661a85b4318891,grid_equivalent_v1,unknown,pixel,3,15,20,956.9015869776664,82,90,53.52753519331863,82,,ok
DN50-235-25-6(3),1,annotation_mask,annotation,reference,external-data/DN50-235-25-6(3)_mask.png,1c99a68f93f5396eb9701167417e60c3f506eddaae41784653661a85b4318891,grid_equivalent_v1,unknown,pixel,3,20,5,956.9015869776664,115,89,55.09971093989706,110,zero_length_angle_vector,ok
DN50-235-25-6(3),1,annotation_mask,annotation,reference,external-data/DN50-235-25-6(3)_mask.png,1c99a68f93f5396eb9701167417e60c3f506eddaae41784653661a85b4318891,grid_equivalent_v1,unknown,pixel,3,20,10,956.9015869776664,101,89,54.50838040739369,101,,ok
DN50-235-25-6(3),1,annotation_mask,annotation,reference,external-data/DN50-235-25-6(3)_mask.png,1c99a68f93f5396eb9701167417e60c3f506eddaae41784653661a85b4318891,grid_equivalent_v1,unknown,pixel,3,20,20,956.9015869776664,82,89,53.96872851511303,82,,ok
DN50-235-25-6(3),1,annotation_mask,annotation,reference,external-data/DN50-235-25-6(3)_mask.png,1c99a68f93f5396eb9701167417e60c3f506eddaae41784653661a85b4318891,grid_equivalent_v1,unknown,pixel,5,5,5,956.9015869776664,125,92,55.3678093956248,121,zero_length_angle_vector,ok
DN50-235-25-6(3),1,annotation_mask,annotation,reference,external-data/DN50-235-25-6(3)_mask.png,1c99a68f93f5396eb9701167417e60c3f506eddaae41784653661a85b4318891,grid_equivalent_v1,unknown,pixel,5,5,10,956.9015869776664,116,92,55.45082553323864,116,,ok
DN50-235-25-6(3),1,annotation_mask,annotation,reference,external-data/DN50-235-25-6(3)_mask.png,1c99a68f93f5396eb9701167417e60c3f506eddaae41784653661a85b4318891,grid_equivalent_v1,unknown,pixel,5,5,20,956.9015869776664,91,92,54.43089899084259,91,,ok
DN50-235-25-6(3),1,annotation_mask,annotation,reference,external-data/DN50-235-25-6(3)_mask.png,1c99a68f93f5396eb9701167417e60c3f506eddaae41784653661a85b4318891,grid_equivalent_v1,unknown,pixel,5,10,5,956.9015869776664,122,90,55.765643611386416,116,zero_length_angle_vector,ok
DN50-235-25-6(3),1,annotation_mask,annotation,reference,external-data/DN50-235-25-6(3)_mask.png,1c99a68f93f5396eb9701167417e60c3f506eddaae41784653661a85b4318891,grid_equivalent_v1,unknown,pixel,5,10,10,956.9015869776664,110,90,55.893663936924376,110,,ok
DN50-235-25-6(3),1,annotation_mask,annotation,reference,external-data/DN50-235-25-6(3)_mask.png,1c99a68f93f5396eb9701167417e60c3f506eddaae41784653661a85b4318891,grid_equivalent_v1,unknown,pixel,5,10,20,956.9015869776664,87,90,54.79390762274945,87,,ok
DN50-235-25-6(3),1,annotation_mask,annotation,reference,external-data/DN50-235-25-6(3)_mask.png,1c99a68f93f5396eb9701167417e60c3f506eddaae41784653661a85b4318891,grid_equivalent_v1,unknown,pixel,5,15,5,956.9015869776664,118,90,55.87487185001314,114,zero_length_angle_vector,ok
DN50-235-25-6(3),1,annotation_mask,annotation,reference,external-data/DN50-235-25-6(3)_mask.png,1c99a68f93f5396eb9701167417e60c3f506eddaae41784653661a85b4318891,grid_equivalent_v1,unknown,pixel,5,15,10,956.9015869776664,110,90,55.84661373210531,110,,ok
DN50-235-25-6(3),1,annotation_mask,annotation,reference,external-data/DN50-235-25-6(3)_mask.png,1c99a68f93f5396eb9701167417e60c3f506eddaae41784653661a85b4318891,grid_equivalent_v1,unknown,pixel,5,15,20,956.9015869776664,86,90,54.737302902814285,86,,ok
DN50-235-25-6(3),1,annotation_mask,annotation,reference,external-data/DN50-235-25-6(3)_mask.png,1c99a68f93f5396eb9701167417e60c3f506eddaae41784653661a85b4318891,grid_equivalent_v1,unknown,pixel,5,20,5,956.9015869776664,118,90,55.79339221486615,113,zero_length_angle_vector,ok
DN50-235-25-6(3),1,annotation_mask,annotation,reference,external-data/DN50-235-25-6(3)_mask.png,1c99a68f93f5396eb9701167417e60c3f506eddaae41784653661a85b4318891,grid_equivalent_v1,unknown,pixel,5,20,10,956.9015869776664,107,90,56.006954396516456,107,,ok
DN50-235-25-6(3),1,annotation_mask,annotation,reference,external-data/DN50-235-25-6(3)_mask.png,1c99a68f93f5396eb9701167417e60c3f506eddaae41784653661a85b4318891,grid_equivalent_v1,unknown,pixel,5,20,20,956.9015869776664,85,90,55.356557749616115,85,,ok
DN50-235-25-6(3),1,annotation_mask,annotation,reference,external-data/DN50-235-25-6(3)_mask.png,1c99a68f93f5396eb9701167417e60c3f506eddaae41784653661a85b4318891,grid_equivalent_v1,unknown,pixel,7,5,5,956.9015869776664,115,83,55.450682064340434,113,zero_length_angle_vector,ok
DN50-235-25-6(3),1,annotation_mask,annotation,reference,external-data/DN50-235-25-6(3)_mask.png,1c99a68f93f5396eb9701167417e60c3f506eddaae41784653661a85b4318891,grid_equivalent_v1,unknown,pixel,7,5,10,956.9015869776664,109,83,55.53652530971852,109,,ok
DN50-235-25-6(3),1,annotation_mask,annotation,reference,external-data/DN50-235-25-6(3)_mask.png,1c99a68f93f5396eb9701167417e60c3f506eddaae41784653661a85b4318891,grid_equivalent_v1,unknown,pixel,7,5,20,956.9015869776664,93,83,55.55347394832675,93,,ok
DN50-235-25-6(3),1,annotation_mask,annotation,reference,external-data/DN50-235-25-6(3)_mask.png,1c99a68f93f5396eb9701167417e60c3f506eddaae41784653661a85b4318891,grid_equivalent_v1,unknown,pixel,7,10,5,956.9015869776664,111,81,55.258377536062774,107,zero_length_angle_vector,ok
DN50-235-25-6(3),1,annotation_mask,annotation,reference,external-data/DN50-235-25-6(3)_mask.png,1c99a68f93f5396eb9701167417e60c3f506eddaae41784653661a85b4318891,grid_equivalent_v1,unknown,pixel,7,10,10,956.9015869776664,104,81,54.986880102600885,104,,ok
DN50-235-25-6(3),1,annotation_mask,annotation,reference,external-data/DN50-235-25-6(3)_mask.png,1c99a68f93f5396eb9701167417e60c3f506eddaae41784653661a85b4318891,grid_equivalent_v1,unknown,pixel,7,10,20,956.9015869776664,88,81,55.41365286599503,88,,ok
DN50-235-25-6(3),1,annotation_mask,annotation,reference,external-data/DN50-235-25-6(3)_mask.png,1c99a68f93f5396eb9701167417e60c3f506eddaae41784653661a85b4318891,grid_equivalent_v1,unknown,pixel,7,15,5,956.9015869776664,108,81,55.20167702365108,107,zero_length_angle_vector,ok
DN50-235-25-6(3),1,annotation_mask,annotation,reference,external-data/DN50-235-25-6(3)_mask.png,1c99a68f93f5396eb9701167417e60c3f506eddaae41784653661a85b4318891,grid_equivalent_v1,unknown,pixel,7,15,10,956.9015869776664,103,81,54.941658828324485,103,,ok
DN50-235-25-6(3),1,annotation_mask,annotation,reference,external-data/DN50-235-25-6(3)_mask.png,1c99a68f93f5396eb9701167417e60c3f506eddaae41784653661a85b4318891,grid_equivalent_v1,unknown,pixel,7,15,20,956.9015869776664,86,81,55.44404137440021,86,,ok
DN50-235-25-6(3),1,annotation_mask,annotation,reference,external-data/DN50-235-25-6(3)_mask.png,1c99a68f93f5396eb9701167417e60c3f506eddaae41784653661a85b4318891,grid_equivalent_v1,unknown,pixel,7,20,5,956.9015869776664,107,81,55.272118451807366,106,zero_length_angle_vector,ok
DN50-235-25-6(3),1,annotation_mask,annotation,reference,external-data/DN50-235-25-6(3)_mask.png,1c99a68f93f5396eb9701167417e60c3f506eddaae41784653661a85b4318891,grid_equivalent_v1,unknown,pixel,7,20,10,956.9015869776664,100,81,55.324104801113506,100,,ok
DN50-235-25-6(3),1,annotation_mask,annotation,reference,external-data/DN50-235-25-6(3)_mask.png,1c99a68f93f5396eb9701167417e60c3f506eddaae41784653661a85b4318891,grid_equivalent_v1,unknown,pixel,7,20,20,956.9015869776664,85,81,56.07161079145598,85,,ok
DN50-235-25-7(1),0,annotation_mask,annotation,reference,external-data/DN50-235-25-7(1)_mask.png,1d15d42a8683193e72d4801bf8661ed463c57674766c0904ac6147226c6fad64,grid_equivalent_v1,unknown,pixel,3,5,5,835.1076477383253,98,72,51.777815896053966,97,zero_length_angle_vector,ok
DN50-235-25-7(1),0,annotation_mask,annotation,reference,external-data/DN50-235-25-7(1)_mask.png,1d15d42a8683193e72d4801bf8661ed463c57674766c0904ac6147226c6fad64,grid_equivalent_v1,unknown,pixel,3,5,10,835.1076477383253,88,72,52.14556645988329,88,,ok
DN50-235-25-7(1),0,annotation_mask,annotation,reference,external-data/DN50-235-25-7(1)_mask.png,1d15d42a8683193e72d4801bf8661ed463c57674766c0904ac6147226c6fad64,grid_equivalent_v1,unknown,pixel,3,5,20,835.1076477383253,74,72,52.32183069862176,74,,ok
DN50-235-25-7(1),0,annotation_mask,annotation,reference,external-data/DN50-235-25-7(1)_mask.png,1d15d42a8683193e72d4801bf8661ed463c57674766c0904ac6147226c6fad64,grid_equivalent_v1,unknown,pixel,3,10,5,835.1076477383253,98,72,52.057906498171654,97,zero_length_angle_vector,ok
DN50-235-25-7(1),0,annotation_mask,annotation,reference,external-data/DN50-235-25-7(1)_mask.png,1d15d42a8683193e72d4801bf8661ed463c57674766c0904ac6147226c6fad64,grid_equivalent_v1,unknown,pixel,3,10,10,835.1076477383253,87,72,52.13150527681805,87,,ok
DN50-235-25-7(1),0,annotation_mask,annotation,reference,external-data/DN50-235-25-7(1)_mask.png,1d15d42a8683193e72d4801bf8661ed463c57674766c0904ac6147226c6fad64,grid_equivalent_v1,unknown,pixel,3,10,20,835.1076477383253,73,72,52.399199999561844,73,,ok
DN50-235-25-7(1),0,annotation_mask,annotation,reference,external-data/DN50-235-25-7(1)_mask.png,1d15d42a8683193e72d4801bf8661ed463c57674766c0904ac6147226c6fad64,grid_equivalent_v1,unknown,pixel,3,15,5,835.1076477383253,97,72,51.70637333105797,96,zero_length_angle_vector,ok
DN50-235-25-7(1),0,annotation_mask,annotation,reference,external-data/DN50-235-25-7(1)_mask.png,1d15d42a8683193e72d4801bf8661ed463c57674766c0904ac6147226c6fad64,grid_equivalent_v1,unknown,pixel,3,15,10,835.1076477383253,85,72,52.493823009651884,85,,ok
DN50-235-25-7(1),0,annotation_mask,annotation,reference,external-data/DN50-235-25-7(1)_mask.png,1d15d42a8683193e72d4801bf8661ed463c57674766c0904ac6147226c6fad64,grid_equivalent_v1,unknown,pixel,3,15,20,835.1076477383253,73,72,51.99219496491077,73,,ok
DN50-235-25-7(1),0,annotation_mask,annotation,reference,external-data/DN50-235-25-7(1)_mask.png,1d15d42a8683193e72d4801bf8661ed463c57674766c0904ac6147226c6fad64,grid_equivalent_v1,unknown,pixel,3,20,5,835.1076477383253,95,72,52.17066616458889,94,zero_length_angle_vector,ok
DN50-235-25-7(1),0,annotation_mask,annotation,reference,external-data/DN50-235-25-7(1)_mask.png,1d15d42a8683193e72d4801bf8661ed463c57674766c0904ac6147226c6fad64,grid_equivalent_v1,unknown,pixel,3,20,10,835.1076477383253,84,72,52.14767054790297,84,,ok
DN50-235-25-7(1),0,annotation_mask,annotation,reference,external-data/DN50-235-25-7(1)_mask.png,1d15d42a8683193e72d4801bf8661ed463c57674766c0904ac6147226c6fad64,grid_equivalent_v1,unknown,pixel,3,20,20,835.1076477383253,72,72,51.5406554529255,72,,ok
DN50-235-25-7(1),0,annotation_mask,annotation,reference,external-data/DN50-235-25-7(1)_mask.png,1d15d42a8683193e72d4801bf8661ed463c57674766c0904ac6147226c6fad64,grid_equivalent_v1,unknown,pixel,5,5,5,835.1076477383253,96,71,53.09544590967023,93,zero_length_angle_vector,ok
DN50-235-25-7(1),0,annotation_mask,annotation,reference,external-data/DN50-235-25-7(1)_mask.png,1d15d42a8683193e72d4801bf8661ed463c57674766c0904ac6147226c6fad64,grid_equivalent_v1,unknown,pixel,5,5,10,835.1076477383253,87,71,53.48850634050787,87,,ok
DN50-235-25-7(1),0,annotation_mask,annotation,reference,external-data/DN50-235-25-7(1)_mask.png,1d15d42a8683193e72d4801bf8661ed463c57674766c0904ac6147226c6fad64,grid_equivalent_v1,unknown,pixel,5,5,20,835.1076477383253,73,71,53.39056868696137,73,,ok
DN50-235-25-7(1),0,annotation_mask,annotation,reference,external-data/DN50-235-25-7(1)_mask.png,1d15d42a8683193e72d4801bf8661ed463c57674766c0904ac6147226c6fad64,grid_equivalent_v1,unknown,pixel,5,10,5,835.1076477383253,95,71,52.85878536672895,92,zero_length_angle_vector,ok
DN50-235-25-7(1),0,annotation_mask,annotation,reference,external-data/DN50-235-25-7(1)_mask.png,1d15d42a8683193e72d4801bf8661ed463c57674766c0904ac6147226c6fad64,grid_equivalent_v1,unknown,pixel,5,10,10,835.1076477383253,86,71,54.09354066519756,86,,ok
DN50-235-25-7(1),0,annotation_mask,annotation,reference,external-data/DN50-235-25-7(1)_mask.png,1d15d42a8683193e72d4801bf8661ed463c57674766c0904ac6147226c6fad64,grid_equivalent_v1,unknown,pixel,5,10,20,835.1076477383253,72,71,53.192780837692766,72,,ok
DN50-235-25-7(1),0,annotation_mask,annotation,reference,external-data/DN50-235-25-7(1)_mask.png,1d15d42a8683193e72d4801bf8661ed463c57674766c0904ac6147226c6fad64,grid_equivalent_v1,unknown,pixel,5,15,5,835.1076477383253,94,71,53.20505336591073,91,zero_length_angle_vector,ok
DN50-235-25-7(1),0,annotation_mask,annotation,reference,external-data/DN50-235-25-7(1)_mask.png,1d15d42a8683193e72d4801bf8661ed463c57674766c0904ac6147226c6fad64,grid_equivalent_v1,unknown,pixel,5,15,10,835.1076477383253,86,71,53.845303485648856,86,,ok
DN50-235-25-7(1),0,annotation_mask,annotation,reference,external-data/DN50-235-25-7(1)_mask.png,1d15d42a8683193e72d4801bf8661ed463c57674766c0904ac6147226c6fad64,grid_equivalent_v1,unknown,pixel,5,15,20,835.1076477383253,72,71,52.92038232585584,72,,ok
DN50-235-25-7(1),0,annotation_mask,annotation,reference,external-data/DN50-235-25-7(1)_mask.png,1d15d42a8683193e72d4801bf8661ed463c57674766c0904ac6147226c6fad64,grid_equivalent_v1,unknown,pixel,5,20,5,835.1076477383253,94,71,52.980604338260434,91,zero_length_angle_vector,ok
DN50-235-25-7(1),0,annotation_mask,annotation,reference,external-data/DN50-235-25-7(1)_mask.png,1d15d42a8683193e72d4801bf8661ed463c57674766c0904ac6147226c6fad64,grid_equivalent_v1,unknown,pixel,5,20,10,835.1076477383253,85,71,53.492191640314154,85,,ok
DN50-235-25-7(1),0,annotation_mask,annotation,reference,external-data/DN50-235-25-7(1)_mask.png,1d15d42a8683193e72d4801bf8661ed463c57674766c0904ac6147226c6fad64,grid_equivalent_v1,unknown,pixel,5,20,20,835.1076477383253,71,71,53.29488063143201,71,,ok
DN50-235-25-7(1),0,annotation_mask,annotation,reference,external-data/DN50-235-25-7(1)_mask.png,1d15d42a8683193e72d4801bf8661ed463c57674766c0904ac6147226c6fad64,grid_equivalent_v1,unknown,pixel,7,5,5,835.1076477383253,101,73,50.27507171457935,98,zero_length_angle_vector,ok
DN50-235-25-7(1),0,annotation_mask,annotation,reference,external-data/DN50-235-25-7(1)_mask.png,1d15d42a8683193e72d4801bf8661ed463c57674766c0904ac6147226c6fad64,grid_equivalent_v1,unknown,pixel,7,5,10,835.1076477383253,90,73,51.34911874585449,90,,ok
DN50-235-25-7(1),0,annotation_mask,annotation,reference,external-data/DN50-235-25-7(1)_mask.png,1d15d42a8683193e72d4801bf8661ed463c57674766c0904ac6147226c6fad64,grid_equivalent_v1,unknown,pixel,7,5,20,835.1076477383253,75,73,53.96995115809152,75,,ok
DN50-235-25-7(1),0,annotation_mask,annotation,reference,external-data/DN50-235-25-7(1)_mask.png,1d15d42a8683193e72d4801bf8661ed463c57674766c0904ac6147226c6fad64,grid_equivalent_v1,unknown,pixel,7,10,5,835.1076477383253,100,73,50.25150091279926,97,zero_length_angle_vector,ok
DN50-235-25-7(1),0,annotation_mask,annotation,reference,external-data/DN50-235-25-7(1)_mask.png,1d15d42a8683193e72d4801bf8661ed463c57674766c0904ac6147226c6fad64,grid_equivalent_v1,unknown,pixel,7,10,10,835.1076477383253,90,73,51.50400757737448,90,,ok
DN50-235-25-7(1),0,annotation_mask,annotation,reference,external-data/DN50-235-25-7(1)_mask.png,1d15d42a8683193e72d4801bf8661ed463c57674766c0904ac6147226c6fad64,grid_equivalent_v1,unknown,pixel,7,10,20,835.1076477383253,75,73,54.15581775591551,75,,ok
DN50-235-25-7(1),0,annotation_mask,annotation,reference,external-data/DN50-235-25-7(1)_mask.png,1d15d42a8683193e72d4801bf8661ed463c57674766c0904ac6147226c6fad64,grid_equivalent_v1,unknown,pixel,7,15,5,835.1076477383253,100,73,50.28105494934404,97,zero_length_angle_vector,ok
DN50-235-25-7(1),0,annotation_mask,annotation,reference,external-data/DN50-235-25-7(1)_mask.png,1d15d42a8683193e72d4801bf8661ed463c57674766c0904ac6147226c6fad64,grid_equivalent_v1,unknown,pixel,7,15,10,835.1076477383253,90,73,51.535860261206075,90,,ok
DN50-235-25-7(1),0,annotation_mask,annotation,reference,external-data/DN50-235-25-7(1)_mask.png,1d15d42a8683193e72d4801bf8661ed463c57674766c0904ac6147226c6fad64,grid_equivalent_v1,unknown,pixel,7,15,20,835.1076477383253,75,73,54.19404097651342,75,,ok
DN50-235-25-7(1),0,annotation_mask,annotation,reference,external-data/DN50-235-25-7(1)_mask.png,1d15d42a8683193e72d4801bf8661ed463c57674766c0904ac6147226c6fad64,grid_equivalent_v1,unknown,pixel,7,20,5,835.1076477383253,100,73,50.154304854890206,97,zero_length_angle_vector,ok
DN50-235-25-7(1),0,annotation_mask,annotation,reference,external-data/DN50-235-25-7(1)_mask.png,1d15d42a8683193e72d4801bf8661ed463c57674766c0904ac6147226c6fad64,grid_equivalent_v1,unknown,pixel,7,20,10,835.1076477383253,90,73,51.39925182607251,90,,ok
DN50-235-25-7(1),0,annotation_mask,annotation,reference,external-data/DN50-235-25-7(1)_mask.png,1d15d42a8683193e72d4801bf8661ed463c57674766c0904ac6147226c6fad64,grid_equivalent_v1,unknown,pixel,7,20,20,835.1076477383253,75,73,54.03011085435313,75,,ok
W82-447-1-13-3(1),3,annotation_mask,annotation,reference,external-data/W82-447-1-13-3(1)_mask.png,e400970fc4f5749000b5101345fe28f7835a0cd40cd105ff701d3d5565a3fd20,grid_equivalent_v1,unknown,pixel,3,5,5,2963.730373039836,80,48,44.70295573087556,75,zero_length_angle_vector,ok
W82-447-1-13-3(1),3,annotation_mask,annotation,reference,external-data/W82-447-1-13-3(1)_mask.png,e400970fc4f5749000b5101345fe28f7835a0cd40cd105ff701d3d5565a3fd20,grid_equivalent_v1,unknown,pixel,3,5,10,2963.730373039836,71,48,43.93790954171141,71,,ok
W82-447-1-13-3(1),3,annotation_mask,annotation,reference,external-data/W82-447-1-13-3(1)_mask.png,e400970fc4f5749000b5101345fe28f7835a0cd40cd105ff701d3d5565a3fd20,grid_equivalent_v1,unknown,pixel,3,5,20,2963.730373039836,66,48,43.302013991470744,66,,ok
W82-447-1-13-3(1),3,annotation_mask,annotation,reference,external-data/W82-447-1-13-3(1)_mask.png,e400970fc4f5749000b5101345fe28f7835a0cd40cd105ff701d3d5565a3fd20,grid_equivalent_v1,unknown,pixel,3,10,5,2963.730373039836,79,48,45.35740464940656,75,zero_length_angle_vector,ok
W82-447-1-13-3(1),3,annotation_mask,annotation,reference,external-data/W82-447-1-13-3(1)_mask.png,e400970fc4f5749000b5101345fe28f7835a0cd40cd105ff701d3d5565a3fd20,grid_equivalent_v1,unknown,pixel,3,10,10,2963.730373039836,71,48,44.6292288218498,71,,ok
W82-447-1-13-3(1),3,annotation_mask,annotation,reference,external-data/W82-447-1-13-3(1)_mask.png,e400970fc4f5749000b5101345fe28f7835a0cd40cd105ff701d3d5565a3fd20,grid_equivalent_v1,unknown,pixel,3,10,20,2963.730373039836,66,48,44.04570594434688,66,,ok
W82-447-1-13-3(1),3,annotation_mask,annotation,reference,external-data/W82-447-1-13-3(1)_mask.png,e400970fc4f5749000b5101345fe28f7835a0cd40cd105ff701d3d5565a3fd20,grid_equivalent_v1,unknown,pixel,3,15,5,2963.730373039836,79,48,45.17675595625222,75,zero_length_angle_vector,ok
W82-447-1-13-3(1),3,annotation_mask,annotation,reference,external-data/W82-447-1-13-3(1)_mask.png,e400970fc4f5749000b5101345fe28f7835a0cd40cd105ff701d3d5565a3fd20,grid_equivalent_v1,unknown,pixel,3,15,10,2963.730373039836,71,48,44.438402737531845,71,,ok
W82-447-1-13-3(1),3,annotation_mask,annotation,reference,external-data/W82-447-1-13-3(1)_mask.png,e400970fc4f5749000b5101345fe28f7835a0cd40cd105ff701d3d5565a3fd20,grid_equivalent_v1,unknown,pixel,3,15,20,2963.730373039836,63,48,43.53417852904881,63,,ok
W82-447-1-13-3(1),3,annotation_mask,annotation,reference,external-data/W82-447-1-13-3(1)_mask.png,e400970fc4f5749000b5101345fe28f7835a0cd40cd105ff701d3d5565a3fd20,grid_equivalent_v1,unknown,pixel,3,20,5,2963.730373039836,79,48,44.953140941120076,75,zero_length_angle_vector,ok
W82-447-1-13-3(1),3,annotation_mask,annotation,reference,external-data/W82-447-1-13-3(1)_mask.png,e400970fc4f5749000b5101345fe28f7835a0cd40cd105ff701d3d5565a3fd20,grid_equivalent_v1,unknown,pixel,3,20,10,2963.730373039836,71,48,44.20218969337816,71,,ok
W82-447-1-13-3(1),3,annotation_mask,annotation,reference,external-data/W82-447-1-13-3(1)_mask.png,e400970fc4f5749000b5101345fe28f7835a0cd40cd105ff701d3d5565a3fd20,grid_equivalent_v1,unknown,pixel,3,20,20,2963.730373039836,63,48,43.12859068410532,63,,ok
W82-447-1-13-3(1),3,annotation_mask,annotation,reference,external-data/W82-447-1-13-3(1)_mask.png,e400970fc4f5749000b5101345fe28f7835a0cd40cd105ff701d3d5565a3fd20,grid_equivalent_v1,unknown,pixel,5,5,5,2963.730373039836,77,50,44.402749667095854,77,,ok
W82-447-1-13-3(1),3,annotation_mask,annotation,reference,external-data/W82-447-1-13-3(1)_mask.png,e400970fc4f5749000b5101345fe28f7835a0cd40cd105ff701d3d5565a3fd20,grid_equivalent_v1,unknown,pixel,5,5,10,2963.730373039836,76,50,44.63745622617505,76,,ok
W82-447-1-13-3(1),3,annotation_mask,annotation,reference,external-data/W82-447-1-13-3(1)_mask.png,e400970fc4f5749000b5101345fe28f7835a0cd40cd105ff701d3d5565a3fd20,grid_equivalent_v1,unknown,pixel,5,5,20,2963.730373039836,73,50,44.156229566968726,73,,ok
W82-447-1-13-3(1),3,annotation_mask,annotation,reference,external-data/W82-447-1-13-3(1)_mask.png,e400970fc4f5749000b5101345fe28f7835a0cd40cd105ff701d3d5565a3fd20,grid_equivalent_v1,unknown,pixel,5,10,5,2963.730373039836,77,50,45.21056277340087,77,,ok
W82-447-1-13-3(1),3,annotation_mask,annotation,reference,external-data/W82-447-1-13-3(1)_mask.png,e400970fc4f5749000b5101345fe28f7835a0cd40cd105ff701d3d5565a3fd20,grid_equivalent_v1,unknown,pixel,5,10,10,2963.730373039836,76,50,45.455898452299856,76,,ok
W82-447-1-13-3(1),3,annotation_mask,annotation,reference,external-data/W82-447-1-13-3(1)_mask.png,e400970fc4f5749000b5101345fe28f7835a0cd40cd105ff701d3d5565a3fd20,grid_equivalent_v1,unknown,pixel,5,10,20,2963.730373039836,72,50,44.838759006112106,72,,ok
W82-447-1-13-3(1),3,annotation_mask,annotation,reference,external-data/W82-447-1-13-3(1)_mask.png,e400970fc4f5749000b5101345fe28f7835a0cd40cd105ff701d3d5565a3fd20,grid_equivalent_v1,unknown,pixel,5,15,5,2963.730373039836,77,50,45.17271898467903,77,,ok
W82-447-1-13-3(1),3,annotation_mask,annotation,reference,external-data/W82-447-1-13-3(1)_mask.png,e400970fc4f5749000b5101345fe28f7835a0cd40cd105ff701d3d5565a3fd20,grid_equivalent_v1,unknown,pixel,5,15,10,2963.730373039836,76,50,45.41755671898957,76,,ok
W82-447-1-13-3(1),3,annotation_mask,annotation,reference,external-data/W82-447-1-13-3(1)_mask.png,e400970fc4f5749000b5101345fe28f7835a0cd40cd105ff701d3d5565a3fd20,grid_equivalent_v1,unknown,pixel,5,15,20,2963.730373039836,70,50,44.3773649397965,70,,ok
W82-447-1-13-3(1),3,annotation_mask,annotation,reference,external-data/W82-447-1-13-3(1)_mask.png,e400970fc4f5749000b5101345fe28f7835a0cd40cd105ff701d3d5565a3fd20,grid_equivalent_v1,unknown,pixel,5,20,5,2963.730373039836,77,50,44.94671303821919,77,,ok
W82-447-1-13-3(1),3,annotation_mask,annotation,reference,external-data/W82-447-1-13-3(1)_mask.png,e400970fc4f5749000b5101345fe28f7835a0cd40cd105ff701d3d5565a3fd20,grid_equivalent_v1,unknown,pixel,5,20,10,2963.730373039836,75,50,44.655951562714144,75,,ok
W82-447-1-13-3(1),3,annotation_mask,annotation,reference,external-data/W82-447-1-13-3(1)_mask.png,e400970fc4f5749000b5101345fe28f7835a0cd40cd105ff701d3d5565a3fd20,grid_equivalent_v1,unknown,pixel,5,20,20,2963.730373039836,70,50,43.95960179382663,70,,ok
W82-447-1-13-3(1),3,annotation_mask,annotation,reference,external-data/W82-447-1-13-3(1)_mask.png,e400970fc4f5749000b5101345fe28f7835a0cd40cd105ff701d3d5565a3fd20,grid_equivalent_v1,unknown,pixel,7,5,5,2963.730373039836,83,52,44.70125566835948,83,,ok
W82-447-1-13-3(1),3,annotation_mask,annotation,reference,external-data/W82-447-1-13-3(1)_mask.png,e400970fc4f5749000b5101345fe28f7835a0cd40cd105ff701d3d5565a3fd20,grid_equivalent_v1,unknown,pixel,7,5,10,2963.730373039836,79,52,44.99824577365439,79,,ok
W82-447-1-13-3(1),3,annotation_mask,annotation,reference,external-data/W82-447-1-13-3(1)_mask.png,e400970fc4f5749000b5101345fe28f7835a0cd40cd105ff701d3d5565a3fd20,grid_equivalent_v1,unknown,pixel,7,5,20,2963.730373039836,74,52,44.70130904030794,74,,ok
W82-447-1-13-3(1),3,annotation_mask,annotation,reference,external-data/W82-447-1-13-3(1)_mask.png,e400970fc4f5749000b5101345fe28f7835a0cd40cd105ff701d3d5565a3fd20,grid_equivalent_v1,unknown,pixel,7,10,5,2963.730373039836,81,52,45.07332942567881,81,,ok
W82-447-1-13-3(1),3,annotation_mask,annotation,reference,external-data/W82-447-1-13-3(1)_mask.png,e400970fc4f5749000b5101345fe28f7835a0cd40cd105ff701d3d5565a3fd20,grid_equivalent_v1,unknown,pixel,7,10,10,2963.730373039836,79,52,45.69777974183673,79,,ok
W82-447-1-13-3(1),3,annotation_mask,annotation,reference,external-data/W82-447-1-13-3(1)_mask.png,e400970fc4f5749000b5101345fe28f7835a0cd40cd105ff701d3d5565a3fd20,grid_equivalent_v1,unknown,pixel,7,10,20,2963.730373039836,73,52,45.36905174618394,73,,ok
W82-447-1-13-3(1),3,annotation_mask,annotation,reference,external-data/W82-447-1-13-3(1)_mask.png,e400970fc4f5749000b5101345fe28f7835a0cd40cd105ff701d3d5565a3fd20,grid_equivalent_v1,unknown,pixel,7,15,5,2963.730373039836,81,52,45.11484484583518,81,,ok
W82-447-1-13-3(1),3,annotation_mask,annotation,reference,external-data/W82-447-1-13-3(1)_mask.png,e400970fc4f5749000b5101345fe28f7835a0cd40cd105ff701d3d5565a3fd20,grid_equivalent_v1,unknown,pixel,7,15,10,2963.730373039836,79,52,45.7403461852882,79,,ok
W82-447-1-13-3(1),3,annotation_mask,annotation,reference,external-data/W82-447-1-13-3(1)_mask.png,e400970fc4f5749000b5101345fe28f7835a0cd40cd105ff701d3d5565a3fd20,grid_equivalent_v1,unknown,pixel,7,15,20,2963.730373039836,72,52,44.678321484010134,72,,ok
W82-447-1-13-3(1),3,annotation_mask,annotation,reference,external-data/W82-447-1-13-3(1)_mask.png,e400970fc4f5749000b5101345fe28f7835a0cd40cd105ff701d3d5565a3fd20,grid_equivalent_v1,unknown,pixel,7,20,5,2963.730373039836,81,52,44.75231313070907,80,zero_length_angle_vector,ok
W82-447-1-13-3(1),3,annotation_mask,annotation,reference,external-data/W82-447-1-13-3(1)_mask.png,e400970fc4f5749000b5101345fe28f7835a0cd40cd105ff701d3d5565a3fd20,grid_equivalent_v1,unknown,pixel,7,20,10,2963.730373039836,78,52,45.32288526226571,78,,ok
W82-447-1-13-3(1),3,annotation_mask,annotation,reference,external-data/W82-447-1-13-3(1)_mask.png,e400970fc4f5749000b5101345fe28f7835a0cd40cd105ff701d3d5565a3fd20,grid_equivalent_v1,unknown,pixel,7,20,20,2963.730373039836,71,52,45.11400563018337,71,,ok
W82-447-1-13-7(1),4,annotation_mask,annotation,reference,external-data/W82-447-1-13-7(1)_mask.png,d7caafd48ba702bb9ca2578cb356a3cab186bfab19d8fbb7f0fc5a6ba0ddb53b,grid_equivalent_v1,unknown,pixel,3,5,5,2599.841845922817,198,129,44.83435292822743,189,zero_length_angle_vector,ok
W82-447-1-13-7(1),4,annotation_mask,annotation,reference,external-data/W82-447-1-13-7(1)_mask.png,d7caafd48ba702bb9ca2578cb356a3cab186bfab19d8fbb7f0fc5a6ba0ddb53b,grid_equivalent_v1,unknown,pixel,3,5,10,2599.841845922817,176,129,44.857176854769975,176,,ok
W82-447-1-13-7(1),4,annotation_mask,annotation,reference,external-data/W82-447-1-13-7(1)_mask.png,d7caafd48ba702bb9ca2578cb356a3cab186bfab19d8fbb7f0fc5a6ba0ddb53b,grid_equivalent_v1,unknown,pixel,3,5,20,2599.841845922817,139,129,44.022186681296304,139,,ok
W82-447-1-13-7(1),4,annotation_mask,annotation,reference,external-data/W82-447-1-13-7(1)_mask.png,d7caafd48ba702bb9ca2578cb356a3cab186bfab19d8fbb7f0fc5a6ba0ddb53b,grid_equivalent_v1,unknown,pixel,3,10,5,2599.841845922817,189,129,44.90005937951462,185,zero_length_angle_vector,ok
W82-447-1-13-7(1),4,annotation_mask,annotation,reference,external-data/W82-447-1-13-7(1)_mask.png,d7caafd48ba702bb9ca2578cb356a3cab186bfab19d8fbb7f0fc5a6ba0ddb53b,grid_equivalent_v1,unknown,pixel,3,10,10,2599.841845922817,174,129,45.09840933598918,174,,ok
W82-447-1-13-7(1),4,annotation_mask,annotation,reference,external-data/W82-447-1-13-7(1)_mask.png,d7caafd48ba702bb9ca2578cb356a3cab186bfab19d8fbb7f0fc5a6ba0ddb53b,grid_equivalent_v1,unknown,pixel,3,10,20,2599.841845922817,135,129,44.1442670098511,135,,ok
W82-447-1-13-7(1),4,annotation_mask,annotation,reference,external-data/W82-447-1-13-7(1)_mask.png,d7caafd48ba702bb9ca2578cb356a3cab186bfab19d8fbb7f0fc5a6ba0ddb53b,grid_equivalent_v1,unknown,pixel,3,15,5,2599.841845922817,188,129,44.95059032887693,181,zero_length_angle_vector,ok
W82-447-1-13-7(1),4,annotation_mask,annotation,reference,external-data/W82-447-1-13-7(1)_mask.png,d7caafd48ba702bb9ca2578cb356a3cab186bfab19d8fbb7f0fc5a6ba0ddb53b,grid_equivalent_v1,unknown,pixel,3,15,10,2599.841845922817,165,129,44.45501876930517,165,,ok
W82-447-1-13-7(1),4,annotation_mask,annotation,reference,external-data/W82-447-1-13-7(1)_mask.png,d7caafd48ba702bb9ca2578cb356a3cab186bfab19d8fbb7f0fc5a6ba0ddb53b,grid_equivalent_v1,unknown,pixel,3,15,20,2599.841845922817,132,129,44.45710976210564,132,,ok
W82-447-1-13-7(1),4,annotation_mask,annotation,reference,external-data/W82-447-1-13-7(1)_mask.png,d7caafd48ba702bb9ca2578cb356a3cab186bfab19d8fbb7f0fc5a6ba0ddb53b,grid_equivalent_v1,unknown,pixel,3,20,5,2599.841845922817,179,129,44.33395372408414,175,zero_length_angle_vector,ok
W82-447-1-13-7(1),4,annotation_mask,annotation,reference,external-data/W82-447-1-13-7(1)_mask.png,d7caafd48ba702bb9ca2578cb356a3cab186bfab19d8fbb7f0fc5a6ba0ddb53b,grid_equivalent_v1,unknown,pixel,3,20,10,2599.841845922817,163,129,44.20262992693897,163,,ok
W82-447-1-13-7(1),4,annotation_mask,annotation,reference,external-data/W82-447-1-13-7(1)_mask.png,d7caafd48ba702bb9ca2578cb356a3cab186bfab19d8fbb7f0fc5a6ba0ddb53b,grid_equivalent_v1,unknown,pixel,3,20,20,2599.841845922817,129,129,44.221626760077115,129,,ok
W82-447-1-13-7(1),4,annotation_mask,annotation,reference,external-data/W82-447-1-13-7(1)_mask.png,d7caafd48ba702bb9ca2578cb356a3cab186bfab19d8fbb7f0fc5a6ba0ddb53b,grid_equivalent_v1,unknown,pixel,5,5,5,2599.841845922817,186,125,46.5025998094637,179,zero_length_angle_vector,ok
W82-447-1-13-7(1),4,annotation_mask,annotation,reference,external-data/W82-447-1-13-7(1)_mask.png,d7caafd48ba702bb9ca2578cb356a3cab186bfab19d8fbb7f0fc5a6ba0ddb53b,grid_equivalent_v1,unknown,pixel,5,5,10,2599.841845922817,172,125,46.53185790831246,172,,ok
W82-447-1-13-7(1),4,annotation_mask,annotation,reference,external-data/W82-447-1-13-7(1)_mask.png,d7caafd48ba702bb9ca2578cb356a3cab186bfab19d8fbb7f0fc5a6ba0ddb53b,grid_equivalent_v1,unknown,pixel,5,5,20,2599.841845922817,147,125,45.944595870515336,147,,ok
W82-447-1-13-7(1),4,annotation_mask,annotation,reference,external-data/W82-447-1-13-7(1)_mask.png,d7caafd48ba702bb9ca2578cb356a3cab186bfab19d8fbb7f0fc5a6ba0ddb53b,grid_equivalent_v1,unknown,pixel,5,10,5,2599.841845922817,179,124,46.114625403851306,176,zero_length_angle_vector,ok
W82-447-1-13-7(1),4,annotation_mask,annotation,reference,external-data/W82-447-1-13-7(1)_mask.png,d7caafd48ba702bb9ca2578cb356a3cab186bfab19d8fbb7f0fc5a6ba0ddb53b,grid_equivalent_v1,unknown,pixel,5,10,10,2599.841845922817,168,124,46.486455410008915,168,,ok
W82-447-1-13-7(1),4,annotation_mask,annotation,reference,external-data/W82-447-1-13-7(1)_mask.png,d7caafd48ba702bb9ca2578cb356a3cab186bfab19d8fbb7f0fc5a6ba0ddb53b,grid_equivalent_v1,unknown,pixel,5,10,20,2599.841845922817,146,124,46.33591795118509,146,,ok
W82-447-1-13-7(1),4,annotation_mask,annotation,reference,external-data/W82-447-1-13-7(1)_mask.png,d7caafd48ba702bb9ca2578cb356a3cab186bfab19d8fbb7f0fc5a6ba0ddb53b,grid_equivalent_v1,unknown,pixel,5,15,5,2599.841845922817,176,124,46.02459093019582,170,zero_length_angle_vector,ok
W82-447-1-13-7(1),4,annotation_mask,annotation,reference,external-data/W82-447-1-13-7(1)_mask.png,d7caafd48ba702bb9ca2578cb356a3cab186bfab19d8fbb7f0fc5a6ba0ddb53b,grid_equivalent_v1,unknown,pixel,5,15,10,2599.841845922817,161,124,45.765543776284055,161,,ok
W82-447-1-13-7(1),4,annotation_mask,annotation,reference,external-data/W82-447-1-13-7(1)_mask.png,d7caafd48ba702bb9ca2578cb356a3cab186bfab19d8fbb7f0fc5a6ba0ddb53b,grid_equivalent_v1,unknown,pixel,5,15,20,2599.841845922817,141,124,46.33992609107825,141,,ok
W82-447-1-13-7(1),4,annotation_mask,annotation,reference,external-data/W82-447-1-13-7(1)_mask.png,d7caafd48ba702bb9ca2578cb356a3cab186bfab19d8fbb7f0fc5a6ba0ddb53b,grid_equivalent_v1,unknown,pixel,5,20,5,2599.841845922817,169,124,45.70797615878312,166,zero_length_angle_vector,ok
W82-447-1-13-7(1),4,annotation_mask,annotation,reference,external-data/W82-447-1-13-7(1)_mask.png,d7caafd48ba702bb9ca2578cb356a3cab186bfab19d8fbb7f0fc5a6ba0ddb53b,grid_equivalent_v1,unknown,pixel,5,20,10,2599.841845922817,161,124,46.05507465568446,161,,ok
W82-447-1-13-7(1),4,annotation_mask,annotation,reference,external-data/W82-447-1-13-7(1)_mask.png,d7caafd48ba702bb9ca2578cb356a3cab186bfab19d8fbb7f0fc5a6ba0ddb53b,grid_equivalent_v1,unknown,pixel,5,20,20,2599.841845922817,138,124,46.3176045172581,138,,ok
W82-447-1-13-7(1),4,annotation_mask,annotation,reference,external-data/W82-447-1-13-7(1)_mask.png,d7caafd48ba702bb9ca2578cb356a3cab186bfab19d8fbb7f0fc5a6ba0ddb53b,grid_equivalent_v1,unknown,pixel,7,5,5,2599.841845922817,190,130,45.63580440111277,185,zero_length_angle_vector,ok
W82-447-1-13-7(1),4,annotation_mask,annotation,reference,external-data/W82-447-1-13-7(1)_mask.png,d7caafd48ba702bb9ca2578cb356a3cab186bfab19d8fbb7f0fc5a6ba0ddb53b,grid_equivalent_v1,unknown,pixel,7,5,10,2599.841845922817,175,130,45.8554444782317,175,,ok
W82-447-1-13-7(1),4,annotation_mask,annotation,reference,external-data/W82-447-1-13-7(1)_mask.png,d7caafd48ba702bb9ca2578cb356a3cab186bfab19d8fbb7f0fc5a6ba0ddb53b,grid_equivalent_v1,unknown,pixel,7,5,20,2599.841845922817,147,130,45.622939110013974,147,,ok
W82-447-1-13-7(1),4,annotation_mask,annotation,reference,external-data/W82-447-1-13-7(1)_mask.png,d7caafd48ba702bb9ca2578cb356a3cab186bfab19d8fbb7f0fc5a6ba0ddb53b,grid_equivalent_v1,unknown,pixel,7,10,5,2599.841845922817,182,129,45.23760208448902,179,zero_length_angle_vector,ok
W82-447-1-13-7(1),4,annotation_mask,annotation,reference,external-data/W82-447-1-13-7(1)_mask.png,d7caafd48ba702bb9ca2578cb356a3cab186bfab19d8fbb7f0fc5a6ba0ddb53b,grid_equivalent_v1,unknown,pixel,7,10,10,2599.841845922817,171,129,45.52114112900485,171,,ok
W82-447-1-13-7(1),4,annotation_mask,annotation,reference,external-data/W82-447-1-13-7(1)_mask.png,d7caafd48ba702bb9ca2578cb356a3cab186bfab19d8fbb7f0fc5a6ba0ddb53b,grid_equivalent_v1,unknown,pixel,7,10,20,2599.841845922817,146,129,46.0092241358348,146,,ok
W82-447-1-13-7(1),4,annotation_mask,annotation,reference,external-data/W82-447-1-13-7(1)_mask.png,d7caafd48ba702bb9ca2578cb356a3cab186bfab19d8fbb7f0fc5a6ba0ddb53b,grid_equivalent_v1,unknown,pixel,7,15,5,2599.841845922817,179,129,44.78609420713759,175,zero_length_angle_vector,ok
W82-447-1-13-7(1),4,annotation_mask,annotation,reference,external-data/W82-447-1-13-7(1)_mask.png,d7caafd48ba702bb9ca2578cb356a3cab186bfab19d8fbb7f0fc5a6ba0ddb53b,grid_equivalent_v1,unknown,pixel,7,15,10,2599.841845922817,165,129,44.78142204074491,165,,ok
W82-447-1-13-7(1),4,annotation_mask,annotation,reference,external-data/W82-447-1-13-7(1)_mask.png,d7caafd48ba702bb9ca2578cb356a3cab186bfab19d8fbb7f0fc5a6ba0ddb53b,grid_equivalent_v1,unknown,pixel,7,15,20,2599.841845922817,144,129,46.37449853340389,144,,ok
W82-447-1-13-7(1),4,annotation_mask,annotation,reference,external-data/W82-447-1-13-7(1)_mask.png,d7caafd48ba702bb9ca2578cb356a3cab186bfab19d8fbb7f0fc5a6ba0ddb53b,grid_equivalent_v1,unknown,pixel,7,20,5,2599.841845922817,173,129,44.28992045916291,170,zero_length_angle_vector,ok
W82-447-1-13-7(1),4,annotation_mask,annotation,reference,external-data/W82-447-1-13-7(1)_mask.png,d7caafd48ba702bb9ca2578cb356a3cab186bfab19d8fbb7f0fc5a6ba0ddb53b,grid_equivalent_v1,unknown,pixel,7,20,10,2599.841845922817,163,129,45.00992874272147,163,,ok
W82-447-1-13-7(1),4,annotation_mask,annotation,reference,external-data/W82-447-1-13-7(1)_mask.png,d7caafd48ba702bb9ca2578cb356a3cab186bfab19d8fbb7f0fc5a6ba0ddb53b,grid_equivalent_v1,unknown,pixel,7,20,20,2599.841845922817,138,129,45.73750898922037,138,,ok
W82-447-1-13-7(2),3,annotation_mask,annotation,reference,external-data/W82-447-1-13-7(2)_mask.png,8401bb2188e5c3832e902ef0e29c7a72c6580cd0868364d9f97716efdec87255,grid_equivalent_v1,unknown,pixel,3,5,5,2569.818684794427,40,26,52.39350468849941,39,zero_length_angle_vector,ok
W82-447-1-13-7(2),3,annotation_mask,annotation,reference,external-data/W82-447-1-13-7(2)_mask.png,8401bb2188e5c3832e902ef0e29c7a72c6580cd0868364d9f97716efdec87255,grid_equivalent_v1,unknown,pixel,3,5,10,2569.818684794427,38,26,52.62335650711664,37,zero_length_angle_vector,ok
W82-447-1-13-7(2),3,annotation_mask,annotation,reference,external-data/W82-447-1-13-7(2)_mask.png,8401bb2188e5c3832e902ef0e29c7a72c6580cd0868364d9f97716efdec87255,grid_equivalent_v1,unknown,pixel,3,5,20,2569.818684794427,35,26,54.16767649790383,34,zero_length_angle_vector,ok
W82-447-1-13-7(2),3,annotation_mask,annotation,reference,external-data/W82-447-1-13-7(2)_mask.png,8401bb2188e5c3832e902ef0e29c7a72c6580cd0868364d9f97716efdec87255,grid_equivalent_v1,unknown,pixel,3,10,5,2569.818684794427,38,26,54.24272066951191,37,zero_length_angle_vector,ok
W82-447-1-13-7(2),3,annotation_mask,annotation,reference,external-data/W82-447-1-13-7(2)_mask.png,8401bb2188e5c3832e902ef0e29c7a72c6580cd0868364d9f97716efdec87255,grid_equivalent_v1,unknown,pixel,3,10,10,2569.818684794427,38,26,54.24272066951191,37,zero_length_angle_vector,ok
W82-447-1-13-7(2),3,annotation_mask,annotation,reference,external-data/W82-447-1-13-7(2)_mask.png,8401bb2188e5c3832e902ef0e29c7a72c6580cd0868364d9f97716efdec87255,grid_equivalent_v1,unknown,pixel,3,10,20,2569.818684794427,33,26,55.05167712165478,32,zero_length_angle_vector,ok
W82-447-1-13-7(2),3,annotation_mask,annotation,reference,external-data/W82-447-1-13-7(2)_mask.png,8401bb2188e5c3832e902ef0e29c7a72c6580cd0868364d9f97716efdec87255,grid_equivalent_v1,unknown,pixel,3,15,5,2569.818684794427,38,26,53.59651250723324,37,zero_length_angle_vector,ok
W82-447-1-13-7(2),3,annotation_mask,annotation,reference,external-data/W82-447-1-13-7(2)_mask.png,8401bb2188e5c3832e902ef0e29c7a72c6580cd0868364d9f97716efdec87255,grid_equivalent_v1,unknown,pixel,3,15,10,2569.818684794427,37,26,54.9015972857032,36,zero_length_angle_vector,ok
W82-447-1-13-7(2),3,annotation_mask,annotation,reference,external-data/W82-447-1-13-7(2)_mask.png,8401bb2188e5c3832e902ef0e29c7a72c6580cd0868364d9f97716efdec87255,grid_equivalent_v1,unknown,pixel,3,15,20,2569.818684794427,33,26,55.343876085071315,32,zero_length_angle_vector,ok
W82-447-1-13-7(2),3,annotation_mask,annotation,reference,external-data/W82-447-1-13-7(2)_mask.png,8401bb2188e5c3832e902ef0e29c7a72c6580cd0868364d9f97716efdec87255,grid_equivalent_v1,unknown,pixel,3,20,5,2569.818684794427,37,26,56.278764887711375,36,zero_length_angle_vector,ok
W82-447-1-13-7(2),3,annotation_mask,annotation,reference,external-data/W82-447-1-13-7(2)_mask.png,8401bb2188e5c3832e902ef0e29c7a72c6580cd0868364d9f97716efdec87255,grid_equivalent_v1,unknown,pixel,3,20,10,2569.818684794427,35,26,55.20201413044054,34,zero_length_angle_vector,ok
W82-447-1-13-7(2),3,annotation_mask,annotation,reference,external-data/W82-447-1-13-7(2)_mask.png,8401bb2188e5c3832e902ef0e29c7a72c6580cd0868364d9f97716efdec87255,grid_equivalent_v1,unknown,pixel,3,20,20,2569.818684794427,33,26,55.42065537493485,32,zero_length_angle_vector,ok
W82-447-1-13-7(2),3,annotation_mask,annotation,reference,external-data/W82-447-1-13-7(2)_mask.png,8401bb2188e5c3832e902ef0e29c7a72c6580cd0868364d9f97716efdec87255,grid_equivalent_v1,unknown,pixel,5,5,5,2569.818684794427,43,30,54.085305314152535,40,zero_length_angle_vector,ok
W82-447-1-13-7(2),3,annotation_mask,annotation,reference,external-data/W82-447-1-13-7(2)_mask.png,8401bb2188e5c3832e902ef0e29c7a72c6580cd0868364d9f97716efdec87255,grid_equivalent_v1,unknown,pixel,5,5,10,2569.818684794427,38,30,54.9836413376205,37,zero_length_angle_vector,ok
W82-447-1-13-7(2),3,annotation_mask,annotation,reference,external-data/W82-447-1-13-7(2)_mask.png,8401bb2188e5c3832e902ef0e29c7a72c6580cd0868364d9f97716efdec87255,grid_equivalent_v1,unknown,pixel,5,5,20,2569.818684794427,34,30,56.789283182558115,33,zero_length_angle_vector,ok
W82-447-1-13-7(2),3,annotation_mask,annotation,reference,external-data/W82-447-1-13-7(2)_mask.png,8401bb2188e5c3832e902ef0e29c7a72c6580cd0868364d9f97716efdec87255,grid_equivalent_v1,unknown,pixel,5,10,5,2569.818684794427,40,29,54.80462159793202,39,zero_length_angle_vector,ok
W82-447-1-13-7(2),3,annotation_mask,annotation,reference,external-data/W82-447-1-13-7(2)_mask.png,8401bb2188e5c3832e902ef0e29c7a72c6580cd0868364d9f97716efdec87255,grid_equivalent_v1,unknown,pixel,5,10,10,2569.818684794427,37,29,56.2045577140466,36,zero_length_angle_vector,ok
W82-447-1-13-7(2),3,annotation_mask,annotation,reference,external-data/W82-447-1-13-7(2)_mask.png,8401bb2188e5c3832e902ef0e29c7a72c6580cd0868364d9f97716efdec87255,grid_equivalent_v1,unknown,pixel,5,10,20,2569.818684794427,33,29,56.12894114064596,32,zero_length_angle_vector,ok
W82-447-1-13-7(2),3,annotation_mask,annotation,reference,external-data/W82-447-1-13-7(2)_mask.png,8401bb2188e5c3832e902ef0e29c7a72c6580cd0868364d9f97716efdec87255,grid_equivalent_v1,unknown,pixel,5,15,5,2569.818684794427,39,28,55.38828123103405,38,zero_length_angle_vector,ok
W82-447-1-13-7(2),3,annotation_mask,annotation,reference,external-data/W82-447-1-13-7(2)_mask.png,8401bb2188e5c3832e902ef0e29c7a72c6580cd0868364d9f97716efdec87255,grid_equivalent_v1,unknown,pixel,5,15,10,2569.818684794427,37,28,56.21991760625045,36,zero_length_angle_vector,ok
W82-447-1-13-7(2),3,annotation_mask,annotation,reference,external-data/W82-447-1-13-7(2)_mask.png,8401bb2188e5c3832e902ef0e29c7a72c6580cd0868364d9f97716efdec87255,grid_equivalent_v1,unknown,pixel,5,15,20,2569.818684794427,33,28,56.14622101937529,32,zero_length_angle_vector,ok
W82-447-1-13-7(2),3,annotation_mask,annotation,reference,external-data/W82-447-1-13-7(2)_mask.png,8401bb2188e5c3832e902ef0e29c7a72c6580cd0868364d9f97716efdec87255,grid_equivalent_v1,unknown,pixel,5,20,5,2569.818684794427,39,28,55.45293747512965,38,zero_length_angle_vector,ok
W82-447-1-13-7(2),3,annotation_mask,annotation,reference,external-data/W82-447-1-13-7(2)_mask.png,8401bb2188e5c3832e902ef0e29c7a72c6580cd0868364d9f97716efdec87255,grid_equivalent_v1,unknown,pixel,5,20,10,2569.818684794427,36,28,55.689701053763066,35,zero_length_angle_vector,ok
W82-447-1-13-7(2),3,annotation_mask,annotation,reference,external-data/W82-447-1-13-7(2)_mask.png,8401bb2188e5c3832e902ef0e29c7a72c6580cd0868364d9f97716efdec87255,grid_equivalent_v1,unknown,pixel,5,20,20,2569.818684794427,33,28,56.22300030923881,32,zero_length_angle_vector,ok
W82-447-1-13-7(2),3,annotation_mask,annotation,reference,external-data/W82-447-1-13-7(2)_mask.png,8401bb2188e5c3832e902ef0e29c7a72c6580cd0868364d9f97716efdec87255,grid_equivalent_v1,unknown,pixel,7,5,5,2569.818684794427,45,32,56.712143928112255,43,zero_length_angle_vector,ok
W82-447-1-13-7(2),3,annotation_mask,annotation,reference,external-data/W82-447-1-13-7(2)_mask.png,8401bb2188e5c3832e902ef0e29c7a72c6580cd0868364d9f97716efdec87255,grid_equivalent_v1,unknown,pixel,7,5,10,2569.818684794427,39,32,56.56882476671692,38,zero_length_angle_vector,ok
W82-447-1-13-7(2),3,annotation_mask,annotation,reference,external-data/W82-447-1-13-7(2)_mask.png,8401bb2188e5c3832e902ef0e29c7a72c6580cd0868364d9f97716efdec87255,grid_equivalent_v1,unknown,pixel,7,5,20,2569.818684794427,36,32,58.05265226747697,35,zero_length_angle_vector,ok
W82-447-1-13-7(2),3,annotation_mask,annotation,reference,external-data/W82-447-1-13-7(2)_mask.png,8401bb2188e5c3832e902ef0e29c7a72c6580cd0868364d9f97716efdec87255,grid_equivalent_v1,unknown,pixel,7,10,5,2569.818684794427,43,31,57.21108196921341,42,zero_length_angle_vector,ok
W82-447-1-13-7(2),3,annotation_mask,annotation,reference,external-data/W82-447-1-13-7(2)_mask.png,8401bb2188e5c3832e902ef0e29c7a72c6580cd0868364d9f97716efdec87255,grid_equivalent_v1,unknown,pixel,7,10,10,2569.818684794427,38,31,56.37210450659243,37,zero_length_angle_vector,ok
W82-447-1-13-7(2),3,annotation_mask,annotation,reference,external-data/W82-447-1-13-7(2)_mask.png,8401bb2188e5c3832e902ef0e29c7a72c6580cd0868364d9f97716efdec87255,grid_equivalent_v1,unknown,pixel,7,10,20,2569.818684794427,35,31,57.92502906698263,34,zero_length_angle_vector,ok
W82-447-1-13-7(2),3,annotation_mask,annotation,reference,external-data/W82-447-1-13-7(2)_mask.png,8401bb2188e5c3832e902ef0e29c7a72c6580cd0868364d9f97716efdec87255,grid_equivalent_v1,unknown,pixel,7,15,5,2569.818684794427,42,31,56.70069100732491,41,zero_length_angle_vector,ok
W82-447-1-13-7(2),3,annotation_mask,annotation,reference,external-data/W82-447-1-13-7(2)_mask.png,8401bb2188e5c3832e902ef0e29c7a72c6580cd0868364d9f97716efdec87255,grid_equivalent_v1,unknown,pixel,7,15,10,2569.818684794427,38,31,56.387049266574536,37,zero_length_angle_vector,ok
W82-447-1-13-7(2),3,annotation_mask,annotation,reference,external-data/W82-447-1-13-7(2)_mask.png,8401bb2188e5c3832e902ef0e29c7a72c6580cd0868364d9f97716efdec87255,grid_equivalent_v1,unknown,pixel,7,15,20,2569.818684794427,35,31,57.94129248225729,34,zero_length_angle_vector,ok
W82-447-1-13-7(2),3,annotation_mask,annotation,reference,external-data/W82-447-1-13-7(2)_mask.png,8401bb2188e5c3832e902ef0e29c7a72c6580cd0868364d9f97716efdec87255,grid_equivalent_v1,unknown,pixel,7,20,5,2569.818684794427,42,31,56.42254246373008,41,zero_length_angle_vector,ok
W82-447-1-13-7(2),3,annotation_mask,annotation,reference,external-data/W82-447-1-13-7(2)_mask.png,8401bb2188e5c3832e902ef0e29c7a72c6580cd0868364d9f97716efdec87255,grid_equivalent_v1,unknown,pixel,7,20,10,2569.818684794427,37,31,55.49117495435913,36,zero_length_angle_vector,ok
W82-447-1-13-7(2),3,annotation_mask,annotation,reference,external-data/W82-447-1-13-7(2)_mask.png,8401bb2188e5c3832e902ef0e29c7a72c6580cd0868364d9f97716efdec87255,grid_equivalent_v1,unknown,pixel,7,20,20,2569.818684794427,35,31,57.60587806203998,34,zero_length_angle_vector,ok
W82-447-1-13-7(3),2,annotation_mask,annotation,reference,external-data/W82-447-1-13-7(3)_mask.png,4b63fae36f1e264804fc841b3fbba41c7e9f5be06b268aa37989d57f23a39479,grid_equivalent_v1,unknown,pixel,3,5,5,3607.1963184303277,151,101,42.99436382953222,142,zero_length_angle_vector,ok
W82-447-1-13-7(3),2,annotation_mask,annotation,reference,external-data/W82-447-1-13-7(3)_mask.png,4b63fae36f1e264804fc841b3fbba41c7e9f5be06b268aa37989d57f23a39479,grid_equivalent_v1,unknown,pixel,3,5,10,3607.1963184303277,137,101,43.35008592666816,132,zero_length_angle_vector,ok
W82-447-1-13-7(3),2,annotation_mask,annotation,reference,external-data/W82-447-1-13-7(3)_mask.png,4b63fae36f1e264804fc841b3fbba41c7e9f5be06b268aa37989d57f23a39479,grid_equivalent_v1,unknown,pixel,3,5,20,3607.1963184303277,121,101,42.16713854685638,116,zero_length_angle_vector,ok
W82-447-1-13-7(3),2,annotation_mask,annotation,reference,external-data/W82-447-1-13-7(3)_mask.png,4b63fae36f1e264804fc841b3fbba41c7e9f5be06b268aa37989d57f23a39479,grid_equivalent_v1,unknown,pixel,3,10,5,3607.1963184303277,146,98,43.28644788599667,136,zero_length_angle_vector,ok
W82-447-1-13-7(3),2,annotation_mask,annotation,reference,external-data/W82-447-1-13-7(3)_mask.png,4b63fae36f1e264804fc841b3fbba41c7e9f5be06b268aa37989d57f23a39479,grid_equivalent_v1,unknown,pixel,3,10,10,3607.1963184303277,134,98,44.16874477843558,129,zero_length_angle_vector,ok
W82-447-1-13-7(3),2,annotation_mask,annotation,reference,external-data/W82-447-1-13-7(3)_mask.png,4b63fae36f1e264804fc841b3fbba41c7e9f5be06b268aa37989d57f23a39479,grid_equivalent_v1,unknown,pixel,3,10,20,3607.1963184303277,119,98,42.38867849914815,114,zero_length_angle_vector,ok
W82-447-1-13-7(3),2,annotation_mask,annotation,reference,external-data/W82-447-1-13-7(3)_mask.png,4b63fae36f1e264804fc841b3fbba41c7e9f5be06b268aa37989d57f23a39479,grid_equivalent_v1,unknown,pixel,3,15,5,3607.1963184303277,142,97,42.819413965521846,132,zero_length_angle_vector,ok
W82-447-1-13-7(3),2,annotation_mask,annotation,reference,external-data/W82-447-1-13-7(3)_mask.png,4b63fae36f1e264804fc841b3fbba41c7e9f5be06b268aa37989d57f23a39479,grid_equivalent_v1,unknown,pixel,3,15,10,3607.1963184303277,130,97,43.45955281177272,125,zero_length_angle_vector,ok
W82-447-1-13-7(3),2,annotation_mask,annotation,reference,external-data/W82-447-1-13-7(3)_mask.png,4b63fae36f1e264804fc841b3fbba41c7e9f5be06b268aa37989d57f23a39479,grid_equivalent_v1,unknown,pixel,3,15,20,3607.1963184303277,116,97,42.397058864882474,111,zero_length_angle_vector,ok
W82-447-1-13-7(3),2,annotation_mask,annotation,reference,external-data/W82-447-1-13-7(3)_mask.png,4b63fae36f1e264804fc841b3fbba41c7e9f5be06b268aa37989d57f23a39479,grid_equivalent_v1,unknown,pixel,3,20,5,3607.1963184303277,140,97,42.565448689032216,131,zero_length_angle_vector,ok
W82-447-1-13-7(3),2,annotation_mask,annotation,reference,external-data/W82-447-1-13-7(3)_mask.png,4b63fae36f1e264804fc841b3fbba41c7e9f5be06b268aa37989d57f23a39479,grid_equivalent_v1,unknown,pixel,3,20,10,3607.1963184303277,130,97,43.30759994690352,125,zero_length_angle_vector,ok
W82-447-1-13-7(3),2,annotation_mask,annotation,reference,external-data/W82-447-1-13-7(3)_mask.png,4b63fae36f1e264804fc841b3fbba41c7e9f5be06b268aa37989d57f23a39479,grid_equivalent_v1,unknown,pixel,3,20,20,3607.1963184303277,116,97,42.25050213411903,111,zero_length_angle_vector,ok
W82-447-1-13-7(3),2,annotation_mask,annotation,reference,external-data/W82-447-1-13-7(3)_mask.png,4b63fae36f1e264804fc841b3fbba41c7e9f5be06b268aa37989d57f23a39479,grid_equivalent_v1,unknown,pixel,5,5,5,3607.1963184303277,142,89,42.79491958956991,137,zero_length_angle_vector,ok
W82-447-1-13-7(3),2,annotation_mask,annotation,reference,external-data/W82-447-1-13-7(3)_mask.png,4b63fae36f1e264804fc841b3fbba41c7e9f5be06b268aa37989d57f23a39479,grid_equivalent_v1,unknown,pixel,5,5,10,3607.1963184303277,133,89,42.76257538887437,128,zero_length_angle_vector,ok
W82-447-1-13-7(3),2,annotation_mask,annotation,reference,external-data/W82-447-1-13-7(3)_mask.png,4b63fae36f1e264804fc841b3fbba41c7e9f5be06b268aa37989d57f23a39479,grid_equivalent_v1,unknown,pixel,5,5,20,3607.1963184303277,119,89,41.70385936289269,114,zero_length_angle_vector,ok
W82-447-1-13-7(3),2,annotation_mask,annotation,reference,external-data/W82-447-1-13-7(3)_mask.png,4b63fae36f1e264804fc841b3fbba41c7e9f5be06b268aa37989d57f23a39479,grid_equivalent_v1,unknown,pixel,5,10,5,3607.1963184303277,137,87,42.742094672122754,131,zero_length_angle_vector,ok
W82-447-1-13-7(3),2,annotation_mask,annotation,reference,external-data/W82-447-1-13-7(3)_mask.png,4b63fae36f1e264804fc841b3fbba41c7e9f5be06b268aa37989d57f23a39479,grid_equivalent_v1,unknown,pixel,5,10,10,3607.1963184303277,129,87,42.93770960995726,124,zero_length_angle_vector,ok
W82-447-1-13-7(3),2,annotation_mask,annotation,reference,external-data/W82-447-1-13-7(3)_mask.png,4b63fae36f1e264804fc841b3fbba41c7e9f5be06b268aa37989d57f23a39479,grid_equivalent_v1,unknown,pixel,5,10,20,3607.1963184303277,117,87,41.81076683010921,112,zero_length_angle_vector,ok
W82-447-1-13-7(3),2,annotation_mask,annotation,reference,external-data/W82-447-1-13-7(3)_mask.png,4b63fae36f1e264804fc841b3fbba41c7e9f5be06b268aa37989d57f23a39479,grid_equivalent_v1,unknown,pixel,5,15,5,3607.1963184303277,132,86,41.83692980485903,126,zero_length_angle_vector,ok
W82-447-1-13-7(3),2,annotation_mask,annotation,reference,external-data/W82-447-1-13-7(3)_mask.png,4b63fae36f1e264804fc841b3fbba41c7e9f5be06b268aa37989d57f23a39479,grid_equivalent_v1,unknown,pixel,5,15,10,3607.1963184303277,125,86,42.04523834094305,120,zero_length_angle_vector,ok
W82-447-1-13-7(3),2,annotation_mask,annotation,reference,external-data/W82-447-1-13-7(3)_mask.png,4b63fae36f1e264804fc841b3fbba41c7e9f5be06b268aa37989d57f23a39479,grid_equivalent_v1,unknown,pixel,5,15,20,3607.1963184303277,114,86,41.707210374607186,109,zero_length_angle_vector,ok
W82-447-1-13-7(3),2,annotation_mask,annotation,reference,external-data/W82-447-1-13-7(3)_mask.png,4b63fae36f1e264804fc841b3fbba41c7e9f5be06b268aa37989d57f23a39479,grid_equivalent_v1,unknown,pixel,5,20,5,3607.1963184303277,130,86,41.61276997947517,125,zero_length_angle_vector,ok
W82-447-1-13-7(3),2,annotation_mask,annotation,reference,external-data/W82-447-1-13-7(3)_mask.png,4b63fae36f1e264804fc841b3fbba41c7e9f5be06b268aa37989d57f23a39479,grid_equivalent_v1,unknown,pixel,5,20,10,3607.1963184303277,125,86,41.93888708343613,120,zero_length_angle_vector,ok
W82-447-1-13-7(3),2,annotation_mask,annotation,reference,external-data/W82-447-1-13-7(3)_mask.png,4b63fae36f1e264804fc841b3fbba41c7e9f5be06b268aa37989d57f23a39479,grid_equivalent_v1,unknown,pixel,5,20,20,3607.1963184303277,113,86,41.938663165538344,108,zero_length_angle_vector,ok
W82-447-1-13-7(3),2,annotation_mask,annotation,reference,external-data/W82-447-1-13-7(3)_mask.png,4b63fae36f1e264804fc841b3fbba41c7e9f5be06b268aa37989d57f23a39479,grid_equivalent_v1,unknown,pixel,7,5,5,3607.1963184303277,141,90,44.10942557016106,135,zero_length_angle_vector,ok
W82-447-1-13-7(3),2,annotation_mask,annotation,reference,external-data/W82-447-1-13-7(3)_mask.png,4b63fae36f1e264804fc841b3fbba41c7e9f5be06b268aa37989d57f23a39479,grid_equivalent_v1,unknown,pixel,7,5,10,3607.1963184303277,133,90,43.8295558168595,128,zero_length_angle_vector,ok
W82-447-1-13-7(3),2,annotation_mask,annotation,reference,external-data/W82-447-1-13-7(3)_mask.png,4b63fae36f1e264804fc841b3fbba41c7e9f5be06b268aa37989d57f23a39479,grid_equivalent_v1,unknown,pixel,7,5,20,3607.1963184303277,119,90,42.3542004941237,114,zero_length_angle_vector,ok
W82-447-1-13-7(3),2,annotation_mask,annotation,reference,external-data/W82-447-1-13-7(3)_mask.png,4b63fae36f1e264804fc841b3fbba41c7e9f5be06b268aa37989d57f23a39479,grid_equivalent_v1,unknown,pixel,7,10,5,3607.1963184303277,134,88,44.02143407373586,128,zero_length_angle_vector,ok
W82-447-1-13-7(3),2,annotation_mask,annotation,reference,external-data/W82-447-1-13-7(3)_mask.png,4b63fae36f1e264804fc841b3fbba41c7e9f5be06b268aa37989d57f23a39479,grid_equivalent_v1,unknown,pixel,7,10,10,3607.1963184303277,131,88,44.24398605537871,126,zero_length_angle_vector,ok
W82-447-1-13-7(3),2,annotation_mask,annotation,reference,external-data/W82-447-1-13-7(3)_mask.png,4b63fae36f1e264804fc841b3fbba41c7e9f5be06b268aa37989d57f23a39479,grid_equivalent_v1,unknown,pixel,7,10,20,3607.1963184303277,117,88,42.67624586981727,112,zero_length_angle_vector,ok
W82-447-1-13-7(3),2,annotation_mask,annotation,reference,external-data/W82-447-1-13-7(3)_mask.png,4b63fae36f1e264804fc841b3fbba41c7e9f5be06b268aa37989d57f23a39479,grid_equivalent_v1,unknown,pixel,7,15,5,3607.1963184303277,130,86,43.48136995187861,123,zero_length_angle_vector,ok
W82-447-1-13-7(3),2,annotation_mask,annotation,reference,external-data/W82-447-1-13-7(3)_mask.png,4b63fae36f1e264804fc841b3fbba41c7e9f5be06b268aa37989d57f23a39479,grid_equivalent_v1,unknown,pixel,7,15,10,3607.1963184303277,125,86,43.187726853320555,120,zero_length_angle_vector,ok
W82-447-1-13-7(3),2,annotation_mask,annotation,reference,external-data/W82-447-1-13-7(3)_mask.png,4b63fae36f1e264804fc841b3fbba41c7e9f5be06b268aa37989d57f23a39479,grid_equivalent_v1,unknown,pixel,7,15,20,3607.1963184303277,113,86,43.27621779867218,108,zero_length_angle_vector,ok
W82-447-1-13-7(3),2,annotation_mask,annotation,reference,external-data/W82-447-1-13-7(3)_mask.png,4b63fae36f1e264804fc841b3fbba41c7e9f5be06b268aa37989d57f23a39479,grid_equivalent_v1,unknown,pixel,7,20,5,3607.1963184303277,127,85,42.9571547536121,120,zero_length_angle_vector,ok
W82-447-1-13-7(3),2,annotation_mask,annotation,reference,external-data/W82-447-1-13-7(3)_mask.png,4b63fae36f1e264804fc841b3fbba41c7e9f5be06b268aa37989d57f23a39479,grid_equivalent_v1,unknown,pixel,7,20,10,3607.1963184303277,124,85,43.16322371101284,119,zero_length_angle_vector,ok
W82-447-1-13-7(3),2,annotation_mask,annotation,reference,external-data/W82-447-1-13-7(3)_mask.png,4b63fae36f1e264804fc841b3fbba41c7e9f5be06b268aa37989d57f23a39479,grid_equivalent_v1,unknown,pixel,7,20,20,3607.1963184303277,113,85,43.14016683879331,108,zero_length_angle_vector,ok
