sample_name,fold,config,seed,trait,reference_type,reference_value,estimate_value,difference_estimate_minus_reference,absolute_error,ape_percent_nonzero_reference,status,reference_path_status,prediction_path_status,reference_angle_failure_reason,prediction_angle_failure_reason,reference_mask_sha256,prediction_mask_sha256
10-1-1,3,attunet_cl_fixed,42,dominant_path_length,annotation_mask_same_extractor,3519.0348468227903,2569.133259845188,-949.9015869776022,949.9015869776022,26.993241849685973,valid,ok,ok,zero_length_angle_vector,zero_length_angle_vector,8664187dcbcab44c4dae8da26d028efb21268d9709753c186a39d03660a06fc7,db3a01e23d48b78d66f68316710ee1792a64f06ef0f86eb38a0fc49485c66a6c
10-1-1,3,attunet_cl_fixed,42,retained_segment_count,annotation_mask_same_extractor,134.0,156.0,22.0,22.0,16.417910447761194,valid,ok,ok,zero_length_angle_vector,zero_length_angle_vector,8664187dcbcab44c4dae8da26d028efb21268d9709753c186a39d03660a06fc7,db3a01e23d48b78d66f68316710ee1792a64f06ef0f86eb38a0fc49485c66a6c
10-1-1,3,attunet_cl_fixed,42,junction_region_count,annotation_mask_same_extractor,121.0,153.0,32.0,32.0,26.446280991735534,valid,ok,ok,zero_length_angle_vector,zero_length_angle_vector,8664187dcbcab44c4dae8da26d028efb21268d9709753c186a39d03660a06fc7,db3a01e23d48b78d66f68316710ee1792a64f06ef0f86eb38a0fc49485c66a6c
10-1-1,3,attunet_cl_fixed,42,mean_local_acute_angle_deg,annotation_mask_same_extractor,64.6739875375559,53.15588150255876,-11.518106034997146,11.518106034997146,17.809487977386013,valid,ok,ok,zero_length_angle_vector,zero_length_angle_vector,8664187dcbcab44c4dae8da26d028efb21268d9709753c186a39d03660a06fc7,db3a01e23d48b78d66f68316710ee1792a64f06ef0f86eb38a0fc49485c66a6c
10-1-1(1),3,attunet_cl_fixed,42,dominant_path_length,annotation_mask_same_extractor,2848.079435976053,1146.957502887884,-1701.1219330881695,1701.1219330881695,59.72873900917672,valid,ok,ok,,zero_length_angle_vector,c95c0337715266ccd3aad838a4ef3ab80e74ba76f5d714ecb44e5a5615b3ce7c,1fc2a76961250e144df90922b1bb3c12dc5e5a2526546b210b50a4d9458f97ad
10-1-1(1),3,attunet_cl_fixed,42,retained_segment_count,annotation_mask_same_extractor,35.0,70.0,35.0,35.0,100.0,valid,ok,ok,,zero_length_angle_vector,c95c0337715266ccd3aad838a4ef3ab80e74ba76f5d714ecb44e5a5615b3ce7c,1fc2a76961250e144df90922b1bb3c12dc5e5a2526546b210b50a4d9458f97ad
10-1-1(1),3,attunet_cl_fixed,42,junction_region_count,annotation_mask_same_extractor,28.0,61.0,33.0,33.0,117.85714285714286,valid,ok,ok,,zero_length_angle_vector,c95c0337715266ccd3aad838a4ef3ab80e74ba76f5d714ecb44e5a5615b3ce7c,1fc2a76961250e144df90922b1bb3c12dc5e5a2526546b210b50a4d9458f97ad
10-1-1(1),3,attunet_cl_fixed,42,mean_local_acute_angle_deg,annotation_mask_same_extractor,45.23478785039287,47.34041215248181,2.105624302088934,2.105624302088934,4.654878252226944,valid,ok,ok,,zero_length_angle_vector,c95c0337715266ccd3aad838a4ef3ab80e74ba76f5d714ecb44e5a5615b3ce7c,1fc2a76961250e144df90922b1bb3c12dc5e5a2526546b210b50a4d9458f97ad
10-1-1(2),1,attunet_cl_fixed,42,dominant_path_length,annotation_mask_same_extractor,1262.4823227814104,492.2396820942911,-770.2426406871193,770.2426406871193,61.010172323852906,valid,ok,ok,,zero_length_angle_vector,6c74e98b918771eb646a7e1d44c8ef0b3c96078814c8b8db61045d1816697d12,d3b79e749ee4dcf8a34ba0c4a235e2e70713bd6bc174a54e80f1782fc3a853b2
10-1-1(2),1,attunet_cl_fixed,42,retained_segment_count,annotation_mask_same_extractor,25.0,53.0,28.0,28.0,112.0,valid,ok,ok,,zero_length_angle_vector,6c74e98b918771eb646a7e1d44c8ef0b3c96078814c8b8db61045d1816697d12,d3b79e749ee4dcf8a34ba0c4a235e2e70713bd6bc174a54e80f1782fc3a853b2
10-1-1(2),1,attunet_cl_fixed,42,junction_region_count,annotation_mask_same_extractor,23.0,55.0,32.0,32.0,139.1304347826087,valid,ok,ok,,zero_length_angle_vector,6c74e98b918771eb646a7e1d44c8ef0b3c96078814c8b8db61045d1816697d12,d3b79e749ee4dcf8a34ba0c4a235e2e70713bd6bc174a54e80f1782fc3a853b2
10-1-1(2),1,attunet_cl_fixed,42,mean_local_acute_angle_deg,annotation_mask_same_extractor,46.29442229680335,54.75497325293418,8.460550956130831,8.460550956130831,18.27552982924908,valid,ok,ok,,zero_length_angle_vector,6c74e98b918771eb646a7e1d44c8ef0b3c96078814c8b8db61045d1816697d12,d3b79e749ee4dcf8a34ba0c4a235e2e70713bd6bc174a54e80f1782fc3a853b2
10-1-1(3),2,attunet_cl_fixed,42,dominant_path_length,annotation_mask_same_extractor,2611.2834046956677,2457.424673767612,-153.8587309280556,153.8587309280556,5.892073248402814,valid,ok,ok,,zero_length_angle_vector,49a1138291b2427ae244c26c8d481f7bf7c311eb24e2003613787dba24d6ff37,23de8bd0d36543f31f0696f8dab86aefaaa4db233f97d4a9da74e6d816d9e13d
10-1-1(3),2,attunet_cl_fixed,42,retained_segment_count,annotation_mask_same_extractor,36.0,120.0,84.0,84.0,233.33333333333331,valid,ok,ok,,zero_length_angle_vector,49a1138291b2427ae244c26c8d481f7bf7c311eb24e2003613787dba24d6ff37,23de8bd0d36543f31f0696f8dab86aefaaa4db233f97d4a9da74e6d816d9e13d
10-1-1(3),2,attunet_cl_fixed,42,junction_region_count,annotation_mask_same_extractor,23.0,144.0,121.0,121.0,526.0869565217391,valid,ok,ok,,zero_length_angle_vector,49a1138291b2427ae244c26c8d481f7bf7c311eb24e2003613787dba24d6ff37,23de8bd0d36543f31f0696f8dab86aefaaa4db233f97d4a9da74e6d816d9e13d
10-1-1(3),2,attunet_cl_fixed,42,mean_local_acute_angle_deg,annotation_mask_same_extractor,44.40311377914512,57.40869979709784,13.005586017952725,13.005586017952725,29.289806301964973,valid,ok,ok,,zero_length_angle_vector,49a1138291b2427ae244c26c8d481f7bf7c311eb24e2003613787dba24d6ff37,23de8bd0d36543f31f0696f8dab86aefaaa4db233f97d4a9da74e6d816d9e13d
10-1-2,2,attunet_cl_fixed,42,dominant_path_length,annotation_mask_same_extractor,3713.5222202381024,3317.047040131641,-396.47518010646127,396.47518010646127,10.67652639711525,valid,ok,ok,zero_length_angle_vector,zero_length_angle_vector,353a8fded79e4327f12b6866ba2014151a10168db01aad99108b5fae01f5e4ac,13c4c29c68730e6a21d34ec706a373db395392b7f4cf10c9cd36c8aa427e5770
10-1-2,2,attunet_cl_fixed,42,retained_segment_count,annotation_mask_same_extractor,171.0,418.0,247.0,247.0,144.44444444444443,valid,ok,ok,zero_length_angle_vector,zero_length_angle_vector,353a8fded79e4327f12b6866ba2014151a10168db01aad99108b5fae01f5e4ac,13c4c29c68730e6a21d34ec706a373db395392b7f4cf10c9cd36c8aa427e5770
10-1-2,2,attunet_cl_fixed,42,junction_region_count,annotation_mask_same_extractor,124.0,402.0,278.0,278.0,224.19354838709677,valid,ok,ok,zero_length_angle_vector,zero_length_angle_vector,353a8fded79e4327f12b6866ba2014151a10168db01aad99108b5fae01f5e4ac,13c4c29c68730e6a21d34ec706a373db395392b7f4cf10c9cd36c8aa427e5770
10-1-2,2,attunet_cl_fixed,42,mean_local_acute_angle_deg,annotation_mask_same_extractor,58.66827912377103,54.44356194489202,-4.224717178879011,4.224717178879011,7.2010245433758655,valid,ok,ok,zero_length_angle_vector,zero_length_angle_vector,353a8fded79e4327f12b6866ba2014151a10168db01aad99108b5fae01f5e4ac,13c4c29c68730e6a21d34ec706a373db395392b7f4cf10c9cd36c8aa427e5770
10-1-2(1),4,attunet_cl_fixed,42,dominant_path_length,annotation_mask_same_extractor,3355.4095218658804,1812.8590898655505,-1542.55043200033,1542.55043200033,45.97204668902968,valid,ok,ok,zero_length_angle_vector,zero_length_angle_vector,dca0abd7cde7ab357484642e540a2d1fa449818245a1cd800eb7c824264f02ad,7d251ea4165f155720999685941106276efc846fdc68ed38bea9f3b2981411b1
10-1-2(1),4,attunet_cl_fixed,42,retained_segment_count,annotation_mask_same_extractor,118.0,221.0,103.0,103.0,87.28813559322035,valid,ok,ok,zero_length_angle_vector,zero_length_angle_vector,dca0abd7cde7ab357484642e540a2d1fa449818245a1cd800eb7c824264f02ad,7d251ea4165f155720999685941106276efc846fdc68ed38bea9f3b2981411b1
10-1-2(1),4,attunet_cl_fixed,42,junction_region_count,annotation_mask_same_extractor,111.0,257.0,146.0,146.0,131.53153153153156,valid,ok,ok,zero_length_angle_vector,zero_length_angle_vector,dca0abd7cde7ab357484642e540a2d1fa449818245a1cd800eb7c824264f02ad,7d251ea4165f155720999685941106276efc846fdc68ed38bea9f3b2981411b1
10-1-2(1),4,attunet_cl_fixed,42,mean_local_acute_angle_deg,annotation_mask_same_extractor,64.3632990483418,48.15185911616971,-16.21143993217209,16.21143993217209,25.18739743280724,valid,ok,ok,zero_length_angle_vector,zero_length_angle_vector,dca0abd7cde7ab357484642e540a2d1fa449818245a1cd800eb7c824264f02ad,7d251ea4165f155720999685941106276efc846fdc68ed38bea9f3b2981411b1
10-1-2(2),1,attunet_cl_fixed,42,dominant_path_length,annotation_mask_same_extractor,3058.3027406794067,848.8254685319182,-2209.4772721474883,2209.4772721474883,72.24521113487442,valid,ok,ok,,zero_length_angle_vector,4b38a74ce55736e7f197e42aeba61399727ea00792e40e895bf41a3d30fe7957,8ae758abcd21dccd1d9a85e13f19ee8a25a8982d8fdf6291b819b9efb8416eb6
10-1-2(2),1,attunet_cl_fixed,42,retained_segment_count,annotation_mask_same_extractor,191.0,330.0,139.0,139.0,72.77486910994764,valid,ok,ok,,zero_length_angle_vector,4b38a74ce55736e7f197e42aeba61399727ea00792e40e895bf41a3d30fe7957,8ae758abcd21dccd1d9a85e13f19ee8a25a8982d8fdf6291b819b9efb8416eb6
10-1-2(2),1,attunet_cl_fixed,42,junction_region_count,annotation_mask_same_extractor,175.0,340.0,165.0,165.0,94.28571428571428,valid,ok,ok,,zero_length_angle_vector,4b38a74ce55736e7f197e42aeba61399727ea00792e40e895bf41a3d30fe7957,8ae758abcd21dccd1d9a85e13f19ee8a25a8982d8fdf6291b819b9efb8416eb6
10-1-2(2),1,attunet_cl_fixed,42,mean_local_acute_angle_deg,annotation_mask_same_extractor,65.94127676600104,50.18603774455012,-15.75523902145092,15.75523902145092,23.8928328266374,valid,ok,ok,,zero_length_angle_vector,4b38a74ce55736e7f197e42aeba61399727ea00792e40e895bf41a3d30fe7957,8ae758abcd21dccd1d9a85e13f19ee8a25a8982d8fdf6291b819b9efb8416eb6
10-1-2(3),0,attunet_cl_fixed,42,dominant_path_length,annotation_mask_same_extractor,2345.481456229622,712.3940110268425,-1633.0874452027797,1633.0874452027797,69.62696042065406,valid,ok,ok,,zero_length_angle_vector,0508c3be24e6c021d5aacff3b5010997bb235211f0adc484cda889c0830022b8,30c762a345894140523158b792ed6550d84d5070d645a4b978c3b10a2f8c458b
10-1-2(3),0,attunet_cl_fixed,42,retained_segment_count,annotation_mask_same_extractor,115.0,138.0,23.0,23.0,20.0,valid,ok,ok,,zero_length_angle_vector,0508c3be24e6c021d5aacff3b5010997bb235211f0adc484cda889c0830022b8,30c762a345894140523158b792ed6550d84d5070d645a4b978c3b10a2f8c458b
10-1-2(3),0,attunet_cl_fixed,42,junction_region_count,annotation_mask_same_extractor,84.0,102.0,18.0,18.0,21.428571428571427,valid,ok,ok,,zero_length_angle_vector,0508c3be24e6c021d5aacff3b5010997bb235211f0adc484cda889c0830022b8,30c762a345894140523158b792ed6550d84d5070d645a4b978c3b10a2f8c458b
10-1-2(3),0,attunet_cl_fixed,42,mean_local_acute_angle_deg,annotation_mask_same_extractor,50.491311152922826,49.18421112740896,-1.3071000255138685,1.3071000255138685,2.5887622952691007,valid,ok,ok,,zero_length_angle_vector,0508c3be24e6c021d5aacff3b5010997bb235211f0adc484cda889c0830022b8,30c762a345894140523158b792ed6550d84d5070d645a4b978c3b10a2f8c458b
10-1-3,0,attunet_cl_fixed,42,dominant_path_length,annotation_mask_same_extractor,2813.802307403484,934.555482634331,-1879.246824769153,1879.246824769153,66.78673977289048,valid,ok,ok,,zero_length_angle_vector,2cd8dd3611b047ab44310b595f5423ee107fb5f6bbd6f0ce078f5a1c70656dd8,faea95bfee61f0c1f57c8e3a2b43776df0de0c9c18c48ef5276087de49759bc6
10-1-3,0,attunet_cl_fixed,42,retained_segment_count,annotation_mask_same_extractor,172.0,199.0,27.0,27.0,15.69767441860465,valid,ok,ok,,zero_length_angle_vector,2cd8dd3611b047ab44310b595f5423ee107fb5f6bbd6f0ce078f5a1c70656dd8,faea95bfee61f0c1f57c8e3a2b43776df0de0c9c18c48ef5276087de49759bc6
10-1-3,0,attunet_cl_fixed,42,junction_region_count,annotation_mask_same_extractor,123.0,142.0,19.0,19.0,15.447154471544716,valid,ok,ok,,zero_length_angle_vector,2cd8dd3611b047ab44310b595f5423ee107fb5f6bbd6f0ce078f5a1c70656dd8,faea95bfee61f0c1f57c8e3a2b43776df0de0c9c18c48ef5276087de49759bc6
10-1-3,0,attunet_cl_fixed,42,mean_local_acute_angle_deg,annotation_mask_same_extractor,50.036178890454096,48.186477469752816,-1.84970142070128,1.84970142070128,3.696727971076476,valid,ok,ok,,zero_length_angle_vector,2cd8dd3611b047ab44310b595f5423ee107fb5f6bbd6f0ce078f5a1c70656dd8,faea95bfee61f0c1f57c8e3a2b43776df0de0c9c18c48ef5276087de49759bc6
10-1-9(1),3,attunet_cl_fixed,42,dominant_path_length,annotation_mask_same_extractor,3092.5058428472184,733.8448045156757,-2358.661038331543,2358.661038331543,76.27022092090739,valid,ok,ok,zero_length_angle_vector,zero_length_angle_vector,6bdc1df0f3e1a66f56d545bec926abaf60b6bca31c0f8ea06ad939681c464d8a,d3f9fb214511cd0447b7f5ebda06640c16d25ca0787a32a1e6cd17b81c3e6826
10-1-9(1),3,attunet_cl_fixed,42,retained_segment_count,annotation_mask_same_extractor,106.0,213.0,107.0,107.0,100.9433962264151,valid,ok,ok,zero_length_angle_vector,zero_length_angle_vector,6bdc1df0f3e1a66f56d545bec926abaf60b6bca31c0f8ea06ad939681c464d8a,d3f9fb214511cd0447b7f5ebda06640c16d25ca0787a32a1e6cd17b81c3e6826
10-1-9(1),3,attunet_cl_fixed,42,junction_region_count,annotation_mask_same_extractor,91.0,193.0,102.0,102.0,112.08791208791207,valid,ok,ok,zero_length_angle_vector,zero_length_angle_vector,6bdc1df0f3e1a66f56d545bec926abaf60b6bca31c0f8ea06ad939681c464d8a,d3f9fb214511cd0447b7f5ebda06640c16d25ca0787a32a1e6cd17b81c3e6826
10-1-9(1),3,attunet_cl_fixed,42,mean_local_acute_angle_deg,annotation_mask_same_extractor,62.85401304883498,49.982033050278375,-12.871979998556604,12.871979998556604,20.479169704813607,valid,ok,ok,zero_length_angle_vector,zero_length_angle_vector,6bdc1df0f3e1a66f56d545bec926abaf60b6bca31c0f8ea06ad939681c464d8a,d3f9fb214511cd0447b7f5ebda06640c16d25ca0787a32a1e6cd17b81c3e6826
10-1-9(2),3,attunet_cl_fixed,42,dominant_path_length,annotation_mask_same_extractor,3383.6256838943486,1138.3401871576796,-2245.2854967366693,2245.2854967366693,66.35738425275461,valid,ok,ok,zero_length_angle_vector,zero_length_angle_vector,e68f65f812ffdebb564961ebaea365b072d4546ab06227eea2987e2d586b741c,abab4981f346f97815d329c91f3497588ea1c1da507ce66c2ae08728fdbcd97e
10-1-9(2),3,attunet_cl_fixed,42,retained_segment_count,annotation_mask_same_extractor,71.0,125.0,54.0,54.0,76.05633802816901,valid,ok,ok,zero_length_angle_vector,zero_length_angle_vector,e68f65f812ffdebb564961ebaea365b072d4546ab06227eea2987e2d586b741c,abab4981f346f97815d329c91f3497588ea1c1da507ce66c2ae08728fdbcd97e
10-1-9(2),3,attunet_cl_fixed,42,junction_region_count,annotation_mask_same_extractor,68.0,110.0,42.0,42.0,61.76470588235294,valid,ok,ok,zero_length_angle_vector,zero_length_angle_vector,e68f65f812ffdebb564961ebaea365b072d4546ab06227eea2987e2d586b741c,abab4981f346f97815d329c91f3497588ea1c1da507ce66c2ae08728fdbcd97e
10-1-9(2),3,attunet_cl_fixed,42,mean_local_acute_angle_deg,annotation_mask_same_extractor,74.17544013119233,63.79043332981488,-10.385006801377456,10.385006801377456,14.00060017575864,valid,ok,ok,zero_length_angle_vector,zero_length_angle_vector,e68f65f812ffdebb564961ebaea365b072d4546ab06227eea2987e2d586b741c,abab4981f346f97815d329c91f3497588ea1c1da507ce66c2ae08728fdbcd97e
10-1-9(3),4,attunet_cl_fixed,42,dominant_path_length,annotation_mask_same_extractor,3197.890619158038,765.2152954766515,-2432.6753236813865,2432.6753236813865,76.0712486258169,valid,ok,ok,zero_length_angle_vector,zero_length_angle_vector,a679e2e7ed9fdcb61509a97389dcfc4f21915719e2fb5feb5bf89f66c0d48f13,9111ea865a7169bca0c6f6466b1713917e40eab58518b765e16332c62293934e
10-1-9(3),4,attunet_cl_fixed,42,retained_segment_count,annotation_mask_same_extractor,41.0,200.0,159.0,159.0,387.8048780487805,valid,ok,ok,zero_length_angle_vector,zero_length_angle_vector,a679e2e7ed9fdcb61509a97389dcfc4f21915719e2fb5feb5bf89f66c0d48f13,9111ea865a7169bca0c6f6466b1713917e40eab58518b765e16332c62293934e
10-1-9(3),4,attunet_cl_fixed,42,junction_region_count,annotation_mask_same_extractor,28.0,175.0,147.0,147.0,525.0,valid,ok,ok,zero_length_angle_vector,zero_length_angle_vector,a679e2e7ed9fdcb61509a97389dcfc4f21915719e2fb5feb5bf89f66c0d48f13,9111ea865a7169bca0c6f6466b1713917e40eab58518b765e16332c62293934e
10-1-9(3),4,attunet_cl_fixed,42,mean_local_acute_angle_deg,annotation_mask_same_extractor,72.9003576118845,48.07249760725995,-24.827860004624554,24.827860004624554,34.05725406287585,valid,ok,ok,zero_length_angle_vector,zero_length_angle_vector,a679e2e7ed9fdcb61509a97389dcfc4f21915719e2fb5feb5bf89f66c0d48f13,9111ea865a7169bca0c6f6466b1713917e40eab58518b765e16332c62293934e
10-2-1,0,attunet_cl_fixed,42,dominant_path_length,annotation_mask_same_extractor,3683.691701072309,1966.8784258493083,-1716.8132752230006,1716.8132752230006,46.605780682548506,valid,ok,ok,,,fa084051c73ad9c7523229d0a267965c6c54c6c2f9b135b697a09f5f4d254434,1c55ffdef1a1dd34a7f02b4e35658370c188731859e0df2f69a1806d3201c130
10-2-1,0,attunet_cl_fixed,42,retained_segment_count,annotation_mask_same_extractor,226.0,272.0,46.0,46.0,20.35398230088496,valid,ok,ok,,,fa084051c73ad9c7523229d0a267965c6c54c6c2f9b135b697a09f5f4d254434,1c55ffdef1a1dd34a7f02b4e35658370c188731859e0df2f69a1806d3201c130
10-2-1,0,attunet_cl_fixed,42,junction_region_count,annotation_mask_same_extractor,188.0,219.0,31.0,31.0,16.48936170212766,valid,ok,ok,,,fa084051c73ad9c7523229d0a267965c6c54c6c2f9b135b697a09f5f4d254434,1c55ffdef1a1dd34a7f02b4e35658370c188731859e0df2f69a1806d3201c130
10-2-1,0,attunet_cl_fixed,42,mean_local_acute_angle_deg,annotation_mask_same_extractor,56.550116513732696,48.6666570745012,-7.883459439231501,7.883459439231501,13.940659940668862,valid,ok,ok,,,fa084051c73ad9c7523229d0a267965c6c54c6c2f9b135b697a09f5f4d254434,1c55ffdef1a1dd34a7f02b4e35658370c188731859e0df2f69a1806d3201c130
10-2-2,3,attunet_cl_fixed,42,dominant_path_length,annotation_mask_same_extractor,3768.215654414004,3438.326260745187,-329.8893936688173,329.8893936688173,8.754525322413334,valid,ok,ok,,,888178f6e1d682dbadbaecc08afac163678dd08a3e69f328f11b072009899c8c,e39a04921b1a272138b8c655e547def5d0f6dd97514ff8809ecec2c867911958
10-2-2,3,attunet_cl_fixed,42,retained_segment_count,annotation_mask_same_extractor,329.0,420.0,91.0,91.0,27.659574468085108,valid,ok,ok,,,888178f6e1d682dbadbaecc08afac163678dd08a3e69f328f11b072009899c8c,e39a04921b1a272138b8c655e547def5d0f6dd97514ff8809ecec2c867911958
10-2-2,3,attunet_cl_fixed,42,junction_region_count,annotation_mask_same_extractor,293.0,390.0,97.0,97.0,33.105802047781566,valid,ok,ok,,,888178f6e1d682dbadbaecc08afac163678dd08a3e69f328f11b072009899c8c,e39a04921b1a272138b8c655e547def5d0f6dd97514ff8809ecec2c867911958
10-2-2,3,attunet_cl_fixed,42,mean_local_acute_angle_deg,annotation_mask_same_extractor,59.493993970760265,57.050652204047495,-2.44334176671277,2.44334176671277,4.106871305217142,valid,ok,ok,,,888178f6e1d682dbadbaecc08afac163678dd08a3e69f328f11b072009899c8c,e39a04921b1a272138b8c655e547def5d0f6dd97514ff8809ecec2c867911958
10-2-3,3,attunet_cl_fixed,42,dominant_path_length,annotation_mask_same_extractor,782.7442994522875,623.9676041556488,-158.77669529663865,158.77669529663865,20.28461854116856,valid,ok,ok,,,c128b6196f3a108faac4ed970bea2b3e2ee4f4c0090aafd759b5f39cfd31c0d6,4e735afce94f246aaab384a9849f19bb36b936e64f0b16a49ac8a8465ef64265
10-2-3,3,attunet_cl_fixed,42,retained_segment_count,annotation_mask_same_extractor,27.0,87.0,60.0,60.0,222.22222222222223,valid,ok,ok,,,c128b6196f3a108faac4ed970bea2b3e2ee4f4c0090aafd759b5f39cfd31c0d6,4e735afce94f246aaab384a9849f19bb36b936e64f0b16a49ac8a8465ef64265
10-2-3,3,attunet_cl_fixed,42,junction_region_count,annotation_mask_same_extractor,18.0,78.0,60.0,60.0,333.33333333333337,valid,ok,ok,,,c128b6196f3a108faac4ed970bea2b3e2ee4f4c0090aafd759b5f39cfd31c0d6,4e735afce94f246aaab384a9849f19bb36b936e64f0b16a49ac8a8465ef64265
10-2-3,3,attunet_cl_fixed,42,mean_local_acute_angle_deg,annotation_mask_same_extractor,44.17449818904469,43.783364776449886,-0.3911334125948045,0.3911334125948045,0.8854280832369612,valid,ok,ok,,,c128b6196f3a108faac4ed970bea2b3e2ee4f4c0090aafd759b5f39cfd31c0d6,4e735afce94f246aaab384a9849f19bb36b936e64f0b16a49ac8a8465ef64265
10-2-4,0,attunet_cl_fixed,42,dominant_path_length,annotation_mask_same_extractor,2714.143361112981,1076.707719525827,-1637.4356415871544,1637.4356415871544,60.32974031687463,valid,ok,ok,,zero_length_angle_vector,3c60314b040a032dd526925859d6800fc466b21b8dedb28d643c17c54668bc8b,350718179e459ebf2b8cef2230b693eac7d3a228763a26f2b780d57e8180767b
10-2-4,0,attunet_cl_fixed,42,retained_segment_count,annotation_mask_same_extractor,104.0,129.0,25.0,25.0,24.03846153846154,valid,ok,ok,,zero_length_angle_vector,3c60314b040a032dd526925859d6800fc466b21b8dedb28d643c17c54668bc8b,350718179e459ebf2b8cef2230b693eac7d3a228763a26f2b780d57e8180767b
10-2-4,0,attunet_cl_fixed,42,junction_region_count,annotation_mask_same_extractor,93.0,116.0,23.0,23.0,24.731182795698924,valid,ok,ok,,zero_length_angle_vector,3c60314b040a032dd526925859d6800fc466b21b8dedb28d643c17c54668bc8b,350718179e459ebf2b8cef2230b693eac7d3a228763a26f2b780d57e8180767b
10-2-4,0,attunet_cl_fixed,42,mean_local_acute_angle_deg,annotation_mask_same_extractor,63.03310962332985,49.229220118691245,-13.803889504638605,13.803889504638605,21.89942648732897,valid,ok,ok,,zero_length_angle_vector,3c60314b040a032dd526925859d6800fc466b21b8dedb28d643c17c54668bc8b,350718179e459ebf2b8cef2230b693eac7d3a228763a26f2b780d57e8180767b
10-9-1,2,attunet_cl_fixed,42,dominant_path_length,annotation_mask_same_extractor,2670.711903607907,1956.599205235729,-714.1126983721781,714.1126983721781,26.73866460127997,valid,ok,ok,,,f909c402c7b2db20640a01e33f844ebeccd8ec430131c4fad30fd8305345ea91,e45b69c0b3c4acdd331522bdf045e8dbb7f0fbfeefee76752393964a6fb046aa
10-9-1,2,attunet_cl_fixed,42,retained_segment_count,annotation_mask_same_extractor,60.0,114.0,54.0,54.0,90.0,valid,ok,ok,,,f909c402c7b2db20640a01e33f844ebeccd8ec430131c4fad30fd8305345ea91,e45b69c0b3c4acdd331522bdf045e8dbb7f0fbfeefee76752393964a6fb046aa
10-9-1,2,attunet_cl_fixed,42,junction_region_count,annotation_mask_same_extractor,47.0,120.0,73.0,73.0,155.3191489361702,valid,ok,ok,,,f909c402c7b2db20640a01e33f844ebeccd8ec430131c4fad30fd8305345ea91,e45b69c0b3c4acdd331522bdf045e8dbb7f0fbfeefee76752393964a6fb046aa
10-9-1,2,attunet_cl_fixed,42,mean_local_acute_angle_deg,annotation_mask_same_extractor,45.79801641663758,50.16300739526554,4.364990978627958,4.364990978627958,9.530960771135572,valid,ok,ok,,,f909c402c7b2db20640a01e33f844ebeccd8ec430131c4fad30fd8305345ea91,e45b69c0b3c4acdd331522bdf045e8dbb7f0fbfeefee76752393964a6fb046aa
10-9-2,4,attunet_cl_fixed,42,dominant_path_length,annotation_mask_same_extractor,3136.0378054156918,3216.5495654486126,80.5117600329213,80.5117600329213,2.5673083370960583,valid,ok,ok,,,97a6fbf3a148ba0641a27177bb2768e92fcab2d7f8bf002f6c2735617daf5cf2,36a5f3ef5ab296a63b8c5b16ab8f76714bfa33eb198ca9b945c1fd695171a1b8
10-9-2,4,attunet_cl_fixed,42,retained_segment_count,annotation_mask_same_extractor,222.0,430.0,208.0,208.0,93.69369369369367,valid,ok,ok,,,97a6fbf3a148ba0641a27177bb2768e92fcab2d7f8bf002f6c2735617daf5cf2,36a5f3ef5ab296a63b8c5b16ab8f76714bfa33eb198ca9b945c1fd695171a1b8
10-9-2,4,attunet_cl_fixed,42,junction_region_count,annotation_mask_same_extractor,205.0,379.0,174.0,174.0,84.8780487804878,valid,ok,ok,,,97a6fbf3a148ba0641a27177bb2768e92fcab2d7f8bf002f6c2735617daf5cf2,36a5f3ef5ab296a63b8c5b16ab8f76714bfa33eb198ca9b945c1fd695171a1b8
10-9-2,4,attunet_cl_fixed,42,mean_local_acute_angle_deg,annotation_mask_same_extractor,60.53394064128271,49.44974409200395,-11.084196549278758,11.084196549278758,18.31071367873183,valid,ok,ok,,,97a6fbf3a148ba0641a27177bb2768e92fcab2d7f8bf002f6c2735617daf5cf2,36a5f3ef5ab296a63b8c5b16ab8f76714bfa33eb198ca9b945c1fd695171a1b8
10-9-3,0,attunet_cl_fixed,42,dominant_path_length,annotation_mask_same_extractor,3235.23794899067,2191.412480458811,-1043.8254685318589,1043.8254685318589,32.26425644696433,valid,ok,ok,zero_length_angle_vector,zero_length_angle_vector,a23e4c9ae8b5cd333c9ee04c6a4a84de25c4388307e8463b068e3f8f45f8c58d,1c6f17382896ea045382d691852f7d833602185e9ab2cc054601617db959bd59
10-9-3,0,attunet_cl_fixed,42,retained_segment_count,annotation_mask_same_extractor,102.0,170.0,68.0,68.0,66.66666666666666,valid,ok,ok,zero_length_angle_vector,zero_length_angle_vector,a23e4c9ae8b5cd333c9ee04c6a4a84de25c4388307e8463b068e3f8f45f8c58d,1c6f17382896ea045382d691852f7d833602185e9ab2cc054601617db959bd59
10-9-3,0,attunet_cl_fixed,42,junction_region_count,annotation_mask_same_extractor,94.0,142.0,48.0,48.0,51.06382978723404,valid,ok,ok,zero_length_angle_vector,zero_length_angle_vector,a23e4c9ae8b5cd333c9ee04c6a4a84de25c4388307e8463b068e3f8f45f8c58d,1c6f17382896ea045382d691852f7d833602185e9ab2cc054601617db959bd59
10-9-3,0,attunet_cl_fixed,42,mean_local_acute_angle_deg,annotation_mask_same_extractor,62.02962831732245,58.07739537161816,-3.9522329457042886,3.9522329457042886,6.371524468091298,valid,ok,ok,zero_length_angle_vector,zero_length_angle_vector,a23e4c9ae8b5cd333c9ee04c6a4a84de25c4388307e8463b068e3f8f45f8c58d,1c6f17382896ea045382d691852f7d833602185e9ab2cc054601617db959bd59
10-9-4,2,attunet_cl_fixed,42,dominant_path_length,annotation_mask_same_extractor,3795.486865800912,1773.2022356160585,-2022.2846301848533,2022.2846301848533,53.28129701637414,valid,ok,ok,,zero_length_angle_vector,775edf7906167ea9e9ba868605a76fc739ed5aa32d5a1c9e3ec9a9a84e402ead,104fddb79845164f727184ea5565c70704ce37039d48aab78ad01ac59100df48
10-9-4,2,attunet_cl_fixed,42,retained_segment_count,annotation_mask_same_extractor,82.0,188.0,106.0,106.0,129.26829268292684,valid,ok,ok,,zero_length_angle_vector,775edf7906167ea9e9ba868605a76fc739ed5aa32d5a1c9e3ec9a9a84e402ead,104fddb79845164f727184ea5565c70704ce37039d48aab78ad01ac59100df48
10-9-4,2,attunet_cl_fixed,42,junction_region_count,annotation_mask_same_extractor,63.0,180.0,117.0,117.0,185.7142857142857,valid,ok,ok,,zero_length_angle_vector,775edf7906167ea9e9ba868605a76fc739ed5aa32d5a1c9e3ec9a9a84e402ead,104fddb79845164f727184ea5565c70704ce37039d48aab78ad01ac59100df48
10-9-4,2,attunet_cl_fixed,42,mean_local_acute_angle_deg,annotation_mask_same_extractor,43.610163723088185,48.35296580944072,4.742802086352533,4.742802086352533,10.875451228452023,valid,ok,ok,,zero_length_angle_vector,775edf7906167ea9e9ba868605a76fc739ed5aa32d5a1c9e3ec9a9a84e402ead,104fddb79845164f727184ea5565c70704ce37039d48aab78ad01ac59100df48
235-10-11(1),3,attunet_cl_fixed,42,dominant_path_length,annotation_mask_same_extractor,2994.397328557098,1445.8834764831904,-1548.5138520739074,1548.5138520739074,51.71370670505125,valid,ok,ok,,zero_length_angle_vector,9d52d033268cd4a5d237049ac4f43033746bfe49685933fe46cc01355c7ffcc7,9287d425dc5e792b89e80d5d65d57c68217f16135bcca72836660e41b1254d2b
235-10-11(1),3,attunet_cl_fixed,42,retained_segment_count,annotation_mask_same_extractor,39.0,214.0,175.0,175.0,448.71794871794873,valid,ok,ok,,zero_length_angle_vector,9d52d033268cd4a5d237049ac4f43033746bfe49685933fe46cc01355c7ffcc7,9287d425dc5e792b89e80d5d65d57c68217f16135bcca72836660e41b1254d2b
235-10-11(1),3,attunet_cl_fixed,42,junction_region_count,annotation_mask_same_extractor,31.0,186.0,155.0,155.0,500.0,valid,ok,ok,,zero_length_angle_vector,9d52d033268cd4a5d237049ac4f43033746bfe49685933fe46cc01355c7ffcc7,9287d425dc5e792b89e80d5d65d57c68217f16135bcca72836660e41b1254d2b
235-10-11(1),3,attunet_cl_fixed,42,mean_local_acute_angle_deg,annotation_mask_same_extractor,53.361302278251465,50.008722949357214,-3.352579328894251,3.352579328894251,6.282791434534884,valid,ok,ok,,zero_length_angle_vector,9d52d033268cd4a5d237049ac4f43033746bfe49685933fe46cc01355c7ffcc7,9287d425dc5e792b89e80d5d65d57c68217f16135bcca72836660e41b1254d2b
235-10-11(2),1,attunet_cl_fixed,42,dominant_path_length,annotation_mask_same_extractor,2805.9057710597435,748.4406922210677,-2057.465078838676,2057.465078838676,73.3262356868672,valid,ok,ok,,zero_length_angle_vector,5b712c674961fc82b6cbf219207fe1d3e1b0be3e2a6b4ba1f8eea53b3cdecde8,46bf129f2578717812c47f72ee8bbbacf9d2bcd64d390e3a5fab47ae67fc1236
235-10-11(2),1,attunet_cl_fixed,42,retained_segment_count,annotation_mask_same_extractor,44.0,202.0,158.0,158.0,359.09090909090907,valid,ok,ok,,zero_length_angle_vector,5b712c674961fc82b6cbf219207fe1d3e1b0be3e2a6b4ba1f8eea53b3cdecde8,46bf129f2578717812c47f72ee8bbbacf9d2bcd64d390e3a5fab47ae67fc1236
235-10-11(2),1,attunet_cl_fixed,42,junction_region_count,annotation_mask_same_extractor,32.0,230.0,198.0,198.0,618.75,valid,ok,ok,,zero_length_angle_vector,5b712c674961fc82b6cbf219207fe1d3e1b0be3e2a6b4ba1f8eea53b3cdecde8,46bf129f2578717812c47f72ee8bbbacf9d2bcd64d390e3a5fab47ae67fc1236
235-10-11(2),1,attunet_cl_fixed,42,mean_local_acute_angle_deg,annotation_mask_same_extractor,43.25362958365755,46.07421286350898,2.8205832798514336,2.8205832798514336,6.521032586169671,valid,ok,ok,,zero_length_angle_vector,5b712c674961fc82b6cbf219207fe1d3e1b0be3e2a6b4ba1f8eea53b3cdecde8,46bf129f2578717812c47f72ee8bbbacf9d2bcd64d390e3a5fab47ae67fc1236
235-10-11(3),1,attunet_cl_fixed,42,dominant_path_length,annotation_mask_same_extractor,3903.799348810616,1397.981889505524,-2505.817459305092,2505.817459305092,64.18919712327295,valid,ok,ok,zero_length_angle_vector,zero_length_angle_vector,fa60085f010979fe70bd85f42f583537392b69473bae643033aaace4f1bfd685,84b10ecc4d22db3a6c475017c9f6e9dcd7890f4b5cb1504368b5dd1a229d0ac0
235-10-11(3),1,attunet_cl_fixed,42,retained_segment_count,annotation_mask_same_extractor,195.0,482.0,287.0,287.0,147.17948717948718,valid,ok,ok,zero_length_angle_vector,zero_length_angle_vector,fa60085f010979fe70bd85f42f583537392b69473bae643033aaace4f1bfd685,84b10ecc4d22db3a6c475017c9f6e9dcd7890f4b5cb1504368b5dd1a229d0ac0
235-10-11(3),1,attunet_cl_fixed,42,junction_region_count,annotation_mask_same_extractor,171.0,485.0,314.0,314.0,183.62573099415204,valid,ok,ok,zero_length_angle_vector,zero_length_angle_vector,fa60085f010979fe70bd85f42f583537392b69473bae643033aaace4f1bfd685,84b10ecc4d22db3a6c475017c9f6e9dcd7890f4b5cb1504368b5dd1a229d0ac0
235-10-11(3),1,attunet_cl_fixed,42,mean_local_acute_angle_deg,annotation_mask_same_extractor,59.57250840324565,47.6573322699831,-11.915176133262548,11.915176133262548,20.001132154128637,valid,ok,ok,zero_length_angle_vector,zero_length_angle_vector,fa60085f010979fe70bd85f42f583537392b69473bae643033aaace4f1bfd685,84b10ecc4d22db3a6c475017c9f6e9dcd7890f4b5cb1504368b5dd1a229d0ac0
235-10-12(1),4,attunet_cl_fixed,42,dominant_path_length,annotation_mask_same_extractor,2001.4427842621224,2108.609306503493,107.16652224137056,107.16652224137056,5.354463444273774,valid,ok,ok,,zero_length_angle_vector,18b9363d37a62a519d147178d26a24d6b4b802b892db690b5190ad39f8a39884,b85ed839e1c54e9e4387787b4237f9363603b3fb7399883d40256365c08caa0c
235-10-12(1),4,attunet_cl_fixed,42,retained_segment_count,annotation_mask_same_extractor,134.0,154.0,20.0,20.0,14.925373134328357,valid,ok,ok,,zero_length_angle_vector,18b9363d37a62a519d147178d26a24d6b4b802b892db690b5190ad39f8a39884,b85ed839e1c54e9e4387787b4237f9363603b3fb7399883d40256365c08caa0c
235-10-12(1),4,attunet_cl_fixed,42,junction_region_count,annotation_mask_same_extractor,112.0,147.0,35.0,35.0,31.25,valid,ok,ok,,zero_length_angle_vector,18b9363d37a62a519d147178d26a24d6b4b802b892db690b5190ad39f8a39884,b85ed839e1c54e9e4387787b4237f9363603b3fb7399883d40256365c08caa0c
235-10-12(1),4,attunet_cl_fixed,42,mean_local_acute_angle_deg,annotation_mask_same_extractor,53.181513697065846,53.20204419933791,0.0205305022720665,0.0205305022720665,0.038604584271544,valid,ok,ok,,zero_length_angle_vector,18b9363d37a62a519d147178d26a24d6b4b802b892db690b5190ad39f8a39884,b85ed839e1c54e9e4387787b4237f9363603b3fb7399883d40256365c08caa0c
235-10-12(2),0,attunet_cl_fixed,42,dominant_path_length,annotation_mask_same_extractor,3327.9141392239435,1737.983981546579,-1589.9301576773646,1589.9301576773646,47.775576266764205,valid,ok,ok,,zero_length_angle_vector,3f320f9a413c704ff148c35538663d08b34fdafa0044a66241f691b28db5db7b,160f43d63810e37d30054d57660c48c817f9c99cd8fd3caf8749cde9d12a1be8
235-10-12(2),0,attunet_cl_fixed,42,retained_segment_count,annotation_mask_same_extractor,98.0,133.0,35.0,35.0,35.714285714285715,valid,ok,ok,,zero_length_angle_vector,3f320f9a413c704ff148c35538663d08b34fdafa0044a66241f691b28db5db7b,160f43d63810e37d30054d57660c48c817f9c99cd8fd3caf8749cde9d12a1be8
235-10-12(2),0,attunet_cl_fixed,42,junction_region_count,annotation_mask_same_extractor,79.0,130.0,51.0,51.0,64.55696202531645,valid,ok,ok,,zero_length_angle_vector,3f320f9a413c704ff148c35538663d08b34fdafa0044a66241f691b28db5db7b,160f43d63810e37d30054d57660c48c817f9c99cd8fd3caf8749cde9d12a1be8
235-10-12(2),0,attunet_cl_fixed,42,mean_local_acute_angle_deg,annotation_mask_same_extractor,62.31932305515474,52.26669364373448,-10.052629411420265,10.052629411420265,16.13083858841557,valid,ok,ok,,zero_length_angle_vector,3f320f9a413c704ff148c35538663d08b34fdafa0044a66241f691b28db5db7b,160f43d63810e37d30054d57660c48c817f9c99cd8fd3caf8749cde9d12a1be8
235-10-12(3),1,attunet_cl_fixed,42,dominant_path_length,annotation_mask_same_extractor,3338.9221484506097,1241.9919907732894,-2096.9301576773205,2096.9301576773205,62.80260708235974,valid,ok,ok,zero_length_angle_vector,zero_length_angle_vector,06cb03ea2bad65c89fe30627bf1d69fb7bd50a7bc6f48ee697c5830e39ef08b3,7fc3f12a45fe0ba49d57ca5a10d6cff2ba5ef8ba141048db2df327f5c5a80d87
235-10-12(3),1,attunet_cl_fixed,42,retained_segment_count,annotation_mask_same_extractor,248.0,530.0,282.0,282.0,113.70967741935485,valid,ok,ok,zero_length_angle_vector,zero_length_angle_vector,06cb03ea2bad65c89fe30627bf1d69fb7bd50a7bc6f48ee697c5830e39ef08b3,7fc3f12a45fe0ba49d57ca5a10d6cff2ba5ef8ba141048db2df327f5c5a80d87
235-10-12(3),1,attunet_cl_fixed,42,junction_region_count,annotation_mask_same_extractor,210.0,581.0,371.0,371.0,176.66666666666666,valid,ok,ok,zero_length_angle_vector,zero_length_angle_vector,06cb03ea2bad65c89fe30627bf1d69fb7bd50a7bc6f48ee697c5830e39ef08b3,7fc3f12a45fe0ba49d57ca5a10d6cff2ba5ef8ba141048db2df327f5c5a80d87
235-10-12(3),1,attunet_cl_fixed,42,mean_local_acute_angle_deg,annotation_mask_same_extractor,56.12825058978015,45.50298287141935,-10.625267718360805,10.625267718360805,18.930338299721488,valid,ok,ok,zero_length_angle_vector,zero_length_angle_vector,06cb03ea2bad65c89fe30627bf1d69fb7bd50a7bc6f48ee697c5830e39ef08b3,7fc3f12a45fe0ba49d57ca5a10d6cff2ba5ef8ba141048db2df327f5c5a80d87
235-25-6(1),2,attunet_cl_fixed,42,dominant_path_length,annotation_mask_same_extractor,2364.349421873661,1360.9474016201189,-1003.402020253542,1003.402020253542,42.43882105456234,valid,ok,ok,,zero_length_angle_vector,81d217e87b63701eb36c3a0b141a738b1f3dd596f793222514893c0a771fc94d,74594bc44a6192d71ebdf055ee1214eb38638461c05f88512cc1d82ee38d82ff
235-25-6(1),2,attunet_cl_fixed,42,retained_segment_count,annotation_mask_same_extractor,27.0,79.0,52.0,52.0,192.59259259259255,valid,ok,ok,,zero_length_angle_vector,81d217e87b63701eb36c3a0b141a738b1f3dd596f793222514893c0a771fc94d,74594bc44a6192d71ebdf055ee1214eb38638461c05f88512cc1d82ee38d82ff
235-25-6(1),2,attunet_cl_fixed,42,junction_region_count,annotation_mask_same_extractor,21.0,71.0,50.0,50.0,238.0952380952381,valid,ok,ok,,zero_length_angle_vector,81d217e87b63701eb36c3a0b141a738b1f3dd596f793222514893c0a771fc94d,74594bc44a6192d71ebdf055ee1214eb38638461c05f88512cc1d82ee38d82ff
235-25-6(1),2,attunet_cl_fixed,42,mean_local_acute_angle_deg,annotation_mask_same_extractor,63.4461979910307,52.80419625786737,-10.642001733163331,10.642001733163331,16.77326943163368,valid,ok,ok,,zero_length_angle_vector,81d217e87b63701eb36c3a0b141a738b1f3dd596f793222514893c0a771fc94d,74594bc44a6192d71ebdf055ee1214eb38638461c05f88512cc1d82ee38d82ff
235-25-6(2),4,attunet_cl_fixed,42,dominant_path_length,annotation_mask_same_extractor,1377.430590953303,883.050865276335,-494.379725676968,494.379725676968,35.89144374489416,valid,ok,ok,,zero_length_angle_vector,07fd844e7f853a14fb82235228caf5997075e001697d881b5a753f8be11ad9ff,1a882b8b1f39d23dc5b8e69adc4b4abf435638d2b52b79b03389caa064c832d7
235-25-6(2),4,attunet_cl_fixed,42,retained_segment_count,annotation_mask_same_extractor,90.0,130.0,40.0,40.0,44.44444444444444,valid,ok,ok,,zero_length_angle_vector,07fd844e7f853a14fb82235228caf5997075e001697d881b5a753f8be11ad9ff,1a882b8b1f39d23dc5b8e69adc4b4abf435638d2b52b79b03389caa064c832d7
235-25-6(2),4,attunet_cl_fixed,42,junction_region_count,annotation_mask_same_extractor,63.0,114.0,51.0,51.0,80.95238095238095,valid,ok,ok,,zero_length_angle_vector,07fd844e7f853a14fb82235228caf5997075e001697d881b5a753f8be11ad9ff,1a882b8b1f39d23dc5b8e69adc4b4abf435638d2b52b79b03389caa064c832d7
235-25-6(2),4,attunet_cl_fixed,42,mean_local_acute_angle_deg,annotation_mask_same_extractor,48.93734100767138,50.90176821504278,1.9644272073714009,1.9644272073714009,4.014168254592048,valid,ok,ok,,zero_length_angle_vector,07fd844e7f853a14fb82235228caf5997075e001697d881b5a753f8be11ad9ff,1a882b8b1f39d23dc5b8e69adc4b4abf435638d2b52b79b03389caa064c832d7
235-25-7(1),2,attunet_cl_fixed,42,dominant_path_length,annotation_mask_same_extractor,2998.8439379638457,2101.7829714197987,-897.060966544047,897.060966544047,29.91355952831388,valid,ok,ok,,,7497c2c9ff553aa7c2dd4141a59b027c8c75f67dc2bccba4cc857927d6dbf16d,9287a9b8cb1ecf4052275dfc3209ffd8b4ded39af73c4c88b05d8214c55eedde
235-25-7(1),2,attunet_cl_fixed,42,retained_segment_count,annotation_mask_same_extractor,230.0,233.0,3.0,3.0,1.3043478260869563,valid,ok,ok,,,7497c2c9ff553aa7c2dd4141a59b027c8c75f67dc2bccba4cc857927d6dbf16d,9287a9b8cb1ecf4052275dfc3209ffd8b4ded39af73c4c88b05d8214c55eedde
235-25-7(1),2,attunet_cl_fixed,42,junction_region_count,annotation_mask_same_extractor,208.0,222.0,14.0,14.0,6.730769230769231,valid,ok,ok,,,7497c2c9ff553aa7c2dd4141a59b027c8c75f67dc2bccba4cc857927d6dbf16d,9287a9b8cb1ecf4052275dfc3209ffd8b4ded39af73c4c88b05d8214c55eedde
235-25-7(1),2,attunet_cl_fixed,42,mean_local_acute_angle_deg,annotation_mask_same_extractor,56.8053052093956,49.01839478709768,-7.786910422297922,7.786910422297922,13.708068979814172,valid,ok,ok,,,7497c2c9ff553aa7c2dd4141a59b027c8c75f67dc2bccba4cc857927d6dbf16d,9287a9b8cb1ecf4052275dfc3209ffd8b4ded39af73c4c88b05d8214c55eedde
235-25-7(2),2,attunet_cl_fixed,42,dominant_path_length,annotation_mask_same_extractor,1249.092495836678,1225.513852073988,-23.578643762689808,23.578643762689808,1.887661949877952,valid,ok,ok,,zero_length_angle_vector,2131528edadfa652c430e59c756f4b7a69ff50f6d858967b29f0984a2a5a1f3d,f0d4db6dc69f3d3e76c94f7abceaf9044f558dde29eb018c3ae48124ff3ff38b
235-25-7(2),2,attunet_cl_fixed,42,retained_segment_count,annotation_mask_same_extractor,94.0,140.0,46.0,46.0,48.93617021276596,valid,ok,ok,,zero_length_angle_vector,2131528edadfa652c430e59c756f4b7a69ff50f6d858967b29f0984a2a5a1f3d,f0d4db6dc69f3d3e76c94f7abceaf9044f558dde29eb018c3ae48124ff3ff38b
235-25-7(2),2,attunet_cl_fixed,42,junction_region_count,annotation_mask_same_extractor,74.0,128.0,54.0,54.0,72.97297297297297,valid,ok,ok,,zero_length_angle_vector,2131528edadfa652c430e59c756f4b7a69ff50f6d858967b29f0984a2a5a1f3d,f0d4db6dc69f3d3e76c94f7abceaf9044f558dde29eb018c3ae48124ff3ff38b
235-25-7(2),2,attunet_cl_fixed,42,mean_local_acute_angle_deg,annotation_mask_same_extractor,51.18427192297171,47.68707030196657,-3.4972016210051398,3.4972016210051398,6.832570806649652,valid,ok,ok,,zero_length_angle_vector,2131528edadfa652c430e59c756f4b7a69ff50f6d858967b29f0984a2a5a1f3d,f0d4db6dc69f3d3e76c94f7abceaf9044f558dde29eb018c3ae48124ff3ff38b
235-25-7(3),2,attunet_cl_fixed,42,dominant_path_length,annotation_mask_same_extractor,3042.988165628605,1209.2051942088858,-1833.7829714197196,1833.7829714197196,60.262573221046544,valid,ok,ok,zero_length_angle_vector,zero_length_angle_vector,2c8b120debe12fd303a7f06497770c03ad10375f80aac91a1feeabe828c5d6e3,bd628381c3d785e70fbe225a1e6006e5699a7b29354a997d30f346998777ca90
235-25-7(3),2,attunet_cl_fixed,42,retained_segment_count,annotation_mask_same_extractor,86.0,158.0,72.0,72.0,83.72093023255815,valid,ok,ok,zero_length_angle_vector,zero_length_angle_vector,2c8b120debe12fd303a7f06497770c03ad10375f80aac91a1feeabe828c5d6e3,bd628381c3d785e70fbe225a1e6006e5699a7b29354a997d30f346998777ca90
235-25-7(3),2,attunet_cl_fixed,42,junction_region_count,annotation_mask_same_extractor,69.0,154.0,85.0,85.0,123.18840579710144,valid,ok,ok,zero_length_angle_vector,zero_length_angle_vector,2c8b120debe12fd303a7f06497770c03ad10375f80aac91a1feeabe828c5d6e3,bd628381c3d785e70fbe225a1e6006e5699a7b29354a997d30f346998777ca90
235-25-7(3),2,attunet_cl_fixed,42,mean_local_acute_angle_deg,annotation_mask_same_extractor,40.34148473985392,54.62703113776467,14.28554639791075,14.28554639791075,35.41155336753845,valid,ok,ok,zero_length_angle_vector,zero_length_angle_vector,2c8b120debe12fd303a7f06497770c03ad10375f80aac91a1feeabe828c5d6e3,bd628381c3d785e70fbe225a1e6006e5699a7b29354a997d30f346998777ca90
235-25-9(1),4,attunet_cl_fixed,42,dominant_path_length,annotation_mask_same_extractor,3126.4490603852128,958.1757569573632,-2168.273303427849,2168.273303427849,69.35258696204998,valid,ok,ok,,zero_length_angle_vector,a44aabe48936de7e267908875859f9c440963c013122db96ca7e12819915e47a,70c61ebbd48247dc5c6e75ed3beb4131a1f423f80b25329e688d4245ed1f3590
235-25-9(1),4,attunet_cl_fixed,42,retained_segment_count,annotation_mask_same_extractor,81.0,171.0,90.0,90.0,111.11111111111111,valid,ok,ok,,zero_length_angle_vector,a44aabe48936de7e267908875859f9c440963c013122db96ca7e12819915e47a,70c61ebbd48247dc5c6e75ed3beb4131a1f423f80b25329e688d4245ed1f3590
235-25-9(1),4,attunet_cl_fixed,42,junction_region_count,annotation_mask_same_extractor,71.0,177.0,106.0,106.0,149.29577464788733,valid,ok,ok,,zero_length_angle_vector,a44aabe48936de7e267908875859f9c440963c013122db96ca7e12819915e47a,70c61ebbd48247dc5c6e75ed3beb4131a1f423f80b25329e688d4245ed1f3590
235-25-9(1),4,attunet_cl_fixed,42,mean_local_acute_angle_deg,annotation_mask_same_extractor,56.36650915301412,49.88862048101981,-6.4778886719943145,6.4778886719943145,11.492442532513865,valid,ok,ok,,zero_length_angle_vector,a44aabe48936de7e267908875859f9c440963c013122db96ca7e12819915e47a,70c61ebbd48247dc5c6e75ed3beb4131a1f423f80b25329e688d4245ed1f3590
235-25-9(2),4,attunet_cl_fixed,42,dominant_path_length,annotation_mask_same_extractor,1133.901586977666,804.5239533417533,-329.3776336359128,329.3776336359128,29.04816762042334,valid,ok,ok,,zero_length_angle_vector,078e2f40e0375f4163f04a89f798c84e04ad144ea99252428ef60b382a208150,c29d91a7a9bf4cab1f133d614067132e97cf36037886d454106888a9cee92fbd
235-25-9(2),4,attunet_cl_fixed,42,retained_segment_count,annotation_mask_same_extractor,72.0,82.0,10.0,10.0,13.88888888888889,valid,ok,ok,,zero_length_angle_vector,078e2f40e0375f4163f04a89f798c84e04ad144ea99252428ef60b382a208150,c29d91a7a9bf4cab1f133d614067132e97cf36037886d454106888a9cee92fbd
235-25-9(2),4,attunet_cl_fixed,42,junction_region_count,annotation_mask_same_extractor,58.0,77.0,19.0,19.0,32.758620689655174,valid,ok,ok,,zero_length_angle_vector,078e2f40e0375f4163f04a89f798c84e04ad144ea99252428ef60b382a208150,c29d91a7a9bf4cab1f133d614067132e97cf36037886d454106888a9cee92fbd
235-25-9(2),4,attunet_cl_fixed,42,mean_local_acute_angle_deg,annotation_mask_same_extractor,48.80355339734289,51.6032589403582,2.799705543015314,2.799705543015314,5.7366838029620695,valid,ok,ok,,zero_length_angle_vector,078e2f40e0375f4163f04a89f798c84e04ad144ea99252428ef60b382a208150,c29d91a7a9bf4cab1f133d614067132e97cf36037886d454106888a9cee92fbd
235-25-9(3),1,attunet_cl_fixed,42,dominant_path_length,annotation_mask_same_extractor,3014.99617485532,1032.3961030678972,-1982.6000717874224,1982.6000717874224,65.75796308871142,valid,ok,ok,,,04c79fb7e355280d60cd560ee7fce5e6be4db79fc76c2cc62ba5beb9dc7281f5,1283037e3cec5a3c11ed68d8e2b4f8d5d6cb18d83fff8709b89e9c5610e57e39
235-25-9(3),1,attunet_cl_fixed,42,retained_segment_count,annotation_mask_same_extractor,162.0,243.0,81.0,81.0,50.0,valid,ok,ok,,,04c79fb7e355280d60cd560ee7fce5e6be4db79fc76c2cc62ba5beb9dc7281f5,1283037e3cec5a3c11ed68d8e2b4f8d5d6cb18d83fff8709b89e9c5610e57e39
235-25-9(3),1,attunet_cl_fixed,42,junction_region_count,annotation_mask_same_extractor,148.0,221.0,73.0,73.0,49.32432432432432,valid,ok,ok,,,04c79fb7e355280d60cd560ee7fce5e6be4db79fc76c2cc62ba5beb9dc7281f5,1283037e3cec5a3c11ed68d8e2b4f8d5d6cb18d83fff8709b89e9c5610e57e39
235-25-9(3),1,attunet_cl_fixed,42,mean_local_acute_angle_deg,annotation_mask_same_extractor,63.95431651066043,46.24503775349887,-17.709278757161563,17.709278757161563,27.69051367191085,valid,ok,ok,,,04c79fb7e355280d60cd560ee7fce5e6be4db79fc76c2cc62ba5beb9dc7281f5,1283037e3cec5a3c11ed68d8e2b4f8d5d6cb18d83fff8709b89e9c5610e57e39
447-1-1,1,attunet_cl_fixed,42,dominant_path_length,annotation_mask_same_extractor,3911.385135248214,2506.3981951089163,-1404.9869401392975,1404.9869401392975,35.92044484389896,valid,ok,ok,,zero_length_angle_vector,67a3ba2f50251e390c617a86eba391a70dc650351761a8b7c955b3e97cd90123,9f5fee946f59b30cdfe2732f870951ecc247f04c2431bd1e13bcd15de1ab1728
447-1-1,1,attunet_cl_fixed,42,retained_segment_count,annotation_mask_same_extractor,293.0,444.0,151.0,151.0,51.5358361774744,valid,ok,ok,,zero_length_angle_vector,67a3ba2f50251e390c617a86eba391a70dc650351761a8b7c955b3e97cd90123,9f5fee946f59b30cdfe2732f870951ecc247f04c2431bd1e13bcd15de1ab1728
447-1-1,1,attunet_cl_fixed,42,junction_region_count,annotation_mask_same_extractor,271.0,475.0,204.0,204.0,75.27675276752768,valid,ok,ok,,zero_length_angle_vector,67a3ba2f50251e390c617a86eba391a70dc650351761a8b7c955b3e97cd90123,9f5fee946f59b30cdfe2732f870951ecc247f04c2431bd1e13bcd15de1ab1728
447-1-1,1,attunet_cl_fixed,42,mean_local_acute_angle_deg,annotation_mask_same_extractor,61.7061773985382,54.31969087602116,-7.386486522517032,7.386486522517032,11.970416632374342,valid,ok,ok,,zero_length_angle_vector,67a3ba2f50251e390c617a86eba391a70dc650351761a8b7c955b3e97cd90123,9f5fee946f59b30cdfe2732f870951ecc247f04c2431bd1e13bcd15de1ab1728
447-1-1(1),1,attunet_cl_fixed,42,dominant_path_length,annotation_mask_same_extractor,3219.268252793949,867.2203461105339,-2352.047906683415,2352.047906683415,73.06156933775593,valid,ok,ok,,zero_length_angle_vector,0d1ba7e5e04b19e049d833c898b8b5dfd329ae106055ed93825b5e45ffe6aa84,e452ef6eff3ac8507f57752e7ed398d3b8557df18507591d4ebe183c9c182529
447-1-1(1),1,attunet_cl_fixed,42,retained_segment_count,annotation_mask_same_extractor,138.0,222.0,84.0,84.0,60.86956521739131,valid,ok,ok,,zero_length_angle_vector,0d1ba7e5e04b19e049d833c898b8b5dfd329ae106055ed93825b5e45ffe6aa84,e452ef6eff3ac8507f57752e7ed398d3b8557df18507591d4ebe183c9c182529
447-1-1(1),1,attunet_cl_fixed,42,junction_region_count,annotation_mask_same_extractor,130.0,217.0,87.0,87.0,66.92307692307692,valid,ok,ok,,zero_length_angle_vector,0d1ba7e5e04b19e049d833c898b8b5dfd329ae106055ed93825b5e45ffe6aa84,e452ef6eff3ac8507f57752e7ed398d3b8557df18507591d4ebe183c9c182529
447-1-1(1),1,attunet_cl_fixed,42,mean_local_acute_angle_deg,annotation_mask_same_extractor,67.79905715669001,50.38893554042401,-17.410121616266004,17.410121616266004,25.67900255018233,valid,ok,ok,,zero_length_angle_vector,0d1ba7e5e04b19e049d833c898b8b5dfd329ae106055ed93825b5e45ffe6aa84,e452ef6eff3ac8507f57752e7ed398d3b8557df18507591d4ebe183c9c182529
7-1-3(1),4,attunet_cl_fixed,42,dominant_path_length,annotation_mask_same_extractor,3591.411613906912,2099.391052434012,-1492.0205614728998,1492.0205614728998,41.54412587227248,valid,ok,ok,,zero_length_angle_vector,bba8ccc94987683932ee1142fbfdf5f18f0e90a532fe1e011e5e0387316a0102,1bff1188697cc6499060b02ac8a4367e1265bdd81f2dce3d5b9c34f181db6058
7-1-3(1),4,attunet_cl_fixed,42,retained_segment_count,annotation_mask_same_extractor,415.0,515.0,100.0,100.0,24.09638554216868,valid,ok,ok,,zero_length_angle_vector,bba8ccc94987683932ee1142fbfdf5f18f0e90a532fe1e011e5e0387316a0102,1bff1188697cc6499060b02ac8a4367e1265bdd81f2dce3d5b9c34f181db6058
7-1-3(1),4,attunet_cl_fixed,42,junction_region_count,annotation_mask_same_extractor,370.0,481.0,111.0,111.0,30.0,valid,ok,ok,,zero_length_angle_vector,bba8ccc94987683932ee1142fbfdf5f18f0e90a532fe1e011e5e0387316a0102,1bff1188697cc6499060b02ac8a4367e1265bdd81f2dce3d5b9c34f181db6058
7-1-3(1),4,attunet_cl_fixed,42,mean_local_acute_angle_deg,annotation_mask_same_extractor,52.19068191429416,47.39299861906972,-4.797683295224445,4.797683295224445,9.192605115033835,valid,ok,ok,,zero_length_angle_vector,bba8ccc94987683932ee1142fbfdf5f18f0e90a532fe1e011e5e0387316a0102,1bff1188697cc6499060b02ac8a4367e1265bdd81f2dce3d5b9c34f181db6058
7-1-3(2),4,attunet_cl_fixed,42,dominant_path_length,annotation_mask_same_extractor,2479.356564548581,2255.3321779309526,-224.02438661762835,224.02438661762835,9.03558567657721,valid,ok,ok,,zero_length_angle_vector,28862657685f711ee260dae48d326375279a0325e0e0c82a6692a9516004f3bb,f2ee05166fcae8c7add2a209805d759bfac904e691195151d99893408edccd2a
7-1-3(2),4,attunet_cl_fixed,42,retained_segment_count,annotation_mask_same_extractor,239.0,241.0,2.0,2.0,0.8368200836820083,valid,ok,ok,,zero_length_angle_vector,28862657685f711ee260dae48d326375279a0325e0e0c82a6692a9516004f3bb,f2ee05166fcae8c7add2a209805d759bfac904e691195151d99893408edccd2a
7-1-3(2),4,attunet_cl_fixed,42,junction_region_count,annotation_mask_same_extractor,201.0,211.0,10.0,10.0,4.975124378109453,valid,ok,ok,,zero_length_angle_vector,28862657685f711ee260dae48d326375279a0325e0e0c82a6692a9516004f3bb,f2ee05166fcae8c7add2a209805d759bfac904e691195151d99893408edccd2a
7-1-3(2),4,attunet_cl_fixed,42,mean_local_acute_angle_deg,annotation_mask_same_extractor,52.02063707468777,45.8434623759595,-6.1771746987282725,6.1771746987282725,11.874469529966532,valid,ok,ok,,zero_length_angle_vector,28862657685f711ee260dae48d326375279a0325e0e0c82a6692a9516004f3bb,f2ee05166fcae8c7add2a209805d759bfac904e691195151d99893408edccd2a
7-1-3(3),0,attunet_cl_fixed,42,dominant_path_length,annotation_mask_same_extractor,3139.476405595674,1673.9696961967045,-1465.5067093989694,1465.5067093989694,46.67997207390731,valid,ok,ok,zero_length_angle_vector,zero_length_angle_vector,eb3582ff4719e2750a945bfec7af39008d621c1fbaba7f242e61cf5fb5af1392,da8ad0a3d368cd223db5b91f3fb5992ffcf82567aec762e36f9db359378cbfdc
7-1-3(3),0,attunet_cl_fixed,42,retained_segment_count,annotation_mask_same_extractor,234.0,306.0,72.0,72.0,30.76923076923077,valid,ok,ok,zero_length_angle_vector,zero_length_angle_vector,eb3582ff4719e2750a945bfec7af39008d621c1fbaba7f242e61cf5fb5af1392,da8ad0a3d368cd223db5b91f3fb5992ffcf82567aec762e36f9db359378cbfdc
7-1-3(3),0,attunet_cl_fixed,42,junction_region_count,annotation_mask_same_extractor,206.0,243.0,37.0,37.0,17.96116504854369,valid,ok,ok,zero_length_angle_vector,zero_length_angle_vector,eb3582ff4719e2750a945bfec7af39008d621c1fbaba7f242e61cf5fb5af1392,da8ad0a3d368cd223db5b91f3fb5992ffcf82567aec762e36f9db359378cbfdc
7-1-3(3),0,attunet_cl_fixed,42,mean_local_acute_angle_deg,annotation_mask_same_extractor,55.62685066639042,50.12220512612832,-5.504645540262096,5.504645540262096,9.89566274976625,valid,ok,ok,zero_length_angle_vector,zero_length_angle_vector,eb3582ff4719e2750a945bfec7af39008d621c1fbaba7f242e61cf5fb5af1392,da8ad0a3d368cd223db5b91f3fb5992ffcf82567aec762e36f9db359378cbfdc
7-1-6(1),0,attunet_cl_fixed,42,dominant_path_length,annotation_mask_same_extractor,3188.726188957766,2171.731239591685,-1016.9949493660812,1016.9949493660812,31.89345491274324,valid,ok,ok,,zero_length_angle_vector,cba0254b9e9151f7e11554a8e70e85d3aae5e2a96042767c54979c286faeb9a4,6a340d9fb8a4c346555c7dc5317fcb9fe68673af30cc1f4bbf8861b272bc913b
7-1-6(1),0,attunet_cl_fixed,42,retained_segment_count,annotation_mask_same_extractor,300.0,288.0,-12.0,12.0,4.0,valid,ok,ok,,zero_length_angle_vector,cba0254b9e9151f7e11554a8e70e85d3aae5e2a96042767c54979c286faeb9a4,6a340d9fb8a4c346555c7dc5317fcb9fe68673af30cc1f4bbf8861b272bc913b
7-1-6(1),0,attunet_cl_fixed,42,junction_region_count,annotation_mask_same_extractor,268.0,247.0,-21.0,21.0,7.835820895522389,valid,ok,ok,,zero_length_angle_vector,cba0254b9e9151f7e11554a8e70e85d3aae5e2a96042767c54979c286faeb9a4,6a340d9fb8a4c346555c7dc5317fcb9fe68673af30cc1f4bbf8861b272bc913b
7-1-6(1),0,attunet_cl_fixed,42,mean_local_acute_angle_deg,annotation_mask_same_extractor,57.71657823171459,51.81688408465072,-5.899694147063876,5.899694147063876,10.221836303909752,valid,ok,ok,,zero_length_angle_vector,cba0254b9e9151f7e11554a8e70e85d3aae5e2a96042767c54979c286faeb9a4,6a340d9fb8a4c346555c7dc5317fcb9fe68673af30cc1f4bbf8861b272bc913b
7-1-6(2),3,attunet_cl_fixed,42,dominant_path_length,annotation_mask_same_extractor,4815.678641211786,3406.835928737132,-1408.8427124746545,1408.8427124746545,29.25533071119012,valid,ok,ok,zero_length_angle_vector,zero_length_angle_vector,e3aea5a1ab8ea31c284842492594be58ed37bba1e364b53dc239f9c47cd34693,f41f3cc3cdae1bc5d5bfa405eb82e21bc9a6dcffd1bd35179bc84b1c2baa5c72
7-1-6(2),3,attunet_cl_fixed,42,retained_segment_count,annotation_mask_same_extractor,436.0,589.0,153.0,153.0,35.091743119266056,valid,ok,ok,zero_length_angle_vector,zero_length_angle_vector,e3aea5a1ab8ea31c284842492594be58ed37bba1e364b53dc239f9c47cd34693,f41f3cc3cdae1bc5d5bfa405eb82e21bc9a6dcffd1bd35179bc84b1c2baa5c72
7-1-6(2),3,attunet_cl_fixed,42,junction_region_count,annotation_mask_same_extractor,321.0,531.0,210.0,210.0,65.42056074766354,valid,ok,ok,zero_length_angle_vector,zero_length_angle_vector,e3aea5a1ab8ea31c284842492594be58ed37bba1e364b53dc239f9c47cd34693,f41f3cc3cdae1bc5d5bfa405eb82e21bc9a6dcffd1bd35179bc84b1c2baa5c72
7-1-6(2),3,attunet_cl_fixed,42,mean_local_acute_angle_deg,annotation_mask_same_extractor,45.76167325566849,52.57819369647456,6.816520440806066,6.816520440806066,14.895697547426776,valid,ok,ok,zero_length_angle_vector,zero_length_angle_vector,e3aea5a1ab8ea31c284842492594be58ed37bba1e364b53dc239f9c47cd34693,f41f3cc3cdae1bc5d5bfa405eb82e21bc9a6dcffd1bd35179bc84b1c2baa5c72
7-1-6(3),2,attunet_cl_fixed,42,dominant_path_length,annotation_mask_same_extractor,3149.346463280794,2243.0378054157227,-906.3086578650714,906.3086578650714,28.777673985126903,valid,ok,ok,zero_length_angle_vector,zero_length_angle_vector,175aad97304bc1efcc5da1ef9c37712fdcee8d0161a6f80fd823a18cef9139a0,224da71080113888971d4be5b108ac01cbf9615a6ca51b2a74bb70e609b5b955
7-1-6(3),2,attunet_cl_fixed,42,retained_segment_count,annotation_mask_same_extractor,113.0,267.0,154.0,154.0,136.28318584070794,valid,ok,ok,zero_length_angle_vector,zero_length_angle_vector,175aad97304bc1efcc5da1ef9c37712fdcee8d0161a6f80fd823a18cef9139a0,224da71080113888971d4be5b108ac01cbf9615a6ca51b2a74bb70e609b5b955
7-1-6(3),2,attunet_cl_fixed,42,junction_region_count,annotation_mask_same_extractor,82.0,291.0,209.0,209.0,254.8780487804878,valid,ok,ok,zero_length_angle_vector,zero_length_angle_vector,175aad97304bc1efcc5da1ef9c37712fdcee8d0161a6f80fd823a18cef9139a0,224da71080113888971d4be5b108ac01cbf9615a6ca51b2a74bb70e609b5b955
7-1-6(3),2,attunet_cl_fixed,42,mean_local_acute_angle_deg,annotation_mask_same_extractor,52.34419986077857,45.58597880385371,-6.75822105692486,6.75822105692486,12.91111732512848,valid,ok,ok,zero_length_angle_vector,zero_length_angle_vector,175aad97304bc1efcc5da1ef9c37712fdcee8d0161a6f80fd823a18cef9139a0,224da71080113888971d4be5b108ac01cbf9615a6ca51b2a74bb70e609b5b955
7-1-6(4),0,attunet_cl_fixed,42,dominant_path_length,annotation_mask_same_extractor,2934.7922061357463,4635.5365055879765,1700.7442994522305,1700.7442994522305,57.95109772666351,valid,ok,ok,,,c0fc24472241d6b39ede8026e685b39939da6b7eb296c7092ba9ef7c6acbe239,a2d00129ac97dc54b157db58286a26409020d30f4a92b7b3ba340dcb384dccf0
7-1-6(4),0,attunet_cl_fixed,42,retained_segment_count,annotation_mask_same_extractor,402.0,482.0,80.0,80.0,19.900497512437813,valid,ok,ok,,,c0fc24472241d6b39ede8026e685b39939da6b7eb296c7092ba9ef7c6acbe239,a2d00129ac97dc54b157db58286a26409020d30f4a92b7b3ba340dcb384dccf0
7-1-6(4),0,attunet_cl_fixed,42,junction_region_count,annotation_mask_same_extractor,320.0,427.0,107.0,107.0,33.4375,valid,ok,ok,,,c0fc24472241d6b39ede8026e685b39939da6b7eb296c7092ba9ef7c6acbe239,a2d00129ac97dc54b157db58286a26409020d30f4a92b7b3ba340dcb384dccf0
7-1-6(4),0,attunet_cl_fixed,42,mean_local_acute_angle_deg,annotation_mask_same_extractor,45.58572184508618,46.37569013048181,0.7899682853956307,0.7899682853956307,1.7329292011217403,valid,ok,ok,,,c0fc24472241d6b39ede8026e685b39939da6b7eb296c7092ba9ef7c6acbe239,a2d00129ac97dc54b157db58286a26409020d30f4a92b7b3ba340dcb384dccf0
DN50-235-25-6(2),1,attunet_cl_fixed,42,dominant_path_length,annotation_mask_same_extractor,1654.4398256692953,968.3544725075546,-686.0853531617406,686.0853531617406,41.46934463960865,valid,ok,ok,,zero_length_angle_vector,26158010911e4857cbb5605c765e186f4f05e7d62b2dcff5cd35f9038e6d54e6,9820c7f16a80c0f0c1b93368d225e7b68507d3b6f12cfe636d9b67b82f0d6232
DN50-235-25-6(2),1,attunet_cl_fixed,42,retained_segment_count,annotation_mask_same_extractor,104.0,210.0,106.0,106.0,101.92307692307692,valid,ok,ok,,zero_length_angle_vector,26158010911e4857cbb5605c765e186f4f05e7d62b2dcff5cd35f9038e6d54e6,9820c7f16a80c0f0c1b93368d225e7b68507d3b6f12cfe636d9b67b82f0d6232
DN50-235-25-6(2),1,attunet_cl_fixed,42,junction_region_count,annotation_mask_same_extractor,97.0,240.0,143.0,143.0,147.42268041237114,valid,ok,ok,,zero_length_angle_vector,26158010911e4857cbb5605c765e186f4f05e7d62b2dcff5cd35f9038e6d54e6,9820c7f16a80c0f0c1b93368d225e7b68507d3b6f12cfe636d9b67b82f0d6232
DN50-235-25-6(2),1,attunet_cl_fixed,42,mean_local_acute_angle_deg,annotation_mask_same_extractor,48.376302759478975,56.23688821771573,7.860585458236756,7.860585458236756,16.248834677008325,valid,ok,ok,,zero_length_angle_vector,26158010911e4857cbb5605c765e186f4f05e7d62b2dcff5cd35f9038e6d54e6,9820c7f16a80c0f0c1b93368d225e7b68507d3b6f12cfe636d9b67b82f0d6232
DN50-235-25-6(3),1,attunet_cl_fixed,42,dominant_path_length,annotation_mask_same_extractor,956.9015869776664,921.193000900066,-35.70858607760033,35.70858607760033,3.7316884582023113,valid,ok,ok,,zero_length_angle_vector,1c99a68f93f5396eb9701167417e60c3f506eddaae41784653661a85b4318891,f853d854cf1578c563e998b10e6ca4eeb3d15ae6e3d98e53018b800160356729
DN50-235-25-6(3),1,attunet_cl_fixed,42,retained_segment_count,annotation_mask_same_extractor,110.0,164.0,54.0,54.0,49.09090909090909,valid,ok,ok,,zero_length_angle_vector,1c99a68f93f5396eb9701167417e60c3f506eddaae41784653661a85b4318891,f853d854cf1578c563e998b10e6ca4eeb3d15ae6e3d98e53018b800160356729
DN50-235-25-6(3),1,attunet_cl_fixed,42,junction_region_count,annotation_mask_same_extractor,90.0,162.0,72.0,72.0,80.0,valid,ok,ok,,zero_length_angle_vector,1c99a68f93f5396eb9701167417e60c3f506eddaae41784653661a85b4318891,f853d854cf1578c563e998b10e6ca4eeb3d15ae6e3d98e53018b800160356729
DN50-235-25-6(3),1,attunet_cl_fixed,42,mean_local_acute_angle_deg,annotation_mask_same_extractor,55.84661373210531,49.88786167597589,-5.95875205612942,5.95875205612942,10.669853833418426,valid,ok,ok,,zero_length_angle_vector,1c99a68f93f5396eb9701167417e60c3f506eddaae41784653661a85b4318891,f853d854cf1578c563e998b10e6ca4eeb3d15ae6e3d98e53018b800160356729
DN50-235-25-7(1),0,attunet_cl_fixed,42,dominant_path_length,annotation_mask_same_extractor,835.1076477383253,731.1686142824257,-103.93903345589968,103.93903345589968,12.446183882687682,valid,ok,ok,,zero_length_angle_vector,1d15d42a8683193e72d4801bf8661ed463c57674766c0904ac6147226c6fad64,223aba8ebecfebe9c1d1e17b299732cd1f66ca6ba8a79f8e8ec2fe2c32f0cba1
DN50-235-25-7(1),0,attunet_cl_fixed,42,retained_segment_count,annotation_mask_same_extractor,86.0,75.0,-11.0,11.0,12.790697674418606,valid,ok,ok,,zero_length_angle_vector,1d15d42a8683193e72d4801bf8661ed463c57674766c0904ac6147226c6fad64,223aba8ebecfebe9c1d1e17b299732cd1f66ca6ba8a79f8e8ec2fe2c32f0cba1
DN50-235-25-7(1),0,attunet_cl_fixed,42,junction_region_count,annotation_mask_same_extractor,71.0,62.0,-9.0,9.0,12.676056338028168,valid,ok,ok,,zero_length_angle_vector,1d15d42a8683193e72d4801bf8661ed463c57674766c0904ac6147226c6fad64,223aba8ebecfebe9c1d1e17b299732cd1f66ca6ba8a79f8e8ec2fe2c32f0cba1
DN50-235-25-7(1),0,attunet_cl_fixed,42,mean_local_acute_angle_deg,annotation_mask_same_extractor,53.845303485648856,54.32478612461065,0.479482638961791,0.479482638961791,0.8904818209253577,valid,ok,ok,,zero_length_angle_vector,1d15d42a8683193e72d4801bf8661ed463c57674766c0904ac6147226c6fad64,223aba8ebecfebe9c1d1e17b299732cd1f66ca6ba8a79f8e8ec2fe2c32f0cba1
W82-447-1-13-3(1),3,attunet_cl_fixed,42,dominant_path_length,annotation_mask_same_extractor,2963.730373039836,1478.2905473706269,-1485.4398256692095,1485.4398256692095,50.12061283245631,valid,ok,ok,,zero_length_angle_vector,e400970fc4f5749000b5101345fe28f7835a0cd40cd105ff701d3d5565a3fd20,e7adcbd495f8f9452f3ffe4250ea577a20be00fee18e1c080a344922cd5ac3b9
W82-447-1-13-3(1),3,attunet_cl_fixed,42,retained_segment_count,annotation_mask_same_extractor,76.0,300.0,224.0,224.0,294.7368421052631,valid,ok,ok,,zero_length_angle_vector,e400970fc4f5749000b5101345fe28f7835a0cd40cd105ff701d3d5565a3fd20,e7adcbd495f8f9452f3ffe4250ea577a20be00fee18e1c080a344922cd5ac3b9
W82-447-1-13-3(1),3,attunet_cl_fixed,42,junction_region_count,annotation_mask_same_extractor,50.0,260.0,210.0,210.0,420.0,valid,ok,ok,,zero_length_angle_vector,e400970fc4f5749000b5101345fe28f7835a0cd40cd105ff701d3d5565a3fd20,e7adcbd495f8f9452f3ffe4250ea577a20be00fee18e1c080a344922cd5ac3b9
W82-447-1-13-3(1),3,attunet_cl_fixed,42,mean_local_acute_angle_deg,annotation_mask_same_extractor,45.41755671898957,47.78312498209024,2.36556826310067,2.36556826310067,5.208488597784037,valid,ok,ok,,zero_length_angle_vector,e400970fc4f5749000b5101345fe28f7835a0cd40cd105ff701d3d5565a3fd20,e7adcbd495f8f9452f3ffe4250ea577a20be00fee18e1c080a344922cd5ac3b9
W82-447-1-13-7(1),4,attunet_cl_fixed,42,dominant_path_length,annotation_mask_same_extractor,2599.841845922817,1501.1189744953729,-1098.722871427444,1098.722871427444,42.26114265952401,valid,ok,ok,,zero_length_angle_vector,d7caafd48ba702bb9ca2578cb356a3cab186bfab19d8fbb7f0fc5a6ba0ddb53b,2feb0074b774452ee0d3844d45485d2576efa8e8d772ae1f9f5f17974fe1aeed
W82-447-1-13-7(1),4,attunet_cl_fixed,42,retained_segment_count,annotation_mask_same_extractor,161.0,205.0,44.0,44.0,27.32919254658385,valid,ok,ok,,zero_length_angle_vector,d7caafd48ba702bb9ca2578cb356a3cab186bfab19d8fbb7f0fc5a6ba0ddb53b,2feb0074b774452ee0d3844d45485d2576efa8e8d772ae1f9f5f17974fe1aeed
W82-447-1-13-7(1),4,attunet_cl_fixed,42,junction_region_count,annotation_mask_same_extractor,124.0,179.0,55.0,55.0,44.354838709677416,valid,ok,ok,,zero_length_angle_vector,d7caafd48ba702bb9ca2578cb356a3cab186bfab19d8fbb7f0fc5a6ba0ddb53b,2feb0074b774452ee0d3844d45485d2576efa8e8d772ae1f9f5f17974fe1aeed
W82-447-1-13-7(1),4,attunet_cl_fixed,42,mean_local_acute_angle_deg,annotation_mask_same_extractor,45.765543776284055,50.867594301544834,5.102050525260779,5.102050525260779,11.148235340983074,valid,ok,ok,,zero_length_angle_vector,d7caafd48ba702bb9ca2578cb356a3cab186bfab19d8fbb7f0fc5a6ba0ddb53b,2feb0074b774452ee0d3844d45485d2576efa8e8d772ae1f9f5f17974fe1aeed
W82-447-1-13-7(2),3,attunet_cl_fixed,42,dominant_path_length,annotation_mask_same_extractor,2569.818684794427,578.9259735953062,-1990.8927111991209,1990.8927111991209,77.47210816775512,valid,ok,ok,zero_length_angle_vector,zero_length_angle_vector,8401bb2188e5c3832e902ef0e29c7a72c6580cd0868364d9f97716efdec87255,643afbf084167ac5bb46718326ba37a6376c23c0483f99976208b2db8287c22f
W82-447-1-13-7(2),3,attunet_cl_fixed,42,retained_segment_count,annotation_mask_same_extractor,37.0,46.0,9.0,9.0,24.324324324324326,valid,ok,ok,zero_length_angle_vector,zero_length_angle_vector,8401bb2188e5c3832e902ef0e29c7a72c6580cd0868364d9f97716efdec87255,643afbf084167ac5bb46718326ba37a6376c23c0483f99976208b2db8287c22f
W82-447-1-13-7(2),3,attunet_cl_fixed,42,junction_region_count,annotation_mask_same_extractor,28.0,47.0,19.0,19.0,67.85714285714286,valid,ok,ok,zero_length_angle_vector,zero_length_angle_vector,8401bb2188e5c3832e902ef0e29c7a72c6580cd0868364d9f97716efdec87255,643afbf084167ac5bb46718326ba37a6376c23c0483f99976208b2db8287c22f
W82-447-1-13-7(2),3,attunet_cl_fixed,42,mean_local_acute_angle_deg,annotation_mask_same_extractor,56.21991760625045,51.0356769716431,-5.184240634607349,5.184240634607349,9.221359360425268,valid,ok,ok,zero_length_angle_vector,zero_length_angle_vector,8401bb2188e5c3832e902ef0e29c7a72c6580cd0868364d9f97716efdec87255,643afbf084167ac5bb46718326ba37a6376c23c0483f99976208b2db8287c22f
W82-447-1-13-7(3),2,attunet_cl_fixed,42,dominant_path_length,annotation_mask_same_extractor,3607.196318430328,1996.5920625607916,-1610.6042558695362,1610.6042558695362,44.64975326240051,valid,ok,ok,zero_length_angle_vector,zero_length_angle_vector,4b63fae36f1e264804fc841b3fbba41c7e9f5be06b268aa37989d57f23a39479,fd901b2b10fd4df580ef47816b2cb83d9d0afb3394cc0ed3919943292a2b5223
W82-447-1-13-7(3),2,attunet_cl_fixed,42,retained_segment_count,annotation_mask_same_extractor,125.0,593.0,468.0,468.0,374.4,valid,ok,ok,zero_length_angle_vector,zero_length_angle_vector,4b63fae36f1e264804fc841b3fbba41c7e9f5be06b268aa37989d57f23a39479,fd901b2b10fd4df580ef47816b2cb83d9d0afb3394cc0ed3919943292a2b5223
W82-447-1-13-7(3),2,attunet_cl_fixed,42,junction_region_count,annotation_mask_same_extractor,86.0,539.0,453.0,453.0,526.7441860465116,valid,ok,ok,zero_length_angle_vector,zero_length_angle_vector,4b63fae36f1e264804fc841b3fbba41c7e9f5be06b268aa37989d57f23a39479,fd901b2b10fd4df580ef47816b2cb83d9d0afb3394cc0ed3919943292a2b5223
W82-447-1-13-7(3),2,attunet_cl_fixed,42,mean_local_acute_angle_deg,annotation_mask_same_extractor,42.04523834094305,44.23866152145848,2.193423180515431,2.193423180515431,5.2168170928870845,valid,ok,ok,zero_length_angle_vector,zero_length_angle_vector,4b63fae36f1e264804fc841b3fbba41c7e9f5be06b268aa37989d57f23a39479,fd901b2b10fd4df580ef47816b2cb83d9d0afb3394cc0ed3919943292a2b5223
10-1-1,3,attunet_cl_fixed,3407,dominant_path_length,annotation_mask_same_extractor,3519.0348468227903,2555.748483534339,-963.2863632884514,963.2863632884514,27.373595466329864,valid,ok,ok,zero_length_angle_vector,zero_length_angle_vector,8664187dcbcab44c4dae8da26d028efb21268d9709753c186a39d03660a06fc7,fa01c3dc6d6a9fb49dcb083b0e3b98bac5ff6bd33b8085f10f2e685b97a71b7c
10-1-1,3,attunet_cl_fixed,3407,retained_segment_count,annotation_mask_same_extractor,134.0,143.0,9.0,9.0,6.7164179104477615,valid,ok,ok,zero_length_angle_vector,zero_length_angle_vector,8664187dcbcab44c4dae8da26d028efb21268d9709753c186a39d03660a06fc7,fa01c3dc6d6a9fb49dcb083b0e3b98bac5ff6bd33b8085f10f2e685b97a71b7c
10-1-1,3,attunet_cl_fixed,3407,junction_region_count,annotation_mask_same_extractor,121.0,163.0,42.0,42.0,34.710743801652896,valid,ok,ok,zero_length_angle_vector,zero_length_angle_vector,8664187dcbcab44c4dae8da26d028efb21268d9709753c186a39d03660a06fc7,fa01c3dc6d6a9fb49dcb083b0e3b98bac5ff6bd33b8085f10f2e685b97a71b7c
10-1-1,3,attunet_cl_fixed,3407,mean_local_acute_angle_deg,annotation_mask_same_extractor,64.6739875375559,65.33633743581366,0.6623498982577587,0.6623498982577587,1.0241364781677256,valid,ok,ok,zero_length_angle_vector,zero_length_angle_vector,8664187dcbcab44c4dae8da26d028efb21268d9709753c186a39d03660a06fc7,fa01c3dc6d6a9fb49dcb083b0e3b98bac5ff6bd33b8085f10f2e685b97a71b7c
10-1-1(1),3,attunet_cl_fixed,3407,dominant_path_length,annotation_mask_same_extractor,2848.079435976053,1117.4945160902305,-1730.584919885823,1730.584919885823,60.763225141322,valid,ok,ok,,zero_length_angle_vector,c95c0337715266ccd3aad838a4ef3ab80e74ba76f5d714ecb44e5a5615b3ce7c,07bb9f671ab3b05ec442acf4a411c3472c11b640a06e4ca13422e46bce9fe1bf
10-1-1(1),3,attunet_cl_fixed,3407,retained_segment_count,annotation_mask_same_extractor,35.0,102.0,67.0,67.0,191.42857142857144,valid,ok,ok,,zero_length_angle_vector,c95c0337715266ccd3aad838a4ef3ab80e74ba76f5d714ecb44e5a5615b3ce7c,07bb9f671ab3b05ec442acf4a411c3472c11b640a06e4ca13422e46bce9fe1bf
10-1-1(1),3,attunet_cl_fixed,3407,junction_region_count,annotation_mask_same_extractor,28.0,113.0,85.0,85.0,303.57142857142856,valid,ok,ok,,zero_length_angle_vector,c95c0337715266ccd3aad838a4ef3ab80e74ba76f5d714ecb44e5a5615b3ce7c,07bb9f671ab3b05ec442acf4a411c3472c11b640a06e4ca13422e46bce9fe1bf
10-1-1(1),3,attunet_cl_fixed,3407,mean_local_acute_angle_deg,annotation_mask_same_extractor,45.23478785039287,48.47470268924941,3.239914838856542,3.239914838856542,7.162440663084492,valid,ok,ok,,zero_length_angle_vector,c95c0337715266ccd3aad838a4ef3ab80e74ba76f5d714ecb44e5a5615b3ce7c,07bb9f671ab3b05ec442acf4a411c3472c11b640a06e4ca13422e46bce9fe1bf
10-1-1(2),1,attunet_cl_fixed,3407,dominant_path_length,annotation_mask_same_extractor,1262.4823227814104,640.967604155649,-621.5147186257614,621.5147186257614,49.22957790462244,valid,ok,ok,,zero_length_angle_vector,6c74e98b918771eb646a7e1d44c8ef0b3c96078814c8b8db61045d1816697d12,f6f79361cc3ebd98cb88ac0a76ce2a63e6a1aae3b6d8218a08f822e309b2f754
10-1-1(2),1,attunet_cl_fixed,3407,retained_segment_count,annotation_mask_same_extractor,25.0,49.0,24.0,24.0,96.0,valid,ok,ok,,zero_length_angle_vector,6c74e98b918771eb646a7e1d44c8ef0b3c96078814c8b8db61045d1816697d12,f6f79361cc3ebd98cb88ac0a76ce2a63e6a1aae3b6d8218a08f822e309b2f754
10-1-1(2),1,attunet_cl_fixed,3407,junction_region_count,annotation_mask_same_extractor,23.0,78.0,55.0,55.0,239.1304347826087,valid,ok,ok,,zero_length_angle_vector,6c74e98b918771eb646a7e1d44c8ef0b3c96078814c8b8db61045d1816697d12,f6f79361cc3ebd98cb88ac0a76ce2a63e6a1aae3b6d8218a08f822e309b2f754
10-1-1(2),1,attunet_cl_fixed,3407,mean_local_acute_angle_deg,annotation_mask_same_extractor,46.29442229680335,46.03223560695636,-0.2621866898469847,0.2621866898469847,0.5663461748502882,valid,ok,ok,,zero_length_angle_vector,6c74e98b918771eb646a7e1d44c8ef0b3c96078814c8b8db61045d1816697d12,f6f79361cc3ebd98cb88ac0a76ce2a63e6a1aae3b6d8218a08f822e309b2f754
10-1-1(3),2,attunet_cl_fixed,3407,dominant_path_length,annotation_mask_same_extractor,2611.2834046956677,1684.2144289248786,-927.0689757707888,927.0689757707888,35.50242666512998,valid,ok,ok,,zero_length_angle_vector,49a1138291b2427ae244c26c8d481f7bf7c311eb24e2003613787dba24d6ff37,b39a26ce4fcc17789ed07064672b9edbeedc9a6c613e0f36dda86928d1b54982
10-1-1(3),2,attunet_cl_fixed,3407,retained_segment_count,annotation_mask_same_extractor,36.0,103.0,67.0,67.0,186.11111111111111,valid,ok,ok,,zero_length_angle_vector,49a1138291b2427ae244c26c8d481f7bf7c311eb24e2003613787dba24d6ff37,b39a26ce4fcc17789ed07064672b9edbeedc9a6c613e0f36dda86928d1b54982
10-1-1(3),2,attunet_cl_fixed,3407,junction_region_count,annotation_mask_same_extractor,23.0,111.0,88.0,88.0,382.60869565217394,valid,ok,ok,,zero_length_angle_vector,49a1138291b2427ae244c26c8d481f7bf7c311eb24e2003613787dba24d6ff37,b39a26ce4fcc17789ed07064672b9edbeedc9a6c613e0f36dda86928d1b54982
10-1-1(3),2,attunet_cl_fixed,3407,mean_local_acute_angle_deg,annotation_mask_same_extractor,44.40311377914512,56.59928761880738,12.196173839662263,12.196173839662263,27.466933738756094,valid,ok,ok,,zero_length_angle_vector,49a1138291b2427ae244c26c8d481f7bf7c311eb24e2003613787dba24d6ff37,b39a26ce4fcc17789ed07064672b9edbeedc9a6c613e0f36dda86928d1b54982
10-1-2,2,attunet_cl_fixed,3407,dominant_path_length,annotation_mask_same_extractor,3713.5222202381024,3397.230806315706,-316.29141392239626,316.29141392239626,8.517288847732178,valid,ok,ok,zero_length_angle_vector,zero_length_angle_vector,353a8fded79e4327f12b6866ba2014151a10168db01aad99108b5fae01f5e4ac,560120c31b178ab1e55e89916b368f619f0370846357fe79f4055e4ead7e4642
10-1-2,2,attunet_cl_fixed,3407,retained_segment_count,annotation_mask_same_extractor,171.0,306.0,135.0,135.0,78.94736842105263,valid,ok,ok,zero_length_angle_vector,zero_length_angle_vector,353a8fded79e4327f12b6866ba2014151a10168db01aad99108b5fae01f5e4ac,560120c31b178ab1e55e89916b368f619f0370846357fe79f4055e4ead7e4642
10-1-2,2,attunet_cl_fixed,3407,junction_region_count,annotation_mask_same_extractor,124.0,279.0,155.0,155.0,125.0,valid,ok,ok,zero_length_angle_vector,zero_length_angle_vector,353a8fded79e4327f12b6866ba2014151a10168db01aad99108b5fae01f5e4ac,560120c31b178ab1e55e89916b368f619f0370846357fe79f4055e4ead7e4642
10-1-2,2,attunet_cl_fixed,3407,mean_local_acute_angle_deg,annotation_mask_same_extractor,58.66827912377103,52.73525963795463,-5.933019485816402,5.933019485816402,10.11282344467554,valid,ok,ok,zero_length_angle_vector,zero_length_angle_vector,353a8fded79e4327f12b6866ba2014151a10168db01aad99108b5fae01f5e4ac,560120c31b178ab1e55e89916b368f619f0370846357fe79f4055e4ead7e4642
10-1-2(1),4,attunet_cl_fixed,3407,dominant_path_length,annotation_mask_same_extractor,3355.4095218658804,1320.7220048757026,-2034.6875169901775,2034.6875169901775,60.63902196530473,valid,ok,ok,zero_length_angle_vector,zero_length_angle_vector,dca0abd7cde7ab357484642e540a2d1fa449818245a1cd800eb7c824264f02ad,7dfa4aa1edda6f7907fbc0ab0ed9ec711b359b43961406c48cf9b0ce3e66e018
10-1-2(1),4,attunet_cl_fixed,3407,retained_segment_count,annotation_mask_same_extractor,118.0,176.0,58.0,58.0,49.15254237288136,valid,ok,ok,zero_length_angle_vector,zero_length_angle_vector,dca0abd7cde7ab357484642e540a2d1fa449818245a1cd800eb7c824264f02ad,7dfa4aa1edda6f7907fbc0ab0ed9ec711b359b43961406c48cf9b0ce3e66e018
10-1-2(1),4,attunet_cl_fixed,3407,junction_region_count,annotation_mask_same_extractor,111.0,203.0,92.0,92.0,82.88288288288288,valid,ok,ok,zero_length_angle_vector,zero_length_angle_vector,dca0abd7cde7ab357484642e540a2d1fa449818245a1cd800eb7c824264f02ad,7dfa4aa1edda6f7907fbc0ab0ed9ec711b359b43961406c48cf9b0ce3e66e018
10-1-2(1),4,attunet_cl_fixed,3407,mean_local_acute_angle_deg,annotation_mask_same_extractor,64.3632990483418,51.10343361538312,-13.259865432958684,13.259865432958684,20.60159381047187,valid,ok,ok,zero_length_angle_vector,zero_length_angle_vector,dca0abd7cde7ab357484642e540a2d1fa449818245a1cd800eb7c824264f02ad,7dfa4aa1edda6f7907fbc0ab0ed9ec711b359b43961406c48cf9b0ce3e66e018
10-1-2(2),1,attunet_cl_fixed,3407,dominant_path_length,annotation_mask_same_extractor,3058.3027406794067,1108.6021638285565,-1949.7005768508504,1949.7005768508504,63.75106528589518,valid,ok,ok,,zero_length_angle_vector,4b38a74ce55736e7f197e42aeba61399727ea00792e40e895bf41a3d30fe7957,a9afa3962751b800161f87d612476289668bae465ba421446857b911d64aec20
10-1-2(2),1,attunet_cl_fixed,3407,retained_segment_count,annotation_mask_same_extractor,191.0,357.0,166.0,166.0,86.91099476439791,valid,ok,ok,,zero_length_angle_vector,4b38a74ce55736e7f197e42aeba61399727ea00792e40e895bf41a3d30fe7957,a9afa3962751b800161f87d612476289668bae465ba421446857b911d64aec20
10-1-2(2),1,attunet_cl_fixed,3407,junction_region_count,annotation_mask_same_extractor,175.0,410.0,235.0,235.0,134.28571428571428,valid,ok,ok,,zero_length_angle_vector,4b38a74ce55736e7f197e42aeba61399727ea00792e40e895bf41a3d30fe7957,a9afa3962751b800161f87d612476289668bae465ba421446857b911d64aec20
10-1-2(2),1,attunet_cl_fixed,3407,mean_local_acute_angle_deg,annotation_mask_same_extractor,65.94127676600104,45.1228117320754,-20.81846503392564,20.81846503392564,31.571219204326244,valid,ok,ok,,zero_length_angle_vector,4b38a74ce55736e7f197e42aeba61399727ea00792e40e895bf41a3d30fe7957,a9afa3962751b800161f87d612476289668bae465ba421446857b911d64aec20
10-1-2(3),0,attunet_cl_fixed,3407,dominant_path_length,annotation_mask_same_extractor,2345.481456229622,699.7909806465128,-1645.6904755831092,1645.6904755831092,70.16429276011282,valid,ok,ok,,zero_length_angle_vector,0508c3be24e6c021d5aacff3b5010997bb235211f0adc484cda889c0830022b8,1ce095c4df08cbdfe9ce3b9614d577da06c64ebca24a601e0f303c515f9324d4
10-1-2(3),0,attunet_cl_fixed,3407,retained_segment_count,annotation_mask_same_extractor,115.0,145.0,30.0,30.0,26.08695652173913,valid,ok,ok,,zero_length_angle_vector,0508c3be24e6c021d5aacff3b5010997bb235211f0adc484cda889c0830022b8,1ce095c4df08cbdfe9ce3b9614d577da06c64ebca24a601e0f303c515f9324d4
10-1-2(3),0,attunet_cl_fixed,3407,junction_region_count,annotation_mask_same_extractor,84.0,117.0,33.0,33.0,39.285714285714285,valid,ok,ok,,zero_length_angle_vector,0508c3be24e6c021d5aacff3b5010997bb235211f0adc484cda889c0830022b8,1ce095c4df08cbdfe9ce3b9614d577da06c64ebca24a601e0f303c515f9324d4
10-1-2(3),0,attunet_cl_fixed,3407,mean_local_acute_angle_deg,annotation_mask_same_extractor,50.491311152922826,50.72915087497068,0.2378397220478518,0.2378397220478518,0.4710507939227557,valid,ok,ok,,zero_length_angle_vector,0508c3be24e6c021d5aacff3b5010997bb235211f0adc484cda889c0830022b8,1ce095c4df08cbdfe9ce3b9614d577da06c64ebca24a601e0f303c515f9324d4
10-1-3,0,attunet_cl_fixed,3407,dominant_path_length,annotation_mask_same_extractor,2813.802307403484,552.3696244092022,-2261.432682994281,2261.432682994281,80.36928099192167,valid,ok,ok,,zero_length_angle_vector,2cd8dd3611b047ab44310b595f5423ee107fb5f6bbd6f0ce078f5a1c70656dd8,1dc351649127e657b68d8f029915731591cce9ffe281b1f1ecefacb5665a12d0
10-1-3,0,attunet_cl_fixed,3407,retained_segment_count,annotation_mask_same_extractor,172.0,159.0,-13.0,13.0,7.55813953488372,valid,ok,ok,,zero_length_angle_vector,2cd8dd3611b047ab44310b595f5423ee107fb5f6bbd6f0ce078f5a1c70656dd8,1dc351649127e657b68d8f029915731591cce9ffe281b1f1ecefacb5665a12d0
10-1-3,0,attunet_cl_fixed,3407,junction_region_count,annotation_mask_same_extractor,123.0,127.0,4.0,4.0,3.252032520325204,valid,ok,ok,,zero_length_angle_vector,2cd8dd3611b047ab44310b595f5423ee107fb5f6bbd6f0ce078f5a1c70656dd8,1dc351649127e657b68d8f029915731591cce9ffe281b1f1ecefacb5665a12d0
10-1-3,0,attunet_cl_fixed,3407,mean_local_acute_angle_deg,annotation_mask_same_extractor,50.036178890454096,44.92298229123204,-5.113196599222057,5.113196599222057,10.218998957567388,valid,ok,ok,,zero_length_angle_vector,2cd8dd3611b047ab44310b595f5423ee107fb5f6bbd6f0ce078f5a1c70656dd8,1dc351649127e657b68d8f029915731591cce9ffe281b1f1ecefacb5665a12d0
10-1-9(1),3,attunet_cl_fixed,3407,dominant_path_length,annotation_mask_same_extractor,3092.5058428472184,1524.1656556895982,-1568.3401871576202,1568.3401871576202,50.71421904618539,valid,ok,ok,zero_length_angle_vector,zero_length_angle_vector,6bdc1df0f3e1a66f56d545bec926abaf60b6bca31c0f8ea06ad939681c464d8a,897d35aa1d2e879af55c25911404d8e5475613aa1133e34cbcae49b42801c135
10-1-9(1),3,attunet_cl_fixed,3407,retained_segment_count,annotation_mask_same_extractor,106.0,283.0,177.0,177.0,166.9811320754717,valid,ok,ok,zero_length_angle_vector,zero_length_angle_vector,6bdc1df0f3e1a66f56d545bec926abaf60b6bca31c0f8ea06ad939681c464d8a,897d35aa1d2e879af55c25911404d8e5475613aa1133e34cbcae49b42801c135
10-1-9(1),3,attunet_cl_fixed,3407,junction_region_count,annotation_mask_same_extractor,91.0,329.0,238.0,238.0,261.53846153846155,valid,ok,ok,zero_length_angle_vector,zero_length_angle_vector,6bdc1df0f3e1a66f56d545bec926abaf60b6bca31c0f8ea06ad939681c464d8a,897d35aa1d2e879af55c25911404d8e5475613aa1133e34cbcae49b42801c135
10-1-9(1),3,attunet_cl_fixed,3407,mean_local_acute_angle_deg,annotation_mask_same_extractor,62.85401304883498,54.19165094485449,-8.662362103980492,8.662362103980492,13.781716844794287,valid,ok,ok,zero_length_angle_vector,zero_length_angle_vector,6bdc1df0f3e1a66f56d545bec926abaf60b6bca31c0f8ea06ad939681c464d8a,897d35aa1d2e879af55c25911404d8e5475613aa1133e34cbcae49b42801c135
10-1-9(2),3,attunet_cl_fixed,3407,dominant_path_length,annotation_mask_same_extractor,3383.6256838943486,1720.9575028878842,-1662.6681810064645,1662.6681810064645,49.13865587794079,valid,ok,ok,zero_length_angle_vector,zero_length_angle_vector,e68f65f812ffdebb564961ebaea365b072d4546ab06227eea2987e2d586b741c,c290c640dcb52aeceba989ecaeef7d8107145469f45e799d4b1be1c55e3332cb
10-1-9(2),3,attunet_cl_fixed,3407,retained_segment_count,annotation_mask_same_extractor,71.0,157.0,86.0,86.0,121.12676056338027,valid,ok,ok,zero_length_angle_vector,zero_length_angle_vector,e68f65f812ffdebb564961ebaea365b072d4546ab06227eea2987e2d586b741c,c290c640dcb52aeceba989ecaeef7d8107145469f45e799d4b1be1c55e3332cb
10-1-9(2),3,attunet_cl_fixed,3407,junction_region_count,annotation_mask_same_extractor,68.0,166.0,98.0,98.0,144.11764705882354,valid,ok,ok,zero_length_angle_vector,zero_length_angle_vector,e68f65f812ffdebb564961ebaea365b072d4546ab06227eea2987e2d586b741c,c290c640dcb52aeceba989ecaeef7d8107145469f45e799d4b1be1c55e3332cb
10-1-9(2),3,attunet_cl_fixed,3407,mean_local_acute_angle_deg,annotation_mask_same_extractor,74.17544013119233,61.925200099617626,-12.250240031574704,12.250240031574704,16.515223920354227,valid,ok,ok,zero_length_angle_vector,zero_length_angle_vector,e68f65f812ffdebb564961ebaea365b072d4546ab06227eea2987e2d586b741c,c290c640dcb52aeceba989ecaeef7d8107145469f45e799d4b1be1c55e3332cb
10-1-9(3),4,attunet_cl_fixed,3407,dominant_path_length,annotation_mask_same_extractor,3197.890619158038,761.2619766708766,-2436.6286424871614,2436.6286424871614,76.19487132829744,valid,ok,ok,zero_length_angle_vector,zero_length_angle_vector,a679e2e7ed9fdcb61509a97389dcfc4f21915719e2fb5feb5bf89f66c0d48f13,b3a1912fb92479d2bc29f62db87303cc4a26759d0f8577541bb0ab4d0a0b0c55
10-1-9(3),4,attunet_cl_fixed,3407,retained_segment_count,annotation_mask_same_extractor,41.0,176.0,135.0,135.0,329.2682926829268,valid,ok,ok,zero_length_angle_vector,zero_length_angle_vector,a679e2e7ed9fdcb61509a97389dcfc4f21915719e2fb5feb5bf89f66c0d48f13,b3a1912fb92479d2bc29f62db87303cc4a26759d0f8577541bb0ab4d0a0b0c55
10-1-9(3),4,attunet_cl_fixed,3407,junction_region_count,annotation_mask_same_extractor,28.0,132.0,104.0,104.0,371.4285714285714,valid,ok,ok,zero_length_angle_vector,zero_length_angle_vector,a679e2e7ed9fdcb61509a97389dcfc4f21915719e2fb5feb5bf89f66c0d48f13,b3a1912fb92479d2bc29f62db87303cc4a26759d0f8577541bb0ab4d0a0b0c55
10-1-9(3),4,attunet_cl_fixed,3407,mean_local_acute_angle_deg,annotation_mask_same_extractor,72.9003576118845,53.86281240271229,-19.03754520917221,19.03754520917221,26.114474376828905,valid,ok,ok,zero_length_angle_vector,zero_length_angle_vector,a679e2e7ed9fdcb61509a97389dcfc4f21915719e2fb5feb5bf89f66c0d48f13,b3a1912fb92479d2bc29f62db87303cc4a26759d0f8577541bb0ab4d0a0b0c55
10-2-1,0,attunet_cl_fixed,3407,dominant_path_length,annotation_mask_same_extractor,3683.691701072309,1921.1799410394733,-1762.5117600328358,1762.5117600328358,47.84634282830388,valid,ok,ok,,,fa084051c73ad9c7523229d0a267965c6c54c6c2f9b135b697a09f5f4d254434,e7c3d7970da6e783805de7225ece1c871bde2b081328e8f89336b779917bcfee
10-2-1,0,attunet_cl_fixed,3407,retained_segment_count,annotation_mask_same_extractor,226.0,245.0,19.0,19.0,8.4070796460177,valid,ok,ok,,,fa084051c73ad9c7523229d0a267965c6c54c6c2f9b135b697a09f5f4d254434,e7c3d7970da6e783805de7225ece1c871bde2b081328e8f89336b779917bcfee
10-2-1,0,attunet_cl_fixed,3407,junction_region_count,annotation_mask_same_extractor,188.0,190.0,2.0,2.0,1.0638297872340423,valid,ok,ok,,,fa084051c73ad9c7523229d0a267965c6c54c6c2f9b135b697a09f5f4d254434,e7c3d7970da6e783805de7225ece1c871bde2b081328e8f89336b779917bcfee
10-2-1,0,attunet_cl_fixed,3407,mean_local_acute_angle_deg,annotation_mask_same_extractor,56.550116513732696,46.44992012672732,-10.100196387005376,10.100196387005376,17.86061109980672,valid,ok,ok,,,fa084051c73ad9c7523229d0a267965c6c54c6c2f9b135b697a09f5f4d254434,e7c3d7970da6e783805de7225ece1c871bde2b081328e8f89336b779917bcfee
10-2-2,3,attunet_cl_fixed,3407,dominant_path_length,annotation_mask_same_extractor,3768.215654414004,4840.408655314163,1072.193000900159,1072.193000900159,28.45359977325649,valid,ok,ok,,,888178f6e1d682dbadbaecc08afac163678dd08a3e69f328f11b072009899c8c,081be1183aaaf6b7193acc13c3b2f27907781ee30202aa92b72077ef3a43b4f1
10-2-2,3,attunet_cl_fixed,3407,retained_segment_count,annotation_mask_same_extractor,329.0,432.0,103.0,103.0,31.30699088145897,valid,ok,ok,,,888178f6e1d682dbadbaecc08afac163678dd08a3e69f328f11b072009899c8c,081be1183aaaf6b7193acc13c3b2f27907781ee30202aa92b72077ef3a43b4f1
10-2-2,3,attunet_cl_fixed,3407,junction_region_count,annotation_mask_same_extractor,293.0,421.0,128.0,128.0,43.68600682593857,valid,ok,ok,,,888178f6e1d682dbadbaecc08afac163678dd08a3e69f328f11b072009899c8c,081be1183aaaf6b7193acc13c3b2f27907781ee30202aa92b72077ef3a43b4f1
10-2-2,3,attunet_cl_fixed,3407,mean_local_acute_angle_deg,annotation_mask_same_extractor,59.493993970760265,56.98693938730833,-2.507054583451932,2.507054583451932,4.213962479446385,valid,ok,ok,,,888178f6e1d682dbadbaecc08afac163678dd08a3e69f328f11b072009899c8c,081be1183aaaf6b7193acc13c3b2f27907781ee30202aa92b72077ef3a43b4f1
10-2-3,3,attunet_cl_fixed,3407,dominant_path_length,annotation_mask_same_extractor,782.7442994522875,742.3940110268422,-40.35028842544523,40.35028842544523,5.154976976987208,valid,ok,ok,,,c128b6196f3a108faac4ed970bea2b3e2ee4f4c0090aafd759b5f39cfd31c0d6,99d6a7b4f0b6a401893f8ef095cb6094a04d45992d34e5dd183614300ef67bbf
10-2-3,3,attunet_cl_fixed,3407,retained_segment_count,annotation_mask_same_extractor,27.0,87.0,60.0,60.0,222.22222222222223,valid,ok,ok,,,c128b6196f3a108faac4ed970bea2b3e2ee4f4c0090aafd759b5f39cfd31c0d6,99d6a7b4f0b6a401893f8ef095cb6094a04d45992d34e5dd183614300ef67bbf
10-2-3,3,attunet_cl_fixed,3407,junction_region_count,annotation_mask_same_extractor,18.0,72.0,54.0,54.0,300.0,valid,ok,ok,,,c128b6196f3a108faac4ed970bea2b3e2ee4f4c0090aafd759b5f39cfd31c0d6,99d6a7b4f0b6a401893f8ef095cb6094a04d45992d34e5dd183614300ef67bbf
10-2-3,3,attunet_cl_fixed,3407,mean_local_acute_angle_deg,annotation_mask_same_extractor,44.17449818904469,45.56342075038276,1.3889225613380702,1.3889225613380702,3.144172810733873,valid,ok,ok,,,c128b6196f3a108faac4ed970bea2b3e2ee4f4c0090aafd759b5f39cfd31c0d6,99d6a7b4f0b6a401893f8ef095cb6094a04d45992d34e5dd183614300ef67bbf
10-2-4,0,attunet_cl_fixed,3407,dominant_path_length,annotation_mask_same_extractor,2714.143361112981,1003.2396820942912,-1710.90367901869,1710.90367901869,63.0365994490838,valid,ok,ok,,zero_length_angle_vector,3c60314b040a032dd526925859d6800fc466b21b8dedb28d643c17c54668bc8b,cef321af2ee8398de00250f16a2698e31aa308b004b9eb81864978ba05a6225e
10-2-4,0,attunet_cl_fixed,3407,retained_segment_count,annotation_mask_same_extractor,104.0,156.0,52.0,52.0,50.0,valid,ok,ok,,zero_length_angle_vector,3c60314b040a032dd526925859d6800fc466b21b8dedb28d643c17c54668bc8b,cef321af2ee8398de00250f16a2698e31aa308b004b9eb81864978ba05a6225e
10-2-4,0,attunet_cl_fixed,3407,junction_region_count,annotation_mask_same_extractor,93.0,142.0,49.0,49.0,52.68817204301075,valid,ok,ok,,zero_length_angle_vector,3c60314b040a032dd526925859d6800fc466b21b8dedb28d643c17c54668bc8b,cef321af2ee8398de00250f16a2698e31aa308b004b9eb81864978ba05a6225e
10-2-4,0,attunet_cl_fixed,3407,mean_local_acute_angle_deg,annotation_mask_same_extractor,63.03310962332985,45.928183175536745,-17.104926447793105,17.104926447793105,27.136415369649196,valid,ok,ok,,zero_length_angle_vector,3c60314b040a032dd526925859d6800fc466b21b8dedb28d643c17c54668bc8b,cef321af2ee8398de00250f16a2698e31aa308b004b9eb81864978ba05a6225e
10-9-1,2,attunet_cl_fixed,3407,dominant_path_length,annotation_mask_same_extractor,2670.711903607907,1953.459161653053,-717.2527419548542,717.2527419548542,26.8562378812146,valid,ok,ok,,zero_length_angle_vector,f909c402c7b2db20640a01e33f844ebeccd8ec430131c4fad30fd8305345ea91,2fe41664a7082102cf950361fbc7c8222b14497343e0d18352584e1d882976b9
10-9-1,2,attunet_cl_fixed,3407,retained_segment_count,annotation_mask_same_extractor,60.0,121.0,61.0,61.0,101.66666666666666,valid,ok,ok,,zero_length_angle_vector,f909c402c7b2db20640a01e33f844ebeccd8ec430131c4fad30fd8305345ea91,2fe41664a7082102cf950361fbc7c8222b14497343e0d18352584e1d882976b9
10-9-1,2,attunet_cl_fixed,3407,junction_region_count,annotation_mask_same_extractor,47.0,105.0,58.0,58.0,123.40425531914892,valid,ok,ok,,zero_length_angle_vector,f909c402c7b2db20640a01e33f844ebeccd8ec430131c4fad30fd8305345ea91,2fe41664a7082102cf950361fbc7c8222b14497343e0d18352584e1d882976b9
10-9-1,2,attunet_cl_fixed,3407,mean_local_acute_angle_deg,annotation_mask_same_extractor,45.79801641663758,48.91996294234294,3.1219465257053614,3.1219465257053614,6.81677236259345,valid,ok,ok,,zero_length_angle_vector,f909c402c7b2db20640a01e33f844ebeccd8ec430131c4fad30fd8305345ea91,2fe41664a7082102cf950361fbc7c8222b14497343e0d18352584e1d882976b9
10-9-2,4,attunet_cl_fixed,3407,dominant_path_length,annotation_mask_same_extractor,3136.0378054156918,2841.311975395406,-294.72583002028523,294.72583002028523,9.39803179385519,valid,ok,ok,,zero_length_angle_vector,97a6fbf3a148ba0641a27177bb2768e92fcab2d7f8bf002f6c2735617daf5cf2,7d3bd68f92aeac119a151bcfda3c1a08f4c1f98f5b89de3d365d11bec5006cde
10-9-2,4,attunet_cl_fixed,3407,retained_segment_count,annotation_mask_same_extractor,222.0,409.0,187.0,187.0,84.23423423423422,valid,ok,ok,,zero_length_angle_vector,97a6fbf3a148ba0641a27177bb2768e92fcab2d7f8bf002f6c2735617daf5cf2,7d3bd68f92aeac119a151bcfda3c1a08f4c1f98f5b89de3d365d11bec5006cde
10-9-2,4,attunet_cl_fixed,3407,junction_region_count,annotation_mask_same_extractor,205.0,350.0,145.0,145.0,70.73170731707317,valid,ok,ok,,zero_length_angle_vector,97a6fbf3a148ba0641a27177bb2768e92fcab2d7f8bf002f6c2735617daf5cf2,7d3bd68f92aeac119a151bcfda3c1a08f4c1f98f5b89de3d365d11bec5006cde
10-9-2,4,attunet_cl_fixed,3407,mean_local_acute_angle_deg,annotation_mask_same_extractor,60.53394064128271,49.8546551385132,-10.67928550276951,10.67928550276951,17.641814475706692,valid,ok,ok,,zero_length_angle_vector,97a6fbf3a148ba0641a27177bb2768e92fcab2d7f8bf002f6c2735617daf5cf2,7d3bd68f92aeac119a151bcfda3c1a08f4c1f98f5b89de3d365d11bec5006cde
10-9-3,0,attunet_cl_fixed,3407,dominant_path_length,annotation_mask_same_extractor,3235.23794899067,2108.60634791066,-1126.63160108001,1126.63160108001,34.823763161887264,valid,ok,ok,zero_length_angle_vector,zero_length_angle_vector,a23e4c9ae8b5cd333c9ee04c6a4a84de25c4388307e8463b068e3f8f45f8c58d,7e995d7192a4e87e74f3831fd49ebabcac3ec8477e13eec73ac4c1c99af37622
10-9-3,0,attunet_cl_fixed,3407,retained_segment_count,annotation_mask_same_extractor,102.0,184.0,82.0,82.0,80.3921568627451,valid,ok,ok,zero_length_angle_vector,zero_length_angle_vector,a23e4c9ae8b5cd333c9ee04c6a4a84de25c4388307e8463b068e3f8f45f8c58d,7e995d7192a4e87e74f3831fd49ebabcac3ec8477e13eec73ac4c1c99af37622
10-9-3,0,attunet_cl_fixed,3407,junction_region_count,annotation_mask_same_extractor,94.0,160.0,66.0,66.0,70.2127659574468,valid,ok,ok,zero_length_angle_vector,zero_length_angle_vector,a23e4c9ae8b5cd333c9ee04c6a4a84de25c4388307e8463b068e3f8f45f8c58d,7e995d7192a4e87e74f3831fd49ebabcac3ec8477e13eec73ac4c1c99af37622
10-9-3,0,attunet_cl_fixed,3407,mean_local_acute_angle_deg,annotation_mask_same_extractor,62.02962831732245,58.53754373994708,-3.492084577375365,3.492084577375365,5.629704178640327,valid,ok,ok,zero_length_angle_vector,zero_length_angle_vector,a23e4c9ae8b5cd333c9ee04c6a4a84de25c4388307e8463b068e3f8f45f8c58d,7e995d7192a4e87e74f3831fd49ebabcac3ec8477e13eec73ac4c1c99af37622
10-9-4,2,attunet_cl_fixed,3407,dominant_path_length,annotation_mask_same_extractor,3795.486865800912,2011.4692629208175,-1784.017602880094,1784.017602880094,47.003656341296185,valid,ok,ok,,zero_length_angle_vector,775edf7906167ea9e9ba868605a76fc739ed5aa32d5a1c9e3ec9a9a84e402ead,453f93f419c50f0e0ab838665fbccd2d88ac2368147ab90c3ff24cbdb2a2478b
10-9-4,2,attunet_cl_fixed,3407,retained_segment_count,annotation_mask_same_extractor,82.0,147.0,65.0,65.0,79.26829268292683,valid,ok,ok,,zero_length_angle_vector,775edf7906167ea9e9ba868605a76fc739ed5aa32d5a1c9e3ec9a9a84e402ead,453f93f419c50f0e0ab838665fbccd2d88ac2368147ab90c3ff24cbdb2a2478b
10-9-4,2,attunet_cl_fixed,3407,junction_region_count,annotation_mask_same_extractor,63.0,108.0,45.0,45.0,71.42857142857143,valid,ok,ok,,zero_length_angle_vector,775edf7906167ea9e9ba868605a76fc739ed5aa32d5a1c9e3ec9a9a84e402ead,453f93f419c50f0e0ab838665fbccd2d88ac2368147ab90c3ff24cbdb2a2478b
10-9-4,2,attunet_cl_fixed,3407,mean_local_acute_angle_deg,annotation_mask_same_extractor,43.610163723088185,48.722064294779216,5.111900571691031,5.111900571691031,11.721810090303968,valid,ok,ok,,zero_length_angle_vector,775edf7906167ea9e9ba868605a76fc739ed5aa32d5a1c9e3ec9a9a84e402ead,453f93f419c50f0e0ab838665fbccd2d88ac2368147ab90c3ff24cbdb2a2478b
235-10-11(1),3,attunet_cl_fixed,3407,dominant_path_length,annotation_mask_same_extractor,2994.397328557098,1954.549565448676,-1039.8477631084222,1039.8477631084222,34.726445725540735,valid,ok,ok,,zero_length_angle_vector,9d52d033268cd4a5d237049ac4f43033746bfe49685933fe46cc01355c7ffcc7,2039e0c38e797dc25f9ed29d7f0b25699a7d910460a3b6bf37f8e90d88146d02
235-10-11(1),3,attunet_cl_fixed,3407,retained_segment_count,annotation_mask_same_extractor,39.0,262.0,223.0,223.0,571.7948717948718,valid,ok,ok,,zero_length_angle_vector,9d52d033268cd4a5d237049ac4f43033746bfe49685933fe46cc01355c7ffcc7,2039e0c38e797dc25f9ed29d7f0b25699a7d910460a3b6bf37f8e90d88146d02
235-10-11(1),3,attunet_cl_fixed,3407,junction_region_count,annotation_mask_same_extractor,31.0,278.0,247.0,247.0,796.7741935483871,valid,ok,ok,,zero_length_angle_vector,9d52d033268cd4a5d237049ac4f43033746bfe49685933fe46cc01355c7ffcc7,2039e0c38e797dc25f9ed29d7f0b25699a7d910460a3b6bf37f8e90d88146d02
235-10-11(1),3,attunet_cl_fixed,3407,mean_local_acute_angle_deg,annotation_mask_same_extractor,53.361302278251465,54.68681066908941,1.325508390837939,1.325508390837939,2.484025565804413,valid,ok,ok,,zero_length_angle_vector,9d52d033268cd4a5d237049ac4f43033746bfe49685933fe46cc01355c7ffcc7,2039e0c38e797dc25f9ed29d7f0b25699a7d910460a3b6bf37f8e90d88146d02
235-10-11(2),1,attunet_cl_fixed,3407,dominant_path_length,annotation_mask_same_extractor,2805.9057710597435,1896.096679918788,-909.8090911409558,909.8090911409558,32.42479132851764,valid,ok,ok,,zero_length_angle_vector,5b712c674961fc82b6cbf219207fe1d3e1b0be3e2a6b4ba1f8eea53b3cdecde8,72a7b106808dc5f94cd8fa545844c66cbcd3c1a51653cc5bf8d99e7e081f0707
235-10-11(2),1,attunet_cl_fixed,3407,retained_segment_count,annotation_mask_same_extractor,44.0,228.0,184.0,184.0,418.1818181818182,valid,ok,ok,,zero_length_angle_vector,5b712c674961fc82b6cbf219207fe1d3e1b0be3e2a6b4ba1f8eea53b3cdecde8,72a7b106808dc5f94cd8fa545844c66cbcd3c1a51653cc5bf8d99e7e081f0707
235-10-11(2),1,attunet_cl_fixed,3407,junction_region_count,annotation_mask_same_extractor,32.0,283.0,251.0,251.0,784.375,valid,ok,ok,,zero_length_angle_vector,5b712c674961fc82b6cbf219207fe1d3e1b0be3e2a6b4ba1f8eea53b3cdecde8,72a7b106808dc5f94cd8fa545844c66cbcd3c1a51653cc5bf8d99e7e081f0707
235-10-11(2),1,attunet_cl_fixed,3407,mean_local_acute_angle_deg,annotation_mask_same_extractor,43.25362958365755,45.15514591588488,1.901516332227331,1.901516332227331,4.396200620689132,valid,ok,ok,,zero_length_angle_vector,5b712c674961fc82b6cbf219207fe1d3e1b0be3e2a6b4ba1f8eea53b3cdecde8,72a7b106808dc5f94cd8fa545844c66cbcd3c1a51653cc5bf8d99e7e081f0707
235-10-11(3),1,attunet_cl_fixed,3407,dominant_path_length,annotation_mask_same_extractor,3903.799348810616,2082.152595829002,-1821.6467529816136,1821.6467529816136,46.6634319598578,valid,ok,ok,zero_length_angle_vector,zero_length_angle_vector,fa60085f010979fe70bd85f42f583537392b69473bae643033aaace4f1bfd685,e7265a79a4f927ac6955cc1b68cfd983856b3dea079e05dd1c4a8badfc0bd72a
235-10-11(3),1,attunet_cl_fixed,3407,retained_segment_count,annotation_mask_same_extractor,195.0,564.0,369.0,369.0,189.23076923076923,valid,ok,ok,zero_length_angle_vector,zero_length_angle_vector,fa60085f010979fe70bd85f42f583537392b69473bae643033aaace4f1bfd685,e7265a79a4f927ac6955cc1b68cfd983856b3dea079e05dd1c4a8badfc0bd72a
235-10-11(3),1,attunet_cl_fixed,3407,junction_region_count,annotation_mask_same_extractor,171.0,610.0,439.0,439.0,256.72514619883043,valid,ok,ok,zero_length_angle_vector,zero_length_angle_vector,fa60085f010979fe70bd85f42f583537392b69473bae643033aaace4f1bfd685,e7265a79a4f927ac6955cc1b68cfd983856b3dea079e05dd1c4a8badfc0bd72a
235-10-11(3),1,attunet_cl_fixed,3407,mean_local_acute_angle_deg,annotation_mask_same_extractor,59.57250840324565,49.61028339425158,-9.962225008994068,9.962225008994068,16.722856357768045,valid,ok,ok,zero_length_angle_vector,zero_length_angle_vector,fa60085f010979fe70bd85f42f583537392b69473bae643033aaace4f1bfd685,e7265a79a4f927ac6955cc1b68cfd983856b3dea079e05dd1c4a8badfc0bd72a
235-10-12(1),4,attunet_cl_fixed,3407,dominant_path_length,annotation_mask_same_extractor,2001.4427842621224,1499.8670990922612,-501.5756851698611,501.5756851698611,25.0607056626292,valid,ok,ok,,zero_length_angle_vector,18b9363d37a62a519d147178d26a24d6b4b802b892db690b5190ad39f8a39884,7aece493d8ad55c060e0b54b3af966a7805f5893e448b8f0d8b32e4a03a04eaf
235-10-12(1),4,attunet_cl_fixed,3407,retained_segment_count,annotation_mask_same_extractor,134.0,141.0,7.0,7.0,5.223880597014925,valid,ok,ok,,zero_length_angle_vector,18b9363d37a62a519d147178d26a24d6b4b802b892db690b5190ad39f8a39884,7aece493d8ad55c060e0b54b3af966a7805f5893e448b8f0d8b32e4a03a04eaf
235-10-12(1),4,attunet_cl_fixed,3407,junction_region_count,annotation_mask_same_extractor,112.0,119.0,7.0,7.0,6.25,valid,ok,ok,,zero_length_angle_vector,18b9363d37a62a519d147178d26a24d6b4b802b892db690b5190ad39f8a39884,7aece493d8ad55c060e0b54b3af966a7805f5893e448b8f0d8b32e4a03a04eaf
235-10-12(1),4,attunet_cl_fixed,3407,mean_local_acute_angle_deg,annotation_mask_same_extractor,53.181513697065846,50.261753399176165,-2.919760297889681,2.919760297889681,5.490179001901504,valid,ok,ok,,zero_length_angle_vector,18b9363d37a62a519d147178d26a24d6b4b802b892db690b5190ad39f8a39884,7aece493d8ad55c060e0b54b3af966a7805f5893e448b8f0d8b32e4a03a04eaf
235-10-12(2),0,attunet_cl_fixed,3407,dominant_path_length,annotation_mask_same_extractor,3327.9141392239435,554.6711395993669,-2773.2429996245764,2773.2429996245764,83.33276892387872,valid,ok,ok,,zero_length_angle_vector,3f320f9a413c704ff148c35538663d08b34fdafa0044a66241f691b28db5db7b,324792c9dc3e3e133927ab2b0b22d4b0f623c27f43b0c1a699eb146cf494fcb6
235-10-12(2),0,attunet_cl_fixed,3407,retained_segment_count,annotation_mask_same_extractor,98.0,144.0,46.0,46.0,46.93877551020408,valid,ok,ok,,zero_length_angle_vector,3f320f9a413c704ff148c35538663d08b34fdafa0044a66241f691b28db5db7b,324792c9dc3e3e133927ab2b0b22d4b0f623c27f43b0c1a699eb146cf494fcb6
235-10-12(2),0,attunet_cl_fixed,3407,junction_region_count,annotation_mask_same_extractor,79.0,116.0,37.0,37.0,46.83544303797469,valid,ok,ok,,zero_length_angle_vector,3f320f9a413c704ff148c35538663d08b34fdafa0044a66241f691b28db5db7b,324792c9dc3e3e133927ab2b0b22d4b0f623c27f43b0c1a699eb146cf494fcb6
235-10-12(2),0,attunet_cl_fixed,3407,mean_local_acute_angle_deg,annotation_mask_same_extractor,62.31932305515474,56.15847645953038,-6.160846595624363,6.160846595624363,9.8859331160767,valid,ok,ok,,zero_length_angle_vector,3f320f9a413c704ff148c35538663d08b34fdafa0044a66241f691b28db5db7b,324792c9dc3e3e133927ab2b0b22d4b0f623c27f43b0c1a699eb146cf494fcb6
235-10-12(3),1,attunet_cl_fixed,3407,dominant_path_length,annotation_mask_same_extractor,3338.9221484506097,1931.0184694319848,-1407.9036790186249,1407.9036790186249,42.16641228583144,valid,ok,ok,zero_length_angle_vector,zero_length_angle_vector,06cb03ea2bad65c89fe30627bf1d69fb7bd50a7bc6f48ee697c5830e39ef08b3,0db95a61f380704411c69593fa857c96a76abae1dc2d5f615e478bf4e2e6d5e0
235-10-12(3),1,attunet_cl_fixed,3407,retained_segment_count,annotation_mask_same_extractor,248.0,661.0,413.0,413.0,166.53225806451613,valid,ok,ok,zero_length_angle_vector,zero_length_angle_vector,06cb03ea2bad65c89fe30627bf1d69fb7bd50a7bc6f48ee697c5830e39ef08b3,0db95a61f380704411c69593fa857c96a76abae1dc2d5f615e478bf4e2e6d5e0
235-10-12(3),1,attunet_cl_fixed,3407,junction_region_count,annotation_mask_same_extractor,210.0,712.0,502.0,502.0,239.04761904761904,valid,ok,ok,zero_length_angle_vector,zero_length_angle_vector,06cb03ea2bad65c89fe30627bf1d69fb7bd50a7bc6f48ee697c5830e39ef08b3,0db95a61f380704411c69593fa857c96a76abae1dc2d5f615e478bf4e2e6d5e0
235-10-12(3),1,attunet_cl_fixed,3407,mean_local_acute_angle_deg,annotation_mask_same_extractor,56.12825058978015,46.50239036191901,-9.62586022786114,9.62586022786114,17.14975992787101,valid,ok,ok,zero_length_angle_vector,zero_length_angle_vector,06cb03ea2bad65c89fe30627bf1d69fb7bd50a7bc6f48ee697c5830e39ef08b3,0db95a61f380704411c69593fa857c96a76abae1dc2d5f615e478bf4e2e6d5e0
235-25-6(1),2,attunet_cl_fixed,3407,dominant_path_length,annotation_mask_same_extractor,2364.349421873661,1049.4427842621226,-1314.9066376115384,1314.9066376115384,55.61388792395681,valid,ok,ok,,zero_length_angle_vector,81d217e87b63701eb36c3a0b141a738b1f3dd596f793222514893c0a771fc94d,e6f14294f6771cf8933f5fc97be1f63633c97ac0f5340f3cc91885812595d5a8
235-25-6(1),2,attunet_cl_fixed,3407,retained_segment_count,annotation_mask_same_extractor,27.0,75.0,48.0,48.0,177.77777777777777,valid,ok,ok,,zero_length_angle_vector,81d217e87b63701eb36c3a0b141a738b1f3dd596f793222514893c0a771fc94d,e6f14294f6771cf8933f5fc97be1f63633c97ac0f5340f3cc91885812595d5a8
235-25-6(1),2,attunet_cl_fixed,3407,junction_region_count,annotation_mask_same_extractor,21.0,58.0,37.0,37.0,176.19047619047618,valid,ok,ok,,zero_length_angle_vector,81d217e87b63701eb36c3a0b141a738b1f3dd596f793222514893c0a771fc94d,e6f14294f6771cf8933f5fc97be1f63633c97ac0f5340f3cc91885812595d5a8
235-25-6(1),2,attunet_cl_fixed,3407,mean_local_acute_angle_deg,annotation_mask_same_extractor,63.4461979910307,52.47733505105086,-10.968862939979845,10.968862939979845,17.288447987900703,valid,ok,ok,,zero_length_angle_vector,81d217e87b63701eb36c3a0b141a738b1f3dd596f793222514893c0a771fc94d,e6f14294f6771cf8933f5fc97be1f63633c97ac0f5340f3cc91885812595d5a8
235-25-6(2),4,attunet_cl_fixed,3407,dominant_path_length,annotation_mask_same_extractor,1377.430590953303,898.8376618407385,-478.5929291125644,478.5929291125644,34.74533905779863,valid,ok,ok,,zero_length_angle_vector,07fd844e7f853a14fb82235228caf5997075e001697d881b5a753f8be11ad9ff,2f1398df31be2bd4bef23fc0370da9702297b78b066d01ae00d2e69068a374c2
235-25-6(2),4,attunet_cl_fixed,3407,retained_segment_count,annotation_mask_same_extractor,90.0,135.0,45.0,45.0,50.0,valid,ok,ok,,zero_length_angle_vector,07fd844e7f853a14fb82235228caf5997075e001697d881b5a753f8be11ad9ff,2f1398df31be2bd4bef23fc0370da9702297b78b066d01ae00d2e69068a374c2
235-25-6(2),4,attunet_cl_fixed,3407,junction_region_count,annotation_mask_same_extractor,63.0,117.0,54.0,54.0,85.71428571428571,valid,ok,ok,,zero_length_angle_vector,07fd844e7f853a14fb82235228caf5997075e001697d881b5a753f8be11ad9ff,2f1398df31be2bd4bef23fc0370da9702297b78b066d01ae00d2e69068a374c2
235-25-6(2),4,attunet_cl_fixed,3407,mean_local_acute_angle_deg,annotation_mask_same_extractor,48.93734100767138,51.610291175150245,2.6729501674788665,2.6729501674788665,5.461984881973577,valid,ok,ok,,zero_length_angle_vector,07fd844e7f853a14fb82235228caf5997075e001697d881b5a753f8be11ad9ff,2f1398df31be2bd4bef23fc0370da9702297b78b066d01ae00d2e69068a374c2
235-25-7(1),2,attunet_cl_fixed,3407,dominant_path_length,annotation_mask_same_extractor,2998.8439379638457,2047.6113985445488,-951.2325394192968,951.2325394192968,31.719974733502287,valid,ok,ok,,,7497c2c9ff553aa7c2dd4141a59b027c8c75f67dc2bccba4cc857927d6dbf16d,d0acc156477141bed3971724758c7b2ef7a564e04e3c6539e19e154e3f8eaef0
235-25-7(1),2,attunet_cl_fixed,3407,retained_segment_count,annotation_mask_same_extractor,230.0,177.0,-53.0,53.0,23.043478260869566,valid,ok,ok,,,7497c2c9ff553aa7c2dd4141a59b027c8c75f67dc2bccba4cc857927d6dbf16d,d0acc156477141bed3971724758c7b2ef7a564e04e3c6539e19e154e3f8eaef0
235-25-7(1),2,attunet_cl_fixed,3407,junction_region_count,annotation_mask_same_extractor,208.0,151.0,-57.0,57.0,27.40384615384616,valid,ok,ok,,,7497c2c9ff553aa7c2dd4141a59b027c8c75f67dc2bccba4cc857927d6dbf16d,d0acc156477141bed3971724758c7b2ef7a564e04e3c6539e19e154e3f8eaef0
235-25-7(1),2,attunet_cl_fixed,3407,mean_local_acute_angle_deg,annotation_mask_same_extractor,56.8053052093956,48.56411867013421,-8.241186539261385,8.241186539261385,14.507776181965292,valid,ok,ok,,,7497c2c9ff553aa7c2dd4141a59b027c8c75f67dc2bccba4cc857927d6dbf16d,d0acc156477141bed3971724758c7b2ef7a564e04e3c6539e19e154e3f8eaef0
235-25-7(2),2,attunet_cl_fixed,3407,dominant_path_length,annotation_mask_same_extractor,1249.092495836678,1177.6143571373768,-71.4781386993011,71.4781386993011,5.722405581455599,valid,ok,ok,,zero_length_angle_vector,2131528edadfa652c430e59c756f4b7a69ff50f6d858967b29f0984a2a5a1f3d,2354997387cfb4e8ccdf94d121cf4971d1d607c5c8045a19d8a8226c3c6cc89e
235-25-7(2),2,attunet_cl_fixed,3407,retained_segment_count,annotation_mask_same_extractor,94.0,119.0,25.0,25.0,26.595744680851062,valid,ok,ok,,zero_length_angle_vector,2131528edadfa652c430e59c756f4b7a69ff50f6d858967b29f0984a2a5a1f3d,2354997387cfb4e8ccdf94d121cf4971d1d607c5c8045a19d8a8226c3c6cc89e
235-25-7(2),2,attunet_cl_fixed,3407,junction_region_count,annotation_mask_same_extractor,74.0,102.0,28.0,28.0,37.83783783783784,valid,ok,ok,,zero_length_angle_vector,2131528edadfa652c430e59c756f4b7a69ff50f6d858967b29f0984a2a5a1f3d,2354997387cfb4e8ccdf94d121cf4971d1d607c5c8045a19d8a8226c3c6cc89e
235-25-7(2),2,attunet_cl_fixed,3407,mean_local_acute_angle_deg,annotation_mask_same_extractor,51.18427192297171,46.26506408256184,-4.919207840409868,4.919207840409868,9.610780139283582,valid,ok,ok,,zero_length_angle_vector,2131528edadfa652c430e59c756f4b7a69ff50f6d858967b29f0984a2a5a1f3d,2354997387cfb4e8ccdf94d121cf4971d1d607c5c8045a19d8a8226c3c6cc89e
235-25-7(3),2,attunet_cl_fixed,3407,dominant_path_length,annotation_mask_same_extractor,3042.988165628605,1178.1930009000655,-1864.7951647285397,1864.7951647285397,61.28170939972484,valid,ok,ok,zero_length_angle_vector,zero_length_angle_vector,2c8b120debe12fd303a7f06497770c03ad10375f80aac91a1feeabe828c5d6e3,e38bcbcc6117c80073b918a9a4b3fca4b5bd6fa379ddd65bf18c7c496eb961e1
235-25-7(3),2,attunet_cl_fixed,3407,retained_segment_count,annotation_mask_same_extractor,86.0,148.0,62.0,62.0,72.09302325581395,valid,ok,ok,zero_length_angle_vector,zero_length_angle_vector,2c8b120debe12fd303a7f06497770c03ad10375f80aac91a1feeabe828c5d6e3,e38bcbcc6117c80073b918a9a4b3fca4b5bd6fa379ddd65bf18c7c496eb961e1
235-25-7(3),2,attunet_cl_fixed,3407,junction_region_count,annotation_mask_same_extractor,69.0,120.0,51.0,51.0,73.91304347826086,valid,ok,ok,zero_length_angle_vector,zero_length_angle_vector,2c8b120debe12fd303a7f06497770c03ad10375f80aac91a1feeabe828c5d6e3,e38bcbcc6117c80073b918a9a4b3fca4b5bd6fa379ddd65bf18c7c496eb961e1
235-25-7(3),2,attunet_cl_fixed,3407,mean_local_acute_angle_deg,annotation_mask_same_extractor,40.34148473985392,52.85629239554585,12.514807655691932,12.514807655691932,31.02217912006689,valid,ok,ok,zero_length_angle_vector,zero_length_angle_vector,2c8b120debe12fd303a7f06497770c03ad10375f80aac91a1feeabe828c5d6e3,e38bcbcc6117c80073b918a9a4b3fca4b5bd6fa379ddd65bf18c7c496eb961e1
235-25-9(1),4,attunet_cl_fixed,3407,dominant_path_length,annotation_mask_same_extractor,3126.4490603852128,637.7472580451151,-2488.701802340098,2488.701802340098,79.60154649164386,valid,ok,ok,,zero_length_angle_vector,a44aabe48936de7e267908875859f9c440963c013122db96ca7e12819915e47a,2f46c1d610a9616ed0c4a53f9433d7c1d93b7b0cad66cd78b5b5101e98d434b8
235-25-9(1),4,attunet_cl_fixed,3407,retained_segment_count,annotation_mask_same_extractor,81.0,136.0,55.0,55.0,67.90123456790124,valid,ok,ok,,zero_length_angle_vector,a44aabe48936de7e267908875859f9c440963c013122db96ca7e12819915e47a,2f46c1d610a9616ed0c4a53f9433d7c1d93b7b0cad66cd78b5b5101e98d434b8
235-25-9(1),4,attunet_cl_fixed,3407,junction_region_count,annotation_mask_same_extractor,71.0,138.0,67.0,67.0,94.3661971830986,valid,ok,ok,,zero_length_angle_vector,a44aabe48936de7e267908875859f9c440963c013122db96ca7e12819915e47a,2f46c1d610a9616ed0c4a53f9433d7c1d93b7b0cad66cd78b5b5101e98d434b8
235-25-9(1),4,attunet_cl_fixed,3407,mean_local_acute_angle_deg,annotation_mask_same_extractor,56.36650915301412,38.60986058410988,-17.75664856890424,17.75664856890424,31.50212570500248,valid,ok,ok,,zero_length_angle_vector,a44aabe48936de7e267908875859f9c440963c013122db96ca7e12819915e47a,2f46c1d610a9616ed0c4a53f9433d7c1d93b7b0cad66cd78b5b5101e98d434b8
235-25-9(2),4,attunet_cl_fixed,3407,dominant_path_length,annotation_mask_same_extractor,1133.901586977666,805.3229432149768,-328.57864376268924,328.57864376268924,28.977703844519016,valid,ok,ok,,zero_length_angle_vector,078e2f40e0375f4163f04a89f798c84e04ad144ea99252428ef60b382a208150,1574cf158c3895a01821c686eefdf909ca1849fb83d383a0bb02f4cc44423516
235-25-9(2),4,attunet_cl_fixed,3407,retained_segment_count,annotation_mask_same_extractor,72.0,81.0,9.0,9.0,12.5,valid,ok,ok,,zero_length_angle_vector,078e2f40e0375f4163f04a89f798c84e04ad144ea99252428ef60b382a208150,1574cf158c3895a01821c686eefdf909ca1849fb83d383a0bb02f4cc44423516
235-25-9(2),4,attunet_cl_fixed,3407,junction_region_count,annotation_mask_same_extractor,58.0,73.0,15.0,15.0,25.86206896551724,valid,ok,ok,,zero_length_angle_vector,078e2f40e0375f4163f04a89f798c84e04ad144ea99252428ef60b382a208150,1574cf158c3895a01821c686eefdf909ca1849fb83d383a0bb02f4cc44423516
235-25-9(2),4,attunet_cl_fixed,3407,mean_local_acute_angle_deg,annotation_mask_same_extractor,48.80355339734289,49.253599456044775,0.4500460587018864,0.4500460587018864,0.9221583826852844,valid,ok,ok,,zero_length_angle_vector,078e2f40e0375f4163f04a89f798c84e04ad144ea99252428ef60b382a208150,1574cf158c3895a01821c686eefdf909ca1849fb83d383a0bb02f4cc44423516
235-25-9(3),1,attunet_cl_fixed,3407,dominant_path_length,annotation_mask_same_extractor,3014.99617485532,1507.106781186553,-1507.8893936687666,1507.8893936687666,50.01297866459568,valid,ok,ok,,zero_length_angle_vector,04c79fb7e355280d60cd560ee7fce5e6be4db79fc76c2cc62ba5beb9dc7281f5,7da1e819b2a5f4990ccf001cd830e05a8830dfebe36dfd06173bc3ecbcd167f8
235-25-9(3),1,attunet_cl_fixed,3407,retained_segment_count,annotation_mask_same_extractor,162.0,265.0,103.0,103.0,63.580246913580254,valid,ok,ok,,zero_length_angle_vector,04c79fb7e355280d60cd560ee7fce5e6be4db79fc76c2cc62ba5beb9dc7281f5,7da1e819b2a5f4990ccf001cd830e05a8830dfebe36dfd06173bc3ecbcd167f8
235-25-9(3),1,attunet_cl_fixed,3407,junction_region_count,annotation_mask_same_extractor,148.0,296.0,148.0,148.0,100.0,valid,ok,ok,,zero_length_angle_vector,04c79fb7e355280d60cd560ee7fce5e6be4db79fc76c2cc62ba5beb9dc7281f5,7da1e819b2a5f4990ccf001cd830e05a8830dfebe36dfd06173bc3ecbcd167f8
235-25-9(3),1,attunet_cl_fixed,3407,mean_local_acute_angle_deg,annotation_mask_same_extractor,63.95431651066043,57.08586791011579,-6.868448600544646,6.868448600544646,10.73961692546547,valid,ok,ok,,zero_length_angle_vector,04c79fb7e355280d60cd560ee7fce5e6be4db79fc76c2cc62ba5beb9dc7281f5,7da1e819b2a5f4990ccf001cd830e05a8830dfebe36dfd06173bc3ecbcd167f8
447-1-1,1,attunet_cl_fixed,3407,dominant_path_length,annotation_mask_same_extractor,3911.385135248214,4121.5049762953695,210.1198410471557,210.1198410471557,5.372005920706185,valid,ok,ok,,zero_length_angle_vector,67a3ba2f50251e390c617a86eba391a70dc650351761a8b7c955b3e97cd90123,fb309f640e6730508c2113ee3575b9aa583fb084aaa2fe45ac894ae886299d58
447-1-1,1,attunet_cl_fixed,3407,retained_segment_count,annotation_mask_same_extractor,293.0,437.0,144.0,144.0,49.14675767918089,valid,ok,ok,,zero_length_angle_vector,67a3ba2f50251e390c617a86eba391a70dc650351761a8b7c955b3e97cd90123,fb309f640e6730508c2113ee3575b9aa583fb084aaa2fe45ac894ae886299d58
447-1-1,1,attunet_cl_fixed,3407,junction_region_count,annotation_mask_same_extractor,271.0,495.0,224.0,224.0,82.65682656826569,valid,ok,ok,,zero_length_angle_vector,67a3ba2f50251e390c617a86eba391a70dc650351761a8b7c955b3e97cd90123,fb309f640e6730508c2113ee3575b9aa583fb084aaa2fe45ac894ae886299d58
447-1-1,1,attunet_cl_fixed,3407,mean_local_acute_angle_deg,annotation_mask_same_extractor,61.7061773985382,56.49704334517374,-5.209134053364451,5.209134053364451,8.441835603784872,valid,ok,ok,,zero_length_angle_vector,67a3ba2f50251e390c617a86eba391a70dc650351761a8b7c955b3e97cd90123,fb309f640e6730508c2113ee3575b9aa583fb084aaa2fe45ac894ae886299d58
447-1-1(1),1,attunet_cl_fixed,3407,dominant_path_length,annotation_mask_same_extractor,3219.268252793949,1536.4154390516553,-1682.8528137422938,1682.8528137422938,52.27438913429392,valid,ok,ok,,zero_length_angle_vector,0d1ba7e5e04b19e049d833c898b8b5dfd329ae106055ed93825b5e45ffe6aa84,be8130fdba5062d443970786948cd376ca670270ef62a201430ebf6e2dddb702
447-1-1(1),1,attunet_cl_fixed,3407,retained_segment_count,annotation_mask_same_extractor,138.0,212.0,74.0,74.0,53.62318840579711,valid,ok,ok,,zero_length_angle_vector,0d1ba7e5e04b19e049d833c898b8b5dfd329ae106055ed93825b5e45ffe6aa84,be8130fdba5062d443970786948cd376ca670270ef62a201430ebf6e2dddb702
447-1-1(1),1,attunet_cl_fixed,3407,junction_region_count,annotation_mask_same_extractor,130.0,229.0,99.0,99.0,76.15384615384615,valid,ok,ok,,zero_length_angle_vector,0d1ba7e5e04b19e049d833c898b8b5dfd329ae106055ed93825b5e45ffe6aa84,be8130fdba5062d443970786948cd376ca670270ef62a201430ebf6e2dddb702
447-1-1(1),1,attunet_cl_fixed,3407,mean_local_acute_angle_deg,annotation_mask_same_extractor,67.79905715669001,53.92050580260499,-13.87855135408502,13.87855135408502,20.470124417822475,valid,ok,ok,,zero_length_angle_vector,0d1ba7e5e04b19e049d833c898b8b5dfd329ae106055ed93825b5e45ffe6aa84,be8130fdba5062d443970786948cd376ca670270ef62a201430ebf6e2dddb702
7-1-3(1),4,attunet_cl_fixed,3407,dominant_path_length,annotation_mask_same_extractor,3591.411613906912,2066.4621202458798,-1524.9494936610326,1524.9494936610326,42.46100579939147,valid,ok,ok,,zero_length_angle_vector,bba8ccc94987683932ee1142fbfdf5f18f0e90a532fe1e011e5e0387316a0102,4eaabf2cd0e9af6489b8e2e332795f5427b886a060562c22a1d5043ac7ad1e14
7-1-3(1),4,attunet_cl_fixed,3407,retained_segment_count,annotation_mask_same_extractor,415.0,504.0,89.0,89.0,21.44578313253012,valid,ok,ok,,zero_length_angle_vector,bba8ccc94987683932ee1142fbfdf5f18f0e90a532fe1e011e5e0387316a0102,4eaabf2cd0e9af6489b8e2e332795f5427b886a060562c22a1d5043ac7ad1e14
7-1-3(1),4,attunet_cl_fixed,3407,junction_region_count,annotation_mask_same_extractor,370.0,424.0,54.0,54.0,14.594594594594597,valid,ok,ok,,zero_length_angle_vector,bba8ccc94987683932ee1142fbfdf5f18f0e90a532fe1e011e5e0387316a0102,4eaabf2cd0e9af6489b8e2e332795f5427b886a060562c22a1d5043ac7ad1e14
7-1-3(1),4,attunet_cl_fixed,3407,mean_local_acute_angle_deg,annotation_mask_same_extractor,52.19068191429416,46.70686260453745,-5.483819309756711,5.483819309756711,10.507276603057344,valid,ok,ok,,zero_length_angle_vector,bba8ccc94987683932ee1142fbfdf5f18f0e90a532fe1e011e5e0387316a0102,4eaabf2cd0e9af6489b8e2e332795f5427b886a060562c22a1d5043ac7ad1e14
7-1-3(2),4,attunet_cl_fixed,3407,dominant_path_length,annotation_mask_same_extractor,2479.356564548581,2254.474313554683,-224.8822509938982,224.8822509938982,9.07018595910761,valid,ok,ok,,zero_length_angle_vector,28862657685f711ee260dae48d326375279a0325e0e0c82a6692a9516004f3bb,f7091db37c9c5954d4bbe77b2f7adfb559b33244c6977334f904ffea48a2e49c
7-1-3(2),4,attunet_cl_fixed,3407,retained_segment_count,annotation_mask_same_extractor,239.0,227.0,-12.0,12.0,5.02092050209205,valid,ok,ok,,zero_length_angle_vector,28862657685f711ee260dae48d326375279a0325e0e0c82a6692a9516004f3bb,f7091db37c9c5954d4bbe77b2f7adfb559b33244c6977334f904ffea48a2e49c
7-1-3(2),4,attunet_cl_fixed,3407,junction_region_count,annotation_mask_same_extractor,201.0,172.0,-29.0,29.0,14.427860696517412,valid,ok,ok,,zero_length_angle_vector,28862657685f711ee260dae48d326375279a0325e0e0c82a6692a9516004f3bb,f7091db37c9c5954d4bbe77b2f7adfb559b33244c6977334f904ffea48a2e49c
7-1-3(2),4,attunet_cl_fixed,3407,mean_local_acute_angle_deg,annotation_mask_same_extractor,52.02063707468777,45.439086769482415,-6.581550305205354,6.581550305205354,12.651806427814414,valid,ok,ok,,zero_length_angle_vector,28862657685f711ee260dae48d326375279a0325e0e0c82a6692a9516004f3bb,f7091db37c9c5954d4bbe77b2f7adfb559b33244c6977334f904ffea48a2e49c
7-1-3(3),0,attunet_cl_fixed,3407,dominant_path_length,annotation_mask_same_extractor,3139.476405595674,1447.4305909533025,-1692.0458146423714,1692.0458146423714,53.89579649735664,valid,ok,ok,zero_length_angle_vector,zero_length_angle_vector,eb3582ff4719e2750a945bfec7af39008d621c1fbaba7f242e61cf5fb5af1392,00b05c1421d2e6b9b5a37e7a51c2d5db34251ddd23ee79269b5f97a5b36d7da1
7-1-3(3),0,attunet_cl_fixed,3407,retained_segment_count,annotation_mask_same_extractor,234.0,309.0,75.0,75.0,32.05128205128205,valid,ok,ok,zero_length_angle_vector,zero_length_angle_vector,eb3582ff4719e2750a945bfec7af39008d621c1fbaba7f242e61cf5fb5af1392,00b05c1421d2e6b9b5a37e7a51c2d5db34251ddd23ee79269b5f97a5b36d7da1
7-1-3(3),0,attunet_cl_fixed,3407,junction_region_count,annotation_mask_same_extractor,206.0,244.0,38.0,38.0,18.446601941747574,valid,ok,ok,zero_length_angle_vector,zero_length_angle_vector,eb3582ff4719e2750a945bfec7af39008d621c1fbaba7f242e61cf5fb5af1392,00b05c1421d2e6b9b5a37e7a51c2d5db34251ddd23ee79269b5f97a5b36d7da1
7-1-3(3),0,attunet_cl_fixed,3407,mean_local_acute_angle_deg,annotation_mask_same_extractor,55.62685066639042,50.35892414825452,-5.267926518135894,5.267926518135894,9.47011462095725,valid,ok,ok,zero_length_angle_vector,zero_length_angle_vector,eb3582ff4719e2750a945bfec7af39008d621c1fbaba7f242e61cf5fb5af1392,00b05c1421d2e6b9b5a37e7a51c2d5db34251ddd23ee79269b5f97a5b36d7da1
7-1-6(1),0,attunet_cl_fixed,3407,dominant_path_length,annotation_mask_same_extractor,3188.726188957766,2565.750575575405,-622.9756133823612,622.9756133823612,19.536817414416525,valid,ok,ok,,zero_length_angle_vector,cba0254b9e9151f7e11554a8e70e85d3aae5e2a96042767c54979c286faeb9a4,20912b441fdac8150ec614506b28d1649cedf60cc68ea92478845b6f0783168b
7-1-6(1),0,attunet_cl_fixed,3407,retained_segment_count,annotation_mask_same_extractor,300.0,310.0,10.0,10.0,3.333333333333333,valid,ok,ok,,zero_length_angle_vector,cba0254b9e9151f7e11554a8e70e85d3aae5e2a96042767c54979c286faeb9a4,20912b441fdac8150ec614506b28d1649cedf60cc68ea92478845b6f0783168b
7-1-6(1),0,attunet_cl_fixed,3407,junction_region_count,annotation_mask_same_extractor,268.0,286.0,18.0,18.0,6.7164179104477615,valid,ok,ok,,zero_length_angle_vector,cba0254b9e9151f7e11554a8e70e85d3aae5e2a96042767c54979c286faeb9a4,20912b441fdac8150ec614506b28d1649cedf60cc68ea92478845b6f0783168b
7-1-6(1),0,attunet_cl_fixed,3407,mean_local_acute_angle_deg,annotation_mask_same_extractor,57.71657823171459,56.492643685323245,-1.223934546391348,1.223934546391348,2.120594435584212,valid,ok,ok,,zero_length_angle_vector,cba0254b9e9151f7e11554a8e70e85d3aae5e2a96042767c54979c286faeb9a4,20912b441fdac8150ec614506b28d1649cedf60cc68ea92478845b6f0783168b
7-1-6(2),3,attunet_cl_fixed,3407,dominant_path_length,annotation_mask_same_extractor,4815.678641211786,4176.519261645268,-639.1593795665185,639.1593795665185,13.27246743785388,valid,ok,ok,zero_length_angle_vector,,e3aea5a1ab8ea31c284842492594be58ed37bba1e364b53dc239f9c47cd34693,c2a3a8b564400bdd0823116bc89335eb41b69709bbe205daa39c198dff16dd54
7-1-6(2),3,attunet_cl_fixed,3407,retained_segment_count,annotation_mask_same_extractor,436.0,664.0,228.0,228.0,52.293577981651374,valid,ok,ok,zero_length_angle_vector,,e3aea5a1ab8ea31c284842492594be58ed37bba1e364b53dc239f9c47cd34693,c2a3a8b564400bdd0823116bc89335eb41b69709bbe205daa39c198dff16dd54
7-1-6(2),3,attunet_cl_fixed,3407,junction_region_count,annotation_mask_same_extractor,321.0,611.0,290.0,290.0,90.34267912772586,valid,ok,ok,zero_length_angle_vector,,e3aea5a1ab8ea31c284842492594be58ed37bba1e364b53dc239f9c47cd34693,c2a3a8b564400bdd0823116bc89335eb41b69709bbe205daa39c198dff16dd54
7-1-6(2),3,attunet_cl_fixed,3407,mean_local_acute_angle_deg,annotation_mask_same_extractor,45.76167325566849,46.54090934831358,0.7792360926450925,0.7792360926450925,1.7028138116618554,valid,ok,ok,zero_length_angle_vector,,e3aea5a1ab8ea31c284842492594be58ed37bba1e364b53dc239f9c47cd34693,c2a3a8b564400bdd0823116bc89335eb41b69709bbe205daa39c198dff16dd54
7-1-6(3),2,attunet_cl_fixed,3407,dominant_path_length,annotation_mask_same_extractor,3149.346463280794,1517.9036790187213,-1631.4427842620728,1631.4427842620728,51.80258200498324,valid,ok,ok,zero_length_angle_vector,zero_length_angle_vector,175aad97304bc1efcc5da1ef9c37712fdcee8d0161a6f80fd823a18cef9139a0,65f23fa36b3b8d60dd074cdf6ac988815b8c1192f5c1dbd52e4088e2a4335079
7-1-6(3),2,attunet_cl_fixed,3407,retained_segment_count,annotation_mask_same_extractor,113.0,209.0,96.0,96.0,84.95575221238938,valid,ok,ok,zero_length_angle_vector,zero_length_angle_vector,175aad97304bc1efcc5da1ef9c37712fdcee8d0161a6f80fd823a18cef9139a0,65f23fa36b3b8d60dd074cdf6ac988815b8c1192f5c1dbd52e4088e2a4335079
7-1-6(3),2,attunet_cl_fixed,3407,junction_region_count,annotation_mask_same_extractor,82.0,184.0,102.0,102.0,124.39024390243902,valid,ok,ok,zero_length_angle_vector,zero_length_angle_vector,175aad97304bc1efcc5da1ef9c37712fdcee8d0161a6f80fd823a18cef9139a0,65f23fa36b3b8d60dd074cdf6ac988815b8c1192f5c1dbd52e4088e2a4335079
7-1-6(3),2,attunet_cl_fixed,3407,mean_local_acute_angle_deg,annotation_mask_same_extractor,52.34419986077857,45.9205520936117,-6.423647767166877,6.423647767166877,12.271938026088934,valid,ok,ok,zero_length_angle_vector,zero_length_angle_vector,175aad97304bc1efcc5da1ef9c37712fdcee8d0161a6f80fd823a18cef9139a0,65f23fa36b3b8d60dd074cdf6ac988815b8c1192f5c1dbd52e4088e2a4335079
7-1-6(4),0,attunet_cl_fixed,3407,dominant_path_length,annotation_mask_same_extractor,2934.7922061357463,3706.303966168626,771.5117600328804,771.5117600328804,26.28846289082706,valid,ok,ok,,,c0fc24472241d6b39ede8026e685b39939da6b7eb296c7092ba9ef7c6acbe239,b20ed1c3abff4f73f612d7012e3ecaf3e0b3fd0de71fe578bce8c84a7442aba8
7-1-6(4),0,attunet_cl_fixed,3407,retained_segment_count,annotation_mask_same_extractor,402.0,594.0,192.0,192.0,47.76119402985074,valid,ok,ok,,,c0fc24472241d6b39ede8026e685b39939da6b7eb296c7092ba9ef7c6acbe239,b20ed1c3abff4f73f612d7012e3ecaf3e0b3fd0de71fe578bce8c84a7442aba8
7-1-6(4),0,attunet_cl_fixed,3407,junction_region_count,annotation_mask_same_extractor,320.0,584.0,264.0,264.0,82.5,valid,ok,ok,,,c0fc24472241d6b39ede8026e685b39939da6b7eb296c7092ba9ef7c6acbe239,b20ed1c3abff4f73f612d7012e3ecaf3e0b3fd0de71fe578bce8c84a7442aba8
7-1-6(4),0,attunet_cl_fixed,3407,mean_local_acute_angle_deg,annotation_mask_same_extractor,45.58572184508618,46.0561200991257,0.470398254039523,0.470398254039523,1.031898223829988,valid,ok,ok,,,c0fc24472241d6b39ede8026e685b39939da6b7eb296c7092ba9ef7c6acbe239,b20ed1c3abff4f73f612d7012e3ecaf3e0b3fd0de71fe578bce8c84a7442aba8
DN50-235-25-6(2),1,attunet_cl_fixed,3407,dominant_path_length,annotation_mask_same_extractor,1654.4398256692953,1232.584919885854,-421.8549057834414,421.8549057834414,25.49835293119725,valid,ok,ok,,,26158010911e4857cbb5605c765e186f4f05e7d62b2dcff5cd35f9038e6d54e6,973ca4926f2a37d0ac58bcb4e2dc5f65e3ea1baadb98ed07bc9791ef3932ced2
DN50-235-25-6(2),1,attunet_cl_fixed,3407,retained_segment_count,annotation_mask_same_extractor,104.0,209.0,105.0,105.0,100.96153846153844,valid,ok,ok,,,26158010911e4857cbb5605c765e186f4f05e7d62b2dcff5cd35f9038e6d54e6,973ca4926f2a37d0ac58bcb4e2dc5f65e3ea1baadb98ed07bc9791ef3932ced2
DN50-235-25-6(2),1,attunet_cl_fixed,3407,junction_region_count,annotation_mask_same_extractor,97.0,246.0,149.0,149.0,153.60824742268042,valid,ok,ok,,,26158010911e4857cbb5605c765e186f4f05e7d62b2dcff5cd35f9038e6d54e6,973ca4926f2a37d0ac58bcb4e2dc5f65e3ea1baadb98ed07bc9791ef3932ced2
DN50-235-25-6(2),1,attunet_cl_fixed,3407,mean_local_acute_angle_deg,annotation_mask_same_extractor,48.376302759478975,46.81440247655636,-1.5619002829226147,1.5619002829226147,3.228647486121853,valid,ok,ok,,,26158010911e4857cbb5605c765e186f4f05e7d62b2dcff5cd35f9038e6d54e6,973ca4926f2a37d0ac58bcb4e2dc5f65e3ea1baadb98ed07bc9791ef3932ced2
DN50-235-25-6(3),1,attunet_cl_fixed,3407,dominant_path_length,annotation_mask_same_extractor,956.9015869776664,903.2813126546342,-53.62027432303216,53.62027432303216,5.60353071337143,valid,ok,ok,,zero_length_angle_vector,1c99a68f93f5396eb9701167417e60c3f506eddaae41784653661a85b4318891,68731fb614cb53d15ef6622ae1a717d97ec13c4ac69683d8db7d3df5c0887bd8
DN50-235-25-6(3),1,attunet_cl_fixed,3407,retained_segment_count,annotation_mask_same_extractor,110.0,176.0,66.0,66.0,60.0,valid,ok,ok,,zero_length_angle_vector,1c99a68f93f5396eb9701167417e60c3f506eddaae41784653661a85b4318891,68731fb614cb53d15ef6622ae1a717d97ec13c4ac69683d8db7d3df5c0887bd8
DN50-235-25-6(3),1,attunet_cl_fixed,3407,junction_region_count,annotation_mask_same_extractor,90.0,194.0,104.0,104.0,115.55555555555554,valid,ok,ok,,zero_length_angle_vector,1c99a68f93f5396eb9701167417e60c3f506eddaae41784653661a85b4318891,68731fb614cb53d15ef6622ae1a717d97ec13c4ac69683d8db7d3df5c0887bd8
DN50-235-25-6(3),1,attunet_cl_fixed,3407,mean_local_acute_angle_deg,annotation_mask_same_extractor,55.84661373210531,45.45391793548807,-10.39269579661724,10.39269579661724,18.609357133936037,valid,ok,ok,,zero_length_angle_vector,1c99a68f93f5396eb9701167417e60c3f506eddaae41784653661a85b4318891,68731fb614cb53d15ef6622ae1a717d97ec13c4ac69683d8db7d3df5c0887bd8
DN50-235-25-7(1),0,attunet_cl_fixed,3407,dominant_path_length,annotation_mask_same_extractor,835.1076477383253,721.6538956566643,-113.45375208166104,113.45375208166104,13.585524260126393,valid,ok,ok,,zero_length_angle_vector,1d15d42a8683193e72d4801bf8661ed463c57674766c0904ac6147226c6fad64,82f0c7ede6a6a745937110a008c7d4eb2da1d6f8c5df679fbdef3956d5980b57
DN50-235-25-7(1),0,attunet_cl_fixed,3407,retained_segment_count,annotation_mask_same_extractor,86.0,104.0,18.0,18.0,20.930232558139537,valid,ok,ok,,zero_length_angle_vector,1d15d42a8683193e72d4801bf8661ed463c57674766c0904ac6147226c6fad64,82f0c7ede6a6a745937110a008c7d4eb2da1d6f8c5df679fbdef3956d5980b57
DN50-235-25-7(1),0,attunet_cl_fixed,3407,junction_region_count,annotation_mask_same_extractor,71.0,102.0,31.0,31.0,43.66197183098591,valid,ok,ok,,zero_length_angle_vector,1d15d42a8683193e72d4801bf8661ed463c57674766c0904ac6147226c6fad64,82f0c7ede6a6a745937110a008c7d4eb2da1d6f8c5df679fbdef3956d5980b57
DN50-235-25-7(1),0,attunet_cl_fixed,3407,mean_local_acute_angle_deg,annotation_mask_same_extractor,53.845303485648856,55.07707832796885,1.231774842319993,1.231774842319993,2.287617977022439,valid,ok,ok,,zero_length_angle_vector,1d15d42a8683193e72d4801bf8661ed463c57674766c0904ac6147226c6fad64,82f0c7ede6a6a745937110a008c7d4eb2da1d6f8c5df679fbdef3956d5980b57
W82-447-1-13-3(1),3,attunet_cl_fixed,3407,dominant_path_length,annotation_mask_same_extractor,2963.730373039836,1440.6042558696113,-1523.126117170225,1523.126117170225,51.39219582947373,valid,ok,ok,,zero_length_angle_vector,e400970fc4f5749000b5101345fe28f7835a0cd40cd105ff701d3d5565a3fd20,8ba3d9e90e61e2ad89d5cb1ac11f3835283343e15d4a6374ae6a9aec5d222056
W82-447-1-13-3(1),3,attunet_cl_fixed,3407,retained_segment_count,annotation_mask_same_extractor,76.0,328.0,252.0,252.0,331.57894736842104,valid,ok,ok,,zero_length_angle_vector,e400970fc4f5749000b5101345fe28f7835a0cd40cd105ff701d3d5565a3fd20,8ba3d9e90e61e2ad89d5cb1ac11f3835283343e15d4a6374ae6a9aec5d222056
W82-447-1-13-3(1),3,attunet_cl_fixed,3407,junction_region_count,annotation_mask_same_extractor,50.0,277.0,227.0,227.0,454.0,valid,ok,ok,,zero_length_angle_vector,e400970fc4f5749000b5101345fe28f7835a0cd40cd105ff701d3d5565a3fd20,8ba3d9e90e61e2ad89d5cb1ac11f3835283343e15d4a6374ae6a9aec5d222056
W82-447-1-13-3(1),3,attunet_cl_fixed,3407,mean_local_acute_angle_deg,annotation_mask_same_extractor,45.41755671898957,46.407244151009856,0.9896874320202826,0.9896874320202826,2.179085586095572,valid,ok,ok,,zero_length_angle_vector,e400970fc4f5749000b5101345fe28f7835a0cd40cd105ff701d3d5565a3fd20,8ba3d9e90e61e2ad89d5cb1ac11f3835283343e15d4a6374ae6a9aec5d222056
W82-447-1-13-7(1),4,attunet_cl_fixed,3407,dominant_path_length,annotation_mask_same_extractor,2599.841845922817,1522.9352083112988,-1076.906637611518,1076.906637611518,41.42200570009169,valid,ok,ok,,zero_length_angle_vector,d7caafd48ba702bb9ca2578cb356a3cab186bfab19d8fbb7f0fc5a6ba0ddb53b,ab5775c579f266d2c7bb71f68c297cbd797e5debac7e31f0b5a20e178d1fd2e3
W82-447-1-13-7(1),4,attunet_cl_fixed,3407,retained_segment_count,annotation_mask_same_extractor,161.0,181.0,20.0,20.0,12.422360248447204,valid,ok,ok,,zero_length_angle_vector,d7caafd48ba702bb9ca2578cb356a3cab186bfab19d8fbb7f0fc5a6ba0ddb53b,ab5775c579f266d2c7bb71f68c297cbd797e5debac7e31f0b5a20e178d1fd2e3
W82-447-1-13-7(1),4,attunet_cl_fixed,3407,junction_region_count,annotation_mask_same_extractor,124.0,141.0,17.0,17.0,13.709677419354838,valid,ok,ok,,zero_length_angle_vector,d7caafd48ba702bb9ca2578cb356a3cab186bfab19d8fbb7f0fc5a6ba0ddb53b,ab5775c579f266d2c7bb71f68c297cbd797e5debac7e31f0b5a20e178d1fd2e3
W82-447-1-13-7(1),4,attunet_cl_fixed,3407,mean_local_acute_angle_deg,annotation_mask_same_extractor,45.765543776284055,52.981121056430005,7.215577280145951,7.215577280145951,15.766396910780507,valid,ok,ok,,zero_length_angle_vector,d7caafd48ba702bb9ca2578cb356a3cab186bfab19d8fbb7f0fc5a6ba0ddb53b,ab5775c579f266d2c7bb71f68c297cbd797e5debac7e31f0b5a20e178d1fd2e3
W82-447-1-13-7(2),3,attunet_cl_fixed,3407,dominant_path_length,annotation_mask_same_extractor,2569.818684794427,604.0975464705602,-1965.7211383238669,1965.7211383238669,76.4926004295558,valid,ok,ok,zero_length_angle_vector,zero_length_angle_vector,8401bb2188e5c3832e902ef0e29c7a72c6580cd0868364d9f97716efdec87255,8e611c27971f08de005d4d2b4aef4012da50b2c484d8139e814269d0def97fe6
W82-447-1-13-7(2),3,attunet_cl_fixed,3407,retained_segment_count,annotation_mask_same_extractor,37.0,75.0,38.0,38.0,102.7027027027027,valid,ok,ok,zero_length_angle_vector,zero_length_angle_vector,8401bb2188e5c3832e902ef0e29c7a72c6580cd0868364d9f97716efdec87255,8e611c27971f08de005d4d2b4aef4012da50b2c484d8139e814269d0def97fe6
W82-447-1-13-7(2),3,attunet_cl_fixed,3407,junction_region_count,annotation_mask_same_extractor,28.0,85.0,57.0,57.0,203.57142857142856,valid,ok,ok,zero_length_angle_vector,zero_length_angle_vector,8401bb2188e5c3832e902ef0e29c7a72c6580cd0868364d9f97716efdec87255,8e611c27971f08de005d4d2b4aef4012da50b2c484d8139e814269d0def97fe6
W82-447-1-13-7(2),3,attunet_cl_fixed,3407,mean_local_acute_angle_deg,annotation_mask_same_extractor,56.21991760625045,50.34426508997683,-5.875652516273618,5.875652516273618,10.451193752052692,valid,ok,ok,zero_length_angle_vector,zero_length_angle_vector,8401bb2188e5c3832e902ef0e29c7a72c6580cd0868364d9f97716efdec87255,8e611c27971f08de005d4d2b4aef4012da50b2c484d8139e814269d0def97fe6
W82-447-1-13-7(3),2,attunet_cl_fixed,3407,dominant_path_length,annotation_mask_same_extractor,3607.196318430328,1942.1189744953729,-1665.0773439349548,1665.0773439349548,46.15987589662194,valid,ok,ok,zero_length_angle_vector,zero_length_angle_vector,4b63fae36f1e264804fc841b3fbba41c7e9f5be06b268aa37989d57f23a39479,beae99855c5f95043add0aa6a66df82698a030d3f553460af57071998eac285d
W82-447-1-13-7(3),2,attunet_cl_fixed,3407,retained_segment_count,annotation_mask_same_extractor,125.0,569.0,444.0,444.0,355.2,valid,ok,ok,zero_length_angle_vector,zero_length_angle_vector,4b63fae36f1e264804fc841b3fbba41c7e9f5be06b268aa37989d57f23a39479,beae99855c5f95043add0aa6a66df82698a030d3f553460af57071998eac285d
W82-447-1-13-7(3),2,attunet_cl_fixed,3407,junction_region_count,annotation_mask_same_extractor,86.0,476.0,390.0,390.0,453.48837209302326,valid,ok,ok,zero_length_angle_vector,zero_length_angle_vector,4b63fae36f1e264804fc841b3fbba41c7e9f5be06b268aa37989d57f23a39479,beae99855c5f95043add0aa6a66df82698a030d3f553460af57071998eac285d
W82-447-1-13-7(3),2,attunet_cl_fixed,3407,mean_local_acute_angle_deg,annotation_mask_same_extractor,42.04523834094305,43.682899285759454,1.6376609448164032,1.6376609448164032,3.8949974109712016,valid,ok,ok,zero_length_angle_vector,zero_length_angle_vector,4b63fae36f1e264804fc841b3fbba41c7e9f5be06b268aa37989d57f23a39479,beae99855c5f95043add0aa6a66df82698a030d3f553460af57071998eac285d
10-1-1,3,attunet_cl_fixed,2026,dominant_path_length,annotation_mask_same_extractor,3519.0348468227903,2609.417531092646,-909.617315730144,909.617315730144,25.84848844425069,valid,ok,ok,zero_length_angle_vector,zero_length_angle_vector,8664187dcbcab44c4dae8da26d028efb21268d9709753c186a39d03660a06fc7,3a3b8f69bb548e3d0da99bed1bf2ea0805976cd787453f31d47d4d5395027eec
10-1-1,3,attunet_cl_fixed,2026,retained_segment_count,annotation_mask_same_extractor,134.0,156.0,22.0,22.0,16.417910447761194,valid,ok,ok,zero_length_angle_vector,zero_length_angle_vector,8664187dcbcab44c4dae8da26d028efb21268d9709753c186a39d03660a06fc7,3a3b8f69bb548e3d0da99bed1bf2ea0805976cd787453f31d47d4d5395027eec
10-1-1,3,attunet_cl_fixed,2026,junction_region_count,annotation_mask_same_extractor,121.0,162.0,41.0,41.0,33.88429752066116,valid,ok,ok,zero_length_angle_vector,zero_length_angle_vector,8664187dcbcab44c4dae8da26d028efb21268d9709753c186a39d03660a06fc7,3a3b8f69bb548e3d0da99bed1bf2ea0805976cd787453f31d47d4d5395027eec
10-1-1,3,attunet_cl_fixed,2026,mean_local_acute_angle_deg,annotation_mask_same_extractor,64.6739875375559,53.328853660269125,-11.345133877286775,11.345133877286775,17.542035537392383,valid,ok,ok,zero_length_angle_vector,zero_length_angle_vector,8664187dcbcab44c4dae8da26d028efb21268d9709753c186a39d03660a06fc7,3a3b8f69bb548e3d0da99bed1bf2ea0805976cd787453f31d47d4d5395027eec
10-1-1(1),3,attunet_cl_fixed,2026,dominant_path_length,annotation_mask_same_extractor,2848.079435976053,1088.0803025278574,-1759.999133448196,1759.999133448196,61.79599877785832,valid,ok,ok,,zero_length_angle_vector,c95c0337715266ccd3aad838a4ef3ab80e74ba76f5d714ecb44e5a5615b3ce7c,d1406381cec2e3d25ffc943095fd53eb947bd864aa6e42135a447a64d80a1c76
10-1-1(1),3,attunet_cl_fixed,2026,retained_segment_count,annotation_mask_same_extractor,35.0,96.0,61.0,61.0,174.28571428571428,valid,ok,ok,,zero_length_angle_vector,c95c0337715266ccd3aad838a4ef3ab80e74ba76f5d714ecb44e5a5615b3ce7c,d1406381cec2e3d25ffc943095fd53eb947bd864aa6e42135a447a64d80a1c76
10-1-1(1),3,attunet_cl_fixed,2026,junction_region_count,annotation_mask_same_extractor,28.0,89.0,61.0,61.0,217.85714285714283,valid,ok,ok,,zero_length_angle_vector,c95c0337715266ccd3aad838a4ef3ab80e74ba76f5d714ecb44e5a5615b3ce7c,d1406381cec2e3d25ffc943095fd53eb947bd864aa6e42135a447a64d80a1c76
10-1-1(1),3,attunet_cl_fixed,2026,mean_local_acute_angle_deg,annotation_mask_same_extractor,45.23478785039287,50.77821392403446,5.543426073641591,5.543426073641591,12.254785171040536,valid,ok,ok,,zero_length_angle_vector,c95c0337715266ccd3aad838a4ef3ab80e74ba76f5d714ecb44e5a5615b3ce7c,d1406381cec2e3d25ffc943095fd53eb947bd864aa6e42135a447a64d80a1c76
10-1-1(2),1,attunet_cl_fixed,2026,dominant_path_length,annotation_mask_same_extractor,1262.4823227814104,759.5777772109162,-502.9045455704942,502.9045455704942,39.83458116566187,valid,ok,ok,,zero_length_angle_vector,6c74e98b918771eb646a7e1d44c8ef0b3c96078814c8b8db61045d1816697d12,b14b06a6bb2fd1c160da1d4c38869f991b00c8765df14973b569ee555c70968c
10-1-1(2),1,attunet_cl_fixed,2026,retained_segment_count,annotation_mask_same_extractor,25.0,41.0,16.0,16.0,64.0,valid,ok,ok,,zero_length_angle_vector,6c74e98b918771eb646a7e1d44c8ef0b3c96078814c8b8db61045d1816697d12,b14b06a6bb2fd1c160da1d4c38869f991b00c8765df14973b569ee555c70968c
10-1-1(2),1,attunet_cl_fixed,2026,junction_region_count,annotation_mask_same_extractor,23.0,35.0,12.0,12.0,52.17391304347826,valid,ok,ok,,zero_length_angle_vector,6c74e98b918771eb646a7e1d44c8ef0b3c96078814c8b8db61045d1816697d12,b14b06a6bb2fd1c160da1d4c38869f991b00c8765df14973b569ee555c70968c
10-1-1(2),1,attunet_cl_fixed,2026,mean_local_acute_angle_deg,annotation_mask_same_extractor,46.29442229680335,43.52660220674282,-2.7678200900605248,2.7678200900605248,5.978733404027474,valid,ok,ok,,zero_length_angle_vector,6c74e98b918771eb646a7e1d44c8ef0b3c96078814c8b8db61045d1816697d12,b14b06a6bb2fd1c160da1d4c38869f991b00c8765df14973b569ee555c70968c
10-1-1(3),2,attunet_cl_fixed,2026,dominant_path_length,annotation_mask_same_extractor,2611.2834046956677,2298.1525958289794,-313.13080886668786,313.13080886668786,11.99145249051134,valid,ok,ok,,zero_length_angle_vector,49a1138291b2427ae244c26c8d481f7bf7c311eb24e2003613787dba24d6ff37,6f6a5205aa81526a858ba4030021a49536da86628e1b3623dc2fb54d52091904
10-1-1(3),2,attunet_cl_fixed,2026,retained_segment_count,annotation_mask_same_extractor,36.0,122.0,86.0,86.0,238.88888888888889,valid,ok,ok,,zero_length_angle_vector,49a1138291b2427ae244c26c8d481f7bf7c311eb24e2003613787dba24d6ff37,6f6a5205aa81526a858ba4030021a49536da86628e1b3623dc2fb54d52091904
10-1-1(3),2,attunet_cl_fixed,2026,junction_region_count,annotation_mask_same_extractor,23.0,155.0,132.0,132.0,573.9130434782609,valid,ok,ok,,zero_length_angle_vector,49a1138291b2427ae244c26c8d481f7bf7c311eb24e2003613787dba24d6ff37,6f6a5205aa81526a858ba4030021a49536da86628e1b3623dc2fb54d52091904
10-1-1(3),2,attunet_cl_fixed,2026,mean_local_acute_angle_deg,annotation_mask_same_extractor,44.40311377914512,55.85724281961157,11.454129040466457,11.454129040466457,25.79577886685536,valid,ok,ok,,zero_length_angle_vector,49a1138291b2427ae244c26c8d481f7bf7c311eb24e2003613787dba24d6ff37,6f6a5205aa81526a858ba4030021a49536da86628e1b3623dc2fb54d52091904
10-1-2,2,attunet_cl_fixed,2026,dominant_path_length,annotation_mask_same_extractor,3713.5222202381024,3440.657213186893,-272.86500705120943,272.86500705120943,7.347875975108989,valid,ok,ok,zero_length_angle_vector,,353a8fded79e4327f12b6866ba2014151a10168db01aad99108b5fae01f5e4ac,0a5d6db7a513fa1bb3997c7c550dccc0b5e3d6ddc2a194f2bf075af5458c0a24
10-1-2,2,attunet_cl_fixed,2026,retained_segment_count,annotation_mask_same_extractor,171.0,399.0,228.0,228.0,133.33333333333331,valid,ok,ok,zero_length_angle_vector,,353a8fded79e4327f12b6866ba2014151a10168db01aad99108b5fae01f5e4ac,0a5d6db7a513fa1bb3997c7c550dccc0b5e3d6ddc2a194f2bf075af5458c0a24
10-1-2,2,attunet_cl_fixed,2026,junction_region_count,annotation_mask_same_extractor,124.0,377.0,253.0,253.0,204.03225806451616,valid,ok,ok,zero_length_angle_vector,,353a8fded79e4327f12b6866ba2014151a10168db01aad99108b5fae01f5e4ac,0a5d6db7a513fa1bb3997c7c550dccc0b5e3d6ddc2a194f2bf075af5458c0a24
10-1-2,2,attunet_cl_fixed,2026,mean_local_acute_angle_deg,annotation_mask_same_extractor,58.66827912377103,56.28100956751605,-2.387269556254978,2.387269556254978,4.069097631479209,valid,ok,ok,zero_length_angle_vector,,353a8fded79e4327f12b6866ba2014151a10168db01aad99108b5fae01f5e4ac,0a5d6db7a513fa1bb3997c7c550dccc0b5e3d6ddc2a194f2bf075af5458c0a24
10-1-2(1),4,attunet_cl_fixed,2026,dominant_path_length,annotation_mask_same_extractor,3355.4095218658804,471.1614716074884,-2884.248050258392,2884.248050258392,85.95815299035439,valid,ok,ok,zero_length_angle_vector,zero_length_angle_vector,dca0abd7cde7ab357484642e540a2d1fa449818245a1cd800eb7c824264f02ad,4d74e1528834caac9909b677ffe6c031b4e9c39c4259bbb2b07621db864914f7
10-1-2(1),4,attunet_cl_fixed,2026,retained_segment_count,annotation_mask_same_extractor,118.0,113.0,-5.0,5.0,4.23728813559322,valid,ok,ok,zero_length_angle_vector,zero_length_angle_vector,dca0abd7cde7ab357484642e540a2d1fa449818245a1cd800eb7c824264f02ad,4d74e1528834caac9909b677ffe6c031b4e9c39c4259bbb2b07621db864914f7
10-1-2(1),4,attunet_cl_fixed,2026,junction_region_count,annotation_mask_same_extractor,111.0,92.0,-19.0,19.0,17.117117117117118,valid,ok,ok,zero_length_angle_vector,zero_length_angle_vector,dca0abd7cde7ab357484642e540a2d1fa449818245a1cd800eb7c824264f02ad,4d74e1528834caac9909b677ffe6c031b4e9c39c4259bbb2b07621db864914f7
10-1-2(1),4,attunet_cl_fixed,2026,mean_local_acute_angle_deg,annotation_mask_same_extractor,64.3632990483418,49.825247442251296,-14.538051606090503,14.538051606090503,22.587486690468285,valid,ok,ok,zero_length_angle_vector,zero_length_angle_vector,dca0abd7cde7ab357484642e540a2d1fa449818245a1cd800eb7c824264f02ad,4d74e1528834caac9909b677ffe6c031b4e9c39c4259bbb2b07621db864914f7
10-1-2(2),1,attunet_cl_fixed,2026,dominant_path_length,annotation_mask_same_extractor,3058.3027406794067,1930.623591853369,-1127.6791488260376,1127.6791488260376,36.87271158039514,valid,ok,ok,,zero_length_angle_vector,4b38a74ce55736e7f197e42aeba61399727ea00792e40e895bf41a3d30fe7957,da9ae79fb91a000354226bb621b32a31ff2b12e0e857216fc2c9f1bf10b00b9c
10-1-2(2),1,attunet_cl_fixed,2026,retained_segment_count,annotation_mask_same_extractor,191.0,261.0,70.0,70.0,36.64921465968586,valid,ok,ok,,zero_length_angle_vector,4b38a74ce55736e7f197e42aeba61399727ea00792e40e895bf41a3d30fe7957,da9ae79fb91a000354226bb621b32a31ff2b12e0e857216fc2c9f1bf10b00b9c
10-1-2(2),1,attunet_cl_fixed,2026,junction_region_count,annotation_mask_same_extractor,175.0,206.0,31.0,31.0,17.71428571428571,valid,ok,ok,,zero_length_angle_vector,4b38a74ce55736e7f197e42aeba61399727ea00792e40e895bf41a3d30fe7957,da9ae79fb91a000354226bb621b32a31ff2b12e0e857216fc2c9f1bf10b00b9c
10-1-2(2),1,attunet_cl_fixed,2026,mean_local_acute_angle_deg,annotation_mask_same_extractor,65.94127676600104,46.67880301629181,-19.26247374970923,19.26247374970923,29.21155715268294,valid,ok,ok,,zero_length_angle_vector,4b38a74ce55736e7f197e42aeba61399727ea00792e40e895bf41a3d30fe7957,da9ae79fb91a000354226bb621b32a31ff2b12e0e857216fc2c9f1bf10b00b9c
10-1-2(3),0,attunet_cl_fixed,2026,dominant_path_length,annotation_mask_same_extractor,2345.481456229622,938.009234715992,-1407.47222151363,1407.47222151363,60.00781706354446,valid,ok,ok,,zero_length_angle_vector,0508c3be24e6c021d5aacff3b5010997bb235211f0adc484cda889c0830022b8,fa871506e69b7145422087ae56e1329fd7e9928cce1ad61f4b82ce9b6368b501
10-1-2(3),0,attunet_cl_fixed,2026,retained_segment_count,annotation_mask_same_extractor,115.0,218.0,103.0,103.0,89.56521739130436,valid,ok,ok,,zero_length_angle_vector,0508c3be24e6c021d5aacff3b5010997bb235211f0adc484cda889c0830022b8,fa871506e69b7145422087ae56e1329fd7e9928cce1ad61f4b82ce9b6368b501
10-1-2(3),0,attunet_cl_fixed,2026,junction_region_count,annotation_mask_same_extractor,84.0,206.0,122.0,122.0,145.23809523809524,valid,ok,ok,,zero_length_angle_vector,0508c3be24e6c021d5aacff3b5010997bb235211f0adc484cda889c0830022b8,fa871506e69b7145422087ae56e1329fd7e9928cce1ad61f4b82ce9b6368b501
10-1-2(3),0,attunet_cl_fixed,2026,mean_local_acute_angle_deg,annotation_mask_same_extractor,50.491311152922826,50.54249373342312,0.0511825805002956,0.0511825805002956,0.101369085752753,valid,ok,ok,,zero_length_angle_vector,0508c3be24e6c021d5aacff3b5010997bb235211f0adc484cda889c0830022b8,fa871506e69b7145422087ae56e1329fd7e9928cce1ad61f4b82ce9b6368b501
10-1-3,0,attunet_cl_fixed,2026,dominant_path_length,annotation_mask_same_extractor,2813.802307403484,1079.3250352560317,-1734.477272147452,1734.477272147452,61.64176024675984,valid,ok,ok,,,2cd8dd3611b047ab44310b595f5423ee107fb5f6bbd6f0ce078f5a1c70656dd8,5bef29cf922d0aa99e67b9672f39abe5b65107d1ef0b845529d67b704c79c5ca
10-1-3,0,attunet_cl_fixed,2026,retained_segment_count,annotation_mask_same_extractor,172.0,252.0,80.0,80.0,46.51162790697674,valid,ok,ok,,,2cd8dd3611b047ab44310b595f5423ee107fb5f6bbd6f0ce078f5a1c70656dd8,5bef29cf922d0aa99e67b9672f39abe5b65107d1ef0b845529d67b704c79c5ca
10-1-3,0,attunet_cl_fixed,2026,junction_region_count,annotation_mask_same_extractor,123.0,249.0,126.0,126.0,102.4390243902439,valid,ok,ok,,,2cd8dd3611b047ab44310b595f5423ee107fb5f6bbd6f0ce078f5a1c70656dd8,5bef29cf922d0aa99e67b9672f39abe5b65107d1ef0b845529d67b704c79c5ca
10-1-3,0,attunet_cl_fixed,2026,mean_local_acute_angle_deg,annotation_mask_same_extractor,50.036178890454096,44.64616136002479,-5.390017530429304,5.390017530429304,10.772240506673883,valid,ok,ok,,,2cd8dd3611b047ab44310b595f5423ee107fb5f6bbd6f0ce078f5a1c70656dd8,5bef29cf922d0aa99e67b9672f39abe5b65107d1ef0b845529d67b704c79c5ca
10-1-9(1),3,attunet_cl_fixed,2026,dominant_path_length,annotation_mask_same_extractor,3092.5058428472184,1508.7098115668823,-1583.796031280336,1583.796031280336,51.21400287548565,valid,ok,ok,zero_length_angle_vector,zero_length_angle_vector,6bdc1df0f3e1a66f56d545bec926abaf60b6bca31c0f8ea06ad939681c464d8a,ee9dfccc141f00fa765d271fef44523d36bf17498c16fe0deb288b4ad317c907
10-1-9(1),3,attunet_cl_fixed,2026,retained_segment_count,annotation_mask_same_extractor,106.0,292.0,186.0,186.0,175.47169811320757,valid,ok,ok,zero_length_angle_vector,zero_length_angle_vector,6bdc1df0f3e1a66f56d545bec926abaf60b6bca31c0f8ea06ad939681c464d8a,ee9dfccc141f00fa765d271fef44523d36bf17498c16fe0deb288b4ad317c907
10-1-9(1),3,attunet_cl_fixed,2026,junction_region_count,annotation_mask_same_extractor,91.0,346.0,255.0,255.0,280.2197802197802,valid,ok,ok,zero_length_angle_vector,zero_length_angle_vector,6bdc1df0f3e1a66f56d545bec926abaf60b6bca31c0f8ea06ad939681c464d8a,ee9dfccc141f00fa765d271fef44523d36bf17498c16fe0deb288b4ad317c907
10-1-9(1),3,attunet_cl_fixed,2026,mean_local_acute_angle_deg,annotation_mask_same_extractor,62.85401304883498,52.97300037266231,-9.881012676172674,9.881012676172674,15.720575659179524,valid,ok,ok,zero_length_angle_vector,zero_length_angle_vector,6bdc1df0f3e1a66f56d545bec926abaf60b6bca31c0f8ea06ad939681c464d8a,ee9dfccc141f00fa765d271fef44523d36bf17498c16fe0deb288b4ad317c907
10-1-9(2),3,attunet_cl_fixed,2026,dominant_path_length,annotation_mask_same_extractor,3383.6256838943486,2069.886435076018,-1313.7392488183305,1313.7392488183305,38.82637654252275,valid,ok,ok,zero_length_angle_vector,zero_length_angle_vector,e68f65f812ffdebb564961ebaea365b072d4546ab06227eea2987e2d586b741c,ad5d1bf38c0d9813db9df1864f6ae0d312deeaede6c0d905cb0dc4c2244b61a4
10-1-9(2),3,attunet_cl_fixed,2026,retained_segment_count,annotation_mask_same_extractor,71.0,162.0,91.0,91.0,128.16901408450704,valid,ok,ok,zero_length_angle_vector,zero_length_angle_vector,e68f65f812ffdebb564961ebaea365b072d4546ab06227eea2987e2d586b741c,ad5d1bf38c0d9813db9df1864f6ae0d312deeaede6c0d905cb0dc4c2244b61a4
10-1-9(2),3,attunet_cl_fixed,2026,junction_region_count,annotation_mask_same_extractor,68.0,169.0,101.0,101.0,148.52941176470588,valid,ok,ok,zero_length_angle_vector,zero_length_angle_vector,e68f65f812ffdebb564961ebaea365b072d4546ab06227eea2987e2d586b741c,ad5d1bf38c0d9813db9df1864f6ae0d312deeaede6c0d905cb0dc4c2244b61a4
10-1-9(2),3,attunet_cl_fixed,2026,mean_local_acute_angle_deg,annotation_mask_same_extractor,74.17544013119233,64.205946276557,-9.969493854635331,9.969493854635331,13.440424265771158,valid,ok,ok,zero_length_angle_vector,zero_length_angle_vector,e68f65f812ffdebb564961ebaea365b072d4546ab06227eea2987e2d586b741c,ad5d1bf38c0d9813db9df1864f6ae0d312deeaede6c0d905cb0dc4c2244b61a4
10-1-9(3),4,attunet_cl_fixed,2026,dominant_path_length,annotation_mask_same_extractor,3197.890619158038,349.308657865102,-2848.5819612929363,2848.5819612929363,89.07690413885794,valid,ok,ok,zero_length_angle_vector,zero_length_angle_vector,a679e2e7ed9fdcb61509a97389dcfc4f21915719e2fb5feb5bf89f66c0d48f13,285780bcfcb8a9fd68a2eebe9c1034e321544b22cbf1968139e82e30c4cfb6d0
10-1-9(3),4,attunet_cl_fixed,2026,retained_segment_count,annotation_mask_same_extractor,41.0,119.0,78.0,78.0,190.2439024390244,valid,ok,ok,zero_length_angle_vector,zero_length_angle_vector,a679e2e7ed9fdcb61509a97389dcfc4f21915719e2fb5feb5bf89f66c0d48f13,285780bcfcb8a9fd68a2eebe9c1034e321544b22cbf1968139e82e30c4cfb6d0
10-1-9(3),4,attunet_cl_fixed,2026,junction_region_count,annotation_mask_same_extractor,28.0,96.0,68.0,68.0,242.85714285714283,valid,ok,ok,zero_length_angle_vector,zero_length_angle_vector,a679e2e7ed9fdcb61509a97389dcfc4f21915719e2fb5feb5bf89f66c0d48f13,285780bcfcb8a9fd68a2eebe9c1034e321544b22cbf1968139e82e30c4cfb6d0
10-1-9(3),4,attunet_cl_fixed,2026,mean_local_acute_angle_deg,annotation_mask_same_extractor,72.9003576118845,52.0016827046703,-20.8986749072142,20.8986749072142,28.66745183676193,valid,ok,ok,zero_length_angle_vector,zero_length_angle_vector,a679e2e7ed9fdcb61509a97389dcfc4f21915719e2fb5feb5bf89f66c0d48f13,285780bcfcb8a9fd68a2eebe9c1034e321544b22cbf1968139e82e30c4cfb6d0
10-2-1,0,attunet_cl_fixed,2026,dominant_path_length,annotation_mask_same_extractor,3683.691701072309,1958.807358037443,-1724.884343034866,1724.884343034866,46.8248833780731,valid,ok,ok,,,fa084051c73ad9c7523229d0a267965c6c54c6c2f9b135b697a09f5f4d254434,561a6641c9dfa4cac38357c7adf20f2fd912c42d6fcc5ea8cd9f752fb9a213c5
10-2-1,0,attunet_cl_fixed,2026,retained_segment_count,annotation_mask_same_extractor,226.0,328.0,102.0,102.0,45.13274336283185,valid,ok,ok,,,fa084051c73ad9c7523229d0a267965c6c54c6c2f9b135b697a09f5f4d254434,561a6641c9dfa4cac38357c7adf20f2fd912c42d6fcc5ea8cd9f752fb9a213c5
10-2-1,0,attunet_cl_fixed,2026,junction_region_count,annotation_mask_same_extractor,188.0,305.0,117.0,117.0,62.23404255319149,valid,ok,ok,,,fa084051c73ad9c7523229d0a267965c6c54c6c2f9b135b697a09f5f4d254434,561a6641c9dfa4cac38357c7adf20f2fd912c42d6fcc5ea8cd9f752fb9a213c5
10-2-1,0,attunet_cl_fixed,2026,mean_local_acute_angle_deg,annotation_mask_same_extractor,56.550116513732696,44.82578912745004,-11.72432738628266,11.72432738628266,20.73263170631224,valid,ok,ok,,,fa084051c73ad9c7523229d0a267965c6c54c6c2f9b135b697a09f5f4d254434,561a6641c9dfa4cac38357c7adf20f2fd912c42d6fcc5ea8cd9f752fb9a213c5
10-2-2,3,attunet_cl_fixed,2026,dominant_path_length,annotation_mask_same_extractor,3768.215654414004,4788.994441751782,1020.7787873377774,1020.7787873377774,27.089181749512125,valid,ok,ok,,,888178f6e1d682dbadbaecc08afac163678dd08a3e69f328f11b072009899c8c,43f5e5da404b66ab92628040104d94bd90df323d50534926ac51e9465a3ef7ee
10-2-2,3,attunet_cl_fixed,2026,retained_segment_count,annotation_mask_same_extractor,329.0,404.0,75.0,75.0,22.796352583586625,valid,ok,ok,,,888178f6e1d682dbadbaecc08afac163678dd08a3e69f328f11b072009899c8c,43f5e5da404b66ab92628040104d94bd90df323d50534926ac51e9465a3ef7ee
10-2-2,3,attunet_cl_fixed,2026,junction_region_count,annotation_mask_same_extractor,293.0,390.0,97.0,97.0,33.105802047781566,valid,ok,ok,,,888178f6e1d682dbadbaecc08afac163678dd08a3e69f328f11b072009899c8c,43f5e5da404b66ab92628040104d94bd90df323d50534926ac51e9465a3ef7ee
10-2-2,3,attunet_cl_fixed,2026,mean_local_acute_angle_deg,annotation_mask_same_extractor,59.493993970760265,56.02305003632932,-3.4709439344309416,3.4709439344309416,5.834108122135521,valid,ok,ok,,,888178f6e1d682dbadbaecc08afac163678dd08a3e69f328f11b072009899c8c,43f5e5da404b66ab92628040104d94bd90df323d50534926ac51e9465a3ef7ee
10-2-3,3,attunet_cl_fixed,2026,dominant_path_length,annotation_mask_same_extractor,782.7442994522875,619.239682094291,-163.5046173579965,163.5046173579965,20.888637256433064,valid,ok,ok,,zero_length_angle_vector,c128b6196f3a108faac4ed970bea2b3e2ee4f4c0090aafd759b5f39cfd31c0d6,7b0829a8f8aa50daa26f4ff634b6c36ed0ae00a39af67023d1ba5f53529052d0
10-2-3,3,attunet_cl_fixed,2026,retained_segment_count,annotation_mask_same_extractor,27.0,68.0,41.0,41.0,151.85185185185185,valid,ok,ok,,zero_length_angle_vector,c128b6196f3a108faac4ed970bea2b3e2ee4f4c0090aafd759b5f39cfd31c0d6,7b0829a8f8aa50daa26f4ff634b6c36ed0ae00a39af67023d1ba5f53529052d0
10-2-3,3,attunet_cl_fixed,2026,junction_region_count,annotation_mask_same_extractor,18.0,52.0,34.0,34.0,188.88888888888889,valid,ok,ok,,zero_length_angle_vector,c128b6196f3a108faac4ed970bea2b3e2ee4f4c0090aafd759b5f39cfd31c0d6,7b0829a8f8aa50daa26f4ff634b6c36ed0ae00a39af67023d1ba5f53529052d0
10-2-3,3,attunet_cl_fixed,2026,mean_local_acute_angle_deg,annotation_mask_same_extractor,44.17449818904469,47.0979956574631,2.923497468418411,2.923497468418411,6.61806605228951,valid,ok,ok,,zero_length_angle_vector,c128b6196f3a108faac4ed970bea2b3e2ee4f4c0090aafd759b5f39cfd31c0d6,7b0829a8f8aa50daa26f4ff634b6c36ed0ae00a39af67023d1ba5f53529052d0
10-2-4,0,attunet_cl_fixed,2026,dominant_path_length,annotation_mask_same_extractor,2714.143361112981,899.7127701597099,-1814.430590953272,1814.430590953272,66.85094888315821,valid,ok,ok,,zero_length_angle_vector,3c60314b040a032dd526925859d6800fc466b21b8dedb28d643c17c54668bc8b,7879e90d8e8a8fb5850127a2c16f00847bdfc907937b27bb77257d1225285485
10-2-4,0,attunet_cl_fixed,2026,retained_segment_count,annotation_mask_same_extractor,104.0,197.0,93.0,93.0,89.42307692307693,valid,ok,ok,,zero_length_angle_vector,3c60314b040a032dd526925859d6800fc466b21b8dedb28d643c17c54668bc8b,7879e90d8e8a8fb5850127a2c16f00847bdfc907937b27bb77257d1225285485
10-2-4,0,attunet_cl_fixed,2026,junction_region_count,annotation_mask_same_extractor,93.0,197.0,104.0,104.0,111.8279569892473,valid,ok,ok,,zero_length_angle_vector,3c60314b040a032dd526925859d6800fc466b21b8dedb28d643c17c54668bc8b,7879e90d8e8a8fb5850127a2c16f00847bdfc907937b27bb77257d1225285485
10-2-4,0,attunet_cl_fixed,2026,mean_local_acute_angle_deg,annotation_mask_same_extractor,63.03310962332985,48.651097129149385,-14.382012494180463,14.382012494180463,22.81660000612977,valid,ok,ok,,zero_length_angle_vector,3c60314b040a032dd526925859d6800fc466b21b8dedb28d643c17c54668bc8b,7879e90d8e8a8fb5850127a2c16f00847bdfc907937b27bb77257d1225285485
10-9-1,2,attunet_cl_fixed,2026,dominant_path_length,annotation_mask_same_extractor,2670.711903607907,2738.586145375091,67.87424176718378,67.87424176718378,2.5414288106287835,valid,ok,ok,,,f909c402c7b2db20640a01e33f844ebeccd8ec430131c4fad30fd8305345ea91,9b5af5631285bcc6587d8fc091ad3c9b32b736e825cacdb02db9b8815b999fc0
10-9-1,2,attunet_cl_fixed,2026,retained_segment_count,annotation_mask_same_extractor,60.0,116.0,56.0,56.0,93.33333333333331,valid,ok,ok,,,f909c402c7b2db20640a01e33f844ebeccd8ec430131c4fad30fd8305345ea91,9b5af5631285bcc6587d8fc091ad3c9b32b736e825cacdb02db9b8815b999fc0
10-9-1,2,attunet_cl_fixed,2026,junction_region_count,annotation_mask_same_extractor,47.0,120.0,73.0,73.0,155.3191489361702,valid,ok,ok,,,f909c402c7b2db20640a01e33f844ebeccd8ec430131c4fad30fd8305345ea91,9b5af5631285bcc6587d8fc091ad3c9b32b736e825cacdb02db9b8815b999fc0
10-9-1,2,attunet_cl_fixed,2026,mean_local_acute_angle_deg,annotation_mask_same_extractor,45.79801641663758,51.62788899643086,5.829872579793282,5.829872579793282,12.729530743771242,valid,ok,ok,,,f909c402c7b2db20640a01e33f844ebeccd8ec430131c4fad30fd8305345ea91,9b5af5631285bcc6587d8fc091ad3c9b32b736e825cacdb02db9b8815b999fc0
10-9-2,4,attunet_cl_fixed,2026,dominant_path_length,annotation_mask_same_extractor,3136.0378054156918,2758.3515139147007,-377.6862915009906,377.6862915009906,12.043422781726546,valid,ok,ok,,zero_length_angle_vector,97a6fbf3a148ba0641a27177bb2768e92fcab2d7f8bf002f6c2735617daf5cf2,314cfcdfd362a82a410a640b1964ca2de3477631ff0e4317b5643975150c5ffd
10-9-2,4,attunet_cl_fixed,2026,retained_segment_count,annotation_mask_same_extractor,222.0,314.0,92.0,92.0,41.44144144144144,valid,ok,ok,,zero_length_angle_vector,97a6fbf3a148ba0641a27177bb2768e92fcab2d7f8bf002f6c2735617daf5cf2,314cfcdfd362a82a410a640b1964ca2de3477631ff0e4317b5643975150c5ffd
10-9-2,4,attunet_cl_fixed,2026,junction_region_count,annotation_mask_same_extractor,205.0,312.0,107.0,107.0,52.19512195121951,valid,ok,ok,,zero_length_angle_vector,97a6fbf3a148ba0641a27177bb2768e92fcab2d7f8bf002f6c2735617daf5cf2,314cfcdfd362a82a410a640b1964ca2de3477631ff0e4317b5643975150c5ffd
10-9-2,4,attunet_cl_fixed,2026,mean_local_acute_angle_deg,annotation_mask_same_extractor,60.53394064128271,53.94678582314695,-6.587154818135758,6.587154818135758,10.881754513836285,valid,ok,ok,,zero_length_angle_vector,97a6fbf3a148ba0641a27177bb2768e92fcab2d7f8bf002f6c2735617daf5cf2,314cfcdfd362a82a410a640b1964ca2de3477631ff0e4317b5643975150c5ffd
10-9-3,0,attunet_cl_fixed,2026,dominant_path_length,annotation_mask_same_extractor,3235.23794899067,2165.642927837114,-1069.595021153556,1069.595021153556,33.060783720321055,valid,ok,ok,zero_length_angle_vector,zero_length_angle_vector,a23e4c9ae8b5cd333c9ee04c6a4a84de25c4388307e8463b068e3f8f45f8c58d,2aa50278f62c267acbdc06fa6b85f46462a5ea6deb4ba7881e17cca0d7ffaf96
10-9-3,0,attunet_cl_fixed,2026,retained_segment_count,annotation_mask_same_extractor,102.0,257.0,155.0,155.0,151.96078431372547,valid,ok,ok,zero_length_angle_vector,zero_length_angle_vector,a23e4c9ae8b5cd333c9ee04c6a4a84de25c4388307e8463b068e3f8f45f8c58d,2aa50278f62c267acbdc06fa6b85f46462a5ea6deb4ba7881e17cca0d7ffaf96
10-9-3,0,attunet_cl_fixed,2026,junction_region_count,annotation_mask_same_extractor,94.0,251.0,157.0,157.0,167.0212765957447,valid,ok,ok,zero_length_angle_vector,zero_length_angle_vector,a23e4c9ae8b5cd333c9ee04c6a4a84de25c4388307e8463b068e3f8f45f8c58d,2aa50278f62c267acbdc06fa6b85f46462a5ea6deb4ba7881e17cca0d7ffaf96
10-9-3,0,attunet_cl_fixed,2026,mean_local_acute_angle_deg,annotation_mask_same_extractor,62.02962831732245,57.50990669335376,-4.519721623968685,4.519721623968685,7.286391594751026,valid,ok,ok,zero_length_angle_vector,zero_length_angle_vector,a23e4c9ae8b5cd333c9ee04c6a4a84de25c4388307e8463b068e3f8f45f8c58d,2aa50278f62c267acbdc06fa6b85f46462a5ea6deb4ba7881e17cca0d7ffaf96
10-9-4,2,attunet_cl_fixed,2026,dominant_path_length,annotation_mask_same_extractor,3795.486865800912,1803.3149339882664,-1992.1719318126447,1992.1719318126447,52.48791531234197,valid,ok,ok,,zero_length_angle_vector,775edf7906167ea9e9ba868605a76fc739ed5aa32d5a1c9e3ec9a9a84e402ead,e381bbc89d9db6a1d079487d0f5f9afb60de9fb7c5fc39ba84d78cfc138fc78e
10-9-4,2,attunet_cl_fixed,2026,retained_segment_count,annotation_mask_same_extractor,82.0,185.0,103.0,103.0,125.60975609756098,valid,ok,ok,,zero_length_angle_vector,775edf7906167ea9e9ba868605a76fc739ed5aa32d5a1c9e3ec9a9a84e402ead,e381bbc89d9db6a1d079487d0f5f9afb60de9fb7c5fc39ba84d78cfc138fc78e
10-9-4,2,attunet_cl_fixed,2026,junction_region_count,annotation_mask_same_extractor,63.0,158.0,95.0,95.0,150.79365079365078,valid,ok,ok,,zero_length_angle_vector,775edf7906167ea9e9ba868605a76fc739ed5aa32d5a1c9e3ec9a9a84e402ead,e381bbc89d9db6a1d079487d0f5f9afb60de9fb7c5fc39ba84d78cfc138fc78e
10-9-4,2,attunet_cl_fixed,2026,mean_local_acute_angle_deg,annotation_mask_same_extractor,43.610163723088185,51.24359793467664,7.633434211588451,7.633434211588451,17.50379627111361,valid,ok,ok,,zero_length_angle_vector,775edf7906167ea9e9ba868605a76fc739ed5aa32d5a1c9e3ec9a9a84e402ead,e381bbc89d9db6a1d079487d0f5f9afb60de9fb7c5fc39ba84d78cfc138fc78e
235-10-11(1),3,attunet_cl_fixed,2026,dominant_path_length,annotation_mask_same_extractor,2994.397328557098,2173.757718250381,-820.6396103067163,820.6396103067163,27.405835641129016,valid,ok,ok,,zero_length_angle_vector,9d52d033268cd4a5d237049ac4f43033746bfe49685933fe46cc01355c7ffcc7,3def9e5d77623b9814c2a8ba324aeb8486d1e7de43e62b18670c0c2748353213
235-10-11(1),3,attunet_cl_fixed,2026,retained_segment_count,annotation_mask_same_extractor,39.0,260.0,221.0,221.0,566.6666666666667,valid,ok,ok,,zero_length_angle_vector,9d52d033268cd4a5d237049ac4f43033746bfe49685933fe46cc01355c7ffcc7,3def9e5d77623b9814c2a8ba324aeb8486d1e7de43e62b18670c0c2748353213
235-10-11(1),3,attunet_cl_fixed,2026,junction_region_count,annotation_mask_same_extractor,31.0,285.0,254.0,254.0,819.3548387096774,valid,ok,ok,,zero_length_angle_vector,9d52d033268cd4a5d237049ac4f43033746bfe49685933fe46cc01355c7ffcc7,3def9e5d77623b9814c2a8ba324aeb8486d1e7de43e62b18670c0c2748353213
235-10-11(1),3,attunet_cl_fixed,2026,mean_local_acute_angle_deg,annotation_mask_same_extractor,53.361302278251465,52.65553431850476,-0.7057679597467015,0.7057679597467015,1.3226213184724922,valid,ok,ok,,zero_length_angle_vector,9d52d033268cd4a5d237049ac4f43033746bfe49685933fe46cc01355c7ffcc7,3def9e5d77623b9814c2a8ba324aeb8486d1e7de43e62b18670c0c2748353213
235-10-11(2),1,attunet_cl_fixed,2026,dominant_path_length,annotation_mask_same_extractor,2805.9057710597435,1230.5088014401058,-1575.3969696196375,1575.3969696196375,56.14575463896056,valid,ok,ok,,zero_length_angle_vector,5b712c674961fc82b6cbf219207fe1d3e1b0be3e2a6b4ba1f8eea53b3cdecde8,43cefe1fad414930f9b7d19df7874ad0e080b8f9255d2ad98004c8f3caad2a35
235-10-11(2),1,attunet_cl_fixed,2026,retained_segment_count,annotation_mask_same_extractor,44.0,151.0,107.0,107.0,243.18181818181816,valid,ok,ok,,zero_length_angle_vector,5b712c674961fc82b6cbf219207fe1d3e1b0be3e2a6b4ba1f8eea53b3cdecde8,43cefe1fad414930f9b7d19df7874ad0e080b8f9255d2ad98004c8f3caad2a35
235-10-11(2),1,attunet_cl_fixed,2026,junction_region_count,annotation_mask_same_extractor,32.0,106.0,74.0,74.0,231.25,valid,ok,ok,,zero_length_angle_vector,5b712c674961fc82b6cbf219207fe1d3e1b0be3e2a6b4ba1f8eea53b3cdecde8,43cefe1fad414930f9b7d19df7874ad0e080b8f9255d2ad98004c8f3caad2a35
235-10-11(2),1,attunet_cl_fixed,2026,mean_local_acute_angle_deg,annotation_mask_same_extractor,43.25362958365755,53.00541937088119,9.751789787223643,9.751789787223643,22.545598788102968,valid,ok,ok,,zero_length_angle_vector,5b712c674961fc82b6cbf219207fe1d3e1b0be3e2a6b4ba1f8eea53b3cdecde8,43cefe1fad414930f9b7d19df7874ad0e080b8f9255d2ad98004c8f3caad2a35
235-10-11(3),1,attunet_cl_fixed,2026,dominant_path_length,annotation_mask_same_extractor,3903.799348810616,2069.324168704257,-1834.475180106359,1834.475180106359,46.99204585566814,valid,ok,ok,zero_length_angle_vector,zero_length_angle_vector,fa60085f010979fe70bd85f42f583537392b69473bae643033aaace4f1bfd685,fab0bd06c7a7b5273626e2d42a1158111929081905768f4842683dc180235958
235-10-11(3),1,attunet_cl_fixed,2026,retained_segment_count,annotation_mask_same_extractor,195.0,388.0,193.0,193.0,98.97435897435898,valid,ok,ok,zero_length_angle_vector,zero_length_angle_vector,fa60085f010979fe70bd85f42f583537392b69473bae643033aaace4f1bfd685,fab0bd06c7a7b5273626e2d42a1158111929081905768f4842683dc180235958
235-10-11(3),1,attunet_cl_fixed,2026,junction_region_count,annotation_mask_same_extractor,171.0,301.0,130.0,130.0,76.0233918128655,valid,ok,ok,zero_length_angle_vector,zero_length_angle_vector,fa60085f010979fe70bd85f42f583537392b69473bae643033aaace4f1bfd685,fab0bd06c7a7b5273626e2d42a1158111929081905768f4842683dc180235958
235-10-11(3),1,attunet_cl_fixed,2026,mean_local_acute_angle_deg,annotation_mask_same_extractor,59.57250840324565,46.76801811047189,-12.804490292773757,12.804490292773757,21.493958599326227,valid,ok,ok,zero_length_angle_vector,zero_length_angle_vector,fa60085f010979fe70bd85f42f583537392b69473bae643033aaace4f1bfd685,fab0bd06c7a7b5273626e2d42a1158111929081905768f4842683dc180235958
235-10-12(1),4,attunet_cl_fixed,2026,dominant_path_length,annotation_mask_same_extractor,2001.4427842621224,913.1513703397226,-1088.2914139224,1088.2914139224,54.375344750293394,valid,ok,ok,,zero_length_angle_vector,18b9363d37a62a519d147178d26a24d6b4b802b892db690b5190ad39f8a39884,aabc616837033913acd0fca0bc0fec686a0ccf3ee2eecf6dcd2873a5f1318bdd
235-10-12(1),4,attunet_cl_fixed,2026,retained_segment_count,annotation_mask_same_extractor,134.0,111.0,-23.0,23.0,17.16417910447761,valid,ok,ok,,zero_length_angle_vector,18b9363d37a62a519d147178d26a24d6b4b802b892db690b5190ad39f8a39884,aabc616837033913acd0fca0bc0fec686a0ccf3ee2eecf6dcd2873a5f1318bdd
235-10-12(1),4,attunet_cl_fixed,2026,junction_region_count,annotation_mask_same_extractor,112.0,115.0,3.0,3.0,2.6785714285714284,valid,ok,ok,,zero_length_angle_vector,18b9363d37a62a519d147178d26a24d6b4b802b892db690b5190ad39f8a39884,aabc616837033913acd0fca0bc0fec686a0ccf3ee2eecf6dcd2873a5f1318bdd
235-10-12(1),4,attunet_cl_fixed,2026,mean_local_acute_angle_deg,annotation_mask_same_extractor,53.181513697065846,51.998471860744026,-1.18304183632182,1.18304183632182,2.2245358472884,valid,ok,ok,,zero_length_angle_vector,18b9363d37a62a519d147178d26a24d6b4b802b892db690b5190ad39f8a39884,aabc616837033913acd0fca0bc0fec686a0ccf3ee2eecf6dcd2873a5f1318bdd
235-10-12(2),0,attunet_cl_fixed,2026,dominant_path_length,annotation_mask_same_extractor,3327.9141392239435,1214.697618258062,-2113.216520965881,2113.216520965881,63.499730839169885,valid,ok,ok,,zero_length_angle_vector,3f320f9a413c704ff148c35538663d08b34fdafa0044a66241f691b28db5db7b,a22d9834b0dadbeb118eaf1a5a4023162109df6cf8bf7714cd9a594af0a9e382
235-10-12(2),0,attunet_cl_fixed,2026,retained_segment_count,annotation_mask_same_extractor,98.0,207.0,109.0,109.0,111.22448979591836,valid,ok,ok,,zero_length_angle_vector,3f320f9a413c704ff148c35538663d08b34fdafa0044a66241f691b28db5db7b,a22d9834b0dadbeb118eaf1a5a4023162109df6cf8bf7714cd9a594af0a9e382
235-10-12(2),0,attunet_cl_fixed,2026,junction_region_count,annotation_mask_same_extractor,79.0,241.0,162.0,162.0,205.06329113924048,valid,ok,ok,,zero_length_angle_vector,3f320f9a413c704ff148c35538663d08b34fdafa0044a66241f691b28db5db7b,a22d9834b0dadbeb118eaf1a5a4023162109df6cf8bf7714cd9a594af0a9e382
235-10-12(2),0,attunet_cl_fixed,2026,mean_local_acute_angle_deg,annotation_mask_same_extractor,62.31932305515474,49.32070195060695,-12.998621104547794,12.998621104547794,20.858090985750227,valid,ok,ok,,zero_length_angle_vector,3f320f9a413c704ff148c35538663d08b34fdafa0044a66241f691b28db5db7b,a22d9834b0dadbeb118eaf1a5a4023162109df6cf8bf7714cd9a594af0a9e382
235-10-12(3),1,attunet_cl_fixed,2026,dominant_path_length,annotation_mask_same_extractor,3338.9221484506097,2678.0743853421723,-660.8477631084374,660.8477631084374,19.792248328254573,valid,ok,ok,zero_length_angle_vector,zero_length_angle_vector,06cb03ea2bad65c89fe30627bf1d69fb7bd50a7bc6f48ee697c5830e39ef08b3,60340cee97918647f6cbf497852acdfc9f3bbfb4f167e96f9ee7dbb8266f1f43
235-10-12(3),1,attunet_cl_fixed,2026,retained_segment_count,annotation_mask_same_extractor,248.0,431.0,183.0,183.0,73.79032258064517,valid,ok,ok,zero_length_angle_vector,zero_length_angle_vector,06cb03ea2bad65c89fe30627bf1d69fb7bd50a7bc6f48ee697c5830e39ef08b3,60340cee97918647f6cbf497852acdfc9f3bbfb4f167e96f9ee7dbb8266f1f43
235-10-12(3),1,attunet_cl_fixed,2026,junction_region_count,annotation_mask_same_extractor,210.0,347.0,137.0,137.0,65.23809523809524,valid,ok,ok,zero_length_angle_vector,zero_length_angle_vector,06cb03ea2bad65c89fe30627bf1d69fb7bd50a7bc6f48ee697c5830e39ef08b3,60340cee97918647f6cbf497852acdfc9f3bbfb4f167e96f9ee7dbb8266f1f43
235-10-12(3),1,attunet_cl_fixed,2026,mean_local_acute_angle_deg,annotation_mask_same_extractor,56.12825058978015,49.24634710002989,-6.881903489750265,6.881903489750265,12.261033289719748,valid,ok,ok,zero_length_angle_vector,zero_length_angle_vector,06cb03ea2bad65c89fe30627bf1d69fb7bd50a7bc6f48ee697c5830e39ef08b3,60340cee97918647f6cbf497852acdfc9f3bbfb4f167e96f9ee7dbb8266f1f43
235-25-6(1),2,attunet_cl_fixed,2026,dominant_path_length,annotation_mask_same_extractor,2364.349421873661,1359.3199846221491,-1005.0294372515118,1005.0294372515118,42.50765254718833,valid,ok,ok,,zero_length_angle_vector,81d217e87b63701eb36c3a0b141a738b1f3dd596f793222514893c0a771fc94d,431c14ca5abb989745ad4de216e25952b0c2c55f0add265886f30316009fc1c9
235-25-6(1),2,attunet_cl_fixed,2026,retained_segment_count,annotation_mask_same_extractor,27.0,72.0,45.0,45.0,166.66666666666669,valid,ok,ok,,zero_length_angle_vector,81d217e87b63701eb36c3a0b141a738b1f3dd596f793222514893c0a771fc94d,431c14ca5abb989745ad4de216e25952b0c2c55f0add265886f30316009fc1c9
235-25-6(1),2,attunet_cl_fixed,2026,junction_region_count,annotation_mask_same_extractor,21.0,61.0,40.0,40.0,190.47619047619045,valid,ok,ok,,zero_length_angle_vector,81d217e87b63701eb36c3a0b141a738b1f3dd596f793222514893c0a771fc94d,431c14ca5abb989745ad4de216e25952b0c2c55f0add265886f30316009fc1c9
235-25-6(1),2,attunet_cl_fixed,2026,mean_local_acute_angle_deg,annotation_mask_same_extractor,63.4461979910307,54.1606757437289,-9.2855222473018,9.2855222473018,14.635269789711405,valid,ok,ok,,zero_length_angle_vector,81d217e87b63701eb36c3a0b141a738b1f3dd596f793222514893c0a771fc94d,431c14ca5abb989745ad4de216e25952b0c2c55f0add265886f30316009fc1c9
235-25-6(2),4,attunet_cl_fixed,2026,dominant_path_length,annotation_mask_same_extractor,1377.430590953303,913.1463197058408,-464.2842712474621,464.2842712474621,33.70654567255811,valid,ok,ok,,zero_length_angle_vector,07fd844e7f853a14fb82235228caf5997075e001697d881b5a753f8be11ad9ff,5bea97b94039ff47e5c25a620a152bcbc4a5a1d22d7854b8f2c90f2fe38839c0
235-25-6(2),4,attunet_cl_fixed,2026,retained_segment_count,annotation_mask_same_extractor,90.0,191.0,101.0,101.0,112.22222222222224,valid,ok,ok,,zero_length_angle_vector,07fd844e7f853a14fb82235228caf5997075e001697d881b5a753f8be11ad9ff,5bea97b94039ff47e5c25a620a152bcbc4a5a1d22d7854b8f2c90f2fe38839c0
235-25-6(2),4,attunet_cl_fixed,2026,junction_region_count,annotation_mask_same_extractor,63.0,488.0,425.0,425.0,674.6031746031746,valid,ok,ok,,zero_length_angle_vector,07fd844e7f853a14fb82235228caf5997075e001697d881b5a753f8be11ad9ff,5bea97b94039ff47e5c25a620a152bcbc4a5a1d22d7854b8f2c90f2fe38839c0
235-25-6(2),4,attunet_cl_fixed,2026,mean_local_acute_angle_deg,annotation_mask_same_extractor,48.93734100767138,49.84258139172236,0.9052403840509768,0.9052403840509768,1.8497947894412,valid,ok,ok,,zero_length_angle_vector,07fd844e7f853a14fb82235228caf5997075e001697d881b5a753f8be11ad9ff,5bea97b94039ff47e5c25a620a152bcbc4a5a1d22d7854b8f2c90f2fe38839c0
235-25-7(1),2,attunet_cl_fixed,2026,dominant_path_length,annotation_mask_same_extractor,2998.8439379638457,2067.138310479128,-931.7056274847178,931.7056274847178,31.06882674652709,valid,ok,ok,,,7497c2c9ff553aa7c2dd4141a59b027c8c75f67dc2bccba4cc857927d6dbf16d,0ac941a837afe3cfb57b9081a2ef21b5d72ba852021caf574c0e41ac8119e1c9
235-25-7(1),2,attunet_cl_fixed,2026,retained_segment_count,annotation_mask_same_extractor,230.0,237.0,7.0,7.0,3.0434782608695654,valid,ok,ok,,,7497c2c9ff553aa7c2dd4141a59b027c8c75f67dc2bccba4cc857927d6dbf16d,0ac941a837afe3cfb57b9081a2ef21b5d72ba852021caf574c0e41ac8119e1c9
235-25-7(1),2,attunet_cl_fixed,2026,junction_region_count,annotation_mask_same_extractor,208.0,223.0,15.0,15.0,7.211538461538461,valid,ok,ok,,,7497c2c9ff553aa7c2dd4141a59b027c8c75f67dc2bccba4cc857927d6dbf16d,0ac941a837afe3cfb57b9081a2ef21b5d72ba852021caf574c0e41ac8119e1c9
235-25-7(1),2,attunet_cl_fixed,2026,mean_local_acute_angle_deg,annotation_mask_same_extractor,56.8053052093956,49.85320215720261,-6.952103052192989,6.952103052192989,12.238474956812857,valid,ok,ok,,,7497c2c9ff553aa7c2dd4141a59b027c8c75f67dc2bccba4cc857927d6dbf16d,0ac941a837afe3cfb57b9081a2ef21b5d72ba852021caf574c0e41ac8119e1c9
235-25-7(2),2,attunet_cl_fixed,2026,dominant_path_length,annotation_mask_same_extractor,1249.092495836678,1211.40115370178,-37.69134213489792,37.69134213489792,3.0174980844513986,valid,ok,ok,,zero_length_angle_vector,2131528edadfa652c430e59c756f4b7a69ff50f6d858967b29f0984a2a5a1f3d,6813e45b28fc8094080c09a311b5b7bc5f6d830c4297f742dccb5280affa7ccf
235-25-7(2),2,attunet_cl_fixed,2026,retained_segment_count,annotation_mask_same_extractor,94.0,113.0,19.0,19.0,20.212765957446805,valid,ok,ok,,zero_length_angle_vector,2131528edadfa652c430e59c756f4b7a69ff50f6d858967b29f0984a2a5a1f3d,6813e45b28fc8094080c09a311b5b7bc5f6d830c4297f742dccb5280affa7ccf
235-25-7(2),2,attunet_cl_fixed,2026,junction_region_count,annotation_mask_same_extractor,74.0,106.0,32.0,32.0,43.24324324324324,valid,ok,ok,,zero_length_angle_vector,2131528edadfa652c430e59c756f4b7a69ff50f6d858967b29f0984a2a5a1f3d,6813e45b28fc8094080c09a311b5b7bc5f6d830c4297f742dccb5280affa7ccf
235-25-7(2),2,attunet_cl_fixed,2026,mean_local_acute_angle_deg,annotation_mask_same_extractor,51.18427192297171,47.686969327436096,-3.497302595535615,3.497302595535615,6.832768083130652,valid,ok,ok,,zero_length_angle_vector,2131528edadfa652c430e59c756f4b7a69ff50f6d858967b29f0984a2a5a1f3d,6813e45b28fc8094080c09a311b5b7bc5f6d830c4297f742dccb5280affa7ccf
235-25-7(3),2,attunet_cl_fixed,2026,dominant_path_length,annotation_mask_same_extractor,3042.988165628605,1149.8498551495582,-1893.138310479047,1893.138310479047,62.21313417720676,valid,ok,ok,zero_length_angle_vector,zero_length_angle_vector,2c8b120debe12fd303a7f06497770c03ad10375f80aac91a1feeabe828c5d6e3,05ff64380f0aca05ef3cd4abcbad06c6d200a9e66d7e7b17f47fc73cff7851e0
235-25-7(3),2,attunet_cl_fixed,2026,retained_segment_count,annotation_mask_same_extractor,86.0,185.0,99.0,99.0,115.11627906976744,valid,ok,ok,zero_length_angle_vector,zero_length_angle_vector,2c8b120debe12fd303a7f06497770c03ad10375f80aac91a1feeabe828c5d6e3,05ff64380f0aca05ef3cd4abcbad06c6d200a9e66d7e7b17f47fc73cff7851e0
235-25-7(3),2,attunet_cl_fixed,2026,junction_region_count,annotation_mask_same_extractor,69.0,154.0,85.0,85.0,123.18840579710144,valid,ok,ok,zero_length_angle_vector,zero_length_angle_vector,2c8b120debe12fd303a7f06497770c03ad10375f80aac91a1feeabe828c5d6e3,05ff64380f0aca05ef3cd4abcbad06c6d200a9e66d7e7b17f47fc73cff7851e0
235-25-7(3),2,attunet_cl_fixed,2026,mean_local_acute_angle_deg,annotation_mask_same_extractor,40.34148473985392,53.074700756002514,12.733216016148596,12.733216016148596,31.56357803452205,valid,ok,ok,zero_length_angle_vector,zero_length_angle_vector,2c8b120debe12fd303a7f06497770c03ad10375f80aac91a1feeabe828c5d6e3,05ff64380f0aca05ef3cd4abcbad06c6d200a9e66d7e7b17f47fc73cff7851e0
235-25-9(1),4,attunet_cl_fixed,2026,dominant_path_length,annotation_mask_same_extractor,3126.4490603852128,694.5533905932762,-2431.8956697919366,2431.8956697919366,77.7845927703137,valid,ok,ok,,zero_length_angle_vector,a44aabe48936de7e267908875859f9c440963c013122db96ca7e12819915e47a,fb7e5ffa8772dc4f1821034fb34466f6643f85c1306fe18fb509475df56d9f5d
235-25-9(1),4,attunet_cl_fixed,2026,retained_segment_count,annotation_mask_same_extractor,81.0,77.0,-4.0,4.0,4.938271604938271,valid,ok,ok,,zero_length_angle_vector,a44aabe48936de7e267908875859f9c440963c013122db96ca7e12819915e47a,fb7e5ffa8772dc4f1821034fb34466f6643f85c1306fe18fb509475df56d9f5d
235-25-9(1),4,attunet_cl_fixed,2026,junction_region_count,annotation_mask_same_extractor,71.0,79.0,8.0,8.0,11.267605633802818,valid,ok,ok,,zero_length_angle_vector,a44aabe48936de7e267908875859f9c440963c013122db96ca7e12819915e47a,fb7e5ffa8772dc4f1821034fb34466f6643f85c1306fe18fb509475df56d9f5d
235-25-9(1),4,attunet_cl_fixed,2026,mean_local_acute_angle_deg,annotation_mask_same_extractor,56.36650915301412,58.07246327379381,1.7059541207796869,1.7059541207796869,3.026538535761822,valid,ok,ok,,zero_length_angle_vector,a44aabe48936de7e267908875859f9c440963c013122db96ca7e12819915e47a,fb7e5ffa8772dc4f1821034fb34466f6643f85c1306fe18fb509475df56d9f5d
235-25-9(2),4,attunet_cl_fixed,2026,dominant_path_length,annotation_mask_same_extractor,1133.901586977666,587.1980515339484,-546.7035354437177,546.7035354437177,48.21437254540908,valid,ok,ok,,zero_length_angle_vector,078e2f40e0375f4163f04a89f798c84e04ad144ea99252428ef60b382a208150,c0537175179b83b5e32f4aeea31715e4b9dfb201e3fac95132eace493d3f30f3
235-25-9(2),4,attunet_cl_fixed,2026,retained_segment_count,annotation_mask_same_extractor,72.0,75.0,3.0,3.0,4.166666666666666,valid,ok,ok,,zero_length_angle_vector,078e2f40e0375f4163f04a89f798c84e04ad144ea99252428ef60b382a208150,c0537175179b83b5e32f4aeea31715e4b9dfb201e3fac95132eace493d3f30f3
235-25-9(2),4,attunet_cl_fixed,2026,junction_region_count,annotation_mask_same_extractor,58.0,73.0,15.0,15.0,25.86206896551724,valid,ok,ok,,zero_length_angle_vector,078e2f40e0375f4163f04a89f798c84e04ad144ea99252428ef60b382a208150,c0537175179b83b5e32f4aeea31715e4b9dfb201e3fac95132eace493d3f30f3
235-25-9(2),4,attunet_cl_fixed,2026,mean_local_acute_angle_deg,annotation_mask_same_extractor,48.80355339734289,49.2755723306258,0.4720189332829108,0.4720189332829108,0.9671814866427532,valid,ok,ok,,zero_length_angle_vector,078e2f40e0375f4163f04a89f798c84e04ad144ea99252428ef60b382a208150,c0537175179b83b5e32f4aeea31715e4b9dfb201e3fac95132eace493d3f30f3
235-25-9(3),1,attunet_cl_fixed,2026,dominant_path_length,annotation_mask_same_extractor,3014.99617485532,1506.3300858899145,-1508.6660889654052,1508.6660889654052,50.03873973530999,valid,ok,ok,,zero_length_angle_vector,04c79fb7e355280d60cd560ee7fce5e6be4db79fc76c2cc62ba5beb9dc7281f5,2615749c4486d45ba44adc0f17d3373d135a000ec3b3e57dc583882e59db6dcd
235-25-9(3),1,attunet_cl_fixed,2026,retained_segment_count,annotation_mask_same_extractor,162.0,216.0,54.0,54.0,33.33333333333333,valid,ok,ok,,zero_length_angle_vector,04c79fb7e355280d60cd560ee7fce5e6be4db79fc76c2cc62ba5beb9dc7281f5,2615749c4486d45ba44adc0f17d3373d135a000ec3b3e57dc583882e59db6dcd
235-25-9(3),1,attunet_cl_fixed,2026,junction_region_count,annotation_mask_same_extractor,148.0,173.0,25.0,25.0,16.89189189189189,valid,ok,ok,,zero_length_angle_vector,04c79fb7e355280d60cd560ee7fce5e6be4db79fc76c2cc62ba5beb9dc7281f5,2615749c4486d45ba44adc0f17d3373d135a000ec3b3e57dc583882e59db6dcd
235-25-9(3),1,attunet_cl_fixed,2026,mean_local_acute_angle_deg,annotation_mask_same_extractor,63.95431651066043,61.71095208990511,-2.243364420755327,2.243364420755327,3.5077607629211154,valid,ok,ok,,zero_length_angle_vector,04c79fb7e355280d60cd560ee7fce5e6be4db79fc76c2cc62ba5beb9dc7281f5,2615749c4486d45ba44adc0f17d3373d135a000ec3b3e57dc583882e59db6dcd
447-1-1,1,attunet_cl_fixed,2026,dominant_path_length,annotation_mask_same_extractor,3911.385135248214,4056.752667616372,145.3675323681582,145.3675323681582,3.716523107329682,valid,ok,ok,,zero_length_angle_vector,67a3ba2f50251e390c617a86eba391a70dc650351761a8b7c955b3e97cd90123,16a38f7236ac6d59fab373a00899ebae464fe7369d4f33f1c25f9b39530bea69
447-1-1,1,attunet_cl_fixed,2026,retained_segment_count,annotation_mask_same_extractor,293.0,320.0,27.0,27.0,9.215017064846416,valid,ok,ok,,zero_length_angle_vector,67a3ba2f50251e390c617a86eba391a70dc650351761a8b7c955b3e97cd90123,16a38f7236ac6d59fab373a00899ebae464fe7369d4f33f1c25f9b39530bea69
447-1-1,1,attunet_cl_fixed,2026,junction_region_count,annotation_mask_same_extractor,271.0,287.0,16.0,16.0,5.904059040590406,valid,ok,ok,,zero_length_angle_vector,67a3ba2f50251e390c617a86eba391a70dc650351761a8b7c955b3e97cd90123,16a38f7236ac6d59fab373a00899ebae464fe7369d4f33f1c25f9b39530bea69
447-1-1,1,attunet_cl_fixed,2026,mean_local_acute_angle_deg,annotation_mask_same_extractor,61.7061773985382,56.7965250078331,-4.909652390705098,4.909652390705098,7.956500625529602,valid,ok,ok,,zero_length_angle_vector,67a3ba2f50251e390c617a86eba391a70dc650351761a8b7c955b3e97cd90123,16a38f7236ac6d59fab373a00899ebae464fe7369d4f33f1c25f9b39530bea69
447-1-1(1),1,attunet_cl_fixed,2026,dominant_path_length,annotation_mask_same_extractor,3219.268252793949,1658.2560594852216,-1561.0121933087275,1561.0121933087275,48.48965885194411,valid,ok,ok,,,0d1ba7e5e04b19e049d833c898b8b5dfd329ae106055ed93825b5e45ffe6aa84,928ad63bfb0ee7ba71b13fd1b43f8b2db312638a12e598b8d0c7975b48b2c54d
447-1-1(1),1,attunet_cl_fixed,2026,retained_segment_count,annotation_mask_same_extractor,138.0,196.0,58.0,58.0,42.028985507246375,valid,ok,ok,,,0d1ba7e5e04b19e049d833c898b8b5dfd329ae106055ed93825b5e45ffe6aa84,928ad63bfb0ee7ba71b13fd1b43f8b2db312638a12e598b8d0c7975b48b2c54d
447-1-1(1),1,attunet_cl_fixed,2026,junction_region_count,annotation_mask_same_extractor,130.0,140.0,10.0,10.0,7.6923076923076925,valid,ok,ok,,,0d1ba7e5e04b19e049d833c898b8b5dfd329ae106055ed93825b5e45ffe6aa84,928ad63bfb0ee7ba71b13fd1b43f8b2db312638a12e598b8d0c7975b48b2c54d
447-1-1(1),1,attunet_cl_fixed,2026,mean_local_acute_angle_deg,annotation_mask_same_extractor,67.79905715669001,43.20541607020128,-24.59364108648873,24.59364108648873,36.274311351632086,valid,ok,ok,,,0d1ba7e5e04b19e049d833c898b8b5dfd329ae106055ed93825b5e45ffe6aa84,928ad63bfb0ee7ba71b13fd1b43f8b2db312638a12e598b8d0c7975b48b2c54d
7-1-3(1),4,attunet_cl_fixed,2026,dominant_path_length,annotation_mask_same_extractor,3591.411613906912,1340.4894654563484,-2250.922148450564,2250.922148450564,62.67513697773842,valid,ok,ok,,zero_length_angle_vector,bba8ccc94987683932ee1142fbfdf5f18f0e90a532fe1e011e5e0387316a0102,e6d721ceb5cbce233d233326c36b623d76e162be5f0ca0963598a8614ea00886
7-1-3(1),4,attunet_cl_fixed,2026,retained_segment_count,annotation_mask_same_extractor,415.0,487.0,72.0,72.0,17.349397590361445,valid,ok,ok,,zero_length_angle_vector,bba8ccc94987683932ee1142fbfdf5f18f0e90a532fe1e011e5e0387316a0102,e6d721ceb5cbce233d233326c36b623d76e162be5f0ca0963598a8614ea00886
7-1-3(1),4,attunet_cl_fixed,2026,junction_region_count,annotation_mask_same_extractor,370.0,409.0,39.0,39.0,10.54054054054054,valid,ok,ok,,zero_length_angle_vector,bba8ccc94987683932ee1142fbfdf5f18f0e90a532fe1e011e5e0387316a0102,e6d721ceb5cbce233d233326c36b623d76e162be5f0ca0963598a8614ea00886
7-1-3(1),4,attunet_cl_fixed,2026,mean_local_acute_angle_deg,annotation_mask_same_extractor,52.19068191429416,47.90494780276417,-4.28573411152999,4.28573411152999,8.211684450814195,valid,ok,ok,,zero_length_angle_vector,bba8ccc94987683932ee1142fbfdf5f18f0e90a532fe1e011e5e0387316a0102,e6d721ceb5cbce233d233326c36b623d76e162be5f0ca0963598a8614ea00886
7-1-3(2),4,attunet_cl_fixed,2026,dominant_path_length,annotation_mask_same_extractor,2479.356564548581,1063.9696961967045,-1415.3868683518767,1415.3868683518767,57.08686231702126,valid,ok,ok,,zero_length_angle_vector,28862657685f711ee260dae48d326375279a0325e0e0c82a6692a9516004f3bb,2f7415fa843d8250ccac6ec100fa6adcb1ca53b44471c5f995add6784f55a90f
7-1-3(2),4,attunet_cl_fixed,2026,retained_segment_count,annotation_mask_same_extractor,239.0,225.0,-14.0,14.0,5.857740585774058,valid,ok,ok,,zero_length_angle_vector,28862657685f711ee260dae48d326375279a0325e0e0c82a6692a9516004f3bb,2f7415fa843d8250ccac6ec100fa6adcb1ca53b44471c5f995add6784f55a90f
7-1-3(2),4,attunet_cl_fixed,2026,junction_region_count,annotation_mask_same_extractor,201.0,197.0,-4.0,4.0,1.9900497512437807,valid,ok,ok,,zero_length_angle_vector,28862657685f711ee260dae48d326375279a0325e0e0c82a6692a9516004f3bb,2f7415fa843d8250ccac6ec100fa6adcb1ca53b44471c5f995add6784f55a90f
7-1-3(2),4,attunet_cl_fixed,2026,mean_local_acute_angle_deg,annotation_mask_same_extractor,52.02063707468777,50.321208598823226,-1.6994284758645437,1.6994284758645437,3.266835185860214,valid,ok,ok,,zero_length_angle_vector,28862657685f711ee260dae48d326375279a0325e0e0c82a6692a9516004f3bb,2f7415fa843d8250ccac6ec100fa6adcb1ca53b44471c5f995add6784f55a90f
7-1-3(3),0,attunet_cl_fixed,2026,dominant_path_length,annotation_mask_same_extractor,3139.476405595674,1518.8225099390904,-1620.6538956565837,1620.6538956565837,51.62178931391224,valid,ok,ok,zero_length_angle_vector,zero_length_angle_vector,eb3582ff4719e2750a945bfec7af39008d621c1fbaba7f242e61cf5fb5af1392,b2b4d20578fc37b8b82a4c01521c23d9604eaba779141ac097df8e41bb0973c3
7-1-3(3),0,attunet_cl_fixed,2026,retained_segment_count,annotation_mask_same_extractor,234.0,381.0,147.0,147.0,62.82051282051282,valid,ok,ok,zero_length_angle_vector,zero_length_angle_vector,eb3582ff4719e2750a945bfec7af39008d621c1fbaba7f242e61cf5fb5af1392,b2b4d20578fc37b8b82a4c01521c23d9604eaba779141ac097df8e41bb0973c3
7-1-3(3),0,attunet_cl_fixed,2026,junction_region_count,annotation_mask_same_extractor,206.0,341.0,135.0,135.0,65.53398058252428,valid,ok,ok,zero_length_angle_vector,zero_length_angle_vector,eb3582ff4719e2750a945bfec7af39008d621c1fbaba7f242e61cf5fb5af1392,b2b4d20578fc37b8b82a4c01521c23d9604eaba779141ac097df8e41bb0973c3
7-1-3(3),0,attunet_cl_fixed,2026,mean_local_acute_angle_deg,annotation_mask_same_extractor,55.62685066639042,51.05411199601392,-4.572738670376502,4.572738670376502,8.220380294042672,valid,ok,ok,zero_length_angle_vector,zero_length_angle_vector,eb3582ff4719e2750a945bfec7af39008d621c1fbaba7f242e61cf5fb5af1392,b2b4d20578fc37b8b82a4c01521c23d9604eaba779141ac097df8e41bb0973c3
7-1-6(1),0,attunet_cl_fixed,2026,dominant_path_length,annotation_mask_same_extractor,3188.726188957766,2487.5840533340465,-701.1421356237197,701.1421356237197,21.98815746713228,valid,ok,ok,,,cba0254b9e9151f7e11554a8e70e85d3aae5e2a96042767c54979c286faeb9a4,32e8a0a1a4099cb70307a09236b9aa543bcc868195a9442ab70530e230a351d7
7-1-6(1),0,attunet_cl_fixed,2026,retained_segment_count,annotation_mask_same_extractor,300.0,386.0,86.0,86.0,28.666666666666668,valid,ok,ok,,,cba0254b9e9151f7e11554a8e70e85d3aae5e2a96042767c54979c286faeb9a4,32e8a0a1a4099cb70307a09236b9aa543bcc868195a9442ab70530e230a351d7
7-1-6(1),0,attunet_cl_fixed,2026,junction_region_count,annotation_mask_same_extractor,268.0,382.0,114.0,114.0,42.53731343283582,valid,ok,ok,,,cba0254b9e9151f7e11554a8e70e85d3aae5e2a96042767c54979c286faeb9a4,32e8a0a1a4099cb70307a09236b9aa543bcc868195a9442ab70530e230a351d7
7-1-6(1),0,attunet_cl_fixed,2026,mean_local_acute_angle_deg,annotation_mask_same_extractor,57.71657823171459,54.338412150305736,-3.3781660814088568,3.3781660814088568,5.853025568921537,valid,ok,ok,,,cba0254b9e9151f7e11554a8e70e85d3aae5e2a96042767c54979c286faeb9a4,32e8a0a1a4099cb70307a09236b9aa543bcc868195a9442ab70530e230a351d7
7-1-6(2),3,attunet_cl_fixed,2026,dominant_path_length,annotation_mask_same_extractor,4815.678641211786,4162.117241391703,-653.5613998200834,653.5613998200834,13.571532664721692,valid,ok,ok,zero_length_angle_vector,zero_length_angle_vector,e3aea5a1ab8ea31c284842492594be58ed37bba1e364b53dc239f9c47cd34693,689a265131bcac15bbbbfbd977d2fae3e1fb3dbce9a532a8bcfec6c36bdf4a14
7-1-6(2),3,attunet_cl_fixed,2026,retained_segment_count,annotation_mask_same_extractor,436.0,609.0,173.0,173.0,39.678899082568805,valid,ok,ok,zero_length_angle_vector,zero_length_angle_vector,e3aea5a1ab8ea31c284842492594be58ed37bba1e364b53dc239f9c47cd34693,689a265131bcac15bbbbfbd977d2fae3e1fb3dbce9a532a8bcfec6c36bdf4a14
7-1-6(2),3,attunet_cl_fixed,2026,junction_region_count,annotation_mask_same_extractor,321.0,552.0,231.0,231.0,71.96261682242991,valid,ok,ok,zero_length_angle_vector,zero_length_angle_vector,e3aea5a1ab8ea31c284842492594be58ed37bba1e364b53dc239f9c47cd34693,689a265131bcac15bbbbfbd977d2fae3e1fb3dbce9a532a8bcfec6c36bdf4a14
7-1-6(2),3,attunet_cl_fixed,2026,mean_local_acute_angle_deg,annotation_mask_same_extractor,45.76167325566849,48.781110517149486,3.019437261480995,3.019437261480995,6.598179320523377,valid,ok,ok,zero_length_angle_vector,zero_length_angle_vector,e3aea5a1ab8ea31c284842492594be58ed37bba1e364b53dc239f9c47cd34693,689a265131bcac15bbbbfbd977d2fae3e1fb3dbce9a532a8bcfec6c36bdf4a14
7-1-6(3),2,attunet_cl_fixed,2026,dominant_path_length,annotation_mask_same_extractor,3149.346463280794,1767.3839097590771,-1381.962553521717,1381.962553521717,43.88093115935152,valid,ok,ok,zero_length_angle_vector,zero_length_angle_vector,175aad97304bc1efcc5da1ef9c37712fdcee8d0161a6f80fd823a18cef9139a0,b4a5f1d9485fdcc2e7d53cd2573860260708389154f888525ee5bd7fde77b4af
7-1-6(3),2,attunet_cl_fixed,2026,retained_segment_count,annotation_mask_same_extractor,113.0,275.0,162.0,162.0,143.36283185840708,valid,ok,ok,zero_length_angle_vector,zero_length_angle_vector,175aad97304bc1efcc5da1ef9c37712fdcee8d0161a6f80fd823a18cef9139a0,b4a5f1d9485fdcc2e7d53cd2573860260708389154f888525ee5bd7fde77b4af
7-1-6(3),2,attunet_cl_fixed,2026,junction_region_count,annotation_mask_same_extractor,82.0,262.0,180.0,180.0,219.51219512195124,valid,ok,ok,zero_length_angle_vector,zero_length_angle_vector,175aad97304bc1efcc5da1ef9c37712fdcee8d0161a6f80fd823a18cef9139a0,b4a5f1d9485fdcc2e7d53cd2573860260708389154f888525ee5bd7fde77b4af
7-1-6(3),2,attunet_cl_fixed,2026,mean_local_acute_angle_deg,annotation_mask_same_extractor,52.34419986077857,49.43239183242502,-2.911808028353555,2.911808028353555,5.562809320035797,valid,ok,ok,zero_length_angle_vector,zero_length_angle_vector,175aad97304bc1efcc5da1ef9c37712fdcee8d0161a6f80fd823a18cef9139a0,b4a5f1d9485fdcc2e7d53cd2573860260708389154f888525ee5bd7fde77b4af
7-1-6(4),0,attunet_cl_fixed,2026,dominant_path_length,annotation_mask_same_extractor,2934.7922061357463,3257.66940649576,322.87720036001383,322.87720036001383,11.001705663691524,valid,ok,ok,,,c0fc24472241d6b39ede8026e685b39939da6b7eb296c7092ba9ef7c6acbe239,a4cf2776b49bec138c60262896ddc7f9b2b2c08e6d1379624dc8f36da19fe318
7-1-6(4),0,attunet_cl_fixed,2026,retained_segment_count,annotation_mask_same_extractor,402.0,643.0,241.0,241.0,59.950248756218905,valid,ok,ok,,,c0fc24472241d6b39ede8026e685b39939da6b7eb296c7092ba9ef7c6acbe239,a4cf2776b49bec138c60262896ddc7f9b2b2c08e6d1379624dc8f36da19fe318
7-1-6(4),0,attunet_cl_fixed,2026,junction_region_count,annotation_mask_same_extractor,320.0,669.0,349.0,349.0,109.0625,valid,ok,ok,,,c0fc24472241d6b39ede8026e685b39939da6b7eb296c7092ba9ef7c6acbe239,a4cf2776b49bec138c60262896ddc7f9b2b2c08e6d1379624dc8f36da19fe318
7-1-6(4),0,attunet_cl_fixed,2026,mean_local_acute_angle_deg,annotation_mask_same_extractor,45.58572184508618,46.45729658393269,0.8715747388465118,0.8715747388465118,1.9119467753705464,valid,ok,ok,,,c0fc24472241d6b39ede8026e685b39939da6b7eb296c7092ba9ef7c6acbe239,a4cf2776b49bec138c60262896ddc7f9b2b2c08e6d1379624dc8f36da19fe318
DN50-235-25-6(2),1,attunet_cl_fixed,2026,dominant_path_length,annotation_mask_same_extractor,1654.4398256692953,1511.841845922848,-142.5979797464472,142.5979797464472,8.619109473429166,valid,ok,ok,,zero_length_angle_vector,26158010911e4857cbb5605c765e186f4f05e7d62b2dcff5cd35f9038e6d54e6,bb604082fab85edea88538447911ed011e68a3822a66f082544c6a284e075e76
DN50-235-25-6(2),1,attunet_cl_fixed,2026,retained_segment_count,annotation_mask_same_extractor,104.0,134.0,30.0,30.0,28.846153846153843,valid,ok,ok,,zero_length_angle_vector,26158010911e4857cbb5605c765e186f4f05e7d62b2dcff5cd35f9038e6d54e6,bb604082fab85edea88538447911ed011e68a3822a66f082544c6a284e075e76
DN50-235-25-6(2),1,attunet_cl_fixed,2026,junction_region_count,annotation_mask_same_extractor,97.0,106.0,9.0,9.0,9.278350515463918,valid,ok,ok,,zero_length_angle_vector,26158010911e4857cbb5605c765e186f4f05e7d62b2dcff5cd35f9038e6d54e6,bb604082fab85edea88538447911ed011e68a3822a66f082544c6a284e075e76
DN50-235-25-6(2),1,attunet_cl_fixed,2026,mean_local_acute_angle_deg,annotation_mask_same_extractor,48.376302759478975,45.41931786382178,-2.956984895657193,2.956984895657193,6.11246566394079,valid,ok,ok,,zero_length_angle_vector,26158010911e4857cbb5605c765e186f4f05e7d62b2dcff5cd35f9038e6d54e6,bb604082fab85edea88538447911ed011e68a3822a66f082544c6a284e075e76
DN50-235-25-6(3),1,attunet_cl_fixed,2026,dominant_path_length,annotation_mask_same_extractor,956.9015869776664,933.0681092190378,-23.833477758628646,23.833477758628646,2.490692677593491,valid,ok,ok,,zero_length_angle_vector,1c99a68f93f5396eb9701167417e60c3f506eddaae41784653661a85b4318891,11ccf4d7eefbe4d73814282dabe13b294faae4d85e062e734d4234cca26e12ba
DN50-235-25-6(3),1,attunet_cl_fixed,2026,retained_segment_count,annotation_mask_same_extractor,110.0,127.0,17.0,17.0,15.454545454545451,valid,ok,ok,,zero_length_angle_vector,1c99a68f93f5396eb9701167417e60c3f506eddaae41784653661a85b4318891,11ccf4d7eefbe4d73814282dabe13b294faae4d85e062e734d4234cca26e12ba
DN50-235-25-6(3),1,attunet_cl_fixed,2026,junction_region_count,annotation_mask_same_extractor,90.0,98.0,8.0,8.0,8.88888888888889,valid,ok,ok,,zero_length_angle_vector,1c99a68f93f5396eb9701167417e60c3f506eddaae41784653661a85b4318891,11ccf4d7eefbe4d73814282dabe13b294faae4d85e062e734d4234cca26e12ba
DN50-235-25-6(3),1,attunet_cl_fixed,2026,mean_local_acute_angle_deg,annotation_mask_same_extractor,55.84661373210531,48.36942930702609,-7.477184425079223,7.477184425079223,13.388787475901534,valid,ok,ok,,zero_length_angle_vector,1c99a68f93f5396eb9701167417e60c3f506eddaae41784653661a85b4318891,11ccf4d7eefbe4d73814282dabe13b294faae4d85e062e734d4234cca26e12ba
DN50-235-25-7(1),0,attunet_cl_fixed,2026,dominant_path_length,annotation_mask_same_extractor,835.1076477383253,767.1391770309028,-67.96847070742251,67.96847070742251,8.138887350810121,valid,ok,ok,,zero_length_angle_vector,1d15d42a8683193e72d4801bf8661ed463c57674766c0904ac6147226c6fad64,bbcf8efbbf388e11f18a31cc83ea3ffa90f2cd139cebe812e1b8fbd012910452
DN50-235-25-7(1),0,attunet_cl_fixed,2026,retained_segment_count,annotation_mask_same_extractor,86.0,137.0,51.0,51.0,59.30232558139535,valid,ok,ok,,zero_length_angle_vector,1d15d42a8683193e72d4801bf8661ed463c57674766c0904ac6147226c6fad64,bbcf8efbbf388e11f18a31cc83ea3ffa90f2cd139cebe812e1b8fbd012910452
DN50-235-25-7(1),0,attunet_cl_fixed,2026,junction_region_count,annotation_mask_same_extractor,71.0,136.0,65.0,65.0,91.54929577464787,valid,ok,ok,,zero_length_angle_vector,1d15d42a8683193e72d4801bf8661ed463c57674766c0904ac6147226c6fad64,bbcf8efbbf388e11f18a31cc83ea3ffa90f2cd139cebe812e1b8fbd012910452
DN50-235-25-7(1),0,attunet_cl_fixed,2026,mean_local_acute_angle_deg,annotation_mask_same_extractor,53.845303485648856,51.58558888390889,-2.259714601739965,2.259714601739965,4.196679107477288,valid,ok,ok,,zero_length_angle_vector,1d15d42a8683193e72d4801bf8661ed463c57674766c0904ac6147226c6fad64,bbcf8efbbf388e11f18a31cc83ea3ffa90f2cd139cebe812e1b8fbd012910452
W82-447-1-13-3(1),3,attunet_cl_fixed,2026,dominant_path_length,annotation_mask_same_extractor,2963.730373039836,1484.2905473706264,-1479.4398256692098,1479.4398256692098,49.91816526655828,valid,ok,ok,,zero_length_angle_vector,e400970fc4f5749000b5101345fe28f7835a0cd40cd105ff701d3d5565a3fd20,ef64b52ea998b0dcd4de1a7ba4d7572a18a5bf8f52e234cbe322bcea7e38ea3b
W82-447-1-13-3(1),3,attunet_cl_fixed,2026,retained_segment_count,annotation_mask_same_extractor,76.0,291.0,215.0,215.0,282.89473684210526,valid,ok,ok,,zero_length_angle_vector,e400970fc4f5749000b5101345fe28f7835a0cd40cd105ff701d3d5565a3fd20,ef64b52ea998b0dcd4de1a7ba4d7572a18a5bf8f52e234cbe322bcea7e38ea3b
W82-447-1-13-3(1),3,attunet_cl_fixed,2026,junction_region_count,annotation_mask_same_extractor,50.0,250.0,200.0,200.0,400.0,valid,ok,ok,,zero_length_angle_vector,e400970fc4f5749000b5101345fe28f7835a0cd40cd105ff701d3d5565a3fd20,ef64b52ea998b0dcd4de1a7ba4d7572a18a5bf8f52e234cbe322bcea7e38ea3b
W82-447-1-13-3(1),3,attunet_cl_fixed,2026,mean_local_acute_angle_deg,annotation_mask_same_extractor,45.41755671898957,45.09311842365315,-0.3244382953364209,0.3244382953364209,0.7143455499902963,valid,ok,ok,,zero_length_angle_vector,e400970fc4f5749000b5101345fe28f7835a0cd40cd105ff701d3d5565a3fd20,ef64b52ea998b0dcd4de1a7ba4d7572a18a5bf8f52e234cbe322bcea7e38ea3b
W82-447-1-13-7(1),4,attunet_cl_fixed,2026,dominant_path_length,annotation_mask_same_extractor,2599.841845922817,1466.8519471906131,-1132.9898987322038,1132.9898987322038,43.57918542272127,valid,ok,ok,,zero_length_angle_vector,d7caafd48ba702bb9ca2578cb356a3cab186bfab19d8fbb7f0fc5a6ba0ddb53b,8967b95e5d7eba6cf9d052dbdfe6ddab0471b250669e5f71ca4d23f51f3f63cf
W82-447-1-13-7(1),4,attunet_cl_fixed,2026,retained_segment_count,annotation_mask_same_extractor,161.0,201.0,40.0,40.0,24.84472049689441,valid,ok,ok,,zero_length_angle_vector,d7caafd48ba702bb9ca2578cb356a3cab186bfab19d8fbb7f0fc5a6ba0ddb53b,8967b95e5d7eba6cf9d052dbdfe6ddab0471b250669e5f71ca4d23f51f3f63cf
W82-447-1-13-7(1),4,attunet_cl_fixed,2026,junction_region_count,annotation_mask_same_extractor,124.0,441.0,317.0,317.0,255.6451612903226,valid,ok,ok,,zero_length_angle_vector,d7caafd48ba702bb9ca2578cb356a3cab186bfab19d8fbb7f0fc5a6ba0ddb53b,8967b95e5d7eba6cf9d052dbdfe6ddab0471b250669e5f71ca4d23f51f3f63cf
W82-447-1-13-7(1),4,attunet_cl_fixed,2026,mean_local_acute_angle_deg,annotation_mask_same_extractor,45.765543776284055,56.1212854208524,10.35574164456834,10.35574164456834,22.62781295725528,valid,ok,ok,,zero_length_angle_vector,d7caafd48ba702bb9ca2578cb356a3cab186bfab19d8fbb7f0fc5a6ba0ddb53b,8967b95e5d7eba6cf9d052dbdfe6ddab0471b250669e5f71ca4d23f51f3f63cf
W82-447-1-13-7(2),3,attunet_cl_fixed,2026,dominant_path_length,annotation_mask_same_extractor,2569.818684794427,579.09754647056,-1990.721138323867,1990.721138323867,77.4654317093626,valid,ok,ok,zero_length_angle_vector,zero_length_angle_vector,8401bb2188e5c3832e902ef0e29c7a72c6580cd0868364d9f97716efdec87255,bfa052892d237dc1ab4a987486163d03f469eb0747b0fb03a204601b2a6dc202
W82-447-1-13-7(2),3,attunet_cl_fixed,2026,retained_segment_count,annotation_mask_same_extractor,37.0,79.0,42.0,42.0,113.51351351351352,valid,ok,ok,zero_length_angle_vector,zero_length_angle_vector,8401bb2188e5c3832e902ef0e29c7a72c6580cd0868364d9f97716efdec87255,bfa052892d237dc1ab4a987486163d03f469eb0747b0fb03a204601b2a6dc202
W82-447-1-13-7(2),3,attunet_cl_fixed,2026,junction_region_count,annotation_mask_same_extractor,28.0,88.0,60.0,60.0,214.28571428571428,valid,ok,ok,zero_length_angle_vector,zero_length_angle_vector,8401bb2188e5c3832e902ef0e29c7a72c6580cd0868364d9f97716efdec87255,bfa052892d237dc1ab4a987486163d03f469eb0747b0fb03a204601b2a6dc202
W82-447-1-13-7(2),3,attunet_cl_fixed,2026,mean_local_acute_angle_deg,annotation_mask_same_extractor,56.21991760625045,51.24582419418112,-4.97409341206933,4.97409341206933,8.847564393293093,valid,ok,ok,zero_length_angle_vector,zero_length_angle_vector,8401bb2188e5c3832e902ef0e29c7a72c6580cd0868364d9f97716efdec87255,bfa052892d237dc1ab4a987486163d03f469eb0747b0fb03a204601b2a6dc202
W82-447-1-13-7(3),2,attunet_cl_fixed,2026,dominant_path_length,annotation_mask_same_extractor,3607.196318430328,2224.2854967367384,-1382.9108216935892,1382.9108216935892,38.33755359052272,valid,ok,ok,zero_length_angle_vector,,4b63fae36f1e264804fc841b3fbba41c7e9f5be06b268aa37989d57f23a39479,887197a7cdc8fdfc86b1613f22e6cf0c230bbbfa9e8c271750864bdc663d6ba3
W82-447-1-13-7(3),2,attunet_cl_fixed,2026,retained_segment_count,annotation_mask_same_extractor,125.0,591.0,466.0,466.0,372.8,valid,ok,ok,zero_length_angle_vector,,4b63fae36f1e264804fc841b3fbba41c7e9f5be06b268aa37989d57f23a39479,887197a7cdc8fdfc86b1613f22e6cf0c230bbbfa9e8c271750864bdc663d6ba3
W82-447-1-13-7(3),2,attunet_cl_fixed,2026,junction_region_count,annotation_mask_same_extractor,86.0,595.0,509.0,509.0,591.8604651162791,valid,ok,ok,zero_length_angle_vector,,4b63fae36f1e264804fc841b3fbba41c7e9f5be06b268aa37989d57f23a39479,887197a7cdc8fdfc86b1613f22e6cf0c230bbbfa9e8c271750864bdc663d6ba3
W82-447-1-13-7(3),2,attunet_cl_fixed,2026,mean_local_acute_angle_deg,annotation_mask_same_extractor,42.04523834094305,45.90495353393023,3.8597151929871742,3.8597151929871742,9.179910366279548,valid,ok,ok,zero_length_angle_vector,,4b63fae36f1e264804fc841b3fbba41c7e9f5be06b268aa37989d57f23a39479,887197a7cdc8fdfc86b1613f22e6cf0c230bbbfa9e8c271750864bdc663d6ba3
